method,alpha,nominal_coverage,empirical_coverage,coverage_error,mean_interval_width,normalized_width,winkler_score,rmse,mae,r_squared,inference_time_sec,guarantee_scope,guaranteed,fold,fold_idx,seed,K,fit_time_sec,source_fit_time_sec,calib_time_sec
CQR-target,0.1,0.9,0.8759521218715995,0.02404787812840048,77.27253371585216,1.0123481423520069,107.70024120251499,23.839514368285652,17.95480308067686,-1.0497878532653755,0.0,target,True,D1,0,142,20,6.02015495300293,0.0,0.011504888534545898
GPR-target,0.1,0.9,0.20674646354733406,0.693253536452666,6.787443161010742,0.08892235241872815,157.393772476931,14.010840031202562,10.586397084037939,0.29198500460509236,0.018002033233642578,none,False,D1,0,142,20,6.02015495300293,0.0,2.9321253299713135
GPR-transfer,0.1,0.9,0.2927094668117519,0.6072905331882481,9.078425355523144,0.11893653025460213,113.07907302755444,11.267055829539695,9.119443999472166,0.5421375799344879,0.013513565063476562,none,False,D1,0,142,20,6.02015495300293,6.02015495300293,1.7438685894012451
TabPFN-target,0.1,0.9,0.9902067464635473,0.09020674646354732,52.466854095458984,0.6873687159515958,53.17527853267367,10.571512301890643,8.613336159101118,0.5969226952971913,0.7089943885803223,target,True,D1,0,142,20,6.02015495300293,0.0,2.989189624786377
WeightedCP-v2,0.1,0.9,0.11425462459194777,0.7857453754080522,3.8213353740948275,0.050063348271900884,168.56344321549602,12.117858140706167,10.031144844366256,0.4703782219768231,0.005995750427246094,source,True,D1,0,142,20,6.02015495300293,6.02015495300293,0.04552745819091797
JKplus-source,0.1,0.9,0.6822633297062024,0.21773667029379762,24.98274607873599,0.3272991756250884,61.47745352013257,12.036590479658198,10.035356012429615,0.47745815249520684,0.0,source,True,D1,0,142,20,6.02015495300293,6.02015495300293,0.0
CQR-target,0.1,0.9,0.9036144578313253,0.0036144578313253017,178.49228456470695,4.3176653246620775,203.03437407867332,48.16444761061729,37.28302104338037,-35.015810874471036,0.0,target,True,D2,1,142,20,12.849262237548828,0.0,0.00850534439086914
GPR-target,0.1,0.9,0.37349397590361444,0.5265060240963856,6.119240760803223,0.14802227284283984,86.19917236695805,8.867684614135053,6.513446741678627,-0.22084493824243845,0.00750422477722168,none,False,D2,1,142,20,12.849262237548828,0.0,1.8288955688476562
GPR-transfer,0.1,0.9,0.5903614457831325,0.3096385542168675,6.559661641178361,0.1586758983936043,29.06480819019323,4.537692471899106,3.3727883989753145,0.6803239144287512,0.006999969482421875,none,False,D2,1,142,20,12.849262237548828,12.849262237548828,1.8096504211425781
TabPFN-target,0.1,0.9,0.8674698795180723,0.032530120481927716,12.103440284729004,0.29277794585876205,20.87055706345891,4.467703060857054,3.2922120887112896,0.6901092373230616,0.2963385581970215,target,True,D2,1,142,20,12.849262237548828,0.0,0.3645060062408447
WeightedCP-v2,0.1,0.9,0.5542168674698795,0.3457831325301205,61.90132480977674,1.4973711851669815,152.89985212933306,18.054141691449413,16.9305519043721,-4.060503418549061,0.004998683929443359,source,True,D2,1,142,20,12.849262237548828,12.849262237548828,0.05756974220275879
JKplus-source,0.1,0.9,0.1566265060240964,0.7433734939759036,21.562902675592486,0.5215990002510037,174.16964181785752,18.899598977983217,17.50513149692181,-4.545557437885749,0.0,source,True,D2,1,142,20,12.849262237548828,12.849262237548828,0.0
CQR-target,0.1,0.9,0.9386503067484663,0.03865030674846626,45.88951447418036,0.7919736029990324,51.69934575298917,10.93999980108875,7.990725285511612,0.2648139824150687,0.0,target,True,D4,2,142,20,11.286155462265015,0.0,0.00903010368347168
GPR-target,0.1,0.9,0.38650306748466257,0.5134969325153375,6.1434102058410645,0.10602462830933836,99.8496289145784,10.371249850481473,7.1676642798963055,0.33926881631079164,0.007501840591430664,none,False,D4,2,142,20,11.286155462265015,0.0,1.4785008430480957
GPR-transfer,0.1,0.9,0.5460122699386503,0.35398773006134976,7.00278860513418,0.12085601223279763,43.52682408491666,5.874074213579997,4.273970940146821,0.7880460723581804,0.0075070858001708984,none,False,D4,2,142,20,11.286155462265015,11.286155462265015,0.71923828125
TabPFN-target,0.1,0.9,0.9202453987730062,0.02024539877300613,21.259550094604492,0.3669030426555427,28.024121550507076,6.578962271514234,4.901211403257904,0.7341250616817602,0.26258230209350586,target,True,D4,2,142,20,11.286155462265015,0.0,0.35611891746520996
WeightedCP-v2,0.1,0.9,0.049079754601226995,0.850920245398773,3.108856736487439,0.05365348705506754,209.8327876328405,13.594211385855385,11.84578128242241,-0.13519546642338431,0.002001047134399414,source,True,D4,2,142,20,11.286155462265015,11.286155462265015,0.039180755615234375
JKplus-source,0.1,0.9,0.7177914110429447,0.18220858895705527,22.191997504011727,0.3829954712396556,49.620408385303904,10.058291205402769,8.346239871622435,0.37854309104210027,0.0,source,True,D4,2,142,20,11.286155462265015,11.286155462265015,0.0
CQR-target,0.1,0.9,0.7225244831338411,0.17747551686615892,102.77249972754818,1.3464234208579058,333.99604694947516,62.260452262361824,42.13738854772145,-12.958899989772092,0.0,target,True,D1,0,143,20,2.0993266105651855,0.0,0.008002042770385742
GPR-target,0.1,0.9,0.1893362350380849,0.7106637649619152,6.771358489990234,0.08871162700253005,167.89178531239938,14.80250641183607,11.12782006771183,0.2109633626610713,0.008542537689208984,none,False,D1,0,143,20,2.0993266105651855,0.0,0.5350451469421387
GPR-transfer,0.1,0.9,0.3068552774755169,0.5931447225244831,9.387454722988723,0.12298512670979789,111.99779341936016,11.278755743598474,9.078779807617417,0.5419118719652825,0.008507490158081055,none,False,D1,0,143,20,2.0993266105651855,2.0993266105651855,0.5492174625396729
TabPFN-target,0.1,0.9,0.8911860718171926,0.008813928182807462,35.46846008300781,0.4646726068172552,43.78179757384922,11.23920885150554,9.340776236433458,0.5451186444192525,0.30965089797973633,target,True,D1,0,143,20,2.0993266105651855,0.0,0.37307286262512207
WeightedCP-v2,0.1,0.9,0.11860718171926006,0.7813928182807399,4.758854527009357,0.062345794921864275,172.49710943097574,12.126246510635234,10.006140248634123,0.47048357158476595,0.003000020980834961,source,True,D1,0,143,20,2.0993266105651855,2.0993266105651855,0.053148508071899414
JKplus-source,0.1,0.9,0.6833514689880305,0.21664853101196957,24.98565850636996,0.3273373313650804,61.61204189670065,12.051812727095895,10.056537857299762,0.4769642158963897,0.0,source,True,D1,0,143,20,2.0993266105651855,2.0993266105651855,0.0
CQR-target,0.1,0.9,1.0,0.09999999999999998,57.5782694959304,1.3927980039187813,57.5782694959304,8.574833882102725,6.518359856691412,-0.15028384282818164,0.0,target,True,D2,1,143,20,12.394415855407715,0.0,0.009000062942504883
GPR-target,0.1,0.9,0.27710843373493976,0.6228915662650603,6.250741481781006,0.1512032288405654,76.44610552730329,7.908365469250774,6.091364439998765,0.02157610317662162,0.0075054168701171875,none,False,D2,1,143,20,12.394415855407715,0.0,1.5191233158111572
GPR-transfer,0.1,0.9,0.5421686746987951,0.3578313253012049,6.5686303851116135,0.15889284914181626,40.508352635734774,5.362033311456154,4.03168219293031,0.5502070911317003,0.007514476776123047,none,False,D2,1,143,20,12.394415855407715,12.394415855407715,1.6533803939819336
TabPFN-target,0.1,0.9,0.9518072289156626,0.051807228915662584,33.084354400634766,0.8002988483945761,34.66161910826901,7.705324831061527,6.110257395548993,0.07117158566055592,0.28535938262939453,target,True,D2,1,143,20,12.394415855407715,0.0,0.5668652057647705
WeightedCP-v2,0.1,0.9,0.43373493975903615,0.46626506024096387,216.81257968656863,5.244619729901364,369.18128898385504,19.928299056502517,18.713465187495338,-5.212895554468371,0.0039997100830078125,source,True,D2,1,143,20,12.394415855407715,12.394415855407715,0.048120975494384766
JKplus-source,0.1,0.9,0.18072289156626506,0.7192771084337349,21.55701805901642,0.5214566534543263,169.81159358491436,18.660834107072034,17.25736500938767,-4.447731481659288,0.0,source,True,D2,1,143,20,12.394415855407715,12.394415855407715,0.0
CQR-target,0.1,0.9,0.9631901840490797,0.06319018404907972,71.69601001476099,1.2373490550655724,75.93237126100064,14.590776932644639,11.091526340797214,-0.40520850895971083,0.0,target,True,D4,2,143,20,12.277302265167236,0.0,0.006505489349365234
GPR-target,0.1,0.9,0.4601226993865031,0.43987730061349695,6.603427410125732,0.11396372914519172,64.9316982570299,7.787432827571625,5.355941565386857,0.599712007935692,0.008002281188964844,none,False,D4,2,143,20,12.277302265167236,0.0,1.6614525318145752
GPR-transfer,0.1,0.9,0.5644171779141104,0.33558282208588963,7.731204720362564,0.13342721377786007,38.505034153811735,5.485695443608237,4.173737952658259,0.8013688667445171,0.0070002079010009766,none,False,D4,2,143,20,12.277302265167236,12.277302265167236,1.3713107109069824
TabPFN-target,0.1,0.9,0.9631901840490797,0.06319018404907972,21.74207878112793,0.37523065271625433,23.135276205827434,5.048613947055825,3.8987558232739863,0.8317603870564885,0.6252684593200684,target,True,D4,2,143,20,12.277302265167236,0.0,0.4660189151763916
WeightedCP-v2,0.1,0.9,0.024539877300613498,0.8754601226993866,2.8169460000995517,0.0486156129284783,213.87237669941564,13.669407556860001,11.955252813958412,-0.23334142794195456,0.003998756408691406,source,True,D4,2,143,20,12.277302265167236,12.277302265167236,0.03801107406616211
JKplus-source,0.1,0.9,0.7300613496932515,0.16993865030674848,22.18887554807531,0.3829415916830793,47.99749213641207,9.840642637528308,8.15575437359939,0.3608086980493743,0.0,source,True,D4,2,143,20,12.277302265167236,12.277302265167236,0.0
CQR-target,0.1,0.9,0.9347116430903155,0.03471164309031549,95.96414714121991,1.2572271338745926,111.40247479218208,25.86947024888129,19.866836420821095,-1.4052296076392645,0.0,target,True,D1,0,144,20,5.18653416633606,0.0,0.009002208709716797
GPR-target,0.1,0.9,0.20783460282916214,0.6921653971708379,6.92539119720459,0.09072961085153013,156.91858841664643,14.337494616600289,10.616801067763236,0.2611980957771246,0.013504981994628906,none,False,D1,0,144,20,5.18653416633606,0.0,0.6803584098815918
GPR-transfer,0.1,0.9,0.2513601741022851,0.6486398258977149,9.09840392443768,0.11919826966128257,111.32398871075664,10.967756373057286,9.061162081165437,0.567668320272565,0.015505075454711914,none,False,D1,0,144,20,5.18653416633606,5.18653416633606,1.0824739933013916
TabPFN-target,0.1,0.9,0.9053318824809575,0.005331882480957506,45.502079010009766,0.5961231364345413,59.870523009025234,13.259972133420868,10.027965100467918,0.3680733178091584,0.583672285079956,target,True,D1,0,144,20,5.18653416633606,0.0,0.9191110134124756
WeightedCP-v2,0.1,0.9,0.09902067464635474,0.8009793253536452,3.4718266329690364,0.04548443118713733,172.74081915612382,11.967710207099294,9.953949989457845,0.48524141398564313,0.005178928375244141,source,True,D1,0,144,20,5.18653416633606,5.18653416633606,0.043087005615234375
JKplus-source,0.1,0.9,0.6855277475516867,0.21447225244831336,24.985031301537813,0.32732911434907014,61.104769966248696,12.002509513734882,10.003245021886357,0.4822434661192996,0.0,source,True,D1,0,144,20,5.18653416633606,5.18653416633606,0.0
CQR-target,0.1,0.9,0.8554216867469879,0.04457831325301209,26.84642644035241,0.7570904239363088,57.72446782393322,11.468103293839858,7.28735902376997,-1.243276449389068,0.0,target,True,D2,1,144,20,12.502663612365723,0.0,0.009005546569824219
GPR-target,0.1,0.9,0.4819277108433735,0.41807228915662653,6.149170875549316,0.1734114741628653,36.50779649435756,4.960342958511044,3.9130833880872604,0.5803154184009041,0.012505054473876953,none,False,D2,1,144,20,12.502663612365723,0.0,1.3565025329589844
GPR-transfer,0.1,0.9,0.6265060240963856,0.27349397590361446,6.677702357970088,0.18831647930307174,18.84895563553126,3.5366969509575448,2.9020166144150807,0.7866486962922591,0.01250910758972168,none,False,D2,1,144,20,12.502663612365723,12.502663612365723,0.604499101638794
TabPFN-target,0.1,0.9,0.927710843373494,0.027710843373493943,21.526826858520508,0.607073515297512,22.532121497464466,5.551784746910762,4.320740387698254,0.47426747768169686,0.6962909698486328,target,True,D2,1,144,20,12.502663612365723,0.0,0.8975486755371094
WeightedCP-v2,0.1,0.9,0.6385542168674698,0.2614457831325302,71.58634797775555,2.0187915385664876,129.4089846258065,17.90551592407534,16.64080561753845,-4.468563800687062,0.003999471664428711,source,True,D2,1,144,20,12.502663612365723,12.502663612365723,0.04504895210266113
JKplus-source,0.1,0.9,0.20481927710843373,0.6951807228915663,21.508357689838366,0.6065526701571585,155.8627724120748,17.786177135076777,16.35504069156654,-4.395911665735482,0.0,source,True,D2,1,144,20,12.502663612365723,12.502663612365723,0.0
CQR-target,0.1,0.9,0.9570552147239264,0.057055214723926384,96.1868080242132,1.660017844703357,101.00581874197375,24.702412039978693,19.599145487355475,-2.6967983889673377,0.0,target,True,D4,2,144,20,12.164954423904419,0.0,0.009033679962158203
GPR-target,0.1,0.9,0.34355828220858897,0.556441717791411,6.575400352478027,0.11348003063408188,142.4790989229921,14.15505729641226,9.480012355342048,-0.21386476819448474,0.014001846313476562,none,False,D4,2,144,20,12.164954423904419,0.0,1.7143449783325195
GPR-transfer,0.1,0.9,0.6073619631901841,0.2926380368098159,7.481832650541528,0.12912348341839827,30.955743843905054,5.05465236798784,3.741723256248153,0.8452147303232925,0.012183427810668945,none,False,D4,2,144,20,12.164954423904419,12.164954423904419,0.5541331768035889
TabPFN-target,0.1,0.9,0.8773006134969326,0.022699386503067465,21.77724838256836,0.37583761917227315,36.56328741631346,7.365293237978454,4.983006621414589,0.6713549254988793,0.7012026309967041,target,True,D4,2,144,20,12.164954423904419,0.0,0.5100748538970947
WeightedCP-v2,0.1,0.9,0.09202453987730061,0.8079754601226994,4.048400413633637,0.06986838493948723,177.30675757802302,12.201073762587006,10.58770667451067,0.09813164498179339,0.005003929138183594,source,True,D4,2,144,20,12.164954423904419,12.164954423904419,0.035059452056884766
JKplus-source,0.1,0.9,0.7116564417177914,0.1883435582822086,22.1827841977587,0.38283646551836276,49.077770515739566,10.034084900195497,8.35628087582303,0.39003827231026245,0.0,source,True,D4,2,144,20,12.164954423904419,12.164954423904419,0.0
CQR-target,0.1,0.9,0.9956474428726877,0.09564744287268767,90.41133560278264,1.1844797011782766,90.55542826669007,11.376621153304402,8.236352324070273,0.5336492514471702,0.0015027523040771484,target,True,D1,0,145,20,5.346350431442261,0.0,0.0070569515228271484
GPR-target,0.1,0.9,0.19477693144722524,0.7052230685527747,6.762988090515137,0.08860196632554851,200.24634942427292,17.089557171644664,12.751433621220801,-0.05231970948517706,0.013511896133422852,none,False,D1,0,145,20,5.346350431442261,0.0,0.7123537063598633
GPR-transfer,0.1,0.9,0.27421109902067464,0.6257889009793254,8.162151727894315,0.10693242141785657,130.38086797373816,12.08801905103249,9.625062694853158,0.4735024464207993,0.01501321792602539,none,False,D1,0,145,20,5.346350431442261,5.346350431442261,1.1946191787719727
TabPFN-target,0.1,0.9,0.8857453754080522,0.014254624591947818,40.125675201416016,0.5256868229550524,56.094336106027434,12.652610453985936,9.584508073659405,0.423171964075718,0.613152265548706,target,True,D1,0,145,20,5.346350431442261,0.0,0.8466453552246094
WeightedCP-v2,0.1,0.9,0.08487486398258977,0.8151251360174102,2.840946267995846,0.037219261989043025,169.99639940072865,11.73708610548174,9.71563122003261,0.5036286948970305,0.0050373077392578125,source,True,D1,0,145,20,5.346350431442261,5.346350431442261,0.04463815689086914
JKplus-source,0.1,0.9,0.6844396082698585,0.21556039173014152,24.983633893485305,0.3273108068939106,61.18519001176305,12.001353621433074,9.999788738395852,0.48102486456273286,0.0,source,True,D1,0,145,20,5.346350431442261,5.346350431442261,0.0
CQR-target,0.1,0.9,0.8795180722891566,0.02048192771084345,128.10453102966204,3.1811405760578757,202.91794753659164,43.98211045648653,33.94951278173444,-32.417804456552105,0.0009999275207519531,target,True,D2,1,145,20,13.862970352172852,0.0,0.009502410888671875
GPR-target,0.1,0.9,0.3855421686746988,0.5144578313253012,6.211970806121826,0.15425802842262842,76.55522401648831,8.196299464933654,6.069711653008519,-0.1605434878359504,0.014003753662109375,none,False,D2,1,145,20,13.862970352172852,0.0,0.8431599140167236
GPR-transfer,0.1,0.9,0.46987951807228917,0.43012048192771085,6.867724596735942,0.1705419566682524,52.4001218345259,6.497090461021531,4.995196756840342,0.27077153811784005,0.01250767707824707,none,False,D2,1,145,20,13.862970352172852,13.862970352172852,1.6712040901184082
TabPFN-target,0.1,0.9,0.9156626506024096,0.015662650602409567,16.762392044067383,0.4162501127366497,23.973280881399127,5.1730615059302565,3.8379634710105064,0.5377030079052973,0.6879873275756836,target,True,D2,1,145,20,13.862970352172852,0.0,0.883216142654419
WeightedCP-v2,0.1,0.9,0.6506024096385542,0.24939759036144582,40.52881602923393,1.0064270181070192,121.31870444249607,19.93935983588982,19.06644109297679,-5.868283379953143,0.0029938220977783203,source,True,D2,1,145,20,13.862970352172852,13.862970352172852,0.04812145233154297
JKplus-source,0.1,0.9,0.14457831325301204,0.755421686746988,21.47496383615905,0.5332744929432904,176.58203048197382,19.009804193135775,17.737322325868764,-5.2428237033363825,0.0,source,True,D2,1,145,20,13.862970352172852,13.862970352172852,0.0
CQR-target,0.1,0.9,0.9386503067484663,0.03865030674846626,26.381206814125644,0.45529397404719196,30.665031497233986,7.000245783725316,5.367226557014044,0.6922521539875882,0.0,target,True,D4,2,145,20,5.823810815811157,0.0,0.009018659591674805
GPR-target,0.1,0.9,0.4171779141104294,0.4828220858895706,6.351017475128174,0.10960757049014118,81.1451252634009,8.998376022645159,6.1937835465957845,0.49149325324975024,0.008508920669555664,none,False,D4,2,145,20,5.823810815811157,0.0,1.1407299041748047
GPR-transfer,0.1,0.9,0.4723926380368098,0.4276073619631902,7.679052785861711,0.13252716164300365,48.526334210265944,6.2529653311836295,4.947150215947762,0.7544496903492013,0.00750279426574707,none,False,D4,2,145,20,5.823810815811157,5.823810815811157,1.6955678462982178
TabPFN-target,0.1,0.9,0.9754601226993865,0.07546012269938651,34.59177780151367,0.5969942199981416,37.715891965617736,7.541553923111748,5.634356745880399,0.6428175384966035,0.266709566116333,target,True,D4,2,145,20,5.823810815811157,0.0,0.8612542152404785
WeightedCP-v2,0.1,0.9,0.05521472392638037,0.8447852760736196,3.6091006156119487,0.06228683068199479,204.2189067534273,13.550619193838102,11.792617971010293,-0.15315244972039244,0.0020008087158203125,source,True,D4,2,145,20,5.823810815811157,5.823810815811157,0.0350344181060791
JKplus-source,0.1,0.9,0.7177914110429447,0.18220858895705527,22.203511849749162,0.3831941889202487,50.30633869889005,10.044738543023142,8.277949051683741,0.36635542891036865,0.0,source,True,D4,2,145,20,5.823810815811157,5.823810815811157,0.0
CQR-target,0.1,0.9,0.9347116430903155,0.03471164309031549,124.71567745257487,1.63390118480592,349.5648454285704,70.66300543448732,32.62773061924069,-16.987327076365787,0.0,target,True,D1,0,146,20,5.008455753326416,0.0,0.008008003234863281
GPR-target,0.1,0.9,0.16974972796517954,0.7302502720348205,6.975344657897949,0.09138405157846337,190.8535197059789,16.06987916953918,12.38886455442493,0.06973293695681904,0.008506059646606445,none,False,D1,0,146,20,5.008455753326416,0.0,1.642275333404541
GPR-transfer,0.1,0.9,0.2600652883569097,0.6399347116430903,9.736084578994568,0.12755252951289198,128.42097926895138,12.262691247431789,10.181114618131282,0.45830601978248,0.0065059661865234375,none,False,D1,0,146,20,5.008455753326416,5.008455753326416,1.697326421737671
TabPFN-target,0.1,0.9,0.9836779107725789,0.08367791077257891,61.82337951660156,0.809948637606473,62.557513764789235,15.3312040807774,12.74525482576223,0.1532894880065867,0.27529120445251465,target,True,D1,0,146,20,5.008455753326416,0.0,0.8266322612762451
WeightedCP-v2,0.1,0.9,0.10010881392818281,0.7998911860718172,3.3969001548419975,0.044502818739643256,174.7635104869042,11.9176185268264,9.905383399855541,0.4883636619750903,0.004029512405395508,source,True,D1,0,146,20,5.008455753326416,5.008455753326416,0.04554581642150879
JKplus-source,0.1,0.9,0.6833514689880305,0.21664853101196957,24.982555984168123,0.32729668519448657,61.46304200633225,12.037561952565644,10.045651306242922,0.4780132337534584,0.0,source,True,D1,0,146,20,5.008455753326416,5.008455753326416,0.0
CQR-target,0.1,0.9,0.9518072289156626,0.051807228915662584,34.904979601004506,0.84433912899277,37.08435725788382,7.529937132561174,5.481637655884488,0.05811069515680256,0.0,target,True,D2,1,146,20,15.731846332550049,0.0,0.008505105972290039
GPR-target,0.1,0.9,0.42168674698795183,0.4783132530120482,6.156424045562744,0.1489217233689774,53.14177802442066,6.366299903885095,4.817495915056711,0.32672676202942075,0.011549949645996094,none,False,D2,1,146,20,15.731846332550049,0.0,0.7785792350769043
GPR-transfer,0.1,0.9,0.5662650602409639,0.3337349397590361,6.3725967349776305,0.15415086437919984,32.149100862753556,4.707534374632443,3.6370953219433315,0.6318674960517234,0.013013362884521484,none,False,D2,1,146,20,15.731846332550049,15.731846332550049,0.6218745708465576
TabPFN-target,0.1,0.9,0.9759036144578314,0.07590361445783134,17.416244506835938,0.42129280364351734,18.46958997795381,3.6458953128953486,2.7445190319382995,0.7791865345981234,0.7207658290863037,target,True,D2,1,146,20,15.731846332550049,0.0,0.8861644268035889
WeightedCP-v2,0.1,0.9,0.6626506024096386,0.23734939759036144,104.86355260342596,2.536612302323653,178.94364160691097,20.023207128485446,19.040205262359272,-5.660156659894236,0.005498170852661133,source,True,D2,1,146,20,15.731846332550049,15.731846332550049,0.045513153076171875
JKplus-source,0.1,0.9,0.1686746987951807,0.7313253012048193,21.51533822889518,0.5204484330839549,171.6537508960389,18.78182341116975,17.413079996106443,-4.859933274025007,0.0,source,True,D2,1,146,20,15.731846332550049,15.731846332550049,0.0
CQR-target,0.1,0.9,0.8220858895705522,0.07791411042944785,32.395266849861,0.5668211459307176,54.10506456296743,11.718719791435609,8.87251448273141,0.12120670634871755,0.0,target,True,D4,2,146,20,11.898369789123535,0.0,0.009002447128295898
GPR-target,0.1,0.9,0.4294478527607362,0.4705521472392638,6.548502445220947,0.11457938214656721,82.06243231755515,8.906766409074438,6.320680175478286,0.4923475115647672,0.013507604598999023,none,False,D4,2,146,20,11.898369789123535,0.0,1.7103335857391357
GPR-transfer,0.1,0.9,0.4539877300613497,0.44601226993865034,6.813438196123744,0.1192149724820542,44.902760523358005,5.777405267594314,4.538082386725933,0.786404518895323,0.013509511947631836,none,False,D4,2,146,20,11.898369789123535,11.898369789123535,0.6712741851806641
TabPFN-target,0.1,0.9,0.9877300613496932,0.08773006134969319,33.419273376464844,0.5847382248527767,33.72595139970499,4.393400866563909,2.9400389750066545,0.8764826239953935,0.6804490089416504,target,True,D4,2,146,20,11.898369789123535,0.0,0.39591026306152344
WeightedCP-v2,0.1,0.9,0.03680981595092025,0.8631901840490798,2.7650680795683646,0.048380495357583826,216.43812699766028,13.851419820181436,12.037108700376091,-0.22776423769585552,0.0039958953857421875,source,True,D4,2,146,20,11.898369789123535,11.898369789123535,0.03702545166015625
JKplus-source,0.1,0.9,0.7423312883435583,0.1576687116564417,22.20734277179422,0.38856267294611435,45.689996449483054,9.583893816680412,7.884110358597784,0.412225986846798,0.0,source,True,D4,2,146,20,11.898369789123535,11.898369789123535,0.0
CQR-target,0.1,0.9,0.9891186071817193,0.08911860718171927,350.9326708852055,4.597572001037991,352.7420664633763,46.58366826740421,33.77843532020551,-6.873864579614764,0.0010023117065429688,target,True,D1,0,147,20,5.663920640945435,0.0,0.00850367546081543
GPR-target,0.1,0.9,0.26985854189336234,0.6301414581066377,7.079128742218018,0.09274372777794551,134.88714113214718,12.86140616715365,9.471732188817338,0.3997979428549068,0.012761831283569336,none,False,D1,0,147,20,5.663920640945435,0.0,0.5226237773895264
GPR-transfer,0.1,0.9,0.3786724700761698,0.5213275299238302,9.235150996178097,0.12098979424824054,105.0594791363047,10.962644012589921,8.52978948010556,0.5639350347331968,0.014000654220581055,none,False,D1,0,147,20,5.663920640945435,5.663920640945435,1.6819257736206055
TabPFN-target,0.1,0.9,0.9390642002176278,0.0390642002176278,41.577266693115234,0.544704135826912,47.64043873650983,10.728815191088414,8.455601544302358,0.5823388295035887,0.553001880645752,target,True,D1,0,147,20,5.663920640945435,0.0,0.9301183223724365
WeightedCP-v2,0.1,0.9,0.07616974972796518,0.8238302502720348,2.6966801414011803,0.03532923019845262,176.1416016435609,11.987451328452854,9.967050552969882,0.47859608699612877,0.002995729446411133,source,True,D1,0,147,20,5.663920640945435,5.663920640945435,0.045232295989990234
JKplus-source,0.1,0.9,0.6855277475516867,0.21447225244831336,24.9842017075779,0.32731824583132085,61.097839203481975,11.984901395705823,9.977594679432018,0.47881788618721255,0.0,source,True,D1,0,147,20,5.663920640945435,5.663920640945435,0.0
CQR-target,0.1,0.9,0.6746987951807228,0.22530120481927718,8.221903107036068,0.1988849323910793,20.4972300386268,3.9988665185730676,3.2735183351317967,0.7517792284774008,0.0,target,True,D2,1,147,20,12.956363439559937,0.0,0.009218215942382812
GPR-target,0.1,0.9,0.4457831325301205,0.45421686746987955,6.040891170501709,0.1461270239245389,55.70311566548173,6.615404355499638,4.844010263465973,0.3206757852238954,0.007002115249633789,none,False,D2,1,147,20,12.956363439559937,0.0,1.593993902206421
GPR-transfer,0.1,0.9,0.5301204819277109,0.36987951807228914,6.294682508491608,0.15226614675783615,37.532335406857236,5.057616092082199,3.8256300163895123,0.6029401022788555,0.006502628326416016,none,False,D2,1,147,20,12.956363439559937,12.956363439559937,1.6402206420898438
TabPFN-target,0.1,0.9,0.8313253012048193,0.06867469879518073,8.179953575134277,0.19787018802988812,15.378506901752516,3.298136219553819,2.5830331053216775,0.8311498372601304,0.30347585678100586,target,True,D2,1,147,20,12.956363439559937,0.0,0.37603259086608887
WeightedCP-v2,0.1,0.9,0.5542168674698795,0.3457831325301205,110.09427165441322,2.663141548809429,209.44555591590373,19.588271314205837,18.32121182536387,-4.956025208662462,0.0045223236083984375,source,True,D2,1,147,20,12.956363439559937,12.956363439559937,0.04855966567993164
JKplus-source,0.1,0.9,0.1686746987951807,0.7313253012048193,21.525295893852643,0.5206893054824806,166.83873684569983,18.520053290355982,17.017080403647856,-4.324131453929639,0.0,source,True,D2,1,147,20,12.956363439559937,12.956363439559937,0.0
CQR-target,0.1,0.9,0.9938650306748467,0.09386503067484664,93.9857026131909,1.6318307770685456,94.6746428514212,10.415312645513785,8.07547478045957,0.29927903861382643,0.0,target,True,D4,2,147,20,12.559743165969849,0.0,0.009505271911621094
GPR-target,0.1,0.9,0.4785276073619632,0.4214723926380368,6.445291519165039,0.11190664937026544,64.64599432718654,7.721073968985645,5.330450175793822,0.6149156108710259,0.007504940032958984,none,False,D4,2,147,20,12.559743165969849,0.0,1.6957788467407227
GPR-transfer,0.1,0.9,0.588957055214724,0.31104294478527605,7.475328170448725,0.1297907047354847,29.994052093649362,4.678656899165121,3.730101256354184,0.8586021247897497,0.007502079010009766,none,False,D4,2,147,20,12.559743165969849,12.559743165969849,0.7992284297943115
TabPFN-target,0.1,0.9,1.0,0.09999999999999998,30.02020835876465,0.5212271502130273,30.02021124904141,3.1956175726695406,2.4545809638426745,0.9340355283308054,0.6345028877258301,target,True,D4,2,147,20,12.559743165969849,0.0,0.33284687995910645
WeightedCP-v2,0.1,0.9,0.04294478527607362,0.8570552147239264,2.892139981794972,0.050214903997761025,204.32399032489883,13.221418472556635,11.48206152721288,-0.1291628721512521,0.00550389289855957,source,True,D4,2,147,20,12.559743165969849,12.559743165969849,0.037044525146484375
JKplus-source,0.1,0.9,0.7423312883435583,0.1576687116564417,22.209130516691587,0.3856069774593895,47.3884070145378,9.826064607573636,8.13577016322951,0.3763230153339189,0.0,source,True,D4,2,147,20,12.559743165969849,12.559743165969849,0.0
CQR-target,0.1,0.9,0.9053318824809575,0.005331882480957506,418.9792653394334,5.489051032156989,1078.0522975694137,210.9259565075858,92.03418509054299,-159.63688387118404,0.0,target,True,D1,0,148,20,5.074942588806152,0.0,0.008999824523925781
GPR-target,0.1,0.9,0.20130576713819368,0.6986942328618063,7.022258281707764,0.09199866737570782,236.13304790698146,19.416879012342335,14.61309362338858,-0.36126934766602203,0.011999368667602539,none,False,D1,0,148,20,5.074942588806152,0.0,0.5735697746276855
GPR-transfer,0.1,0.9,0.3634385201305767,0.5365614798694234,8.953297354062052,0.11729722720934208,104.88801403554251,11.017758262593743,8.488348857672849,0.5616997733552472,0.013003826141357422,none,False,D1,0,148,20,5.074942588806152,5.074942588806152,1.1341667175292969
TabPFN-target,0.1,0.9,0.8182807399347116,0.0817192600652884,40.063053131103516,0.5248664106623196,69.85771978251692,15.0224717816938,11.47812253152974,0.18516812387416914,0.5973660945892334,target,True,D1,0,148,20,5.074942588806152,0.0,0.8911106586456299
WeightedCP-v2,0.1,0.9,0.08052230685527748,0.8194776931447225,3.8282362027711048,0.05015375608895019,173.55140770136168,11.797586650322021,9.804407255208933,0.49745892084897714,0.003512859344482422,source,True,D1,0,148,20,5.074942588806152,5.074942588806152,0.04452967643737793
JKplus-source,0.1,0.9,0.6866158868335147,0.2133841131664853,24.984241963202972,0.3273187732206182,60.946453427392505,11.967819949615183,9.96672857575522,0.4828514515676108,0.0,source,True,D1,0,148,20,5.074942588806152,5.074942588806152,0.0
CQR-target,0.1,0.9,0.963855421686747,0.06385542168674696,24.399459318007814,0.5902143036310031,32.946657133041214,6.1558220269002435,3.6862185390733244,0.41881438142195304,0.0,target,True,D2,1,148,20,7.87156343460083,0.0,0.009004354476928711
GPR-target,0.1,0.9,0.4457831325301205,0.45421686746987955,6.061786651611328,0.1466324782328254,55.597926564963466,6.4930359190757105,4.8546350088464205,0.3533960411135444,0.00814366340637207,none,False,D2,1,148,20,7.87156343460083,0.0,0.651092529296875
GPR-transfer,0.1,0.9,0.5180722891566265,0.3819277108433735,6.170334660863301,0.14925821624022056,35.33645137742167,4.915747735924211,3.696250539219069,0.6293859117272916,0.008003950119018555,none,False,D2,1,148,20,7.87156343460083,7.87156343460083,0.6035580635070801
TabPFN-target,0.1,0.9,0.6746987951807228,0.22530120481927718,11.98513412475586,0.28991616163175365,30.65385038536715,6.050589177676083,4.902794138896896,0.43851510030838226,0.2849299907684326,target,True,D2,1,148,20,7.87156343460083,0.0,0.39281344413757324
WeightedCP-v2,0.1,0.9,0.1686746987951807,0.7313253012048193,25.564698615990782,0.6184010307161772,257.36394756143056,19.199131948728215,18.180855905276655,-4.653350803691603,0.0040094852447509766,source,True,D2,1,148,20,7.87156343460083,7.87156343460083,0.045862674713134766
JKplus-source,0.1,0.9,0.1927710843373494,0.7072289156626506,21.510320943654023,0.5203270667259494,161.9184443665399,18.238614258780785,16.618579179872423,-4.101835189909594,0.0,source,True,D2,1,148,20,7.87156343460083,7.87156343460083,0.0
CQR-target,0.1,0.9,0.8895705521472392,0.010429447852760787,28.97978887214446,0.5001410032380486,41.79994008027829,9.244247466245543,6.8667925939983805,0.4723137894729461,0.0010023117065429688,target,True,D4,2,148,20,12.371671676635742,0.0,0.009006023406982422
GPR-target,0.1,0.9,0.4171779141104294,0.4828220858895706,6.302057266235352,0.10876260201564902,74.70857836490887,8.672379574396484,5.894604338015282,0.5355818594291991,0.007506132125854492,none,False,D4,2,148,20,12.371671676635742,0.0,1.6831364631652832
GPR-transfer,0.1,0.9,0.6073619631901841,0.2926380368098159,7.16607198247149,0.12367400074589116,29.03558646846518,4.720964316757979,3.492304839776477,0.8623760383824957,0.007505655288696289,none,False,D4,2,148,20,12.371671676635742,12.371671676635742,0.9973306655883789
TabPFN-target,0.1,0.9,0.9141104294478528,0.01411042944785279,21.103126525878906,0.3642034425674382,25.47219795635422,6.08850911765879,4.884105991329813,0.7710953890476937,0.6172127723693848,target,True,D4,2,148,20,12.371671676635742,0.0,0.3666412830352783
WeightedCP-v2,0.1,0.9,0.05521472392638037,0.8447852760736196,3.3266465957005225,0.057412163115906786,228.85725831457685,14.795697869800769,12.883596763596827,-0.35177225480454877,0.004000425338745117,source,True,D4,2,148,20,12.371671676635742,12.371671676635742,0.03872537612915039
JKplus-source,0.1,0.9,0.7300613496932515,0.16993865030674848,22.212944284968277,0.3833569764282695,47.6369339691174,9.906841609197972,8.253606931933593,0.3939575313235232,0.0,source,True,D4,2,148,20,12.371671676635742,12.371671676635742,0.0
CQR-target,0.1,0.9,0.926006528835691,0.02600652883569099,55.74922714722663,0.7303711141087766,79.1820745409602,16.83122644387174,11.803339814768409,-0.020620930294612982,0.0010001659393310547,target,True,D1,0,149,20,5.097092866897583,0.0,0.007003307342529297
GPR-target,0.1,0.9,0.20565832426550598,0.694341675734494,6.967643737792969,0.09128316175658506,174.48749094299964,15.378867296840141,11.510746372625539,0.1479175049442586,0.014002323150634766,none,False,D1,0,149,20,5.097092866897583,0.0,0.533071756362915
GPR-transfer,0.1,0.9,0.28618063112078346,0.6138193688792166,9.359090782742506,0.12261353047971141,118.7421709318303,11.731300054761034,9.416275406111836,0.5041786420345888,0.013589143753051758,none,False,D1,0,149,20,5.097092866897583,5.097092866897583,1.4872920513153076
TabPFN-target,0.1,0.9,0.9455930359085963,0.04559303590859631,65.67718505859375,0.860437377832954,74.47020807608688,15.202612960944583,11.557493030436019,0.16733670147719149,0.6152737140655518,target,True,D1,0,149,20,5.097092866897583,0.0,0.9470257759094238
WeightedCP-v2,0.1,0.9,0.11969532100108814,0.7803046789989119,3.8396221729368913,0.05030292378401497,167.08466254522335,12.025767626518986,9.95928799353516,0.4789750028001738,0.002999544143676758,source,True,D1,0,149,20,5.097092866897583,5.097092866897583,0.045104265213012695
JKplus-source,0.1,0.9,0.6822633297062024,0.21773667029379762,24.986336401200585,0.32734621247120566,61.585634951206444,12.053138940484425,10.063104389965087,0.4766005400969282,0.0,source,True,D1,0,149,20,5.097092866897583,5.097092866897583,0.0
CQR-target,0.1,0.9,0.9879518072289156,0.0879518072289156,92.6472078727338,2.2411032377920357,92.9703686368464,13.380576702095963,9.583977022415075,-2.1210432807353317,0.0,target,True,D2,1,149,20,11.794448614120483,0.0,0.008510351181030273
GPR-target,0.1,0.9,0.5180722891566265,0.3819277108433735,6.158475399017334,0.14897134488455782,52.315484855835706,6.240610039839378,4.545682959499128,0.32110248605672764,0.00599980354309082,none,False,D2,1,149,20,11.794448614120483,0.0,1.5458121299743652
GPR-transfer,0.1,0.9,0.6024096385542169,0.2975903614457831,6.397451521402382,0.15475209288473296,39.35965225742386,5.228227297876664,3.8118113295092653,0.5235042316815242,0.005506753921508789,none,False,D2,1,149,20,11.794448614120483,11.794448614120483,1.6427135467529297
TabPFN-target,0.1,0.9,0.9759036144578314,0.07590361445783134,19.629749298095703,0.4748367027902113,19.788340074470245,4.054144556328339,3.3936522977897927,0.7134841925980586,0.2773468494415283,target,True,D2,1,149,20,11.794448614120483,0.0,0.35497617721557617
WeightedCP-v2,0.1,0.9,0.4457831325301205,0.45421686746987955,67.74269898031679,1.6386719633268036,219.7595965538748,19.369557175036856,18.14612627679129,-5.540177142986582,0.0049991607666015625,source,True,D2,1,149,20,11.794448614120483,11.794448614120483,0.04806160926818848
JKplus-source,0.1,0.9,0.18072289156626506,0.7192771084337349,21.527627927738898,0.5207457165585737,159.57252129503001,18.034971364787427,16.62409438823432,-4.6699736634056705,0.0,source,True,D2,1,149,20,11.794448614120483,11.794448614120483,0.0
CQR-target,0.1,0.9,0.950920245398773,0.050920245398772934,21.87102039199258,0.3774559617722138,25.13603070695897,6.408563984451006,4.767887432869428,0.7501654932522666,0.0009996891021728516,target,True,D4,2,149,20,13.51059889793396,0.0,0.010000467300415039
GPR-target,0.1,0.9,0.3558282208588957,0.5441717791411043,6.600412368774414,0.11391169474932689,123.88450570287478,12.763971701844085,8.55037875887434,0.0089338612319948,0.013136863708496094,none,False,D4,2,149,20,13.51059889793396,0.0,0.5519235134124756
GPR-transfer,0.1,0.9,0.5337423312883436,0.36625766871165644,7.364284608993062,0.12709480765101794,39.34495341299974,5.593040096839149,4.327452359033466,0.8097052361648589,0.01199960708618164,none,False,D4,2,149,20,13.51059889793396,13.51059889793396,1.1516079902648926
TabPFN-target,0.1,0.9,0.7975460122699386,0.10245398773006142,12.949614524841309,0.22348793597407862,29.813072246983115,5.735295526728104,4.180320564017768,0.7999020797418153,0.6983020305633545,target,True,D4,2,149,20,13.51059889793396,0.0,0.9188387393951416
WeightedCP-v2,0.1,0.9,0.0736196319018405,0.8263803680981595,3.8401558253852097,0.06627444373636227,164.66708162719104,11.56408161307143,9.89045714916944,0.18650803296358565,0.004003047943115234,source,True,D4,2,149,20,13.51059889793396,13.51059889793396,0.03600311279296875
JKplus-source,0.1,0.9,0.7239263803680982,0.17607361963190182,22.197797296932652,0.38309556562829455,48.518692824195526,9.923467320989014,8.211254429227685,0.4009571892916137,0.0,source,True,D4,2,149,20,13.51059889793396,13.51059889793396,0.0
CQR-target,0.1,0.9,0.9270946681175191,0.02709466811751904,75.80936417535555,0.9931791453612442,102.4619086658971,21.31258570504457,15.213866602378951,-0.6461030767134073,0.0,target,True,D1,0,150,20,5.5225348472595215,0.0,0.00950479507446289
GPR-target,0.1,0.9,0.26659412404787813,0.6334058759521219,7.162630081176758,0.09383767955244834,175.89787122313425,15.95088443116792,11.566822728622984,0.07795041227022081,0.010999917984008789,none,False,D1,0,150,20,5.5225348472595215,0.0,0.5638260841369629
GPR-transfer,0.1,0.9,0.33623503808487487,0.5637649619151252,8.512028983679638,0.11151616641640871,106.97860507941412,10.80300290160018,8.455034193185877,0.5770649027383992,0.015002012252807617,none,False,D1,0,150,20,5.5225348472595215,5.5225348472595215,1.3832719326019287
TabPFN-target,0.1,0.9,0.8139281828073993,0.08607181719260071,27.687530517578125,0.362734580295438,46.49607534232155,10.372415200873043,8.022075598782113,0.6101078179292225,0.6022865772247314,target,True,D1,0,150,20,5.5225348472595215,0.0,0.949211597442627
WeightedCP-v2,0.1,0.9,0.09466811751904244,0.8053318824809576,3.604124184462099,0.0472176625702859,171.82818986291514,12.1593998391627,10.134246834405905,0.46419221374284036,0.0019996166229248047,source,True,D1,0,150,20,5.5225348472595215,5.5225348472595215,0.04480457305908203
JKplus-source,0.1,0.9,0.6855277475516867,0.21447225244831336,24.9816120675094,0.32728431893405685,60.96449213584738,11.981770447629044,9.981033028414315,0.47973245971988054,0.0,source,True,D1,0,150,20,5.5225348472595215,5.5225348472595215,0.0
CQR-target,0.1,0.9,0.9518072289156626,0.051807228915662584,37.9617280502868,0.9426801102771295,44.57654971362936,9.780955159957108,7.616785329239474,-0.7696024467951963,0.0,target,True,D2,1,150,20,13.617368221282959,0.0,0.008999824523925781
GPR-target,0.1,0.9,0.4819277108433735,0.41807228915662653,6.234057426452637,0.15480649180294442,59.16144757328262,6.982796396746605,4.971009346835584,0.0980718693475342,0.013014078140258789,none,False,D2,1,150,20,13.617368221282959,0.0,1.638108253479004
GPR-transfer,0.1,0.9,0.5180722891566265,0.3819277108433735,6.487964561186641,0.16111161061771853,48.3025299352224,6.016540347955524,4.528669381845492,0.3304132651631042,0.012053251266479492,none,False,D2,1,150,20,13.617368221282959,13.617368221282959,1.7264478206634521
TabPFN-target,0.1,0.9,0.8795180722891566,0.02048192771084345,18.211698532104492,0.4522398442409261,20.8262198850333,4.936263136426484,3.7007410375755954,0.5492769388105501,0.6570103168487549,target,True,D2,1,150,20,13.617368221282959,0.0,0.9123859405517578
WeightedCP-v2,0.1,0.9,0.6987951807228916,0.20120481927710843,117.69180395857273,2.922567765814429,176.3080113570437,19.492449236005033,18.34835161603167,-6.028230527395519,0.0040018558502197266,source,True,D2,1,150,20,13.617368221282959,13.617368221282959,0.045465707778930664
JKplus-source,0.1,0.9,0.1686746987951807,0.7313253012048193,21.46208297395465,0.5329546304600224,176.41541796299524,18.96998511715108,17.591748649893972,-5.656518672490435,0.0,source,True,D2,1,150,20,13.617368221282959,13.617368221282959,0.0
CQR-target,0.1,0.9,1.0,0.09999999999999998,118.69148876286847,2.0484096874404134,118.69148876286847,16.571497529371264,12.543641991330507,-0.699645720060007,0.0,target,True,D4,2,150,20,12.438008069992065,0.0,0.009505033493041992
GPR-target,0.1,0.9,0.3496932515337423,0.5503067484662577,6.141429901123047,0.10599045167703934,82.89557994648438,8.854886816789993,6.336829654669433,0.5147104707307828,0.008505105972290039,none,False,D4,2,150,20,12.438008069992065,0.0,1.6318793296813965
GPR-transfer,0.1,0.9,0.3619631901840491,0.5380368098159509,7.110559404993349,0.12271594972920712,68.23298790575663,7.3456564028128035,5.945005597014374,0.666038723500751,0.008002519607543945,none,False,D4,2,150,20,12.438008069992065,12.438008069992065,1.4364848136901855
TabPFN-target,0.1,0.9,0.8834355828220859,0.016564417177914126,16.730987548828125,0.28874789028837355,20.18884338691225,5.390458828790123,4.2789887778316,0.8201599731090891,0.29543161392211914,target,True,D4,2,150,20,12.438008069992065,0.0,0.39262938499450684
WeightedCP-v2,0.1,0.9,0.049079754601226995,0.850920245398773,3.462879960216264,0.05976331522070664,221.82279394597728,14.430321229614178,12.610990662130707,-0.2888040435499575,0.0039920806884765625,source,True,D4,2,150,20,12.438008069992065,12.438008069992065,0.04102277755737305
JKplus-source,0.1,0.9,0.7177914110429447,0.18220858895705527,22.20509824957695,0.38322156743583785,49.243340141835795,10.027931319339304,8.318640351568524,0.377617183188108,0.0,source,True,D4,2,150,20,12.438008069992065,12.438008069992065,0.0
CQR-target,0.1,0.9,0.6735582154515778,0.22644178454842223,54.18879333557524,0.7099278570480279,196.54353391273673,32.926038508180184,23.93777092467,-2.958301936053503,0.0,target,True,D1,0,151,20,4.940327167510986,0.0,0.009000062942504883
GPR-target,0.1,0.9,0.27856365614798695,0.6214363438520131,6.9816060066223145,0.09146608156305062,142.493894566234,13.579736286615338,9.737438849551893,0.3266937782944459,0.008011102676391602,none,False,D1,0,151,20,4.940327167510986,0.0,0.5376267433166504
GPR-transfer,0.1,0.9,0.29379760609357997,0.6062023939064201,9.750917795822591,0.1277468596167316,116.33885730964855,11.531054400738993,9.475224741276765,0.5145237403104532,0.009529829025268555,none,False,D1,0,151,20,4.940327167510986,4.940327167510986,0.5043718814849854
TabPFN-target,0.1,0.9,0.9880304678998912,0.08803046789989122,64.77588653564453,0.848629457974037,65.48618462596805,14.058489281645421,11.457282458648848,0.27838215657430443,0.35918426513671875,target,True,D1,0,151,20,4.940327167510986,0.0,0.37787389755249023
WeightedCP-v2,0.1,0.9,0.09140369967355821,0.8085963003264418,3.176954997249912,0.04162131529979954,173.66601693762541,12.097126371047224,10.037181437730961,0.46568866172735945,0.0050048828125,source,True,D1,0,151,20,4.940327167510986,4.940327167510986,0.06027531623840332
JKplus-source,0.1,0.9,0.6844396082698585,0.21556039173014152,24.98246979674077,0.3272955560522444,61.02823929402613,12.007808121467257,10.037064833615522,0.4735496312802421,0.0,source,True,D1,0,151,20,4.940327167510986,4.940327167510986,0.0
CQR-target,0.1,0.9,0.9036144578313253,0.0036144578313253017,50.5660914302347,1.4260037060342547,58.848157638592966,13.268108499535888,10.393665744619168,-1.894022327162153,0.0,target,True,D2,1,151,20,16.381133794784546,0.0,0.009000062942504883
GPR-target,0.1,0.9,0.5060240963855421,0.3939759036144579,6.163337230682373,0.17381097656357203,43.27176600536667,5.423723218847786,4.120925195533109,0.5164082467814266,0.013504505157470703,none,False,D2,1,151,20,16.381133794784546,0.0,1.0306987762451172
GPR-transfer,0.1,0.9,0.6746987951807228,0.22530120481927718,6.729280868208552,0.1897710340189183,18.915536896949423,3.3459034477654277,2.5154929274371485,0.815960664024974,0.014001846313476562,none,False,D2,1,151,20,16.381133794784546,16.381133794784546,0.5351457595825195
TabPFN-target,0.1,0.9,0.8554216867469879,0.04457831325301209,20.49016571044922,0.5778388523595835,25.899618631385895,5.63326979702842,4.114201154593961,0.4783190813134951,0.6436078548431396,target,True,D2,1,151,20,16.381133794784546,0.0,0.8857941627502441
WeightedCP-v2,0.1,0.9,0.5783132530120482,0.32168674698795185,74.96524610849809,2.114079133879225,166.04091544694742,18.46178083661017,17.458872390584684,-4.6031342847592915,0.004991292953491211,source,True,D2,1,151,20,16.381133794784546,16.381133794784546,0.04553389549255371
JKplus-source,0.1,0.9,0.1566265060240964,0.7433734939759036,21.511052478756202,0.606628665332485,168.60655297440812,18.530696076022817,17.158258013922204,-4.645043789574884,0.0,source,True,D2,1,151,20,16.381133794784546,16.381133794784546,0.0
CQR-target,0.1,0.9,1.0,0.09999999999999998,36.85417713673752,0.6360393171945388,36.85417713673752,6.018411739677871,4.799694251018443,0.7712162966480276,0.0,target,True,D4,2,151,20,13.657291412353516,0.0,0.009008169174194336
GPR-target,0.1,0.9,0.4601226993865031,0.43987730061349695,6.405712127685547,0.11055150553820134,56.40067183955873,6.919269791040635,4.920254973446227,0.697599974797763,0.012002229690551758,none,False,D4,2,151,20,13.657291412353516,0.0,1.699993371963501
GPR-transfer,0.1,0.9,0.5950920245398773,0.3049079754601227,7.356128628268563,0.12695404953853004,28.77119395326067,4.594521348610784,3.560909835923958,0.866665713443722,0.012504339218139648,none,False,D4,2,151,20,13.657291412353516,13.657291412353516,0.6564164161682129
TabPFN-target,0.1,0.9,0.9877300613496932,0.08773006134969319,49.427127838134766,0.8530266874339281,49.78498094697127,6.783289057086807,4.868526997276415,0.7093689961458363,0.690669059753418,target,True,D4,2,151,20,13.657291412353516,0.0,0.37868595123291016
WeightedCP-v2,0.1,0.9,0.049079754601226995,0.850920245398773,3.548915546831531,0.061248140551690824,189.17274145382103,12.591726269513146,11.010524242175252,-0.0014559284179311849,0.004506587982177734,source,True,D4,2,151,20,13.657291412353516,13.657291412353516,0.0390324592590332
JKplus-source,0.1,0.9,0.7116564417177914,0.1883435582822086,22.191814260450585,0.3829923087729133,49.62339992018156,10.086191285397524,8.411980933465948,0.3574370295831637,0.0,source,True,D4,2,151,20,13.657291412353516,13.657291412353516,0.0
CQR-target,0.1,0.9,0.9749727965179543,0.0749727965179543,104.56149963192485,1.3698611243053354,108.18241245398451,25.39079397679055,20.45063266165293,-1.307218487962173,0.0,target,True,D1,0,152,20,5.510033845901489,0.0,0.008506536483764648
GPR-target,0.1,0.9,0.19042437431991294,0.7095756256800871,6.58152961730957,0.08622467727561017,167.93347796957954,14.440134616939412,11.031752990996619,0.2537597948971654,0.012516260147094727,none,False,D1,0,152,20,5.510033845901489,0.0,1.3684346675872803
GPR-transfer,0.1,0.9,0.2959738846572361,0.604026115342764,8.351109034088932,0.1094079527445939,106.54861477655929,10.493745569364858,8.450293638609004,0.605908361792842,0.01301431655883789,none,False,D1,0,152,20,5.510033845901489,5.510033845901489,0.5860846042633057
TabPFN-target,0.1,0.9,0.9771490750816104,0.0771490750816104,65.6541748046875,0.8601359202945912,68.00160243518984,15.692186500247487,12.749147423545997,0.11874198075174824,0.5726711750030518,target,True,D1,0,152,20,5.510033845901489,0.0,0.9119668006896973
WeightedCP-v2,0.1,0.9,0.08269858541893363,0.8173014145810664,3.1359110135125596,0.041083597708656154,179.532000889233,12.074207557049423,10.066667021160074,0.4782608404934582,0.004998922348022461,source,True,D1,0,152,20,5.510033845901489,5.510033845901489,0.045514822006225586
JKplus-source,0.1,0.9,0.6811751904243744,0.21882480957562567,24.987580913456128,0.3273625168371873,61.628595750870076,12.055393157133933,10.058873757009186,0.47988555353459406,0.0,source,True,D1,0,152,20,5.510033845901489,5.510033845901489,0.0
CQR-target,0.1,0.9,0.927710843373494,0.027710843373493943,79.1799708242715,1.9662272362704059,99.65865142323503,21.99762955972598,16.020166892831,-8.39133957225425,0.0,target,True,D2,1,152,20,13.199745655059814,0.0,0.009072303771972656
GPR-target,0.1,0.9,0.4457831325301205,0.45421686746987955,6.255674839019775,0.1553433036371081,61.24986045791441,7.1295203965426985,5.21825416932623,0.01350155010174836,0.011504888534545898,none,False,D2,1,152,20,13.199745655059814,0.0,1.6531879901885986
GPR-transfer,0.1,0.9,0.5301204819277109,0.36987951807228914,6.8633923473128355,0.17043437659817462,31.756455830165212,4.81485878002401,3.6046177726438624,0.5500721429551065,0.013013124465942383,none,False,D2,1,152,20,13.199745655059814,13.199745655059814,0.7083759307861328
TabPFN-target,0.1,0.9,0.5662650602409639,0.3337349397590361,12.560737609863281,0.3119130272347691,41.798400897290335,7.00796526333487,5.659544128050286,0.0468535020618186,0.6760258674621582,target,True,D2,1,152,20,13.199745655059814,0.0,0.6899521350860596
WeightedCP-v2,0.1,0.9,0.6506024096385542,0.24939759036144582,318.25640828394546,7.903064519615467,403.8691983321023,20.0529447136486,19.038754791787447,-6.804266449962626,0.003999233245849609,source,True,D2,1,152,20,13.199745655059814,13.199745655059814,0.04703664779663086
JKplus-source,0.1,0.9,0.1566265060240964,0.7433734939759036,21.495336895929437,0.5337804045341851,170.98111018611505,18.657761745409424,17.436938602775303,-5.75608121298067,0.0,source,True,D2,1,152,20,13.199745655059814,13.199745655059814,0.0
CQR-target,0.1,0.9,0.9754601226993865,0.07546012269938651,48.706825899328,0.8405955225314328,49.886475563402165,10.643507264411141,8.341536109320703,0.2920281163097844,0.0,target,True,D4,2,152,20,12.985103130340576,0.0,0.0075070858001708984
GPR-target,0.1,0.9,0.4601226993865031,0.43987730061349695,6.29275369644165,0.10860203850185512,74.00184460595612,8.262282926099415,5.701312049086558,0.573374693147313,0.007002830505371094,none,False,D4,2,152,20,12.985103130340576,0.0,1.6261351108551025
GPR-transfer,0.1,0.9,0.4662576687116564,0.4337423312883436,7.821044450888604,0.13497769204925697,51.3852333976714,6.5329871509237565,5.294089871234241,0.7332710859885797,0.007506847381591797,none,False,D4,2,152,20,12.985103130340576,12.985103130340576,1.7162413597106934
TabPFN-target,0.1,0.9,0.9877300613496932,0.08773006134969319,42.110992431640625,0.7267628516905789,43.06895009192832,8.494805936036842,6.964833812968164,0.549024018529406,0.2804906368255615,target,True,D4,2,152,20,12.985103130340576,0.0,0.4319581985473633
WeightedCP-v2,0.1,0.9,0.049079754601226995,0.850920245398773,3.0755148754361743,0.053078064235061014,231.49585338482066,14.871399368401265,12.930465939494184,-0.38213403642510624,0.005086421966552734,source,True,D4,2,152,20,12.985103130340576,12.985103130340576,0.03851127624511719
JKplus-source,0.1,0.9,0.7116564417177914,0.1883435582822086,22.232153856750045,0.38368850039295727,49.242391581256705,10.099318734005704,8.413260410326124,0.36257271985336137,0.0,source,True,D4,2,152,20,12.985103130340576,12.985103130340576,0.0
CQR-target,0.1,0.9,0.9912948857453754,0.09129488574537536,242.7539575169054,3.1803217278278817,246.13093969704207,38.838368429805506,30.17775283265532,-4.418002474012749,0.0,target,True,D1,0,153,20,5.397558927536011,0.0,0.009508371353149414
GPR-target,0.1,0.9,0.15233949945593037,0.7476605005440696,6.814110279083252,0.08927171856662565,186.44393731958849,15.27919264575741,12.118193500962946,0.1614710562267443,0.007505178451538086,none,False,D1,0,153,20,5.397558927536011,0.0,1.6608450412750244
GPR-transfer,0.1,0.9,0.31556039173014144,0.5844396082698586,9.715115347935923,0.12727781143276753,111.61133832626832,11.391188017171634,9.152067498414851,0.5339255616914006,0.012002706527709961,none,False,D1,0,153,20,5.397558927536011,5.397558927536011,1.3306300640106201
TabPFN-target,0.1,0.9,0.8998911860718172,0.0001088139281828493,53.432491302490234,0.7000195374753052,69.85684393383603,15.965136145827545,12.478484470172338,0.08449125435290217,0.40900707244873047,target,True,D1,0,153,20,5.397558927536011,0.0,0.37935590744018555
WeightedCP-v2,0.1,0.9,0.07181719260065289,0.8281828073993471,3.0739939416827853,0.04027242160723256,181.81971019042123,12.14139490833592,10.086931312252133,0.47051408142344353,0.005000114440917969,source,True,D1,0,153,20,5.397558927536011,5.397558927536011,0.045537471771240234
JKplus-source,0.1,0.9,0.6822633297062024,0.21773667029379762,24.981719277236014,0.3272857234896261,61.30717425114526,12.006753559716934,9.99438199308149,0.48219237893332845,0.0,source,True,D1,0,153,20,5.397558927536011,5.397558927536011,0.0
CQR-target,0.1,0.9,0.8795180722891566,0.02048192771084345,63.68282942254977,1.5404651525676127,83.79796762128734,20.433416285470894,16.482551950166368,-5.7883174749545505,0.0,target,True,D2,1,153,20,13.249370813369751,0.0,0.006505250930786133
GPR-target,0.1,0.9,0.37349397590361444,0.5265060240963856,6.266229629516602,0.15157788166426758,72.34755328074995,7.614796603578465,5.9352394444109455,0.05724945003330384,0.013013124465942383,none,False,D2,1,153,20,13.249370813369751,0.0,1.6711947917938232
GPR-transfer,0.1,0.9,0.5783132530120482,0.32168674698795185,6.676506318241717,0.16150232986518367,41.25433988551383,5.541212510112085,4.0394332566377384,0.5007825110640316,0.013499021530151367,none,False,D2,1,153,20,13.249370813369751,13.249370813369751,1.6747698783874512
TabPFN-target,0.1,0.9,0.963855421686747,0.06385542168674696,24.5915584564209,0.594861113944661,26.876603680346385,5.13250376553926,3.7340767734022027,0.5717092126368126,0.2995896339416504,target,True,D2,1,153,20,13.249370813369751,0.0,0.91180419921875
WeightedCP-v2,0.1,0.9,0.6987951807228916,0.20120481927710843,118.39811470909375,2.8640085795949117,187.47445453590808,19.57206305027974,18.409012344919038,-5.228068659453755,0.002001047134399414,source,True,D2,1,153,20,13.249370813369751,13.249370813369751,0.04508543014526367
JKplus-source,0.1,0.9,0.18072289156626506,0.7192771084337349,21.547917792009162,0.5212365212094048,171.50779357854125,18.714444660524467,17.334996248113132,-4.6942177112015795,0.0,source,True,D2,1,153,20,13.249370813369751,13.249370813369751,0.0
CQR-target,0.1,0.9,0.9938650306748467,0.09386503067484664,55.09301607592608,0.9508101129787365,56.22693579326144,9.735596141097256,7.703847501676541,0.4100057075116246,0.0,target,True,D4,2,153,20,11.432755470275879,0.0,0.008506059646606445
GPR-target,0.1,0.9,0.37423312883435583,0.5257668711656442,6.366832733154297,0.10988051447363778,87.10125985868409,9.791577569520895,6.680450467254637,0.40320105306126863,0.007504701614379883,none,False,D4,2,153,20,11.432755470275879,0.0,0.6060998439788818
GPR-transfer,0.1,0.9,0.6257668711656442,0.2742331288343558,7.0884269322354365,0.12233398155207104,30.978444686506496,4.807238532929599,3.5823200336491525,0.8561486125909673,0.006999969482421875,none,False,D4,2,153,20,11.432755470275879,11.432755470275879,0.6295561790466309
TabPFN-target,0.1,0.9,0.8773006134969326,0.022699386503067465,20.76478385925293,0.3583642336804747,35.748280082064035,7.375940450296171,5.220911301521228,0.661344982750945,0.27639007568359375,target,True,D4,2,153,20,11.432755470275879,0.0,0.3948025703430176
WeightedCP-v2,0.1,0.9,0.06748466257668712,0.832515337423313,2.98621582273849,0.051536917127279404,179.8349462557227,12.140525738994098,10.28834216072992,0.08251769145490229,0.0019998550415039062,source,True,D4,2,153,20,11.432755470275879,11.432755470275879,0.04702281951904297
JKplus-source,0.1,0.9,0.7300613496932515,0.16993865030674848,22.19895369132278,0.3831155229942012,48.05915644696158,9.83070141412455,8.094264434231093,0.3984223099833365,0.0,source,True,D4,2,153,20,11.432755470275879,11.432755470275879,0.0
CQR-target,0.1,0.9,0.8966267682263329,0.003373231773667107,787.1402558538641,10.312331399852495,1765.862296927321,346.1828272174276,187.36671154998749,-438.2358087508414,0.0,target,True,D1,0,154,20,5.834203720092773,0.0,0.009509563446044922
GPR-target,0.1,0.9,0.2970620239390642,0.6029379760609358,7.3995256423950195,0.09694125037895464,165.6755400410674,15.446538141255179,11.101114707921873,0.12552173381072396,0.012999773025512695,none,False,D1,0,154,20,5.834203720092773,0.0,0.6694459915161133
GPR-transfer,0.1,0.9,0.381936887921654,0.5180631120783461,9.256420478467973,0.12126844592238031,105.37657314917341,11.006074627535284,8.507148605496203,0.5560320654406706,0.014047384262084961,none,False,D1,0,154,20,5.834203720092773,5.834203720092773,1.1942799091339111
TabPFN-target,0.1,0.9,0.8639825897714908,0.03601741022850924,83.2800521850586,1.0910526945388193,222.06480429631713,40.220077006705885,23.169222811054482,-4.928877722398984,0.598792314529419,target,True,D1,0,154,20,5.834203720092773,0.0,0.9284055233001709
WeightedCP-v2,0.1,0.9,0.13275299238302501,0.7672470076169751,3.738524248205761,0.048978438984881134,161.4674807976245,11.748902331305525,9.617039205951738,0.4940806561295157,0.004507541656494141,source,True,D1,0,154,20,5.834203720092773,5.834203720092773,0.04453730583190918
JKplus-source,0.1,0.9,0.690968443960827,0.209031556039173,24.985056966451864,0.32732945058533436,60.047557069907434,11.890243435812621,9.912307324450708,0.48183486190411995,0.0,source,True,D1,0,154,20,5.834203720092773,5.834203720092773,0.0
CQR-target,0.1,0.9,0.9759036144578314,0.07590361445783134,190.84636479918825,5.382018182328485,193.03288411856872,35.47539870063672,28.24805777441193,-24.714536755995933,0.0,target,True,D2,1,154,20,12.97306227684021,0.0,0.009503364562988281
GPR-target,0.1,0.9,0.5180722891566265,0.3819277108433735,6.422237396240234,0.18111216566353958,51.05862075621822,6.370659374231796,4.529037037125552,0.17073582368179685,0.013007879257202148,none,False,D2,1,154,20,12.97306227684021,0.0,1.0399160385131836
GPR-transfer,0.1,0.9,0.5903614457831325,0.3096385542168675,7.0669031660240815,0.19929224940866216,35.92908739247637,5.10372961240374,3.9490124525194603,0.4677698770629296,0.012505769729614258,none,False,D2,1,154,20,12.97306227684021,12.97306227684021,0.694955587387085
TabPFN-target,0.1,0.9,0.963855421686747,0.06385542168674696,15.991758346557617,0.4509802126917038,16.431832568616752,3.205928086364216,2.547647833766707,0.7899940075755714,0.6967873573303223,target,True,D2,1,154,20,12.97306227684021,0.0,0.8996479511260986
WeightedCP-v2,0.1,0.9,0.6024096385542169,0.2975903614457831,311.68141919905486,8.789662129474289,396.27411206906316,19.01250996828299,18.224806384503758,-6.385893554182666,0.004508018493652344,source,True,D2,1,154,20,12.97306227684021,12.97306227684021,0.04691743850708008
JKplus-source,0.1,0.9,0.1566265060240964,0.7433734939759036,21.530860005252823,0.607187253219993,165.2546826154636,18.27544186629817,17.063168790135805,-5.824328233257856,0.0,source,True,D2,1,154,20,12.97306227684021,12.97306227684021,0.0
CQR-target,0.1,0.9,0.8895705521472392,0.010429447852760787,45.23824348507151,0.7854509352691641,62.54204979717318,10.425478080393226,8.245262975728926,0.31538303850018157,0.0,target,True,D4,2,154,20,13.134076118469238,0.0,0.007506608963012695
GPR-target,0.1,0.9,0.4294478527607362,0.4705521472392638,6.666592121124268,0.11574899052663384,77.914199211636,9.156676814885833,6.138938644053833,0.47188139471898227,0.007999658584594727,none,False,D4,2,154,20,13.134076118469238,0.0,1.627042293548584
GPR-transfer,0.1,0.9,0.49079754601226994,0.4092024539877301,7.636408121307935,0.13258746226426074,44.28024771375724,5.944043873403567,4.767094733680312,0.7774540432948436,0.008002758026123047,none,False,D4,2,154,20,13.134076118469238,13.134076118469238,1.2029364109039307
TabPFN-target,0.1,0.9,0.8773006134969326,0.022699386503067465,13.793228149414062,0.23948551304635415,20.42293860960401,4.852379826466525,3.873350415437498,0.8516917628863655,0.6035952568054199,target,True,D4,2,154,20,13.134076118469238,0.0,0.3887815475463867
WeightedCP-v2,0.1,0.9,0.08588957055214724,0.8141104294478527,3.650743989348597,0.06338619848952348,195.4903535423014,13.141603029801232,11.32999189394632,-0.08780834002508708,0.004992246627807617,source,True,D4,2,154,20,13.134076118469238,13.134076118469238,0.03805255889892578
JKplus-source,0.1,0.9,0.7423312883435583,0.1576687116564417,22.211641304304678,0.38565057111659273,47.44833194889157,9.812604298491115,8.119954425850693,0.3935091300283845,0.0,source,True,D4,2,154,20,13.134076118469238,13.134076118469238,0.0
CQR-target,0.1,0.9,0.6996735582154516,0.2003264417845484,29.782190673397064,0.39017674137947467,107.32583642270352,17.666428857594376,12.955027915425234,-0.12339450558129061,0.0005023479461669922,target,True,D1,0,155,20,5.554275989532471,0.0,0.009000062942504883
GPR-target,0.1,0.9,0.2600652883569097,0.6399347116430903,7.0800981521606445,0.09275642802611136,185.8655320516219,16.738154806511165,12.040889563202468,-0.008439661990218061,0.013018608093261719,none,False,D1,0,155,20,5.554275989532471,0.0,0.9392356872558594
GPR-transfer,0.1,0.9,0.3373231773667029,0.5626768226332971,8.735413842932832,0.1144427334179013,97.94721999199321,10.289539866610738,8.103853274277578,0.6189107780824689,0.015505552291870117,none,False,D1,0,155,20,5.554275989532471,5.554275989532471,0.8072061538696289
TabPFN-target,0.1,0.9,0.9455930359085963,0.04559303590859631,43.923038482666016,0.5754361126282151,48.82017857963554,10.386661620008018,7.754265999695421,0.6116827134421938,0.6124639511108398,target,True,D1,0,155,20,5.554275989532471,0.0,0.9184920787811279
WeightedCP-v2,0.1,0.9,0.10663764961915125,0.7933623503808488,3.8305790616856883,0.050184449904150975,171.25720275905329,11.971999605443,9.94446409142524,0.48409689055059113,0.0049991607666015625,source,True,D1,0,155,20,5.554275989532471,5.554275989532471,0.046056509017944336
JKplus-source,0.1,0.9,0.6844396082698585,0.21556039173014152,24.985849787144716,0.32733983733618915,61.06081471398815,11.996395739576021,9.997825939915973,0.4819921686032358,0.0,source,True,D1,0,155,20,5.554275989532471,5.554275989532471,0.0
CQR-target,0.1,0.9,0.9036144578313253,0.0036144578313253017,46.89167968149417,1.1342931705406685,58.827366197631044,13.236631611074479,9.878759477019528,-2.2531063927375303,0.0,target,True,D2,1,155,20,12.864492416381836,0.0,0.009000301361083984
GPR-target,0.1,0.9,0.3614457831325301,0.53855421686747,6.234081745147705,0.15080023569520323,68.78960043436074,7.653614190021388,5.730524779629995,-0.08761812156685056,0.004998445510864258,none,False,D2,1,155,20,12.864492416381836,0.0,1.692640781402588
GPR-transfer,0.1,0.9,0.43373493975903615,0.46626506024096387,6.688585850129645,0.16179452947536765,51.53207826903644,6.434260912557742,4.852432172081221,0.23132874906209266,0.009506702423095703,none,False,D2,1,155,20,12.864492416381836,12.864492416381836,1.0393273830413818
TabPFN-target,0.1,0.9,0.8674698795180723,0.032530120481927716,16.323522567749023,0.39486024585874263,24.532733903448264,5.831134145604559,4.546486158256071,0.3686802617606063,0.6941051483154297,target,True,D2,1,155,20,12.864492416381836,0.0,0.394580602645874
WeightedCP-v2,0.1,0.9,0.6385542168674698,0.2614457831325302,96.29160887113188,2.329260010833074,180.16322742614574,18.991297949783444,17.850269430982628,-5.696572846005583,0.004002094268798828,source,True,D2,1,155,20,12.864492416381836,12.864492416381836,0.04806327819824219
JKplus-source,0.1,0.9,0.14457831325301204,0.755421686746988,21.53251471836546,0.5208639262979394,170.05290303873633,18.663959263348513,17.35320990834517,-5.467714762600019,0.0,source,True,D2,1,155,20,12.864492416381836,12.864492416381836,0.0
CQR-target,0.1,0.9,0.901840490797546,0.0018404907975460016,14.10791852397631,0.24494933811952893,19.969470531578924,4.402974900504365,3.3429310627530113,0.880345334036575,0.0,target,True,D4,2,155,20,13.196080446243286,0.0,0.008584976196289062
GPR-target,0.1,0.9,0.39263803680981596,0.507361963190184,6.3995442390441895,0.11111236026465948,87.84369794475869,9.497707803841536,6.6168472046688125,0.44323127998396794,0.007999658584594727,none,False,D4,2,155,20,13.196080446243286,0.0,1.6696569919586182
GPR-transfer,0.1,0.9,0.5276073619631901,0.3723926380368099,7.598837966567899,0.13193514884743884,44.522052760301214,6.015390486360809,4.597890028133306,0.7766608450981065,0.00800013542175293,none,False,D4,2,155,20,13.196080446243286,13.196080446243286,1.513244390487671
TabPFN-target,0.1,0.9,0.901840490797546,0.0018404907975460016,35.7436408996582,0.6206004922323368,47.76135431092997,10.276562244006827,7.6623580520485595,0.34817211826262895,0.27973151206970215,target,True,D4,2,155,20,13.196080446243286,0.0,0.3765096664428711
WeightedCP-v2,0.1,0.9,0.05521472392638037,0.8447852760736196,3.266479880300246,0.05671439647886408,182.75058037582727,12.455141602346162,10.555954508004874,0.042509314118438724,0.005003452301025391,source,True,D4,2,155,20,13.196080446243286,13.196080446243286,0.03903603553771973
JKplus-source,0.1,0.9,0.7361963190184049,0.16380368098159515,22.2170358821394,0.38574423470472613,47.88879376445185,9.820861190043326,8.058699187524445,0.40469933925209844,0.0,source,True,D4,2,155,20,13.196080446243286,13.196080446243286,0.0
CQR-target,0.1,0.9,1.0,0.09999999999999998,110.80797583336646,1.451696263839244,110.80797583336646,17.55634956348862,13.459793674955637,-0.10714063068060731,0.0,target,True,D1,0,156,20,5.959761619567871,0.0,0.006509065628051758
GPR-target,0.1,0.9,0.20130576713819368,0.6986942328618063,6.698012828826904,0.0877507248519507,149.6835245721877,13.248624465984216,10.19066862784999,0.3695132988314195,0.016569852828979492,none,False,D1,0,156,20,5.959761619567871,0.0,1.28761625289917
GPR-transfer,0.1,0.9,0.3177366702937976,0.5822633297062024,8.801836732941172,0.11531294028282515,104.7330872267074,10.764025036886117,8.52310985390574,0.583817563233083,0.01500248908996582,none,False,D1,0,156,20,5.959761619567871,5.959761619567871,0.7394132614135742
TabPFN-target,0.1,0.9,0.8911860718171926,0.008813928182807462,40.64185333251953,0.532449277180598,56.37880004534135,13.15815296169538,10.307666411622955,0.37809476642187745,0.5809018611907959,target,True,D1,0,156,20,5.959761619567871,0.0,0.9376664161682129
WeightedCP-v2,0.1,0.9,0.1251360174102285,0.7748639825897715,4.623225403447998,0.06056891658381121,167.95387146846522,12.00549496931899,9.896044561247551,0.4822805389689042,0.006510019302368164,source,True,D1,0,156,20,5.959761619567871,5.959761619567871,0.046019554138183594
JKplus-source,0.1,0.9,0.6833514689880305,0.21664853101196957,24.986726525950807,0.327351323498982,61.44902800177845,12.031083530221634,10.026940413704793,0.4800712482916689,0.0,source,True,D1,0,156,20,5.959761619567871,5.959761619567871,0.0
CQR-target,0.1,0.9,0.8313253012048193,0.06867469879518073,21.56815065697765,0.5355885436211018,29.09333091365753,7.189719867950708,5.6516209292121475,0.06545929861368638,0.0,target,True,D2,1,156,20,12.956422328948975,0.0,0.010033845901489258
GPR-target,0.1,0.9,0.42168674698795183,0.4783132530120482,6.076319217681885,0.15088947643836578,48.762481946830285,6.04668793727281,4.600134589873165,0.3389879243952285,0.004996776580810547,none,False,D2,1,156,20,12.956422328948975,0.0,1.4789276123046875
GPR-transfer,0.1,0.9,0.46987951807228917,0.43012048192771085,6.466781185333987,0.1605855769487989,40.62975898399761,5.361279695997557,4.169254385929047,0.48034966507807175,0.004999876022338867,none,False,D2,1,156,20,12.956422328948975,12.956422328948975,0.6271166801452637
TabPFN-target,0.1,0.9,0.9518072289156626,0.051807228915662584,16.8182373046875,0.4176368835488238,17.186456473476916,4.045432211956049,3.2440316083057814,0.7041278153935433,0.27263307571411133,target,True,D2,1,156,20,12.956422328948975,0.0,0.4252281188964844
WeightedCP-v2,0.1,0.9,0.6867469879518072,0.2132530120481928,334.01267240058615,8.294330079901735,402.23664672810844,18.627012459070908,17.539274786220393,-5.272789184425951,0.001991748809814453,source,True,D2,1,156,20,12.956422328948975,12.956422328948975,0.053817033767700195
JKplus-source,0.1,0.9,0.14457831325301204,0.755421686746988,21.5176388983659,0.5343342163650996,174.31520776633167,18.8753754275826,17.65964201478293,-5.441180637818285,0.0,source,True,D2,1,156,20,12.956422328948975,12.956422328948975,0.0
CQR-target,0.1,0.9,1.0,0.09999999999999998,34.184108875629306,0.5899585598530546,34.184108875629306,8.159422833713542,6.779464423953487,0.5580154444333053,0.0015020370483398438,target,True,D4,2,156,20,5.52640175819397,0.0,0.009173870086669922
GPR-target,0.1,0.9,0.49693251533742333,0.4030674846625767,6.448321342468262,0.11128686684544317,49.725165940808374,6.2486432056968955,4.486536867611623,0.7407852743274631,0.00856328010559082,none,False,D4,2,156,20,5.52640175819397,0.0,0.672982931137085
GPR-transfer,0.1,0.9,0.4294478527607362,0.4705521472392638,7.726350869137817,0.1333434447058415,60.49016381191028,7.083266765327208,5.7719472718955425,0.6669147423030285,0.007999658584594727,none,False,D4,2,156,20,5.52640175819397,5.52640175819397,0.7094299793243408
TabPFN-target,0.1,0.9,0.9877300613496932,0.08773006134969319,26.3979549407959,0.455583017729055,26.732992696631513,5.054608883253462,3.899062716598323,0.8303853629260894,0.29067254066467285,target,True,D4,2,156,20,5.52640175819397,0.0,0.3817923069000244
WeightedCP-v2,0.1,0.9,0.06748466257668712,0.832515337423313,3.555139025089937,0.0613555470160209,202.97541306767238,13.755596409924657,11.69362915010108,-0.2561660887605466,0.0025064945220947266,source,True,D4,2,156,20,5.52640175819397,5.52640175819397,0.04203033447265625
JKplus-source,0.1,0.9,0.7239263803680982,0.17607361963190182,22.207722858033744,0.38326686363563,48.51099571516784,9.935518396515805,8.233028855145308,0.3446560740611526,0.0,source,True,D4,2,156,20,5.52640175819397,5.52640175819397,0.0
CQR-target,0.1,0.9,0.8346028291621328,0.06539717083786722,48.73254438119806,0.6384454916129125,76.948032436658,17.102567271967043,12.975622795884902,-0.04671250247351755,0.0009996891021728516,target,True,D1,0,157,20,2.2098727226257324,0.0,0.009002208709716797
GPR-target,0.1,0.9,0.20021762785636563,0.6997823721436344,6.6792402267456055,0.08750478482733602,163.99547687235804,14.487973206660973,10.88337123484814,0.24886142625879737,0.007999658584594727,none,False,D1,0,157,20,2.2098727226257324,0.0,0.6700949668884277
GPR-transfer,0.1,0.9,0.32317736670293795,0.5768226332970621,9.020341685858593,0.1181755755885869,106.2719207344354,10.749588327519353,8.669099500022815,0.5864876716325991,0.008999824523925781,none,False,D1,0,157,20,2.2098727226257324,2.2098727226257324,0.5908429622650146
TabPFN-target,0.1,0.9,0.9281828073993471,0.028182807399347087,65.92388916015625,0.8636694504325896,76.53009145444055,18.269312520994905,14.483717687148134,-0.19439838360627792,0.25213027000427246,target,True,D1,0,157,20,2.2098727226257324,0.0,0.43713927268981934
WeightedCP-v2,0.1,0.9,0.062023939064200215,0.8379760609357998,2.3634094913153985,0.030963048486909055,181.2351546607979,12.087982041798254,10.091766483236494,0.47710750421957193,0.0029997825622558594,source,True,D1,0,157,20,2.2098727226257324,2.2098727226257324,0.0467066764831543
JKplus-source,0.1,0.9,0.6822633297062024,0.21773667029379762,24.98547924665149,0.3273349828819356,61.558507590925096,12.046707278071269,10.040766830642685,0.48067227086321285,0.0,source,True,D1,0,157,20,2.2098727226257324,2.2098727226257324,0.0
CQR-target,0.1,0.9,0.7951807228915663,0.10481927710843375,26.665140850908845,0.6450203397304944,41.35078829276906,9.79067154842933,7.778653865692897,-0.6908709146364815,0.0009992122650146484,target,True,D2,1,157,20,5.367574453353882,0.0,0.008999824523925781
GPR-target,0.1,0.9,0.43373493975903615,0.46626506024096387,6.08108377456665,0.14709926882185914,57.824013824922496,6.900555123147348,4.95519570362137,0.1600497766148824,0.007999897003173828,none,False,D2,1,157,20,5.367574453353882,0.0,1.0462110042572021
GPR-transfer,0.1,0.9,0.5180722891566265,0.3819277108433735,6.207630289606302,0.15016038432764145,37.13994722370434,5.23314580797317,3.939061993225171,0.5169287827247926,0.006999969482421875,none,False,D2,1,157,20,5.367574453353882,5.367574453353882,0.5961449146270752
TabPFN-target,0.1,0.9,0.9759036144578314,0.07590361445783134,22.680700302124023,0.5486381300589657,24.116777176454843,4.889368798468396,3.711145864279873,0.5783121533728903,0.2865276336669922,target,True,D2,1,157,20,5.367574453353882,0.0,0.7620875835418701
WeightedCP-v2,0.1,0.9,0.5903614457831325,0.3096385542168675,93.09063494250199,2.2518295820025083,186.46558818982814,19.52062250149428,18.5470082229022,-5.721602363590803,0.0030019283294677734,source,True,D2,1,157,20,5.367574453353882,5.367574453353882,0.04873061180114746
JKplus-source,0.1,0.9,0.1686746987951807,0.7313253012048193,21.493661200447935,0.5199240734215939,169.55152834385999,18.66561324423472,17.267170650363045,-5.145681041829552,0.0,source,True,D2,1,157,20,5.367574453353882,5.367574453353882,0.0
CQR-target,0.1,0.9,1.0,0.09999999999999998,59.4955296262448,1.0409954156820826,59.4955296262448,8.775312224717581,6.125119864897493,0.48552796442167556,0.0,target,True,D4,2,157,20,7.419996738433838,0.0,0.009000062942504883
GPR-target,0.1,0.9,0.49693251533742333,0.4030674846625767,6.315005779266357,0.11049388260798414,57.0701693964992,6.773113232356034,4.872819604833779,0.6935121302272642,0.010999917984008789,none,False,D4,2,157,20,7.419996738433838,0.0,0.6990878582000732
GPR-transfer,0.1,0.9,0.5398773006134969,0.3601226993865031,7.459162396155984,0.13051323196896567,34.80949172573437,5.094084455399794,3.9850693117850446,0.8266320155827633,0.0070037841796875,none,False,D4,2,157,20,7.419996738433838,7.419996738433838,1.007338523864746
TabPFN-target,0.1,0.9,0.9877300613496932,0.08773006134969319,47.47015380859375,0.8305869837096274,47.538629290214494,9.467542861388559,6.238993190857513,0.40115948091075715,0.35456347465515137,target,True,D4,2,157,20,7.419996738433838,0.0,0.40585947036743164
WeightedCP-v2,0.1,0.9,0.06748466257668712,0.832515337423313,2.8135237878345833,0.0492283266229855,209.8985352705276,13.690915476150545,11.706151163525904,-0.25228043891179097,0.0019965171813964844,source,True,D4,2,157,20,7.419996738433838,7.419996738433838,0.03971982002258301
JKplus-source,0.1,0.9,0.7423312883435583,0.1576687116564417,22.192076311656198,0.3882955551455466,46.72752214166018,9.683267118487235,7.980068238702205,0.373558612444185,0.0,source,True,D4,2,157,20,7.419996738433838,7.419996738433838,0.0
CQR-target,0.1,0.9,0.9575625680087051,0.05756256800870507,995.267629508069,13.03900994861364,1375.9726518023936,226.50029702188877,99.08277474567664,-183.82618057375686,0.0,target,True,D1,0,158,20,3.175593137741089,0.0,0.009002447128295898
GPR-target,0.1,0.9,0.2295973884657236,0.6704026115342764,7.0056023597717285,0.09178045799625212,138.32939846279572,12.506105252596745,9.652074656896414,0.4365309113826076,0.01000070571899414,none,False,D1,0,158,20,3.175593137741089,0.0,0.6035943031311035
GPR-transfer,0.1,0.9,0.3133841131664853,0.5866158868335147,9.929871019523214,0.13009132737091972,111.88121001535832,11.470242011386205,9.316738987346623,0.5260079041040056,0.009002685546875,none,False,D1,0,158,20,3.175593137741089,3.175593137741089,0.5892868041992188
TabPFN-target,0.1,0.9,0.9510337323177367,0.05103373231773667,59.663272857666016,0.7816490613107497,63.08927162178712,13.650101382442216,10.541070319415436,0.3287293001253486,0.2834436893463135,target,True,D1,0,158,20,3.175593137741089,0.0,0.38679027557373047
WeightedCP-v2,0.1,0.9,0.1381936887921654,0.7618063112078346,5.996059846440371,0.07855443266939378,165.97869284200112,12.043637313937795,9.990317223764539,0.4774338499147258,0.0029883384704589844,source,True,D1,0,158,20,3.175593137741089,3.175593137741089,0.04552102088928223
JKplus-source,0.1,0.9,0.6844396082698585,0.21556039173014152,24.986798997374002,0.3273522729477333,61.26369780880759,12.016256140571928,10.010503404833923,0.479807254035304,0.0,source,True,D1,0,158,20,3.175593137741089,3.175593137741089,0.0
CQR-target,0.1,0.9,0.9518072289156626,0.051807228915662584,41.041878506898485,0.9927885461289452,45.33260660856643,10.232523953745385,8.291378524798978,-0.6570913356871524,0.0,target,True,D2,1,158,20,4.660904407501221,0.0,0.006999492645263672
GPR-target,0.1,0.9,0.5662650602409639,0.3337349397590361,6.148270606994629,0.14872449456960288,44.32094502506486,5.761504592584559,4.122835543529097,0.47464516759595843,0.008000612258911133,none,False,D2,1,158,20,4.660904407501221,0.0,0.5851585865020752
GPR-transfer,0.1,0.9,0.5783132530120482,0.32168674698795185,6.547712722456599,0.1583868582697806,25.928196160501468,4.179980038044786,3.2675493023435154,0.7234782338161733,0.008000373840332031,none,False,D2,1,158,20,4.660904407501221,4.660904407501221,0.5492653846740723
TabPFN-target,0.1,0.9,0.963855421686747,0.06385542168674696,27.890897750854492,0.6746709662338601,28.853328953019105,6.465529796203149,5.3625891775108245,0.33840968103988744,0.25896286964416504,target,True,D2,1,158,20,4.660904407501221,0.0,0.38645410537719727
WeightedCP-v2,0.1,0.9,0.6385542168674698,0.2614457831325302,110.08457378868775,2.6629069608625704,198.54922784659703,18.922977043710127,17.90042288522835,-4.667086370000664,0.0020003318786621094,source,True,D2,1,158,20,4.660904407501221,4.660904407501221,0.048174142837524414
JKplus-source,0.1,0.9,0.1686746987951807,0.7313253012048193,21.49390328729215,0.5199299294168565,167.5363595658584,18.511873397490294,17.118382116150066,-4.423525039564176,0.0,source,True,D2,1,158,20,4.660904407501221,4.660904407501221,0.0
CQR-target,0.1,0.9,0.9877300613496932,0.08773006134969319,35.96757406319017,0.6207380825087288,36.180836032155604,6.729806006369501,5.009188178702725,0.7035726778664426,0.0010001659393310547,target,True,D4,2,158,20,4.6876912117004395,0.0,0.00899958610534668
GPR-target,0.1,0.9,0.4785276073619632,0.4214723926380368,6.3190836906433105,0.1090564486348402,42.05725338018675,5.5101685071887925,4.093119704253171,0.8012793951306844,0.004999876022338867,none,False,D4,2,158,20,4.6876912117004395,0.0,0.6023974418640137
GPR-transfer,0.1,0.9,0.44171779141104295,0.4582822085889571,7.584218077864383,0.13089047870480733,49.575700976150294,6.198995737013293,5.083439085441696,0.7484896768298647,0.006003141403198242,none,False,D4,2,158,20,4.6876912117004395,4.6876912117004395,0.5804042816162109
TabPFN-target,0.1,0.9,0.852760736196319,0.04723926380368104,9.664721488952637,0.1667963670414211,15.11903743678587,3.351413885027593,2.603208653432475,0.9264861328524711,0.25982666015625,target,True,D4,2,158,20,4.6876912117004395,0.0,0.4498629570007324
WeightedCP-v2,0.1,0.9,0.05521472392638037,0.8447852760736196,3.149203680140524,0.05434980547771966,214.6654106504248,13.856853471256699,12.098005503406476,-0.25673117640311305,0.0030040740966796875,source,True,D4,2,158,20,4.6876912117004395,4.6876912117004395,0.0409998893737793
JKplus-source,0.1,0.9,0.7300613496932515,0.16993865030674848,22.21133586325468,0.3833292178530425,49.757462310008734,10.047908373572067,8.32015769684399,0.3392084631704575,0.0,source,True,D4,2,158,20,4.6876912117004395,4.6876912117004395,0.0
CQR-target,0.1,0.9,0.8618063112078346,0.03819368879216545,65.61138989214463,0.8595753947798884,109.09235691054232,23.80216650022651,17.78149649637473,-1.0590635782427826,0.0010004043579101562,target,True,D1,0,159,20,2.1722428798675537,0.0,0.007999897003173828
GPR-target,0.1,0.9,0.25680087051142547,0.6431991294885746,7.178207874298096,0.09404176435684107,198.29279638182481,17.83011514788957,12.686793137966484,-0.15543381837244707,0.007999658584594727,none,False,D1,0,159,20,2.1722428798675537,0.0,0.6620230674743652
GPR-transfer,0.1,0.9,0.3253536452665941,0.574646354733406,8.74330982316176,0.11454617872417527,98.69361310893856,10.197436616900479,8.14210424374887,0.6220635249291709,0.00899958610534668,none,False,D1,0,159,20,2.1722428798675537,2.1722428798675537,0.5624802112579346
TabPFN-target,0.1,0.9,0.9749727965179543,0.0749727965179543,51.07866668701172,0.6691820605308516,52.330297875637854,12.244964614007179,9.929341530701281,0.45505603438640085,0.33075475692749023,target,True,D1,0,159,20,2.1722428798675537,0.0,0.36350345611572266
WeightedCP-v2,0.1,0.9,0.1501632208922742,0.7498367791077258,6.326048986414786,0.08287762328816993,161.80851149008365,12.0131712665464,9.957176684139304,0.4754920003556383,0.0019996166229248047,source,True,D1,0,159,20,2.1722428798675537,2.1722428798675537,0.04978370666503906
JKplus-source,0.1,0.9,0.6855277475516867,0.21447225244831336,24.985272645025706,0.32733227619222305,61.395462667780606,12.021902345902157,10.018679674160941,0.47472930663454305,0.0,source,True,D1,0,159,20,2.1722428798675537,2.1722428798675537,0.0
CQR-target,0.1,0.9,0.891566265060241,0.008433734939759074,15.058160393160062,0.36425158174933586,27.577428364798493,6.171686215263693,4.1062231573531855,0.36319953815227524,0.0010006427764892578,target,True,D2,1,159,20,6.046113014221191,0.0,0.009002685546875
GPR-target,0.1,0.9,0.3373493975903614,0.5626506024096386,6.183223247528076,0.14956998659971882,80.22063614948685,8.360660077808497,6.285919988241539,-0.16862945452482236,0.008001327514648438,none,False,D2,1,159,20,6.046113014221191,0.0,0.7363333702087402
GPR-transfer,0.1,0.9,0.37349397590361444,0.5265060240963856,6.455104925546301,0.15614670836925093,62.969457023724665,6.95258880615163,5.543364083630788,0.19185594050294252,0.006999969482421875,none,False,D2,1,159,20,6.046113014221191,6.046113014221191,0.5922553539276123
TabPFN-target,0.1,0.9,0.6987951807228916,0.20120481927710843,8.432631492614746,0.2039823776142942,23.053832010475983,4.155940786664962,3.2348402827619074,0.7112417524472395,0.27587008476257324,target,True,D2,1,159,20,6.046113014221191,0.0,0.43706226348876953
WeightedCP-v2,0.1,0.9,0.6626506024096386,0.23734939759036144,114.06984245975354,2.759309202519604,172.0271811664566,18.88858321770836,17.60853468413013,-4.964780449746822,0.0019996166229248047,source,True,D2,1,159,20,6.046113014221191,6.046113014221191,0.048048973083496094
JKplus-source,0.1,0.9,0.1927710843373494,0.7072289156626506,21.487888641104238,0.5197844372497917,168.67084161200455,18.602265820366643,17.0675653298564,-4.785320017869257,0.0,source,True,D2,1,159,20,6.046113014221191,6.046113014221191,0.0
CQR-target,0.1,0.9,0.9325153374233128,0.03251533742331281,35.33497159038916,0.609820458615972,42.199670013363395,9.303565939631392,7.102218193008038,0.4251683508996963,0.0,target,True,D4,2,159,20,6.05534553527832,0.0,0.00850534439086914
GPR-target,0.1,0.9,0.4171779141104294,0.4828220858895706,6.317207336425781,0.10902406600828189,59.77084079984306,7.12844576692791,5.146846210760673,0.6625328598668336,0.004998922348022461,none,False,D4,2,159,20,6.05534553527832,0.0,0.7563815116882324
GPR-transfer,0.1,0.9,0.43558282208588955,0.46441717791411047,7.614149000015727,0.13140703462240416,46.75511941955888,6.126008241201474,4.918297469101612,0.7507719354711373,0.0050890445709228516,none,False,D4,2,159,20,6.05534553527832,6.05534553527832,0.6075892448425293
TabPFN-target,0.1,0.9,0.7730061349693251,0.1269938650306749,16.77965545654297,0.289587814150393,25.988980925656342,6.538759700492784,5.57090617373892,0.716056098089956,0.27259135246276855,target,True,D4,2,159,20,6.05534553527832,0.0,0.5571568012237549
WeightedCP-v2,0.1,0.9,0.05521472392638037,0.8447852760736196,3.1915129321012476,0.05507998994577241,225.5651545428186,14.716270816064961,12.674243062653199,-0.4382597740175318,0.0019958019256591797,source,True,D4,2,159,20,6.05534553527832,6.05534553527832,0.038046836853027344
JKplus-source,0.1,0.9,0.7239263803680982,0.17607361963190182,22.212264831802536,0.3833452502424968,47.79336541591098,9.827406049949523,8.146599562189369,0.35861382770856043,0.0,source,True,D4,2,159,20,6.05534553527832,6.05534553527832,0.0
CQR-target,0.1,0.9,0.9880304678998912,0.08803046789989122,114.90950739264161,1.505430464792183,116.13664621712375,22.512695119541053,17.227215737509848,-0.8326901836470584,0.0009999275207519531,target,True,D1,0,160,20,2.6454546451568604,0.0,0.00899958610534668
GPR-target,0.1,0.9,0.24591947769314473,0.6540805223068553,7.3238019943237305,0.09594919420102502,194.51994223817778,17.747312349788995,12.561510299001867,-0.13893584019041372,0.007999658584594727,none,False,D1,0,160,20,2.6454546451568604,0.0,0.6160411834716797
GPR-transfer,0.1,0.9,0.31229597388465724,0.5877040261153428,9.229134165293763,0.1209109676940214,106.62633655706725,10.932272929505947,8.764094355247357,0.5678296131216638,0.009000062942504883,none,False,D1,0,160,20,2.6454546451568604,2.6454546451568604,0.6194648742675781
TabPFN-target,0.1,0.9,0.9836779107725789,0.08367791077257891,80.03339385986328,1.0485181953278935,81.0118784708349,15.885150564864865,12.269428173683673,0.08753388635058201,0.28658580780029297,target,True,D1,0,160,20,2.6454546451568604,0.0,0.39231014251708984
WeightedCP-v2,0.1,0.9,0.11425462459194777,0.7857453754080522,5.386332599317609,0.07056639065389685,168.35502098545476,11.932898160683857,9.885666935230647,0.48509638335117367,0.002994060516357422,source,True,D1,0,160,20,2.6454546451568604,2.6454546451568604,0.04852890968322754
JKplus-source,0.1,0.9,0.6866158868335147,0.2133841131664853,24.981585934230104,0.32728397656173547,60.85545081495005,11.965654666076128,9.97123466219233,0.48226562211351953,0.0,source,True,D1,0,160,20,2.6454546451568604,2.6454546451568604,0.0
CQR-target,0.1,0.9,0.8795180722891566,0.02048192771084345,68.34318645452454,1.9273318227651222,88.33994555366296,20.806304672438536,15.45853188742379,-6.612665503485916,0.0,target,True,D2,1,160,20,4.679914951324463,0.0,0.008072137832641602
GPR-target,0.1,0.9,0.5783132530120482,0.32168674698795185,6.272116184234619,0.17687862894714704,39.5620821550668,5.450216117642963,3.818526195847845,0.4776347385604539,0.008000373840332031,none,False,D2,1,160,20,4.679914951324463,0.0,0.5506792068481445
GPR-transfer,0.1,0.9,0.6385542168674698,0.2614457831325302,6.608087114540927,0.1863532744691877,26.565505967364658,4.239299217989199,3.1260907619541767,0.6839651455642273,0.008002519607543945,none,False,D2,1,160,20,4.679914951324463,4.679914951324463,0.5503599643707275
TabPFN-target,0.1,0.9,1.0,0.09999999999999998,27.99162483215332,0.7893859228499567,27.991623154605726,3.8266617524034414,3.0814750533506094,0.7424942142583052,0.2646524906158447,target,True,D2,1,160,20,4.679914951324463,0.0,0.36759495735168457
WeightedCP-v2,0.1,0.9,0.5542168674698795,0.3457831325301205,275.4775930127299,7.768685643966247,379.85939991345623,19.101580501067893,18.058799570669922,-5.416311593819849,0.0019915103912353516,source,True,D2,1,160,20,4.679914951324463,4.679914951324463,0.05000114440917969
JKplus-source,0.1,0.9,0.1927710843373494,0.7072289156626506,21.515275062801624,0.606747745536778,161.0088737184867,18.098858344375547,16.668510111760142,-4.760354376576521,0.0,source,True,D2,1,160,20,4.679914951324463,4.679914951324463,0.0
CQR-target,0.1,0.9,0.9693251533742331,0.06932515337423306,28.00076496188603,0.48324474485497443,30.13901410619994,5.3644811189670065,3.968231897828602,0.8116537222101503,0.0,target,True,D4,2,160,20,4.56633186340332,0.0,0.00902247428894043
GPR-target,0.1,0.9,0.3987730061349693,0.5012269938650307,6.398298740386963,0.11042356330310556,58.48187671511838,7.000778146380142,5.152103175516801,0.6792296411543619,0.008998870849609375,none,False,D4,2,160,20,4.56633186340332,0.0,0.5613248348236084
GPR-transfer,0.1,0.9,0.44171779141104295,0.4582822085889571,6.907318437026322,0.11920836235282678,56.83584470944367,6.719726489434137,5.137314804796764,0.7044678095996435,0.0069997310638427734,none,False,D4,2,160,20,4.56633186340332,4.56633186340332,0.5734298229217529
TabPFN-target,0.1,0.9,0.7730061349693251,0.1269938650306749,12.775222778320312,0.22047823623312285,29.93245043766898,5.925439488149356,4.652422380236648,0.770203857304262,0.31391215324401855,target,True,D4,2,160,20,4.56633186340332,0.0,0.3535614013671875
WeightedCP-v2,0.1,0.9,0.05521472392638037,0.8447852760736196,3.355376956027302,0.05790799941411522,209.49626943563518,13.801145551695672,11.943444245094517,-0.24661363272354175,0.0019969940185546875,source,True,D4,2,160,20,4.56633186340332,4.56633186340332,0.03900027275085449
JKplus-source,0.1,0.9,0.7116564417177914,0.1883435582822086,22.176756190277818,0.3827324325413692,49.32657662248816,10.019203829103457,8.305554969815452,0.3429959850692583,0.0,source,True,D4,2,160,20,4.56633186340332,4.56633186340332,0.0
CQR-target,0.1,0.9,0.8922742110990207,0.007725788900979302,50.55047160634031,0.6622621721435569,64.67925389188994,15.145506385688703,11.644436749676322,0.17188879633108023,0.0010001659393310547,target,True,D1,0,161,20,2.1556427478790283,0.0,0.008998870849609375
GPR-target,0.1,0.9,0.24156692056583243,0.6584330794341676,6.9982075691223145,0.09168357877905776,185.03824596415404,16.515133166087843,12.006857677849903,0.015342431916839372,0.007999181747436523,none,False,D1,0,161,20,2.1556427478790283,0.0,0.5164501667022705
GPR-transfer,0.1,0.9,0.36561479869423286,0.5343852013057672,8.69898622002254,0.11396549481046622,91.62225765205912,9.867407849143351,7.664286401600006,0.6484984681840325,0.009002923965454102,none,False,D1,0,161,20,2.1556427478790283,2.1556427478790283,0.5522339344024658
TabPFN-target,0.1,0.9,0.8030467899891186,0.09695321001088142,33.6370849609375,0.4406797452709381,57.38567593380468,12.908005225090127,10.253528749052926,0.3984948797918503,0.29199886322021484,target,True,D1,0,161,20,2.1556427478790283,0.0,0.4210541248321533
WeightedCP-v2,0.1,0.9,0.16974972796517954,0.7302502720348205,7.693759871201111,0.10079601559273094,153.47950739192726,11.76892820663253,9.7599963367072,0.49997134781838615,0.002986907958984375,source,True,D1,0,161,20,2.1556427478790283,2.1556427478790283,0.04542851448059082
JKplus-source,0.1,0.9,0.6844396082698585,0.21556039173014152,24.98430815747698,0.32731964043238293,61.27453624879651,12.003236132299493,9.996363341534668,0.4798629825019186,0.0,source,True,D1,0,161,20,2.1556427478790283,2.1556427478790283,0.0
CQR-target,0.1,0.9,0.9156626506024096,0.015662650602409567,56.41771861091603,1.400986307348055,68.90176214757429,16.11120648943061,12.530737025076759,-3.288240376881725,0.0,target,True,D2,1,161,20,5.724997520446777,0.0,0.008505105972290039
GPR-target,0.1,0.9,0.3373493975903614,0.5626506024096386,6.073930263519287,0.15083015301740715,74.93313910243022,7.834997382305835,5.950309022650662,-0.01414652170042463,0.007999658584594727,none,False,D2,1,161,20,5.724997520446777,0.0,0.5727314949035645
GPR-transfer,0.1,0.9,0.5180722891566265,0.3819277108433735,6.4237124029412325,0.15951607651716096,44.84643691637152,5.737947733176427,4.339879779947147,0.45607857000377316,0.008999824523925781,none,False,D2,1,161,20,5.724997520446777,5.724997520446777,0.6292145252227783
TabPFN-target,0.1,0.9,0.891566265060241,0.008433734939759074,10.490134239196777,0.260495014566472,16.468415556758284,3.5881358292093966,2.7106378467973453,0.7873033038811893,0.39221620559692383,target,True,D2,1,161,20,5.724997520446777,0.0,0.39150404930114746
WeightedCP-v2,0.1,0.9,0.6506024096385542,0.24939759036144582,117.69742766861427,2.9227074159271718,204.668090039005,19.57460269807696,18.4473913295614,-5.3300757353232635,0.002989530563354492,source,True,D2,1,161,20,5.724997520446777,5.724997520446777,0.04651474952697754
JKplus-source,0.1,0.9,0.14457831325301204,0.755421686746988,21.55924522881648,0.5353674006323021,175.18486894738533,18.997671600695316,17.682910251239946,-4.962436216339634,0.0,source,True,D2,1,161,20,5.724997520446777,5.724997520446777,0.0
CQR-target,0.1,0.9,0.7791411042944786,0.12085889570552144,13.619984351200635,0.23505735902871455,26.352105733589866,5.130450244266791,3.7531847134635745,0.835145547749073,0.0,target,True,D4,2,161,20,5.3618083000183105,0.0,0.009009838104248047
GPR-target,0.1,0.9,0.294478527607362,0.6055214723926381,6.6861796379089355,0.11539188938494616,137.04535922257304,13.157962907238714,9.349811064568097,-0.0843438883010299,0.007999897003173828,none,False,D4,2,161,20,5.3618083000183105,0.0,0.6554841995239258
GPR-transfer,0.1,0.9,0.49079754601226994,0.4092024539877301,7.0091941049493895,0.12096656007418992,37.150092622999956,5.233943080847241,4.118139086857957,0.828427487461599,0.009999752044677734,none,False,D4,2,161,20,5.3618083000183105,5.3618083000183105,0.5722270011901855
TabPFN-target,0.1,0.9,0.9141104294478528,0.01411042944785279,33.63394546508789,0.580463691505082,37.954389174367776,8.844071286237737,6.46301887530466,0.5101149463029895,0.33443307876586914,target,True,D4,2,161,20,5.3618083000183105,0.0,0.36637425422668457
WeightedCP-v2,0.1,0.9,0.049079754601226995,0.850920245398773,3.7714110176474565,0.06508802732521943,215.2235022872133,14.295839519533725,12.405210654402385,-0.27999728656763745,0.0019965171813964844,source,True,D4,2,161,20,5.3618083000183105,5.3618083000183105,0.04177045822143555
JKplus-source,0.1,0.9,0.7423312883435583,0.1576687116564417,22.217725823690483,0.3834394975116389,46.81795873934077,9.694367797228857,7.989864495158646,0.411388550689071,0.0,source,True,D4,2,161,20,5.3618083000183105,5.3618083000183105,0.0
CQR-target,0.1,0.9,0.9760609357997824,0.07606093579978235,169.86831276773904,2.2254462563275856,173.80960244565253,36.609152341017754,28.88660245960671,-3.88083154244089,0.0,target,True,D1,0,162,20,2.2974917888641357,0.0,0.00599980354309082
GPR-target,0.1,0.9,0.2611534276387378,0.6388465723612622,6.795080661773682,0.08902241138324982,141.03370060614586,12.502668903510601,9.636437232502137,0.4307278564228312,0.00699925422668457,none,False,D1,0,162,20,2.2974917888641357,0.0,0.6860756874084473
GPR-transfer,0.1,0.9,0.3144722524483134,0.5855277475516867,9.168581672020913,0.12011766894824757,104.56573244017093,10.715026523331696,8.651457190836874,0.581879969884056,0.009159088134765625,none,False,D1,0,162,20,2.2974917888641357,2.2974917888641357,0.7043709754943848
TabPFN-target,0.1,0.9,0.9314472252448314,0.031447225244831345,40.37835693359375,0.5289972085458375,45.511171837807744,11.727615613300076,9.669730905319064,0.49911973770097917,0.32038116455078125,target,True,D1,0,162,20,2.2974917888641357,0.0,0.36934638023376465
WeightedCP-v2,0.1,0.9,0.1294885745375408,0.7705114254624592,4.086750989645608,0.05354056058050835,159.52500353907595,11.71842298378649,9.677979912669732,0.4999046546463881,0.0019989013671875,source,True,D1,0,162,20,2.2974917888641357,2.2974917888641357,0.04600095748901367
JKplus-source,0.1,0.9,0.6844396082698585,0.21556039173014152,24.983440865057435,0.32730827802678314,61.02435945108564,11.99697735315784,10.011887312380921,0.47584691017874103,0.0,source,True,D1,0,162,20,2.2974917888641357,2.2974917888641357,0.0
CQR-target,0.1,0.9,0.8674698795180723,0.032530120481927716,44.13907075321169,1.0960782404333478,63.06705385977273,14.779417398697682,11.559656268035235,-2.346000467077387,0.0,target,True,D2,1,162,20,5.3792102336883545,0.0,0.009040355682373047
GPR-target,0.1,0.9,0.3493975903614458,0.5506024096385542,6.286137104034424,0.15609975422084496,91.21561809447873,9.199417155203957,6.794472145172486,-0.2963790186269213,0.0069997310638427734,none,False,D2,1,162,20,5.3792102336883545,0.0,0.5534501075744629
GPR-transfer,0.1,0.9,0.5301204819277109,0.36987951807228914,6.503908312464335,0.1615075319306993,38.229030967016804,5.206466775326719,3.964033576097845,0.5847615409787226,0.008646965026855469,none,False,D2,1,162,20,5.3792102336883545,5.3792102336883545,0.7364039421081543
TabPFN-target,0.1,0.9,0.7590361445783133,0.14096385542168677,10.584907531738281,0.2628484611152172,25.028440808675374,4.9042072087263895,3.8126227027249624,0.6315750860331977,0.32169008255004883,target,True,D2,1,162,20,5.3792102336883545,0.0,0.4248945713043213
WeightedCP-v2,0.1,0.9,0.6626506024096386,0.23734939759036144,102.64217654992333,2.548849677785817,196.6879029920085,20.381176488692255,19.444406173131963,-5.363116395216099,0.0020020008087158203,source,True,D2,1,162,20,5.3792102336883545,5.3792102336883545,0.04699277877807617
JKplus-source,0.1,0.9,0.10843373493975904,0.791566265060241,21.517472131037575,0.5343300751351944,180.02893735506,19.2547426610863,18.11103299497432,-4.679195321232075,0.0,source,True,D2,1,162,20,5.3792102336883545,5.3792102336883545,0.0
CQR-target,0.1,0.9,0.9202453987730062,0.02024539877300613,48.284812088499045,0.8333122944975948,61.8558996372786,12.912998291464053,9.528664991511697,-0.06940077468879657,0.0,target,True,D4,2,162,20,5.592860221862793,0.0,0.00950765609741211
GPR-target,0.1,0.9,0.4294478527607362,0.4705521472392638,6.155987739562988,0.10624169477458062,70.51138026423241,7.979349577197792,5.624375106245685,0.5916605952937608,0.0071032047271728516,none,False,D4,2,162,20,5.592860221862793,0.0,0.6531963348388672
GPR-transfer,0.1,0.9,0.4110429447852761,0.48895705521472393,7.605148578714008,0.13125170292695024,51.989431978177016,6.401712551016563,5.236207148680868,0.7371677538950526,0.007999658584594727,none,False,D4,2,162,20,5.592860221862793,5.592860221862793,0.5886662006378174
TabPFN-target,0.1,0.9,0.8834355828220859,0.016564417177914126,20.191011428833008,0.348461914507391,29.497775757162987,6.718649966076141,5.170896205326796,0.7104988200814522,0.28829455375671387,target,True,D4,2,162,20,5.592860221862793,0.0,0.40712809562683105
WeightedCP-v2,0.1,0.9,0.0736196319018405,0.8263803680981595,2.9616173239876042,0.051112389609232395,226.18985001086594,14.626132375669993,12.596433152213912,-0.37197218513627694,0.0030002593994140625,source,True,D4,2,162,20,5.592860221862793,5.592860221862793,0.04143166542053223
JKplus-source,0.1,0.9,0.7239263803680982,0.17607361963190182,22.20838956453681,0.3832783698360644,49.813435157101914,10.020018797039103,8.278928091789895,0.3560926540299659,0.0,source,True,D4,2,162,20,5.592860221862793,5.592860221862793,0.0
CQR-target,0.1,0.9,0.9815016322089227,0.0815016322089227,99.87583236186791,1.3084741562790931,103.93934734973236,18.32455068841439,13.958411810783446,-0.20061034388586862,0.0,target,True,D1,0,163,20,2.665415048599243,0.0,0.009003639221191406
GPR-target,0.1,0.9,0.20130576713819368,0.6986942328618063,6.733427047729492,0.08821468684458726,162.99866311319244,14.18558912754041,10.857102842279048,0.2805010494221899,0.007999658584594727,none,False,D1,0,163,20,2.665415048599243,0.0,0.5717558860778809
GPR-transfer,0.1,0.9,0.31556039173014144,0.5844396082698586,9.6028310035855,0.12580677325202977,112.67041007242445,11.344345756791514,9.194232185737052,0.5398554097537805,0.009003400802612305,none,False,D1,0,163,20,2.665415048599243,2.665415048599243,0.6406633853912354
TabPFN-target,0.1,0.9,0.6833514689880305,0.21664853101196957,29.402585983276367,0.385203537002808,73.08115859088753,14.104716575257996,11.371666410112017,0.2886814430381275,0.3065774440765381,target,True,D1,0,163,20,2.665415048599243,0.0,0.37960338592529297
WeightedCP-v2,0.1,0.9,0.07181719260065289,0.8281828073993471,2.4662126518681435,0.032309873595506945,175.41051000847514,11.87801869298523,9.8309388480865,0.49554385103965426,0.003999471664428711,source,True,D1,0,163,20,2.665415048599243,2.665415048599243,0.04507923126220703
JKplus-source,0.1,0.9,0.6811751904243744,0.21882480957562567,24.985386495023263,0.3273337677420402,61.82048784385668,12.063645677073868,10.056576669414115,0.4796535963452716,0.0,source,True,D1,0,163,20,2.665415048599243,2.665415048599243,0.0
CQR-target,0.1,0.9,0.9036144578313253,0.0036144578313253017,30.826492391713607,0.7704696921771783,36.97488881579095,7.8443132645022455,5.748747660042644,-0.017020868027470604,0.0009999275207519531,target,True,D2,1,163,20,4.595585584640503,0.0,0.008999824523925781
GPR-target,0.1,0.9,0.43373493975903615,0.46626506024096387,6.130308628082275,0.15321941081104926,64.61237209274107,7.176165437641203,5.343816883133118,0.1488523767305726,0.0069997310638427734,none,False,D2,1,163,20,4.595585584640503,0.0,0.5556735992431641
GPR-transfer,0.1,0.9,0.5421686746987951,0.3578313253012049,6.659752075930676,0.16645218880945148,43.03419641407732,5.549840541959381,4.295188490721074,0.4909258831417972,0.008000373840332031,none,False,D2,1,163,20,4.595585584640503,4.595585584640503,0.6215660572052002
TabPFN-target,0.1,0.9,0.9518072289156626,0.051807228915662584,15.453300476074219,0.38623595281709217,17.854800814892872,3.957300886333803,3.091698777532003,0.7411678910972168,0.2629213333129883,target,True,D2,1,163,20,4.595585584640503,0.0,0.37001991271972656
WeightedCP-v2,0.1,0.9,0.5662650602409639,0.3337349397590361,100.83781537120731,2.5203153048238978,209.54871144775342,20.057847838253316,19.059857781783272,-5.649495109625305,0.002999544143676758,source,True,D2,1,163,20,4.595585584640503,4.595585584640503,0.04599905014038086
JKplus-source,0.1,0.9,0.1566265060240964,0.7433734939759036,21.52996962212066,0.5381147117405526,172.07412670771978,18.842018457129946,17.50585588850757,-4.867793963118694,0.0,source,True,D2,1,163,20,4.595585584640503,4.595585584640503,0.0
CQR-target,0.1,0.9,0.9693251533742331,0.06932515337423306,40.03493454004851,0.6909336853270106,42.51922103436937,6.402394690644616,4.850456335785768,0.756630475435586,0.0,target,True,D4,2,163,20,4.586310386657715,0.0,0.009502887725830078
GPR-target,0.1,0.9,0.27607361963190186,0.6239263803680981,6.392592906951904,0.11032509049258546,144.30135224668643,13.723225068755884,9.64827919691401,-0.11813354881353066,0.008000373840332031,none,False,D4,2,163,20,4.586310386657715,0.0,0.664130449295044
GPR-transfer,0.1,0.9,0.4601226993865031,0.43987730061349695,6.642266112602561,0.11463401793531802,56.829408981996366,6.9433020269306684,4.971679639283522,0.7137711403429063,0.007999897003173828,none,False,D4,2,163,20,4.586310386657715,4.586310386657715,0.6177945137023926
TabPFN-target,0.1,0.9,0.7239263803680982,0.17607361963190182,20.02137565612793,0.34553429464376495,52.246962033834336,9.10715011373434,6.396009598284284,0.5075679667759936,0.2819101810455322,target,True,D4,2,163,20,4.586310386657715,0.0,0.38218069076538086
WeightedCP-v2,0.1,0.9,0.0736196319018405,0.8263803680981595,3.7242331082818567,0.06427381825610282,184.29834550944133,12.579084170411251,10.813911455461964,0.06053770944392145,0.0039997100830078125,source,True,D4,2,163,20,4.586310386657715,4.586310386657715,0.03666043281555176
JKplus-source,0.1,0.9,0.7484662576687117,0.15153374233128836,22.19374431430159,0.3830256181622123,46.47312642814825,9.752257712194945,8.10281634395483,0.43533399160639563,0.0,source,True,D4,2,163,20,4.586310386657715,4.586310386657715,0.0
CQR-target,0.1,0.9,0.6626768226332971,0.23732317736670294,60.814963166268285,0.7967373661509356,152.58907523352792,29.046608049118305,23.35148627404681,-2.0880724949220877,0.0,target,True,D1,0,164,20,2.608283042907715,0.0,0.008504390716552734
GPR-target,0.1,0.9,0.21436343852013057,0.6856365614798694,6.984681129455566,0.09150636877427622,132.21402723459735,11.251295647397162,9.37367544172119,0.5366579544554262,0.007999658584594727,none,False,D1,0,164,20,2.608283042907715,0.0,0.8750884532928467
GPR-transfer,0.1,0.9,0.3264417845484222,0.5735582154515778,9.665528632092398,0.1266281754333305,108.82092392473062,11.239280701738297,9.023133322991582,0.5376470062473409,0.008999824523925781,none,False,D1,0,164,20,2.608283042907715,2.608283042907715,0.6195387840270996
TabPFN-target,0.1,0.9,0.9956474428726877,0.09564744287268767,73.50059509277344,0.9629319413486719,73.70796925541626,15.710088287220076,12.884338756391092,0.0966544912964098,0.2881581783294678,target,True,D1,0,164,20,2.608283042907715,0.0,0.5408565998077393
WeightedCP-v2,0.1,0.9,0.08378672470076169,0.8162132752992384,3.386878813102532,0.04437152905356762,174.33686865696868,11.93585093292958,9.900104225322544,0.47856111942011004,0.0029888153076171875,source,True,D1,0,164,20,2.608283042907715,2.608283042907715,0.04753422737121582
JKplus-source,0.1,0.9,0.6855277475516867,0.21447225244831336,24.9891814457343,0.3273834854246098,60.618918511493966,11.957343018471057,9.970359316164279,0.4766815887920107,0.0,source,True,D1,0,164,20,2.608283042907715,2.608283042907715,0.0
CQR-target,0.1,0.9,0.963855421686747,0.06385542168674696,28.635357149332087,0.8075396824945487,30.50720199090779,6.718667863962945,5.245175068745626,0.202174780065693,0.0,target,True,D2,1,164,20,6.164991140365601,0.0,0.008002758026123047
GPR-target,0.1,0.9,0.5662650602409639,0.3337349397590361,6.219295501708984,0.17538904399196545,30.5626633218972,4.251563424148559,3.294579959547663,0.6805236306599203,0.009001970291137695,none,False,D2,1,164,20,6.164991140365601,0.0,0.8793792724609375
GPR-transfer,0.1,0.9,0.6506024096385542,0.24939759036144582,6.769517950264804,0.1909057515046742,19.843192687372035,3.5276481159458113,2.864287626132544,0.780056095191499,0.011001110076904297,none,False,D2,1,164,20,6.164991140365601,6.164991140365601,0.5255589485168457
TabPFN-target,0.1,0.9,0.963855421686747,0.06385542168674696,22.985488891601562,0.6482089364105887,23.14165429724268,4.964409185913697,4.040261861962008,0.5644113479676565,0.26476502418518066,target,True,D2,1,164,20,6.164991140365601,0.0,0.5117623805999756
WeightedCP-v2,0.1,0.9,0.5421686746987951,0.3578313253012049,99.27900994807767,2.7997464726474965,213.64166994774317,18.933469324488584,17.944146445513265,-5.335805208679662,0.0019919872283935547,source,True,D2,1,164,20,6.164991140365601,6.164991140365601,0.05002641677856445
JKplus-source,0.1,0.9,0.20481927710843373,0.6951807228915663,21.523663419738273,0.6069843038259569,156.54501870609909,17.822521994640688,16.34743827893695,-4.6140947055922945,0.0,source,True,D2,1,164,20,6.164991140365601,6.164991140365601,0.0
CQR-target,0.1,0.9,0.9754601226993865,0.07546012269938651,46.376000658033746,0.800369512614777,47.47790880997523,8.669873391082314,6.5944838725238,0.5070554950648825,0.0009999275207519531,target,True,D4,2,164,20,6.749237060546875,0.0,0.008023738861083984
GPR-target,0.1,0.9,0.4723926380368098,0.4276073619631902,6.495543956756592,0.11210184744415935,46.90854831770878,5.931640490658149,4.3831544429627165,0.7692603863261565,0.006999969482421875,none,False,D4,2,164,20,6.749237060546875,0.0,0.834620475769043
GPR-transfer,0.1,0.9,0.5153374233128835,0.38466257668711656,7.535883610965284,0.13005630945421184,41.319982190358644,5.607258737258802,4.392993535086904,0.7938070977228807,0.008999824523925781,none,False,D4,2,164,20,6.749237060546875,6.749237060546875,0.53639817237854
TabPFN-target,0.1,0.9,1.0,0.09999999999999998,51.30359649658203,0.8854112890444201,51.30359649658203,8.089197921481793,6.574875665167874,0.5708753698442752,0.2965543270111084,target,True,D4,2,164,20,6.749237060546875,0.0,0.38298487663269043
WeightedCP-v2,0.1,0.9,0.024539877300613498,0.8754601226993866,3.4299746976567613,0.05919542733508647,212.50805076322763,13.941177624983272,12.157300488237073,-0.2745927391048899,0.0010006427764892578,source,True,D4,2,164,20,6.749237060546875,6.749237060546875,0.03800034523010254
JKplus-source,0.1,0.9,0.7239263803680982,0.17607361963190182,22.200273803290354,0.3831383058421633,50.36198431645381,10.110489803046601,8.362683166204558,0.32962638923588106,0.0,source,True,D4,2,164,20,6.749237060546875,6.749237060546875,0.0
CQR-target,0.1,0.9,0.8563656147986942,0.0436343852013058,110.92838629040148,1.4532737622935772,280.68974826452967,56.1221402095268,32.35142615512019,-10.455970494422623,0.0009992122650146484,target,True,D1,0,165,20,2.5437090396881104,0.0,0.009000062942504883
GPR-target,0.1,0.9,0.2731229597388466,0.6268770402611534,7.19760799407959,0.09429592549635309,182.33652651125766,16.444271177319045,11.85144280370353,0.016458481753105936,0.009056568145751953,none,False,D1,0,165,20,2.5437090396881104,0.0,0.7103226184844971
GPR-transfer,0.1,0.9,0.2883569096844396,0.6116430903155604,9.747245117162594,0.1276987438213757,119.47126138808002,11.835969078832404,9.664576150876897,0.4904684490080533,0.008999824523925781,none,False,D1,0,165,20,2.5437090396881104,2.5437090396881104,0.592522144317627
TabPFN-target,0.1,0.9,0.984766050054407,0.08476605005440696,75.31163024902344,0.9866583288242744,76.40717777256349,14.939195186009348,11.774388830539841,0.18825833009734794,0.35575366020202637,target,True,D1,0,165,20,2.5437090396881104,0.0,0.4797804355621338
WeightedCP-v2,0.1,0.9,0.1044613710554951,0.7955386289445049,3.6830943456716083,0.04825225134533062,167.61053455878297,12.077412335356287,9.941442520586918,0.46946843867139676,0.001999378204345703,source,True,D1,0,165,20,2.5437090396881104,2.5437090396881104,0.051743507385253906
JKplus-source,0.1,0.9,0.6866158868335147,0.2133841131664853,24.98482254896661,0.3273263794798028,61.08479555497871,11.997632473999271,9.996596185191231,0.4764543620649355,0.0,source,True,D1,0,165,20,2.5437090396881104,2.5437090396881104,0.0
CQR-target,0.1,0.9,0.9759036144578314,0.07590361445783134,177.23140701424467,4.287165142026439,200.05359328651267,35.020077370316244,22.57686471616234,-19.897021165534035,0.0009999275207519531,target,True,D2,1,165,20,5.137436866760254,0.0,0.009002208709716797
GPR-target,0.1,0.9,0.4819277108433735,0.41807228915662653,6.121332168579102,0.14807286325830604,37.5539694200079,5.243108913827224,3.7771411142004543,0.5315880795900695,0.007144927978515625,none,False,D2,1,165,20,5.137436866760254,0.0,0.5911247730255127
GPR-transfer,0.1,0.9,0.5783132530120482,0.32168674698795185,6.220858619873782,0.1504803729649003,31.47438638178165,4.551025156499793,3.4238513638901105,0.64708619067765,0.006999969482421875,none,False,D2,1,165,20,5.137436866760254,5.137436866760254,0.5716087818145752
TabPFN-target,0.1,0.9,0.9036144578313253,0.0036144578313253017,16.812440872192383,0.4066870069696544,19.146623643622345,4.549273348602299,3.395394572981869,0.6473578297871977,0.2622988224029541,target,True,D2,1,165,20,5.137436866760254,0.0,0.3800506591796875
WeightedCP-v2,0.1,0.9,0.6626506024096386,0.23734939759036144,344.21240894648577,8.326376605302903,409.4348505217107,19.006658547559475,17.946046117812763,-5.155477179666738,0.001998424530029297,source,True,D2,1,165,20,5.137436866760254,5.137436866760254,0.04501628875732422
JKplus-source,0.1,0.9,0.20481927710843373,0.6951807228915663,21.52113563169489,0.5205886702101838,163.57865567315778,18.26721907757035,16.723101532779552,-4.6858455013981635,0.0,source,True,D2,1,165,20,5.137436866760254,5.137436866760254,0.0
CQR-target,0.1,0.9,0.6932515337423313,0.20674846625766874,26.078884124729154,0.450076407630698,103.19141786660198,15.878935813892914,11.333078859551918,-0.6446375358247527,0.0,target,True,D4,2,165,20,5.125627279281616,0.0,0.008997678756713867
GPR-target,0.1,0.9,0.44171779141104295,0.4582822085889571,6.503536224365234,0.11223978015159104,66.91811425825259,7.865044705508855,5.602098996191003,0.596512762188102,0.006536722183227539,none,False,D4,2,165,20,5.125627279281616,0.0,0.6577274799346924
GPR-transfer,0.1,0.9,0.5214723926380368,0.3785276073619632,7.425963036121766,0.12815927056199333,37.045925633600326,5.361346874643789,4.168422893690524,0.8125112451487152,0.0060024261474609375,none,False,D4,2,165,20,5.125627279281616,5.125627279281616,0.64668869972229
TabPFN-target,0.1,0.9,0.7668711656441718,0.13312883435582823,12.08570671081543,0.2085783821909796,30.294397451662366,6.003870102908272,4.558701273711931,0.7648797761499687,0.2786133289337158,target,True,D4,2,165,20,5.125627279281616,0.0,0.4113318920135498
WeightedCP-v2,0.1,0.9,0.03067484662576687,0.8693251533742331,3.584939063213539,0.06186984410180805,221.87088359698666,14.318996216922702,12.679724704520435,-0.33737302845935524,0.001999378204345703,source,True,D4,2,165,20,5.125627279281616,5.125627279281616,0.03900480270385742
JKplus-source,0.1,0.9,0.7300613496932515,0.16993865030674848,22.214983239603935,0.3833921652566469,47.246384729404305,9.82429229116943,8.158809083952551,0.3704503863580524,0.0,source,True,D4,2,165,20,5.125627279281616,5.125627279281616,0.0
CQR-target,0.1,0.9,0.9085963003264418,0.008596300326441764,227.2017576886057,2.9765722213918515,303.57207300489927,68.11527276122042,52.25830974606473,-16.08077987829084,0.0,target,True,D1,0,166,20,2.4260165691375732,0.0,0.009002447128295898
GPR-target,0.1,0.9,0.22415669205658323,0.6758433079434167,7.002650260925293,0.09174178252335748,140.06127390295947,12.074322450437363,9.748424728111294,0.46328437934837896,0.008005142211914062,none,False,D1,0,166,20,2.4260165691375732,0.0,0.6244382858276367
GPR-transfer,0.1,0.9,0.2927094668117519,0.6072905331882481,9.152812285314317,0.11991107407461296,115.32232701788452,11.289051229612355,9.18495078562245,0.5308263818397895,0.008078336715698242,none,False,D1,0,166,20,2.4260165691375732,2.4260165691375732,0.7351765632629395
TabPFN-target,0.1,0.9,0.9445048966267682,0.04450489662676815,69.90686798095703,0.9158504909183615,87.22396753288326,18.32515381646217,13.337278198889733,-0.23627177241308894,0.2929954528808594,target,True,D1,0,166,20,2.4260165691375732,0.0,0.3998382091522217
WeightedCP-v2,0.1,0.9,0.08378672470076169,0.8162132752992384,3.0667937288229465,0.040178091555367036,175.31782793454227,12.13442609164158,10.076704674433376,0.4579277472610417,0.0029904842376708984,source,True,D1,0,166,20,2.4260165691375732,2.4260165691375732,0.05005002021789551
JKplus-source,0.1,0.9,0.690968443960827,0.209031556039173,24.985756756529106,0.32733861854127766,60.477041219304844,11.920598664026135,9.92407399758758,0.4768637328910088,0.0,source,True,D1,0,166,20,2.4260165691375732,2.4260165691375732,0.0
CQR-target,0.1,0.9,0.9156626506024096,0.015662650602409567,196.59776462225517,4.75563049285677,233.32873889285193,51.759719503123065,39.260914473140915,-43.23490662923255,0.0,target,True,D2,1,166,20,6.2230634689331055,0.0,0.008998632431030273
GPR-target,0.1,0.9,0.4457831325301205,0.45421686746987955,6.278016090393066,0.15186299199018954,62.629826901906924,7.177277001245753,5.254931504582784,0.14944832878724013,0.007502317428588867,none,False,D2,1,166,20,6.2230634689331055,0.0,0.5657048225402832
GPR-transfer,0.1,0.9,0.4819277108433735,0.41807228915662653,6.574031266821436,0.1590234945629221,36.253406382676246,5.223711610015772,3.872766443898147,0.5494534468238921,0.005000114440917969,none,False,D2,1,166,20,6.2230634689331055,6.2230634689331055,0.5486114025115967
TabPFN-target,0.1,0.9,0.8674698795180723,0.032530120481927716,13.54904842376709,0.32774669618987956,20.083453608133706,4.5629350810182014,3.6343522570506632,0.6562285021225365,0.2718017101287842,target,True,D2,1,166,20,6.2230634689331055,0.0,0.40820813179016113
WeightedCP-v2,0.1,0.9,0.5903614457831325,0.3096385542168675,65.38616762762564,1.5816683021724467,179.49776157433476,20.30057686016745,19.365451529445203,-5.804528612548967,0.002000570297241211,source,True,D2,1,166,20,6.2230634689331055,6.2230634689331055,0.045635223388671875
JKplus-source,0.1,0.9,0.1686746987951807,0.7313253012048193,21.52319543237584,0.5206384960611865,172.44031555992026,18.76783198633301,17.32653285710568,-4.815800499463155,0.0,source,True,D2,1,166,20,6.2230634689331055,6.2230634689331055,0.0
CQR-target,0.1,0.9,1.0,0.09999999999999998,140.6738868643225,2.4277878357266203,140.6738868643225,11.06002615483098,7.857498290999122,0.23037227039055497,0.0,target,True,D4,2,166,20,5.24079155921936,0.0,0.009000778198242188
GPR-target,0.1,0.9,0.4294478527607362,0.4705521472392638,6.275496006011963,0.10830420063136008,61.43650742875352,7.40679633407624,5.119608277842354,0.6548330501565025,0.010510683059692383,none,False,D4,2,166,20,5.24079155921936,0.0,0.6940009593963623
GPR-transfer,0.1,0.9,0.5153374233128835,0.38466257668711656,7.951260698353586,0.13722499912704006,46.407559024280204,6.218788992454072,4.839690786830352,0.7566787486663802,0.0075032711029052734,none,False,D4,2,166,20,5.24079155921936,5.24079155921936,0.6117184162139893
TabPFN-target,0.1,0.9,0.9938650306748467,0.09386503067484664,29.550325393676758,0.5099874762238262,29.841669355309147,5.192650006233811,4.089647408448057,0.8303528759500222,0.2737133502960205,target,True,D4,2,166,20,5.24079155921936,0.0,0.4247462749481201
WeightedCP-v2,0.1,0.9,0.06134969325153374,0.8386503067484663,3.451263643804489,0.05956283770274583,190.30618817750695,12.560066443732842,11.013322063691513,0.007450276693889313,0.0009999275207519531,source,True,D4,2,166,20,5.24079155921936,5.24079155921936,0.03800249099731445
JKplus-source,0.1,0.9,0.7177914110429447,0.18220858895705527,22.196608489512247,0.38307504886957966,48.65568215092063,9.988334532050887,8.30644706594323,0.3722964890913586,0.0,source,True,D4,2,166,20,5.24079155921936,5.24079155921936,0.0
CQR-target,0.1,0.9,0.9096844396082698,0.009684439608269813,91.52408974871496,1.1990579030096211,128.7794863843545,28.283247649219636,20.974317694868017,-1.9194777548277306,0.0009996891021728516,target,True,D1,0,167,20,2.3433117866516113,0.0,0.008999109268188477
GPR-target,0.1,0.9,0.18715995647442873,0.7128400435255713,6.725013732910156,0.08810446393330423,145.3629067391903,12.363050126311183,9.957979442318324,0.44217512319801533,0.009999990463256836,none,False,D1,0,167,20,2.3433117866516113,0.0,0.6649153232574463
GPR-transfer,0.1,0.9,0.27747551686615884,0.6225244831338412,8.440233735965567,0.11057557624603448,132.05754608479793,12.489079453566648,9.871154550637213,0.43074418582559526,0.009003639221191406,none,False,D1,0,167,20,2.3433117866516113,2.3433117866516113,0.5478415489196777
TabPFN-target,0.1,0.9,0.8715995647442872,0.028400435255712786,51.71286392211914,0.6774906840736832,60.89338244748454,16.203604080253573,13.266541909102646,0.041769778022340054,0.2792675495147705,target,True,D1,0,167,20,2.3433117866516113,0.0,0.4909074306488037
WeightedCP-v2,0.1,0.9,0.08487486398258977,0.8151251360174102,3.4918877690072816,0.0457472523064301,172.59635824689687,12.090557094402973,10.120095860493043,0.46649408056100194,0.0029981136322021484,source,True,D1,0,167,20,2.3433117866516113,2.3433117866516113,0.05452728271484375
JKplus-source,0.1,0.9,0.6844396082698585,0.21556039173014152,24.98231889184593,0.3272935790458928,61.39035926131607,12.017778834569125,10.006716962545,0.4728975526295701,0.0,source,True,D1,0,167,20,2.3433117866516113,2.3433117866516113,0.0
CQR-target,0.1,0.9,0.9759036144578314,0.07590361445783134,22.416620652984275,0.5422501366125247,27.9343046256431,5.196749489391026,3.4059266328417293,0.5962939446513724,0.0010008811950683594,target,True,D2,1,167,20,5.706959962844849,0.0,0.009000301361083984
GPR-target,0.1,0.9,0.43373493975903615,0.46626506024096387,6.338148593902588,0.15331757601280627,67.14098295648412,7.555567226514671,5.521468808277544,0.1466329936918399,0.007005214691162109,none,False,D2,1,167,20,5.706959962844849,0.0,0.5230317115783691
GPR-transfer,0.1,0.9,0.5421686746987951,0.3578313253012049,6.6818381217588865,0.16163130430920591,36.95846895558155,5.196460494797195,3.8630347099397833,0.5963388441115889,0.006506204605102539,none,False,D2,1,167,20,5.706959962844849,5.706959962844849,0.720142126083374
TabPFN-target,0.1,0.9,0.8072289156626506,0.09277108433734937,8.62160587310791,0.2085536011374546,17.285482544496833,3.5221434910478284,2.656895555243435,0.8145547176478893,0.25943899154663086,target,True,D2,1,167,20,5.706959962844849,0.0,0.3641388416290283
WeightedCP-v2,0.1,0.9,0.5903614457831325,0.3096385542168675,118.05279861909388,2.8556555053347195,199.69947735627096,19.694854642914386,18.24658414750662,-4.798387817963718,0.005234718322753906,source,True,D2,1,167,20,5.706959962844849,5.706959962844849,0.04418754577636719
JKplus-source,0.1,0.9,0.18072289156626506,0.7192771084337349,21.48312903421392,0.5196693040400877,171.0620423455468,18.728557034178053,17.164230502771193,-4.243367951929753,0.0,source,True,D2,1,167,20,5.706959962844849,5.706959962844849,0.0
CQR-target,0.1,0.9,0.9815950920245399,0.08159509202453985,48.47999780936855,0.8366808622495583,49.623857171211384,11.50997776410666,8.156361152024507,0.15112489153358166,0.0,target,True,D4,2,167,20,5.09191632270813,0.0,0.008997201919555664
GPR-target,0.1,0.9,0.4049079754601227,0.49509202453987733,6.188693523406982,0.10680614000279086,67.93676273726437,7.768973184048226,5.510366115211264,0.6132573448352566,0.006999492645263672,none,False,D4,2,167,20,5.09191632270813,0.0,0.5858597755432129
GPR-transfer,0.1,0.9,0.5276073619631901,0.3723926380368099,8.062089724043396,0.13913771630869204,43.75479184155061,6.045265089050065,4.794910443971765,0.7658330878335569,0.00851750373840332,none,False,D4,2,167,20,5.09191632270813,5.09191632270813,0.6928272247314453
TabPFN-target,0.1,0.9,0.7055214723926381,0.19447852760736195,7.11511754989624,0.12279461542186257,20.721269518370775,3.711828083453625,2.8201723065572266,0.9117183307538752,0.3144824504852295,target,True,D4,2,167,20,5.09191632270813,0.0,0.35727787017822266
WeightedCP-v2,0.1,0.9,0.08588957055214724,0.8141104294478527,3.1635089182951277,0.054596689131488435,181.99162508676974,12.167935910085456,10.455953369844192,0.05130053239863441,0.0019989013671875,source,True,D4,2,167,20,5.09191632270813,5.09191632270813,0.03951835632324219
JKplus-source,0.1,0.9,0.7177914110429447,0.18220858895705527,22.20450526715642,0.3832113335854805,49.105633101593135,10.001914410784051,8.314136185959754,0.35899547190995296,0.0,source,True,D4,2,167,20,5.09191632270813,5.09191632270813,0.0
CQR-target,0.1,0.9,0.8574537540805223,0.042546245919477754,50.012975920154304,0.6552204364417936,87.54672676416759,18.11306306329264,13.042234767185352,-0.18385527702503834,0.0,target,True,D1,0,168,20,2.3851497173309326,0.0,0.00899958610534668
GPR-target,0.1,0.9,0.24374319912948858,0.6562568008705114,6.961239814758301,0.09119926390470731,141.32491647027135,12.922563366830357,9.785184394413033,0.39742354669663627,0.007999897003173828,none,False,D1,0,168,20,2.3851497173309326,0.0,0.6033084392547607
GPR-transfer,0.1,0.9,0.3438520130576714,0.5561479869423287,9.08444620761311,0.11901540949067152,100.90082829103727,10.70361117234745,8.373436372193336,0.5865952480634382,0.008999109268188477,none,False,D1,0,168,20,2.3851497173309326,2.3851497173309326,0.575977087020874
TabPFN-target,0.1,0.9,0.9499455930359086,0.04994559303590862,55.82787322998047,0.7314014571291295,61.91167892024359,13.153395296909697,9.890706233874498,0.37570398870522015,0.29584407806396484,target,True,D1,0,168,20,2.3851497173309326,0.0,0.3686048984527588
WeightedCP-v2,0.1,0.9,0.08922742110990206,0.8107725788900979,3.213629123664027,0.042101783351801515,169.26194085702792,11.889006626804312,9.835025520167855,0.489957983339124,0.0029990673065185547,source,True,D1,0,168,20,2.3851497173309326,2.3851497173309326,0.0590665340423584
JKplus-source,0.1,0.9,0.6855277475516867,0.21447225244831336,24.98753385442574,0.3273619003164172,61.07821023622852,11.99215161922968,9.987554065685494,0.4810696905813139,0.0,source,True,D1,0,168,20,2.3851497173309326,2.3851497173309326,0.0
CQR-target,0.1,0.9,0.8313253012048193,0.06867469879518073,85.20354694217463,2.557896935352616,137.62721936649308,31.600322897253303,25.188569112110226,-19.12785206108916,0.0,target,True,D2,1,168,20,5.804071426391602,0.0,0.006998777389526367
GPR-target,0.1,0.9,0.4457831325301205,0.45421686746987955,6.2464423179626465,0.1875245366582828,50.50393968145531,6.188996802852079,4.605698533115617,0.22793314632980477,0.011510610580444336,none,False,D2,1,168,20,5.804071426391602,0.0,0.700552225112915
GPR-transfer,0.1,0.9,0.6265060240963856,0.27349397590361446,6.916023311844791,0.20762603751931943,27.207255287490824,4.473664943388227,3.1781330797251197,0.596594978640923,0.007003307342529297,none,False,D2,1,168,20,5.804071426391602,5.804071426391602,0.5602974891662598
TabPFN-target,0.1,0.9,0.9397590361445783,0.03975903614457832,16.11945915222168,0.4839225201856035,18.610407192735785,3.885251556729637,2.987404925794487,0.6957345239107774,0.2906324863433838,target,True,D2,1,168,20,5.804071426391602,0.0,0.4175095558166504
WeightedCP-v2,0.1,0.9,0.6385542168674698,0.2614457831325302,323.5074999702913,9.712023412583939,415.1730876079006,18.861181745860495,17.999748936052615,-6.170545417809088,0.002002239227294922,source,True,D2,1,168,20,5.804071426391602,5.804071426391602,0.049993276596069336
JKplus-source,0.1,0.9,0.1566265060240964,0.7433734939759036,21.52919428244722,0.6463282580601603,166.4223384904116,18.46207967913678,17.207735600942208,-5.870298917058183,0.0,source,True,D2,1,168,20,5.804071426391602,5.804071426391602,0.0
CQR-target,0.1,0.9,0.8588957055214724,0.04110429447852759,53.44361024148088,0.9223442227534615,88.61646209239646,19.671750938480944,15.366182386785596,-1.3318153628745715,0.0,target,True,D4,2,168,20,5.24455714225769,0.0,0.009510517120361328
GPR-target,0.1,0.9,0.3803680981595092,0.5196319018404908,6.262118816375732,0.10807333348892893,110.4379654114145,11.400963607884961,7.678112108185749,0.2167665197502322,0.008002758026123047,none,False,D4,2,168,20,5.24455714225769,0.0,0.6528124809265137
GPR-transfer,0.1,0.9,0.4601226993865031,0.43987730061349695,6.669495091116501,0.11510394298174234,48.38934154971083,6.305293142676135,4.665997306235901,0.7604375810797214,0.009002685546875,none,False,D4,2,168,20,5.24455714225769,5.24455714225769,0.5724997520446777
TabPFN-target,0.1,0.9,0.8220858895705522,0.07791411042944785,29.25241470336914,0.5048460532761591,57.69910561222365,11.45997269487855,8.398702194673415,0.2086378209123474,0.31525564193725586,target,True,D4,2,168,20,5.24455714225769,0.0,0.3888096809387207
WeightedCP-v2,0.1,0.9,0.0736196319018405,0.8263803680981595,3.3136350631199787,0.05718760658144725,200.166812444044,13.284555871499064,11.446744992518147,-0.0634135852758606,0.001991748809814453,source,True,D4,2,168,20,5.24455714225769,5.24455714225769,0.03632855415344238
JKplus-source,0.1,0.9,0.7361963190184049,0.16380368098159515,22.201658508905382,0.38316220346469415,47.30307426729548,9.756290826310922,8.034791869335164,0.42644165838112247,0.0,source,True,D4,2,168,20,5.24455714225769,5.24455714225769,0.0
CQR-target,0.1,0.9,0.985854189336235,0.08585418933623501,179.88445648877723,2.3566678431181787,182.4662518084818,24.28427679505476,16.836036877054024,-1.1186486561610023,0.0,target,True,D1,0,169,20,2.2649683952331543,0.0,0.008999109268188477
GPR-target,0.1,0.9,0.22633297062023938,0.6736670293797606,6.843630790710449,0.08965846704852437,154.5454664510534,13.855942669996839,10.419504761057658,0.3102674072827871,0.009999752044677734,none,False,D1,0,169,20,2.2649683952331543,0.0,0.6780118942260742
GPR-transfer,0.1,0.9,0.35038084874863984,0.5496191512513602,9.490868476581262,0.12433995120316867,102.23880259180387,10.786802241625635,8.555291023578624,0.5819829205676088,0.011222600936889648,none,False,D1,0,169,20,2.2649683952331543,2.2649683952331543,0.5760908126831055
TabPFN-target,0.1,0.9,0.985854189336235,0.08585418933623501,65.29119873046875,0.8553805675607881,66.07029541148455,13.396528379067382,10.598435849136832,0.3552473585672562,0.3231205940246582,target,True,D1,0,169,20,2.2649683952331543,0.0,0.4261481761932373
WeightedCP-v2,0.1,0.9,0.09684439608269858,0.8031556039173015,3.3911427599922397,0.044427391059189913,168.9661220350623,11.977255720741358,9.903070432734358,0.48462513111205274,0.0020034313201904297,source,True,D1,0,169,20,2.2649683952331543,2.2649683952331543,0.05153799057006836
JKplus-source,0.1,0.9,0.6822633297062024,0.21773667029379762,24.981970144086205,0.32728901009843203,61.650431878806636,12.036903471668609,10.023426684131794,0.47947912791936387,0.0,source,True,D1,0,169,20,2.2649683952331543,2.2649683952331543,0.0
CQR-target,0.1,0.9,0.9156626506024096,0.015662650602409567,88.24148463052089,2.4884795433061506,120.2711998586317,24.478946990864454,17.430573250522574,-9.111206294032499,0.0,target,True,D2,1,169,20,5.881516456604004,0.0,0.008998632431030273
GPR-target,0.1,0.9,0.5180722891566265,0.3819277108433735,6.285791397094727,0.17726428074794373,47.38733661835452,6.064396265655556,4.323397419940995,0.3794273223018938,0.0069997310638427734,none,False,D2,1,169,20,5.881516456604004,0.0,0.5177254676818848
GPR-transfer,0.1,0.9,0.5783132530120482,0.32168674698795185,6.784878799714238,0.19133893958829243,33.182939178050304,4.921736110780478,3.6309410405141342,0.591253397134014,0.0070002079010009766,none,False,D2,1,169,20,5.881516456604004,5.881516456604004,0.6715548038482666
TabPFN-target,0.1,0.9,0.9036144578313253,0.0036144578313253017,14.142592430114746,0.3988322737204294,18.549205835181546,3.788476677366834,2.7133711104795157,0.7578152775365697,0.28580594062805176,target,True,D2,1,169,20,5.881516456604004,0.0,0.3932216167449951
WeightedCP-v2,0.1,0.9,0.6626506024096386,0.23734939759036144,329.575712114596,9.294295319279557,395.4278719451104,18.969303948949985,17.9064236381671,-5.071839711058547,0.0019998550415039062,source,True,D2,1,169,20,5.881516456604004,5.881516456604004,0.04501533508300781
JKplus-source,0.1,0.9,0.1686746987951807,0.7313253012048193,21.466293004870764,0.6053664128262014,166.85635573273754,18.429877621994,17.079910448176726,-4.731422315741178,0.0,source,True,D2,1,169,20,5.881516456604004,5.881516456604004,0.0
CQR-target,0.1,0.9,0.9754601226993865,0.07546012269938651,36.23293245903194,0.6253177091892222,38.711008313394174,7.46873579294256,5.782183804746239,0.6457545901923608,0.0,target,True,D4,2,169,20,5.379539728164673,0.0,0.009000062942504883
GPR-target,0.1,0.9,0.4110429447852761,0.48895705521472393,6.326987266540527,0.10919285067682338,74.40515066729327,8.394344736869748,5.8718661409668265,0.5525096853919378,0.00800013542175293,none,False,D4,2,169,20,5.379539728164673,0.0,0.5808820724487305
GPR-transfer,0.1,0.9,0.4785276073619632,0.4214723926380368,7.3327520522603225,0.12655061029235007,52.477822895582875,6.466364509368543,5.062766085944661,0.7344597236859962,0.006999969482421875,none,False,D4,2,169,20,5.379539728164673,5.379539728164673,0.5660116672515869
TabPFN-target,0.1,0.9,0.9447852760736196,0.044785276073619595,27.81505584716797,0.48003972692488117,33.05609634668659,6.982595930747998,5.189312377292766,0.6903694098906622,0.2639191150665283,target,True,D4,2,169,20,5.379539728164673,0.0,0.3787205219268799
WeightedCP-v2,0.1,0.9,0.03680981595092025,0.8631901840490798,3.389226360392262,0.058492181553356906,222.08178887544113,14.493302022191934,12.593442205536126,-0.33396588613126865,0.0029916763305664062,source,True,D4,2,169,20,5.379539728164673,5.379539728164673,0.04056429862976074
JKplus-source,0.1,0.9,0.7423312883435583,0.1576687116564417,22.208421754846736,0.3832789253851049,47.82009060904266,9.804181187522511,8.076379098841812,0.38957446026150844,0.0,source,True,D4,2,169,20,5.379539728164673,5.379539728164673,0.0
CQR-target,0.1,0.9,0.9891186071817193,0.08911860718171927,254.24890999079022,3.3309172010674843,257.7817817012539,43.40614237136314,32.62469898280314,-5.851866111590304,0.0,target,True,D1,0,170,20,2.356916904449463,0.0,0.007002353668212891
GPR-target,0.1,0.9,0.26659412404787813,0.6334058759521219,6.796741485595703,0.08904416985071743,157.89267374615673,13.922610116505904,10.506740199183485,0.29506705146395507,0.007999897003173828,none,False,D1,0,170,20,2.356916904449463,0.0,0.5508501529693604
GPR-transfer,0.1,0.9,0.36561479869423286,0.5343852013057672,8.848361679467335,0.11592246401556545,95.86201206219042,10.32562440889554,7.970239333643335,0.612261313880198,0.00800013542175293,none,False,D1,0,170,20,2.356916904449463,2.356916904449463,0.6872231960296631
TabPFN-target,0.1,0.9,0.970620239390642,0.07062023939064199,117.40013885498047,1.5380602494379652,129.92664821653813,20.299840961811423,12.44349200849564,-0.49862080633158135,0.3806779384613037,target,True,D1,0,170,20,2.356916904449463,0.0,0.4222836494445801
WeightedCP-v2,0.1,0.9,0.12840043525571274,0.7715995647442873,4.626258680945859,0.0606086555789306,159.5869400313433,11.966806488619397,9.90559698197545,0.47920953595567983,0.0025076866149902344,source,True,D1,0,170,20,2.356916904449463,2.356916904449463,0.050035953521728516
JKplus-source,0.1,0.9,0.6898803046789989,0.21011969532100117,24.98047136156529,0.3272693745354723,60.66387613369148,11.940401580821106,9.935112835709292,0.48150526169568875,0.0,source,True,D1,0,170,20,2.356916904449463,2.356916904449463,0.0
CQR-target,0.1,0.9,0.6987951807228916,0.20120481927710843,14.613001686295265,0.353483349849067,48.867041241764134,8.246107453265088,6.280994596948043,-0.020925597285169406,0.0,target,True,D2,1,170,20,5.857220888137817,0.0,0.008504390716552734
GPR-target,0.1,0.9,0.4578313253012048,0.4421686746987952,5.990994930267334,0.1449200514953588,56.38038661910826,6.521404101203663,4.742903878085585,0.3614743645227434,0.005002498626708984,none,False,D2,1,170,20,5.857220888137817,0.0,0.6091852188110352
GPR-transfer,0.1,0.9,0.5060240963855421,0.3939759036144579,6.166435092328543,0.14916388705459369,33.42472422286508,4.807721429664405,3.6620355863387264,0.6529638594140244,0.00500035285949707,none,False,D2,1,170,20,5.857220888137817,5.857220888137817,0.5788631439208984
TabPFN-target,0.1,0.9,0.9518072289156626,0.051807228915662584,22.185087203979492,0.5366494242528542,25.975418867547827,5.643773814406212,4.130873914971409,0.5217716546484099,0.22763347625732422,target,True,D2,1,170,20,5.857220888137817,0.0,0.41203832626342773
WeightedCP-v2,0.1,0.9,0.5903614457831325,0.3096385542168675,59.661856640030436,1.4431992410643066,158.62063289943296,19.901739312521773,18.64234002799836,-4.946729442613125,0.0019981861114501953,source,True,D2,1,170,20,5.857220888137817,5.857220888137817,0.046181440353393555
JKplus-source,0.1,0.9,0.18072289156626506,0.7192771084337349,21.55139725550434,0.5213206882024948,163.98383459335423,18.37656504701121,16.9130174626091,-4.070196437985664,0.0,source,True,D2,1,170,20,5.857220888137817,5.857220888137817,0.0
CQR-target,0.1,0.9,0.8895705521472392,0.010429447852760787,60.321006803783156,1.053810787095838,132.5193162546947,21.989085395360735,15.585489458239378,-2.095894998469054,0.0,target,True,D4,2,170,20,5.083307504653931,0.0,0.009002447128295898
GPR-target,0.1,0.9,0.36809815950920244,0.5319018404907976,6.339487075805664,0.11075113329706014,93.66232752070754,9.916768364299342,6.974036884682895,0.37033112108982535,0.007999420166015625,none,False,D4,2,170,20,5.083307504653931,0.0,0.6209895610809326
GPR-transfer,0.1,0.9,0.4785276073619632,0.4214723926380368,7.263614721824786,0.1268956861424108,46.8399973902191,6.076393578380582,4.7004561022428675,0.7635911757943665,0.006999969482421875,none,False,D4,2,170,20,5.083307504653931,5.083307504653931,0.5488419532775879
TabPFN-target,0.1,0.9,0.9202453987730062,0.02024539877300613,14.654626846313477,0.2560170108192036,20.690738362969743,4.280530324462719,2.8867027494206474,0.8826813526811496,0.31709957122802734,target,True,D4,2,170,20,5.083307504653931,0.0,0.36849236488342285
WeightedCP-v2,0.1,0.9,0.04294478527607362,0.8570552147239264,3.0970351113492574,0.05410534706376483,216.12334618326574,14.060672583125644,12.163668040866213,-0.26585535034783714,0.001999378204345703,source,True,D4,2,170,20,5.083307504653931,5.083307504653931,0.03851747512817383
JKplus-source,0.1,0.9,0.7177914110429447,0.18220858895705527,22.196772852779112,0.3877786514250896,49.48748423525835,10.04251239106163,8.327805614463369,0.3542615553057685,0.0,source,True,D4,2,170,20,5.083307504653931,5.083307504653931,0.0
CQR-target,0.1,0.9,0.9662676822633297,0.06626768226332969,135.71406023841814,1.7826620283802908,155.1227255977232,24.867460914632307,15.46919795167909,-1.232370780467924,0.0,target,True,D1,0,171,20,2.2842164039611816,0.0,0.009002208709716797
GPR-target,0.1,0.9,0.23177366702937977,0.6682263329706203,7.027451992034912,0.09230857731658777,179.96277849925875,16.33524433750689,11.757566789600093,0.03671519176265636,0.010002851486206055,none,False,D1,0,171,20,2.2842164039611816,0.0,0.6383707523345947
GPR-transfer,0.1,0.9,0.33297062023939067,0.5670293797606094,8.978420837140836,0.11793538468358708,110.24892754926367,11.25873951455914,8.787447174677343,0.5424031945287171,0.009999752044677734,none,False,D1,0,171,20,2.2842164039611816,2.2842164039611816,0.5411014556884766
TabPFN-target,0.1,0.9,0.8900979325353645,0.009902067464635511,49.493228912353516,0.6501146578990198,68.3147721241815,15.268586250885727,11.620767305392825,0.15840897610685334,0.3006565570831299,target,True,D1,0,171,20,2.2842164039611816,0.0,0.39568161964416504
WeightedCP-v2,0.1,0.9,0.10554951033732318,0.7944504896626768,5.3651406733000755,0.07047340959668123,173.03527853800009,12.07703427128452,10.061949287589883,0.4734688872179409,0.0029997825622558594,source,True,D1,0,171,20,2.2842164039611816,2.2842164039611816,0.0442807674407959
JKplus-source,0.1,0.9,0.6855277475516867,0.21447225244831336,24.984506891662093,0.3281821474895609,60.61400168411897,11.946414914785759,9.963243039197103,0.48479670731,0.0,source,True,D1,0,171,20,2.2842164039611816,2.2842164039611816,0.0
CQR-target,0.1,0.9,0.963855421686747,0.06385542168674696,59.21350599387481,1.669867624849863,64.29604282160801,11.933481807775056,8.396083191311064,-1.294041933983468,0.0,target,True,D2,1,171,20,6.0414204597473145,0.0,0.007999897003173828
GPR-target,0.1,0.9,0.5301204819277109,0.36987951807228914,6.1494855880737305,0.17342034930455522,48.42552812875035,5.957358099406702,4.24293194552502,0.4282918088627652,0.007001161575317383,none,False,D2,1,171,20,6.0414204597473145,0.0,0.6665871143341064
GPR-transfer,0.1,0.9,0.5903614457831325,0.3096385542168675,6.756272453859628,0.1905322180472168,31.532095138936164,4.740148809173086,3.542949679810975,0.6380480228649961,0.0075092315673828125,none,False,D2,1,171,20,6.0414204597473145,6.0414204597473145,0.6794338226318359
TabPFN-target,0.1,0.9,0.9397590361445783,0.03975903614457832,16.4444580078125,0.46374670059715273,17.208352734669145,4.233694452249457,3.3320182432611296,0.7112606165904873,0.28290700912475586,target,True,D2,1,171,20,6.0414204597473145,0.0,0.3804759979248047
WeightedCP-v2,0.1,0.9,0.6506024096385542,0.24939759036144582,105.10580170275144,2.9640666010465533,177.94078371180433,19.086386832987866,17.982333526029652,-4.868328876400565,0.0019922256469726562,source,True,D2,1,171,20,6.0414204597473145,6.0414204597473145,0.0535128116607666
JKplus-source,0.1,0.9,0.1566265060240964,0.7433734939759036,21.537039168901888,0.6073615105140517,166.42399877198855,18.43586118114735,17.151286728378263,-4.475122748151216,0.0,source,True,D2,1,171,20,6.0414204597473145,6.0414204597473145,0.0
CQR-target,0.1,0.9,0.901840490797546,0.0018404907975460016,14.864054151974884,0.2565278507911809,18.345455383812954,3.8838972301341173,2.673315968840359,0.9092389117038988,0.0010001659393310547,target,True,D4,2,171,20,5.6728129386901855,0.0,0.010007619857788086
GPR-target,0.1,0.9,0.3619631901840491,0.5380368098159509,6.633721828460693,0.11448655837784788,119.35269923163506,12.349471368100227,8.382034727444129,0.0823840149925058,0.007502079010009766,none,False,D4,2,171,20,5.6728129386901855,0.0,0.6379859447479248
GPR-transfer,0.1,0.9,0.3987730061349693,0.5012269938650307,6.92427267764975,0.11950096320481887,47.524777440911464,5.993685124441297,4.660262855133041,0.7838515712885435,0.010001897811889648,none,False,D4,2,171,20,5.6728129386901855,5.6728129386901855,0.541517972946167
TabPFN-target,0.1,0.9,0.803680981595092,0.09631901840490797,11.436946868896484,0.19738191006934233,32.11491465453348,5.758803256582427,3.8249259601058636,0.8004605740651408,0.3417036533355713,target,True,D4,2,171,20,5.6728129386901855,0.0,0.3786187171936035
WeightedCP-v2,0.1,0.9,0.06748466257668712,0.832515337423313,2.8424102138212177,0.04905508118870651,208.30394626083387,13.340480534616066,11.665180277853178,-0.07079709000521595,0.001993417739868164,source,True,D4,2,171,20,5.6728129386901855,5.6728129386901855,0.039012908935546875
JKplus-source,0.1,0.9,0.754601226993865,0.14539877300613502,22.19883260122448,0.3831134331886642,43.33199483201415,9.351357338648617,7.718311999034381,0.4738451949840432,0.0,source,True,D4,2,171,20,5.6728129386901855,5.6728129386901855,0.0
CQR-target,0.1,0.9,0.998911860718172,0.09891186071817193,952.4422803602175,12.477954673594105,952.4657029306086,81.02887577351329,53.40789237767533,-22.868856636030124,0.0,target,True,D1,0,172,20,2.2769217491149902,0.0,0.009002923965454102
GPR-target,0.1,0.9,0.15560391730141457,0.7443960826985855,6.583513259887695,0.08625066499443455,154.82463150875355,12.320779872982374,10.440509790995433,0.4481406742331502,0.008002996444702148,none,False,D1,0,172,20,2.2769217491149902,0.0,0.5272881984710693
GPR-transfer,0.1,0.9,0.24374319912948858,0.6562568008705114,9.29486124455864,0.12177205873628874,140.56776555272887,12.810405498646663,10.592631933439137,0.40340756325898086,0.006136655807495117,none,False,D1,0,172,20,2.2769217491149902,2.2769217491149902,0.6506338119506836
TabPFN-target,0.1,0.9,0.998911860718172,0.09891186071817193,67.63812255859375,0.8861276372295622,67.71932535098868,15.518254500523629,13.028757935566533,0.12453713455400328,0.2649986743927002,target,True,D1,0,172,20,2.2769217491149902,0.0,0.3520030975341797
WeightedCP-v2,0.1,0.9,0.056583242655059846,0.8434167573449401,1.9462975477574767,0.02549846125379919,182.7819143426783,12.058758343460058,9.982488742336443,0.4713634667427682,0.0029909610748291016,source,True,D1,0,172,20,2.2769217491149902,2.2769217491149902,0.0460205078125
JKplus-source,0.1,0.9,0.6811751904243744,0.21882480957562567,24.9857362338452,0.3273383496734157,61.694246993747456,12.04579825383977,10.034441452852702,0.47249915501492434,0.0,source,True,D1,0,172,20,2.2769217491149902,2.2769217491149902,0.0
CQR-target,0.1,0.9,0.7831325301204819,0.11686746987951813,23.13962845979479,0.5597394401112092,50.28971982813669,9.695204724325214,6.861826199819554,-0.47616030728062664,0.0009999275207519531,target,True,D2,1,172,20,6.088610649108887,0.0,0.00850534439086914
GPR-target,0.1,0.9,0.4457831325301205,0.45421686746987955,6.073426246643066,0.14691403592583274,54.84857278846832,6.537098150137407,4.970821223431323,0.32889640316514035,0.008002281188964844,none,False,D2,1,172,20,6.088610649108887,0.0,0.5321085453033447
GPR-transfer,0.1,0.9,0.4939759036144578,0.4060240963855422,6.474425287131804,0.15661406109254142,36.32700416195255,5.0968388795772865,3.964602009719893,0.5920364473533533,0.0070340633392333984,none,False,D2,1,172,20,6.088610649108887,6.088610649108887,0.5126712322235107
TabPFN-target,0.1,0.9,0.9397590361445783,0.03975903614457832,14.342639923095703,0.3469433942822029,17.275835051019506,3.921668597373889,3.104848591448312,0.7584754195594079,0.27483510971069336,target,True,D2,1,172,20,6.088610649108887,0.0,0.4035675525665283
WeightedCP-v2,0.1,0.9,0.6265060240963856,0.27349397590361446,45.76839753951771,1.1071213722410858,139.94805896562727,19.8223343882786,18.7014439135835,-5.170624957066275,0.0019969940185546875,source,True,D2,1,172,20,6.088610649108887,6.088610649108887,0.04799222946166992
JKplus-source,0.1,0.9,0.1686746987951807,0.7313253012048193,21.48667787724357,0.5197551492996133,173.66338387357857,18.793453105238296,17.33959672363606,-4.546675059431722,0.0,source,True,D2,1,172,20,6.088610649108887,6.088610649108887,0.0
CQR-target,0.1,0.9,0.8159509202453987,0.0840490797546013,81.3941194967051,1.4047216410844516,105.20827009194396,19.794623197672077,14.673913262017136,-1.4082140832386054,0.0,target,True,D4,2,172,20,4.697131633758545,0.0,0.009000062942504883
GPR-target,0.1,0.9,0.36809815950920244,0.5319018404907976,6.503608226776123,0.11224102278859494,105.84462300532425,10.846713868185356,7.638513247271175,0.2769022982700673,0.004000186920166016,none,False,D4,2,172,20,4.697131633758545,0.0,0.5908558368682861
GPR-transfer,0.1,0.9,0.4171779141104294,0.4828220858895706,7.287495738889542,0.12576956464457195,52.57375677173518,6.4786964189470915,5.172158935435486,0.7420260379350145,0.003999948501586914,none,False,D4,2,172,20,4.697131633758545,4.697131633758545,0.5656580924987793
TabPFN-target,0.1,0.9,0.8711656441717791,0.028834355828220914,31.780303955078125,0.5484730469717434,42.856177889254816,9.27052671327954,6.152065496625039,0.4717865774806258,0.2561016082763672,target,True,D4,2,172,20,4.697131633758545,0.0,0.3563041687011719
WeightedCP-v2,0.1,0.9,0.07975460122699386,0.8202453987730062,3.5692439401425458,0.061598973439730295,213.618380004133,14.19757941819667,12.208468702072262,-0.2388799574788918,0.003999233245849609,source,True,D4,2,172,20,4.697131633758545,4.697131633758545,0.03630518913269043
JKplus-source,0.1,0.9,0.7177914110429447,0.18220858895705527,22.19710126223763,0.3830835532740227,49.65514003445126,10.039779339170266,8.324795016327535,0.38048910425479443,0.0,source,True,D4,2,172,20,4.697131633758545,4.697131633758545,0.0
CQR-target,0.1,0.9,0.9902067464635473,0.09020674646354732,205.585286393633,2.693374641251137,208.14228445090487,34.03878050223503,25.227181697454036,-3.1684997808387108,0.0,target,True,D1,0,173,20,1.9564425945281982,0.0,0.009506702423095703
GPR-target,0.1,0.9,0.1882480957562568,0.7117519042437432,6.92042875289917,0.09066459782513461,177.97795877010438,15.615751118431572,11.666129132915243,0.12268095820039093,0.00899958610534668,none,False,D1,0,173,20,1.9564425945281982,0.0,0.6192774772644043
GPR-transfer,0.1,0.9,0.39608269858541895,0.503917301414581,8.960808478968707,0.11739563052266148,103.1552231115716,10.800310940521832,8.25852772675408,0.5803334870785758,0.009001970291137695,none,False,D1,0,173,20,1.9564425945281982,1.9564425945281982,0.5528607368469238
TabPFN-target,0.1,0.9,0.9684439608269858,0.06844396082698578,62.80194091796875,0.8227687791135998,66.07257026863306,14.47092186654044,11.543055975066176,0.24660246390462992,0.2832984924316406,target,True,D1,0,173,20,1.9564425945281982,0.0,0.40935826301574707
WeightedCP-v2,0.1,0.9,0.11425462459194777,0.7857453754080522,4.131012970499758,0.054120437180119926,164.6707522977261,12.029916656911283,9.976420972957111,0.4793366175142494,0.003998279571533203,source,True,D1,0,173,20,1.9564425945281982,1.9564425945281982,0.04503226280212402
JKplus-source,0.1,0.9,0.6844396082698585,0.21556039173014152,24.986724696627,0.32735129953299474,61.481705108718664,12.024555482930698,10.017546010763821,0.4798005849825604,0.0,source,True,D1,0,173,20,1.9564425945281982,1.9564425945281982,0.0
CQR-target,0.1,0.9,0.9518072289156626,0.051807228915662584,32.29732570350467,0.7812609021696192,36.091707980843424,7.937702265395722,6.201071526098295,-0.007825859008852687,0.0,target,True,D2,1,173,20,8.371997117996216,0.0,0.009001970291137695
GPR-target,0.1,0.9,0.4939759036144578,0.4060240963855422,5.992175579071045,0.14494861097294529,52.435432050314276,6.295576299946147,4.520896090771778,0.36603268037176906,0.012021064758300781,none,False,D2,1,173,20,8.371997117996216,0.0,0.8380169868469238
GPR-transfer,0.1,0.9,0.6144578313253012,0.28554216867469884,6.319726254566606,0.15287194613057295,30.23201860633421,4.561727520360703,3.30760607063858,0.6671453958608125,0.012030363082885742,none,False,D2,1,173,20,8.371997117996216,8.371997117996216,0.7425727844238281
TabPFN-target,0.1,0.9,0.8554216867469879,0.04457831325301209,16.588871002197266,0.40127893077369314,23.379399931574444,5.443117860522162,4.137545995137778,0.5260949201709382,0.5760502815246582,target,True,D2,1,173,20,8.371997117996216,0.0,0.45794010162353516
WeightedCP-v2,0.1,0.9,0.6506024096385542,0.24939759036144582,127.96039887877967,3.095316856502818,205.67672182879235,19.369018934687045,18.14114120106441,-5.000827391957298,0.004999399185180664,source,True,D2,1,173,20,8.371997117996216,8.371997117996216,0.04579353332519531
JKplus-source,0.1,0.9,0.1686746987951807,0.7313253012048193,21.45830581230765,0.5190688390691088,175.0357592446102,18.91678578377784,17.44530279022029,-4.723880776274316,0.0,source,True,D2,1,173,20,8.371997117996216,8.371997117996216,0.0
CQR-target,0.1,0.9,0.9202453987730062,0.02024539877300613,18.59397454766321,0.3208998217854463,22.836249991192116,5.313434604708552,4.149437509286696,0.8164841681660564,0.0,target,True,D4,2,173,20,8.021484613418579,0.0,0.007999897003173828
GPR-target,0.1,0.9,0.4601226993865031,0.43987730061349695,6.337457180023193,0.10937354326420345,64.52516630420061,7.512400958701472,5.280465142236721,0.6331568822692837,0.00514531135559082,none,False,D4,2,173,20,8.021484613418579,0.0,0.6479587554931641
GPR-transfer,0.1,0.9,0.6012269938650306,0.2987730061349694,7.524049276223212,0.1298520693171747,26.70373967903723,4.49104200880468,3.6498684936488255,0.8688956529917686,0.0059986114501953125,none,False,D4,2,173,20,8.021484613418579,8.021484613418579,1.0400800704956055
TabPFN-target,0.1,0.9,0.9938650306748467,0.09386503067484664,42.44435501098633,0.7325161128896708,42.840014086322185,5.406799661548594,3.88490486635171,0.8099782065182353,0.6226966381072998,target,True,D4,2,173,20,8.021484613418579,0.0,0.365445613861084
WeightedCP-v2,0.1,0.9,0.05521472392638037,0.8447852760736196,3.102603592971155,0.05354556861972546,198.61085374916007,13.059835791866638,11.273450020896151,-0.10865977275896199,0.0019981861114501953,source,True,D4,2,173,20,8.021484613418579,8.021484613418579,0.03549981117248535
JKplus-source,0.1,0.9,0.7239263803680982,0.17607361963190182,22.208977573482077,0.3832885178528459,47.004470535813205,9.779487290334332,8.131062351461063,0.3783369853713464,0.0,source,True,D4,2,173,20,8.021484613418579,8.021484613418579,0.0
CQR-target,0.1,0.9,0.970620239390642,0.07062023939064199,82.96433467388746,1.0869164766542423,87.00335521452543,15.912495568259823,11.65790462065448,0.09284029149409534,0.0,target,True,D1,0,174,20,3.190014600753784,0.0,0.009001016616821289
GPR-target,0.1,0.9,0.1838955386289445,0.7161044613710555,6.970433712005615,0.09131971323322964,199.77427706744388,17.24398611665289,12.836961247420286,-0.06532591175594726,0.011552095413208008,none,False,D1,0,174,20,3.190014600753784,0.0,1.0660557746887207
GPR-transfer,0.1,0.9,0.33188248095756256,0.5681175190424375,9.338535803835333,0.12234423952065887,110.95617491760615,11.19218771293132,8.962631423289581,0.5512162406227998,0.013000011444091797,none,False,D1,0,174,20,3.190014600753784,3.190014600753784,0.6723761558532715
TabPFN-target,0.1,0.9,0.8269858541893362,0.07301414581066379,48.68355941772461,0.6378037391765567,79.47025915484174,17.461814913939733,13.471340211737534,-0.09241064281624323,0.372952938079834,target,True,D1,0,174,20,3.190014600753784,0.0,0.7068624496459961
WeightedCP-v2,0.1,0.9,0.11643090315560392,0.7835690968443961,4.834938151668485,0.06334256715623031,167.67506679110545,11.782063483052537,9.692305403647989,0.5026640215607223,0.0019903182983398438,source,True,D1,0,174,20,3.190014600753784,3.190014600753784,0.04286646842956543
JKplus-source,0.1,0.9,0.6855277475516867,0.21447225244831336,24.9839476241524,0.32731491708213356,61.37158073513125,12.02084409633814,10.019744428060804,0.4823012806700132,0.0,source,True,D1,0,174,20,3.190014600753784,3.190014600753784,0.0
CQR-target,0.1,0.9,0.963855421686747,0.06385542168674696,47.372824869216004,1.1459319027033545,51.07492914097543,10.307790298078936,7.825954997342432,-0.6830432025269628,0.0010001659393310547,target,True,D2,1,174,20,7.956573724746704,0.0,0.005997896194458008
GPR-target,0.1,0.9,0.4457831325301205,0.45421686746987955,6.097046852111816,0.14748541002992166,55.80574114696089,6.681802034736538,4.849390208232833,0.29278522768591386,0.007514238357543945,none,False,D2,1,174,20,7.956573724746704,0.0,1.1129992008209229
GPR-transfer,0.1,0.9,0.6024096385542169,0.2975903614457831,6.3249691997665956,0.15299877112328514,35.09791933797802,4.927643418762871,3.662373327421133,0.6153704371524724,0.009000062942504883,none,False,D2,1,174,20,7.956573724746704,7.956573724746704,0.5342121124267578
TabPFN-target,0.1,0.9,0.9036144578313253,0.0036144578313253017,18.034435272216797,0.43624661992874525,24.03477376455284,5.60934071561234,4.065943158620811,0.5015888433654722,0.33171987533569336,target,True,D2,1,174,20,7.956573724746704,0.0,0.3568851947784424
WeightedCP-v2,0.1,0.9,0.6144578313253012,0.28554216867469884,102.80806274068955,2.486890728491065,171.90097036990065,19.618834216623835,18.400434164458506,-5.096920181485944,0.002878427505493164,source,True,D2,1,174,20,7.956573724746704,7.956573724746704,0.05235099792480469
JKplus-source,0.1,0.9,0.1686746987951807,0.7313253012048193,21.508227836376346,0.520276435200135,172.21760777249105,18.825448945197966,17.394410898498577,-4.613772370646011,0.0,source,True,D2,1,174,20,7.956573724746704,7.956573724746704,0.0
CQR-target,0.1,0.9,0.9447852760736196,0.044785276073619595,38.30578461717403,0.6610915501413155,39.48018682327411,9.827548566671828,7.673675597018446,0.37674997568549384,0.0,target,True,D4,2,174,20,7.192253112792969,0.0,0.008998632431030273
GPR-target,0.1,0.9,0.44785276073619634,0.4521472392638037,6.4275712966918945,0.11092875696556745,70.83896897462871,8.40406053978226,5.779590027050015,0.5442252608948147,0.007093906402587891,none,False,D4,2,174,20,7.192253112792969,0.0,1.0323669910430908
GPR-transfer,0.1,0.9,0.4539877300613497,0.44601226993865034,8.098423995854665,0.13976478295972203,46.94684106487609,6.269981382945913,5.087155174132059,0.7463093803324053,0.007508277893066406,none,False,D4,2,174,20,7.192253112792969,7.192253112792969,0.49607253074645996
TabPFN-target,0.1,0.9,0.8834355828220859,0.016564417177914126,23.839141845703125,0.41142233201376066,29.624623139396213,7.401930513847153,5.922754398497463,0.6464409858432683,0.2514767646789551,target,True,D4,2,174,20,7.192253112792969,0.0,0.7404184341430664
WeightedCP-v2,0.1,0.9,0.05521472392638037,0.8447852760736196,3.4038389891551555,0.05874437023705168,192.93701675442867,12.834170268086877,11.12463421000708,-0.06293693942627998,0.0019981861114501953,source,True,D4,2,174,20,7.192253112792969,7.192253112792969,0.03701591491699219
JKplus-source,0.1,0.9,0.7116564417177914,0.1883435582822086,22.197664927533154,0.38309328116153896,49.747819208587494,10.098502276076944,8.383137637540209,0.3419091658028728,0.0,source,True,D4,2,174,20,7.192253112792969,7.192253112792969,0.0
CQR-target,0.1,0.9,0.9967355821545157,0.09673558215451572,136.99890280166687,1.7948238279014628,137.25769920152632,19.953413745011197,15.634359377593842,-0.4401911064492394,0.0,target,True,D1,0,175,20,2.7777373790740967,0.0,0.009001493453979492
GPR-target,0.1,0.9,0.23286180631120784,0.6671381936887921,7.132997989654541,0.09344946926136574,131.5421390514768,11.92028473297548,9.413903098287987,0.4860049136400829,0.007512569427490234,none,False,D1,0,175,20,2.7777373790740967,0.0,0.9688088893890381
GPR-transfer,0.1,0.9,0.3144722524483134,0.5855277475516867,8.808298579497228,0.11539759699126494,100.92613743960739,10.43761220091203,8.326828486078226,0.6059167076261547,0.00900125503540039,none,False,D1,0,175,20,2.7777373790740967,2.7777373790740967,0.5027742385864258
TabPFN-target,0.1,0.9,0.9717083786724701,0.07170837867247004,47.30845642089844,0.6197885027472888,48.94837750008369,11.361015892176683,9.292550425316744,0.5331041180518592,0.307326078414917,target,True,D1,0,175,20,2.7777373790740967,0.0,0.7779486179351807
WeightedCP-v2,0.1,0.9,0.09140369967355821,0.8085963003264418,3.2909350722439923,0.04311456926258151,174.21881426680218,12.170744536749051,10.116114367561641,0.4641786649131965,0.0020034313201904297,source,True,D1,0,175,20,2.7777373790740967,2.7777373790740967,0.044586181640625
JKplus-source,0.1,0.9,0.6833514689880305,0.21664853101196957,24.985935751256402,0.3273409635527708,61.4195054874639,12.016698704829128,10.000412546009931,0.4776566702476728,0.0,source,True,D1,0,175,20,2.7777373790740967,2.7777373790740967,0.0
CQR-target,0.1,0.9,0.9518072289156626,0.051807228915662584,24.551114474447896,0.593882788304525,32.00353174851032,6.276677485984758,3.8976692825314054,0.392550323508602,0.0010006427764892578,target,True,D2,1,175,20,6.091580867767334,0.0,0.009002447128295898
GPR-target,0.1,0.9,0.3253012048192771,0.574698795180723,6.042230606079102,0.14615942439810128,74.34559783475945,7.918818781215753,5.9398894234163215,0.033122428333102305,0.007001161575317383,none,False,D2,1,175,20,6.091580867767334,0.0,0.7598605155944824
GPR-transfer,0.1,0.9,0.5903614457831325,0.3096385542168675,6.2518031970564145,0.15122891135810654,38.95437766965239,5.2683158644964765,3.7935155718506355,0.5720487609613081,0.007999897003173828,none,False,D2,1,175,20,6.091580867767334,6.091580867767334,1.2233672142028809
TabPFN-target,0.1,0.9,0.963855421686747,0.06385542168674696,27.833784103393555,0.6732894072728751,29.440934073206893,5.812520361690829,4.397774819983057,0.47906966059951595,0.620819091796875,target,True,D2,1,175,20,6.091580867767334,0.0,0.5702195167541504
WeightedCP-v2,0.1,0.9,0.5903614457831325,0.3096385542168675,101.29310256804533,2.4502443769603985,177.7657435002662,18.538763438657107,17.17600630023065,-4.299223085742466,0.0009999275207519531,source,True,D2,1,175,20,6.091580867767334,6.091580867767334,0.04763078689575195
JKplus-source,0.1,0.9,0.18072289156626506,0.7192771084337349,21.529023958515037,0.5207794860500058,171.98426087707293,18.77477543732745,17.249084621733953,-4.4350078992694595,0.0,source,True,D2,1,175,20,6.091580867767334,6.091580867767334,0.0
CQR-target,0.1,0.9,0.8404907975460123,0.05950920245398772,32.95378692147429,0.5687253321310834,51.55512981961774,9.225536033017686,7.114102555408274,0.4374730285319486,0.0,target,True,D4,2,175,20,8.913665771484375,0.0,0.009539127349853516
GPR-target,0.1,0.9,0.39263803680981596,0.507361963190184,6.803133010864258,0.11741030220154788,72.10529270641236,8.14606156911254,6.017775602365659,0.5614132492815005,0.012002944946289062,none,False,D4,2,175,20,8.913665771484375,0.0,1.2527039051055908
GPR-transfer,0.1,0.9,0.43558282208588955,0.46441717791411047,7.9512184997277755,0.13722427085178793,55.69765524994694,6.780652805091334,5.4590464520036575,0.6961192802650163,0.012001991271972656,none,False,D4,2,175,20,8.913665771484375,8.913665771484375,1.1511569023132324
TabPFN-target,0.1,0.9,0.9325153374233128,0.03251533742331281,15.659363746643066,0.27025351802488967,17.60685307644772,4.371751880590935,3.4937760727943283,0.8736802834337456,0.504960298538208,target,True,D4,2,175,20,8.913665771484375,0.0,0.5391855239868164
WeightedCP-v2,0.1,0.9,0.05521472392638037,0.8447852760736196,3.045948701659317,0.052567803243170855,201.53128433906926,13.095967163417376,11.406224619577902,-0.13353591896485217,0.0019969940185546875,source,True,D4,2,175,20,8.913665771484375,8.913665771484375,0.037999868392944336
JKplus-source,0.1,0.9,0.7116564417177914,0.1883435582822086,22.19067359822351,0.38297262291691475,49.133982521588486,10.024435691931396,8.336424732457056,0.33582886104225484,0.0,source,True,D4,2,175,20,8.913665771484375,8.913665771484375,0.0
CQR-target,0.1,0.9,0.8803046789989118,0.019695321001088173,444.9001136393601,5.828640293214644,1193.4038159647475,232.06672307085955,99.46200071085684,-193.5560267924008,0.0,target,True,D1,0,176,20,3.8186144828796387,0.0,0.008996963500976562
GPR-target,0.1,0.9,0.21109902067464636,0.6889009793253537,6.644230365753174,0.08704612033122905,151.68359078105308,13.717307872301198,10.255626790375652,0.3202382533680982,0.007997274398803711,none,False,D1,0,176,20,3.8186144828796387,0.0,0.8119056224822998
GPR-transfer,0.1,0.9,0.32861806311207836,0.5713819368879216,9.060335853543453,0.11869953953041346,108.73278639850903,11.053597034932663,8.772179295883554,0.5586062238127669,0.009003877639770508,none,False,D1,0,176,20,3.8186144828796387,3.8186144828796387,0.8491981029510498
TabPFN-target,0.1,0.9,0.9760609357997824,0.07606093579978235,74.8505859375,0.9806181832528996,77.01118872043747,14.597850889899432,11.086709365844726,0.23016651852058934,0.28130221366882324,target,True,D1,0,176,20,3.8186144828796387,0.0,0.38007545471191406
WeightedCP-v2,0.1,0.9,0.09140369967355821,0.8085963003264418,2.9799312150744472,0.039040105000446045,173.77788040272682,12.014315373356547,9.96048855828514,0.47854479741453093,0.005998849868774414,source,True,D1,0,176,20,3.8186144828796387,3.8186144828796387,0.04566073417663574
JKplus-source,0.1,0.9,0.6833514689880305,0.21664853101196957,24.980971629559335,0.3272759285508526,61.52307091631909,12.048279904701301,10.055394851338892,0.47559231688777104,0.0,source,True,D1,0,176,20,3.8186144828796387,3.8186144828796387,0.0
CQR-target,0.1,0.9,0.8795180722891566,0.02048192771084345,26.206799697064493,0.6339332290934968,45.565623687466314,10.046002281074806,7.842602827821813,-0.5970268411862167,0.0,target,True,D2,1,176,20,8.016153573989868,0.0,0.009018421173095703
GPR-target,0.1,0.9,0.39759036144578314,0.5024096385542169,6.173652172088623,0.1493384656651001,55.78983724892856,6.619606731911128,4.891889726569853,0.3065900832319777,0.007999897003173828,none,False,D2,1,176,20,8.016153573989868,0.0,1.2895169258117676
GPR-transfer,0.1,0.9,0.6144578313253012,0.28554216867469884,6.575167426143784,0.159050977855667,30.292806440463615,4.551590491372089,3.329051923585947,0.672167478959369,0.007998466491699219,none,False,D2,1,176,20,8.016153573989868,8.016153573989868,1.1216027736663818
TabPFN-target,0.1,0.9,0.9156626506024096,0.015662650602409567,22.971084594726562,0.5556624235406371,27.77230929638966,5.793653257850196,4.309875847690076,0.46883350840864424,0.3258957862854004,target,True,D2,1,176,20,8.016153573989868,0.0,0.39673948287963867
WeightedCP-v2,0.1,0.9,0.6987951807228916,0.20120481927710843,346.58264398343215,8.383711753739599,393.3066332574757,19.701883982847548,18.388054675056082,-5.142443709089603,0.0019910335540771484,source,True,D2,1,176,20,8.016153573989868,8.016153573989868,0.04817628860473633
JKplus-source,0.1,0.9,0.18072289156626506,0.7192771084337349,21.518417044511008,0.520522908546342,164.95258697593812,18.376284781584285,16.933135971330074,-4.343688030727236,0.0,source,True,D2,1,176,20,8.016153573989868,8.016153573989868,0.0
CQR-target,0.1,0.9,0.6993865030674846,0.2006134969325154,16.63749877580927,0.2871344358586179,43.77779442904551,8.45083605316685,6.465740158614014,0.544607957042637,0.001001596450805664,target,True,D4,2,176,20,8.42604374885559,0.0,0.010604381561279297
GPR-target,0.1,0.9,0.37423312883435583,0.5257668711656442,6.283243656158447,0.1084379116647322,84.17876526993803,8.838079362157304,6.417625704830706,0.5019168165505943,0.011510372161865234,none,False,D4,2,176,20,8.42604374885559,0.0,0.9818158149719238
GPR-transfer,0.1,0.9,0.44171779141104295,0.4582822085889571,7.285255715890896,0.1257309057242202,57.155763998122026,6.671249475215567,5.300112641372858,0.7162078041784605,0.01200246810913086,none,False,D4,2,176,20,8.42604374885559,8.42604374885559,0.8611836433410645
TabPFN-target,0.1,0.9,0.7975460122699386,0.10245398773006142,9.955536842346191,0.17181533675320826,21.171309604877678,4.1817242650141555,3.0836652998477403,0.8884943507405577,0.9482622146606445,target,True,D4,2,176,20,8.42604374885559,0.0,0.385589599609375
WeightedCP-v2,0.1,0.9,0.04294478527607362,0.8570552147239264,3.5168500418828263,0.060694745429140606,205.08612849714677,13.477172429832493,11.806651930767643,-0.15820025115644643,0.0018918514251708984,source,True,D4,2,176,20,8.42604374885559,8.42604374885559,0.03700566291809082
JKplus-source,0.1,0.9,0.7239263803680982,0.17607361963190182,22.199133330910627,0.38311862326260143,48.440755459567804,9.934894180625074,8.228287778985594,0.37062052414786795,0.0,source,True,D4,2,176,20,8.42604374885559,8.42604374885559,0.0
CQR-target,0.1,0.9,0.9717083786724701,0.07170837867247004,90.33156949233897,1.1834346846653299,95.47851962406529,21.864499047926973,17.204584260662145,-0.7317214917807673,0.0009999275207519531,target,True,D1,0,177,20,3.8232011795043945,0.0,0.00900411605834961
GPR-target,0.1,0.9,0.28726877040261156,0.6127312295973885,6.703309535980225,0.08782011705885005,113.86391392947542,10.742716583298641,8.244052343565698,0.5819509695463547,0.007999897003173828,none,False,D1,0,177,20,3.8232011795043945,0.0,0.8339946269989014
GPR-transfer,0.1,0.9,0.3307943416757345,0.5692056583242655,9.349215794958669,0.12248415817809286,100.06953855203469,10.508294355979746,8.448310234607211,0.5999968205358326,0.009004592895507812,none,False,D1,0,177,20,3.8232011795043945,3.8232011795043945,1.331059217453003
TabPFN-target,0.1,0.9,0.985854189336235,0.08585418933623501,84.14553833007812,1.1023914361201916,84.6236868143341,15.152971909830905,11.82273406285067,0.16824653190958982,0.7311854362487793,target,True,D1,0,177,20,3.8232011795043945,0.0,0.34064793586730957
WeightedCP-v2,0.1,0.9,0.07834602829162132,0.8216539717083787,2.879147542069043,0.03771973721592881,173.34684390689,11.90061700927137,9.905283220990404,0.48697569391092976,0.002999544143676758,source,True,D1,0,177,20,3.8232011795043945,3.8232011795043945,0.04401397705078125
JKplus-source,0.1,0.9,0.6822633297062024,0.21773667029379762,24.98329619542872,0.3273063827087077,61.68423178610391,12.050842816937934,10.051156774534384,0.4739417598298994,0.0,source,True,D1,0,177,20,3.8232011795043945,3.8232011795043945,0.0
CQR-target,0.1,0.9,0.9879518072289156,0.0879518072289156,23.256527919245638,0.5625671967493944,24.30614538827962,4.643453892223407,3.6965076548023417,0.6490843440628284,0.0,target,True,D2,1,177,20,8.99646282196045,0.0,0.008999824523925781
GPR-target,0.1,0.9,0.4578313253012048,0.4421686746987952,5.971164703369141,0.14444036531022583,43.09886980861066,5.360308272386111,4.1175431125135304,0.5323725430887991,0.0075075626373291016,none,False,D2,1,177,20,8.99646282196045,0.0,1.255169153213501
GPR-transfer,0.1,0.9,0.6506024096385542,0.24939759036144582,6.211841566016875,0.15026225361669696,23.45488371626359,3.8180654990044185,2.847961219194156,0.7627494552102285,0.008038043975830078,none,False,D2,1,177,20,8.99646282196045,8.99646282196045,1.2691993713378906
TabPFN-target,0.1,0.9,0.9879518072289156,0.0879518072289156,19.43402671813965,0.4701022427053368,20.557671117208088,3.719653153221128,2.725830773962549,0.7748223099869165,0.28226232528686523,target,True,D2,1,177,20,8.99646282196045,0.0,0.3758711814880371
WeightedCP-v2,0.1,0.9,0.39759036144578314,0.5024096385542169,41.13863669565895,0.9951290925425171,215.50554102161556,19.55378591737685,18.59303392851304,-5.222747536328614,0.0039920806884765625,source,True,D2,1,177,20,8.99646282196045,8.99646282196045,0.05352616310119629
JKplus-source,0.1,0.9,0.1566265060240964,0.7433734939759036,21.5253447136876,0.5206904864170462,169.41746123849808,18.650562281874414,17.29078665549879,-4.661145650151324,0.0,source,True,D2,1,177,20,8.99646282196045,8.99646282196045,0.0
CQR-target,0.1,0.9,0.9325153374233128,0.03251533742331281,15.155932001800078,0.2615651573526119,18.54741138149846,3.7360139485441315,2.9773053768717377,0.9146908902580911,0.0009999275207519531,target,True,D4,2,177,20,7.572693347930908,0.0,0.009000301361083984
GPR-target,0.1,0.9,0.4294478527607362,0.4705521472392638,6.247370719909668,0.1078188068671191,90.44846305297807,9.842380388810813,6.605680537541155,0.4079222741316505,0.012506246566772461,none,False,D4,2,177,20,7.572693347930908,0.0,0.993922233581543
GPR-transfer,0.1,0.9,0.49693251533742333,0.4030674846625767,7.2691240076638435,0.12545250035790723,44.18310746441012,5.923386115496997,4.527752554398511,0.7855537195574053,0.013000011444091797,none,False,D4,2,177,20,7.572693347930908,7.572693347930908,0.5931587219238281
TabPFN-target,0.1,0.9,0.8895705521472392,0.010429447852760787,35.31451416015625,0.6094673987739732,48.84960095240649,10.208731720851736,7.187920412752345,0.36302554814904897,0.680142879486084,target,True,D4,2,177,20,7.572693347930908,0.0,0.35989975929260254
WeightedCP-v2,0.1,0.9,0.06748466257668712,0.832515337423313,3.008767457812753,0.05192611932058943,180.14822019837524,12.006518393403148,10.31824041689846,0.11892553908369574,0.001997232437133789,source,True,D4,2,177,20,7.572693347930908,7.572693347930908,0.0378725528717041
JKplus-source,0.1,0.9,0.7423312883435583,0.1576687116564417,22.202205399779448,0.383171641854726,47.57730750378591,9.842191073674913,8.169296853729916,0.4079450507756547,0.0,source,True,D4,2,177,20,7.572693347930908,7.572693347930908,0.0
CQR-target,0.1,0.9,0.9347116430903155,0.03471164309031549,170.25436256182502,2.236363621955358,192.99189189873266,44.11748174241073,34.48292478253148,-6.050382519664087,0.0,target,True,D1,0,178,20,3.559464931488037,0.0,0.006051540374755859
GPR-target,0.1,0.9,0.24918389553862894,0.6508161044613711,6.742884159088135,0.08857065753582595,117.90831459188618,10.882813505444538,8.524235407732775,0.5709838661127862,0.007999658584594727,none,False,D1,0,178,20,3.559464931488037,0.0,1.208388328552246
GPR-transfer,0.1,0.9,0.32317736670293795,0.5768226332970621,9.540060581398217,0.12531276211933653,113.1373318290953,11.554904894927702,9.197858748271427,0.5163580075699208,0.009003877639770508,none,False,D1,0,178,20,3.559464931488037,3.559464931488037,1.2166879177093506
TabPFN-target,0.1,0.9,0.8520130576713819,0.04798694232861811,34.39910888671875,0.4518469576014749,47.43881004009724,11.862213857775219,9.704688355837085,0.49029047431125683,0.5302748680114746,target,True,D1,0,178,20,3.559464931488037,0.0,0.5854556560516357
WeightedCP-v2,0.1,0.9,0.07834602829162132,0.8216539717083787,2.9457202921362913,0.038693291629441205,175.86634443953903,12.067337997678305,10.068399567165608,0.47251003080883147,0.005002737045288086,source,True,D1,0,178,20,3.559464931488037,3.559464931488037,0.0449976921081543
JKplus-source,0.1,0.9,0.6811751904243744,0.21882480957562567,24.988193902432723,0.3282305779475952,61.511049388163514,12.03876042013289,10.045425365208292,0.47500545044563713,0.0,source,True,D1,0,178,20,3.559464931488037,3.559464931488037,0.0
CQR-target,0.1,0.9,0.963855421686747,0.06385542168674696,78.66411646196953,1.902857195039694,82.71555746341674,17.03003443015637,12.973386486807653,-3.7377423628936963,0.0,target,True,D2,1,178,20,8.972286224365234,0.0,0.010011434555053711
GPR-target,0.1,0.9,0.37349397590361444,0.5265060240963856,6.260289192199707,0.15143418458358404,64.9232908386782,7.433115873712675,5.575960171711013,0.0974272980990678,0.00800323486328125,none,False,D2,1,178,20,8.972286224365234,0.0,1.2846579551696777
GPR-transfer,0.1,0.9,0.5060240963855421,0.3939759036144579,6.434158911187965,0.155640031679525,40.92722036715353,5.520724626633064,4.1010730130256725,0.5021109689942167,0.00893712043762207,none,False,D2,1,178,20,8.972286224365234,8.972286224365234,1.1647672653198242
TabPFN-target,0.1,0.9,0.9397590361445783,0.03975903614457832,17.290287017822266,0.41824593646927444,19.347335608608752,4.682718492398627,3.672877865527049,0.6417910035161172,0.48259592056274414,target,True,D2,1,178,20,8.972286224365234,0.0,0.38933682441711426
WeightedCP-v2,0.1,0.9,0.5301204819277109,0.36987951807228914,60.19277512347654,1.4560419716718944,194.33446978451215,19.736874682141753,18.731808885701362,-5.363516220309783,0.004503011703491211,source,True,D2,1,178,20,8.972286224365234,8.972286224365234,0.04651665687561035
JKplus-source,0.1,0.9,0.1927710843373494,0.7072289156626506,21.513353169024263,0.5204004151867503,164.15007547690706,18.306253410047965,16.791613317540794,-4.474435308709966,0.0,source,True,D2,1,178,20,8.972286224365234,8.972286224365234,0.0
CQR-target,0.1,0.9,0.8220858895705522,0.07791411042944785,21.709254319104282,0.37466415930804886,43.933168223739045,8.99625281002387,6.905768330376818,0.48126450222459516,0.0,target,True,D4,2,178,20,9.281462907791138,0.0,0.009503364562988281
GPR-target,0.1,0.9,0.3987730061349693,0.5012269938650307,6.326976299285889,0.10919266140098835,74.83465133401228,8.56048604819432,5.969451985963962,0.5303011322661907,0.0069599151611328125,none,False,D4,2,178,20,9.281462907791138,0.0,1.1138725280761719
GPR-transfer,0.1,0.9,0.3619631901840491,0.5380368098159509,6.850019811852578,0.11821948724386755,52.028125022010144,6.2730944098157915,5.197869284257164,0.7477760556227819,0.007007598876953125,none,False,D4,2,178,20,9.281462907791138,9.281462907791138,1.1650805473327637
TabPFN-target,0.1,0.9,0.7055214723926381,0.19447852760736195,8.586540222167969,0.14818882428735786,26.355699122955464,4.598613880769179,3.509075447889489,0.864457167374477,0.2790946960449219,target,True,D4,2,178,20,9.281462907791138,0.0,0.47508764266967773
WeightedCP-v2,0.1,0.9,0.04294478527607362,0.8570552147239264,3.8579166201661104,0.06658096431728212,247.21015652216747,15.831145511829451,14.06352089906191,-0.6063765184925878,0.003000020980834961,source,True,D4,2,178,20,9.281462907791138,9.281462907791138,0.04106497764587402
JKplus-source,0.1,0.9,0.7361963190184049,0.16380368098159515,22.195191639390494,0.3830505964884924,46.775839140431174,9.73687808834703,8.076335925311433,0.3923379275261355,0.0,source,True,D4,2,178,20,9.281462907791138,9.281462907791138,0.0
CQR-target,0.1,0.9,0.7421109902067464,0.1578890097932536,224.10663825260647,2.9360230344981826,914.8721587100533,158.56952737849,99.39011512202981,-90.24691030023925,0.0009996891021728516,target,True,D1,0,179,20,3.239069938659668,0.0,0.008997440338134766
GPR-target,0.1,0.9,0.27094668117519044,0.6290533188248095,7.180068492889404,0.09406614033733451,162.84630482988078,15.030766028417199,10.887690409887602,0.18013766830409927,0.011997222900390625,none,False,D1,0,179,20,3.239069938659668,0.0,0.6054863929748535
GPR-transfer,0.1,0.9,0.3057671381936888,0.5942328618063113,9.363992547314366,0.12267774854038503,115.25486293377618,11.503868616996236,9.240171021840117,0.519750932306134,0.01300191879272461,none,False,D1,0,179,20,3.239069938659668,3.239069938659668,0.6016733646392822
TabPFN-target,0.1,0.9,0.9303590859630033,0.030359085963003296,54.99308776855469,0.720464925472947,60.69376317336588,15.168080900412154,12.289426040068285,0.16508939599708694,0.5106658935546875,target,True,D1,0,179,20,3.239069938659668,0.0,0.3998255729675293
WeightedCP-v2,0.1,0.9,0.11316648531011969,0.7868335146898804,3.7132316841171735,0.04864708088079003,169.7606057033888,12.15922569569377,10.062155843008668,0.4634742827560355,0.0019986629486083984,source,True,D1,0,179,20,3.239069938659668,3.239069938659668,0.052085161209106445
JKplus-source,0.1,0.9,0.6844396082698585,0.21556039173014152,24.98786711175032,0.32736626632355115,60.93521410217614,11.991838575955173,10.002003096346726,0.478144515850774,0.0,source,True,D1,0,179,20,3.239069938659668,3.239069938659668,0.0
CQR-target,0.1,0.9,0.963855421686747,0.06385542168674696,83.98696664305061,2.0316150610240555,88.35961207787432,14.9213904799099,10.503695986542715,-2.6914794100615893,0.0,target,True,D2,1,179,20,9.251882553100586,0.0,0.009045600891113281
GPR-target,0.1,0.9,0.42168674698795183,0.4783132530120482,6.185568809509277,0.14962672491565093,57.854197435493916,6.878818868627494,5.032089486179582,0.21546990706589042,0.0069959163665771484,none,False,D2,1,179,20,9.251882553100586,0.0,0.9619879722595215
GPR-transfer,0.1,0.9,0.5301204819277109,0.36987951807228914,6.322424049837044,0.15293720484537182,38.32171640965137,5.2810252873626915,3.8282355398128733,0.5375994380227758,0.00800013542175293,none,False,D2,1,179,20,9.251882553100586,9.251882553100586,1.3498623371124268
TabPFN-target,0.1,0.9,0.9518072289156626,0.051807228915662584,28.861757278442383,0.6981557153231935,30.25079478068524,5.694688466249282,4.375330518239952,0.462322577829291,0.8426332473754883,target,True,D2,1,179,20,9.251882553100586,0.0,0.39681172370910645
WeightedCP-v2,0.1,0.9,0.6626506024096386,0.23734939759036144,118.62230753334015,2.8694317248342,185.62362449645474,19.91115936341996,18.835401234704545,-5.573171383077652,0.0010001659393310547,source,True,D2,1,179,20,9.251882553100586,9.251882553100586,0.048023223876953125
JKplus-source,0.1,0.9,0.18072289156626506,0.7192771084337349,21.50682156198053,0.5202424179191607,171.6263155992631,18.746066052589313,17.30231311997747,-4.82642479366936,0.0,source,True,D2,1,179,20,9.251882553100586,9.251882553100586,0.0
CQR-target,0.1,0.9,0.8588957055214724,0.04110429447852759,13.216565240737525,0.22809504334302783,19.225270834909796,4.39228229416317,3.4272518578543147,0.8776887946214141,0.0,target,True,D4,2,179,20,8.964465618133545,0.0,0.0060002803802490234
GPR-target,0.1,0.9,0.4601226993865031,0.43987730061349695,6.269689559936523,0.10820399142078818,57.232372216261595,7.015031718307495,4.977418534641772,0.6880068672634522,0.007001161575317383,none,False,D4,2,179,20,8.964465618133545,0.0,1.073685884475708
GPR-transfer,0.1,0.9,0.39263803680981596,0.507361963190184,7.218398957164741,0.12457707377154216,46.729290254568305,5.905896701042087,4.9303391340572285,0.7788650182234037,0.0070035457611083984,none,False,D4,2,179,20,8.964465618133545,8.964465618133545,1.2662508487701416
TabPFN-target,0.1,0.9,0.9815950920245399,0.08159509202453985,30.315855026245117,0.5231991928491745,30.646806302026807,6.644240674073779,4.8914439278120385,0.7201170338488534,0.705669641494751,target,True,D4,2,179,20,8.964465618133545,0.0,0.3799107074737549
WeightedCP-v2,0.1,0.9,0.03680981595092025,0.8631901840490798,3.049562436899431,0.05263017005945103,234.34040239389242,14.73026375548431,13.062907132838664,-0.3756463600251436,0.002001523971557617,source,True,D4,2,179,20,8.964465618133545,8.964465618133545,0.03817319869995117
JKplus-source,0.1,0.9,0.7300613496932515,0.16993865030674848,22.186208973379514,0.38289557121862916,46.3541706858501,9.766991333887649,8.149499465010596,0.3952061565194033,0.0,source,True,D4,2,179,20,8.964465618133545,8.964465618133545,0.0
CQR-target,0.1,0.9,0.8857453754080522,0.014254624591947818,55.32472920991404,0.7248097629066678,89.96820444603831,18.72353854922085,12.540930357725443,-0.2602078199773439,0.0,target,True,D1,0,180,20,3.79437518119812,0.0,0.008999824523925781
GPR-target,0.1,0.9,0.23177366702937977,0.6682263329706203,7.112009048461914,0.09317449295860304,193.19358436493152,16.85551873760736,12.495789368622193,-0.02129347507486523,0.0069997310638427734,none,False,D1,0,180,20,3.79437518119812,0.0,1.0555777549743652
GPR-transfer,0.1,0.9,0.3253536452665941,0.574646354733406,8.997491896217355,0.11787622029396821,118.06245126978754,11.838502959219177,9.193275693830065,0.496198001508945,0.008000373840332031,none,False,D1,0,180,20,3.79437518119812,3.79437518119812,1.1043288707733154
TabPFN-target,0.1,0.9,0.9532100108813928,0.053210010881392766,51.30854415893555,0.6721936873079211,56.73961791411058,11.836440138214181,8.902821846298865,0.4963735579631947,0.5302958488464355,target,True,D1,0,180,20,3.79437518119812,0.0,0.40833306312561035
WeightedCP-v2,0.1,0.9,0.11534276387377584,0.7846572361262242,4.018790166756081,0.052650205243411234,164.50423330277115,12.018762262423094,9.923994122678625,0.48073888542147714,0.0029990673065185547,source,True,D1,0,180,20,3.79437518119812,3.79437518119812,0.04921412467956543
JKplus-source,0.1,0.9,0.6887921653971708,0.21120783460282921,24.978438074322156,0.32724273642145596,60.90360133483019,11.970002857120841,9.967236901557026,0.48494356208102984,0.0,source,True,D1,0,180,20,3.79437518119812,3.79437518119812,0.0
CQR-target,0.1,0.9,0.8433734939759037,0.05662650602409636,56.180832185690896,1.5843438288169054,84.86775540419967,18.99901698663935,14.242758496804033,-5.9945411721097726,0.0,target,True,D2,1,180,20,8.197158336639404,0.0,0.009605169296264648
GPR-target,0.1,0.9,0.3253012048192771,0.574698795180723,6.469000816345215,0.18243093103555855,66.67297868383935,7.683068081042459,5.739094931820789,-0.1438427713880337,0.013000011444091797,none,False,D2,1,180,20,8.197158336639404,0.0,0.6287078857421875
GPR-transfer,0.1,0.9,0.43373493975903615,0.46626506024096387,6.9868921199476866,0.19703587473145315,39.234173285861125,5.652161057665658,4.3497036169583065,0.3809495753045048,0.013004302978515625,none,False,D2,1,180,20,8.197158336639404,8.197158336639404,0.886176586151123
TabPFN-target,0.1,0.9,0.963855421686747,0.06385542168674696,27.99787712097168,0.7895622423315303,28.590246770468102,6.001819627096059,4.606914409959173,0.3019880663364918,0.48975276947021484,target,True,D2,1,180,20,8.197158336639404,0.0,0.5029878616333008
WeightedCP-v2,0.1,0.9,0.5783132530120482,0.32168674698795185,62.57755459269402,1.764736451636962,148.71000046756265,18.502171418071978,17.286909541001833,-5.633494438637757,0.002005338668823242,source,True,D2,1,180,20,8.197158336639404,8.197158336639404,0.05299806594848633
JKplus-source,0.1,0.9,0.20481927710843373,0.6951807228915663,21.50571700241889,0.6064782006868051,157.77622691036686,17.80622117863896,16.352485040757266,-5.143848473430131,0.0,source,True,D2,1,180,20,8.197158336639404,8.197158336639404,0.0
CQR-target,0.1,0.9,0.8282208588957055,0.07177914110429451,11.54408093719706,0.19923085868098414,24.135456699996425,4.577120291881724,3.1815111899568893,0.8697991757403939,0.0009975433349609375,target,True,D4,2,180,20,8.461295366287231,0.0,0.008506298065185547
GPR-target,0.1,0.9,0.3558282208588957,0.5441717791411043,6.635074138641357,0.11450989691124541,116.15144816366532,11.970885413710077,8.146901894058944,0.10940217861476476,0.0075130462646484375,none,False,D4,2,180,20,8.461295366287231,0.0,1.0735867023468018
GPR-transfer,0.1,0.9,0.4049079754601227,0.49509202453987733,7.179407985663853,0.1239041570815788,59.23352297545237,6.828838598765756,5.453934351212738,0.7101837202201349,0.007000923156738281,none,False,D4,2,180,20,8.461295366287231,8.461295366287231,1.2172935009002686
TabPFN-target,0.1,0.9,0.7668711656441718,0.13312883435582823,16.980133056640625,0.2930477105796584,38.60584637802063,7.38915745608484,5.442719337545803,0.66067260496413,0.6490364074707031,target,True,D4,2,180,20,8.461295366287231,0.0,0.401780366897583
WeightedCP-v2,0.1,0.9,0.04294478527607362,0.8570552147239264,2.905616034250801,0.05014590426473386,247.86929614345473,15.479160081896788,13.661807381520395,-0.48910000210989546,0.001999378204345703,source,True,D4,2,180,20,8.461295366287231,8.461295366287231,0.0351412296295166
JKplus-source,0.1,0.9,0.7423312883435583,0.1576687116564417,22.20576622622105,0.38323309555670837,47.127636443806594,9.761217535867356,8.090581457757386,0.4078427322844518,0.0,source,True,D4,2,180,20,8.461295366287231,8.461295366287231,0.0
CQR-target,0.1,0.9,0.9880304678998912,0.08803046789989122,506.9445456090833,6.641484940949411,516.2941895765106,68.26494989288935,43.70804771496159,-15.794871572712577,0.0,target,True,D1,0,181,20,3.781236410140991,0.0,0.00899815559387207
GPR-target,0.1,0.9,0.24809575625680086,0.6519042437431992,6.85342264175415,0.08978675017498079,164.46981562841705,14.848700500449016,10.891447423824937,0.20538267301071989,0.007999658584594727,none,False,D1,0,181,20,3.781236410140991,0.0,1.3078691959381104
GPR-transfer,0.1,0.9,0.3514689880304679,0.5485310119695321,9.138416655564335,0.11972247680292297,100.8620334166885,10.541761104075972,8.29692754172123,0.5994954302072641,0.008000612258911133,none,False,D1,0,181,20,3.781236410140991,3.781236410140991,1.3278329372406006
TabPFN-target,0.1,0.9,0.8770402611534276,0.02295973884657243,52.82721710205078,0.6920898348634861,69.41025190550563,16.40971891367373,13.087314239767613,0.02952708397224979,0.5282342433929443,target,True,D1,0,181,20,3.781236410140991,0.0,0.6483352184295654
WeightedCP-v2,0.1,0.9,0.09466811751904244,0.8053318824809576,3.2655510731720807,0.04278201326797145,170.25685594361153,11.956590215906836,9.899374734106516,0.48477630749190137,0.005295515060424805,source,True,D1,0,181,20,3.781236410140991,3.781236410140991,0.04511094093322754
JKplus-source,0.1,0.9,0.6844396082698585,0.21556039173014152,24.981630336536647,0.32728455827674313,61.08130300409782,12.00489167530418,10.012498943694357,0.48060516465707104,0.0,source,True,D1,0,181,20,3.781236410140991,3.781236410140991,0.0
CQR-target,0.1,0.9,0.891566265060241,0.008433734939759074,14.42369214331455,0.34890401886370365,27.46285132255952,5.4938944074529745,3.623022345859239,0.5628038145637764,0.0,target,True,D2,1,181,20,8.653197526931763,0.0,0.008997917175292969
GPR-target,0.1,0.9,0.43373493975903615,0.46626506024096387,6.214193820953369,0.15031915383285382,66.71003347879433,7.494766887568015,5.3663762269537125,0.18636053281383513,0.01200723648071289,none,False,D2,1,181,20,8.653197526931763,0.0,1.1034929752349854
GPR-transfer,0.1,0.9,0.5421686746987951,0.3578313253012049,6.392537289355174,0.1546332193470934,41.2391560298071,5.376382703503193,4.029172535587734,0.5813066159563589,0.012507200241088867,none,False,D2,1,181,20,8.653197526931763,8.653197526931763,0.6871867179870605
TabPFN-target,0.1,0.9,0.8192771084337349,0.08072289156626511,14.801478385925293,0.35804253464791647,24.979160285857787,5.465156121864347,4.216947982052723,0.5673657541921937,0.2454080581665039,target,True,D2,1,181,20,8.653197526931763,0.0,0.776618480682373
WeightedCP-v2,0.1,0.9,0.6385542168674698,0.2614457831325302,127.86107140498372,3.092914159991644,210.10415025537932,19.154704361177448,17.94138937918127,-4.314551925900101,0.0029993057250976562,source,True,D2,1,181,20,8.653197526931763,8.653197526931763,0.0480494499206543
JKplus-source,0.1,0.9,0.18072289156626506,0.7192771084337349,21.5006089168004,0.5200921362264024,172.52891667568346,18.803274444115328,17.29937242294805,-4.121329488163605,0.0,source,True,D2,1,181,20,8.653197526931763,8.653197526931763,0.0
CQR-target,0.1,0.9,0.8343558282208589,0.06564417177914117,13.356665900272429,0.2305129382670813,20.806665800964588,4.599924132444233,3.4314274951316768,0.8659752107346264,0.0,target,True,D4,2,181,20,9.745065927505493,0.0,0.009647369384765625
GPR-target,0.1,0.9,0.4294478527607362,0.4705521472392638,6.309902667999268,0.10889800007276815,70.79274772522547,8.111284636842065,5.692282289157991,0.5832620233819209,0.008000373840332031,none,False,D4,2,181,20,9.745065927505493,0.0,0.8874795436859131
GPR-transfer,0.1,0.9,0.4110429447852761,0.48895705521472393,7.45588797001751,0.12867572313266182,47.09718812482452,6.006019835628424,4.836553538614881,0.771515196896419,0.00700068473815918,none,False,D4,2,181,20,9.745065927505493,9.745065927505493,0.8291687965393066
TabPFN-target,0.1,0.9,0.950920245398773,0.050920245398772934,14.259897232055664,0.24610114791302265,15.373336045914542,4.062407374651263,3.4735392247039183,0.8954676439079575,0.2601184844970703,target,True,D4,2,181,20,9.745065927505493,0.0,0.37261414527893066
WeightedCP-v2,0.1,0.9,0.049079754601226995,0.850920245398773,2.803620799291245,0.048385643023244766,183.359444191581,12.201776433820678,10.398000121099074,0.05696041689602949,0.0048999786376953125,source,True,D4,2,181,20,9.745065927505493,9.745065927505493,0.04409289360046387
JKplus-source,0.1,0.9,0.7239263803680982,0.17607361963190182,22.220105559175312,0.38348056762771443,48.092805171650916,9.875446628799116,8.166049011559783,0.3822719991308514,0.0,source,True,D4,2,181,20,9.745065927505493,9.745065927505493,0.0
CQR-target,0.1,0.9,0.9521218715995647,0.05212187159956472,153.2386657951768,2.0075811053989385,197.5091540873402,39.59223003925791,27.179712020224226,-4.663029522388315,0.0,target,True,D1,0,182,20,2.9201772212982178,0.0,0.00900125503540039
GPR-target,0.1,0.9,0.2306855277475517,0.6693144722524483,7.10914421081543,0.09313696069545474,163.50505932350282,14.873545081039907,10.987122624493786,0.20079556430374856,0.00800013542175293,none,False,D1,0,182,20,2.9201772212982178,0.0,1.2179052829742432
GPR-transfer,0.1,0.9,0.381936887921654,0.5180631120783461,9.572189428082488,0.1254053377024556,100.9186561833173,10.838711029726234,8.45905892439158,0.5755914027154532,0.008997201919555664,none,False,D1,0,182,20,2.9201772212982178,2.9201772212982178,1.2802762985229492
TabPFN-target,0.1,0.9,0.9608269858541894,0.06082698585418933,58.88395309448242,0.7714391862540029,62.25315097896008,12.565267859698555,9.41272396041986,0.4296093477348155,0.28240394592285156,target,True,D1,0,182,20,2.9201772212982178,0.0,0.3920130729675293
WeightedCP-v2,0.1,0.9,0.11643090315560392,0.7835690968443961,3.6974057594077134,0.04843974530228372,165.65792564415406,11.981032494482815,9.839199887091103,0.48141805832881324,0.004999876022338867,source,True,D1,0,182,20,2.9201772212982178,2.9201772212982178,0.04272866249084473
JKplus-source,0.1,0.9,0.6866158868335147,0.2133841131664853,24.984459879375812,0.327321628142311,61.16041498011621,12.00482128092606,9.998170905944942,0.47935668635687845,0.0,source,True,D1,0,182,20,2.9201772212982178,2.9201772212982178,0.0
CQR-target,0.1,0.9,0.9879518072289156,0.0879518072289156,183.48979427172543,4.438553319480887,186.2831605546681,26.026072440680974,18.266716325406325,-9.514837954777557,0.0,target,True,D2,1,182,20,8.977650165557861,0.0,0.00860285758972168
GPR-target,0.1,0.9,0.43373493975903615,0.46626506024096387,6.0757904052734375,0.14697122408814042,50.46857983692583,6.068810222094953,4.59011366786727,0.42826809365916463,0.006999969482421875,none,False,D2,1,182,20,8.977650165557861,0.0,1.3252079486846924
GPR-transfer,0.1,0.9,0.5783132530120482,0.32168674698795185,6.399431636534541,0.15479999117045334,29.86453540715245,4.490261065805623,3.3090323364900796,0.6870114146163557,0.007513284683227539,none,False,D2,1,182,20,8.977650165557861,8.977650165557861,0.8794271945953369
TabPFN-target,0.1,0.9,0.963855421686747,0.06385542168674696,38.005645751953125,0.9193431481073945,38.85856510759836,7.867564859131159,6.412596433708465,0.03912702388966005,0.29915666580200195,target,True,D2,1,182,20,8.977650165557861,0.0,0.7229111194610596
WeightedCP-v2,0.1,0.9,0.5542168674698795,0.3457831325301205,87.44275891038303,2.115209455472446,176.53286164633425,19.940225145823575,18.883446376942718,-5.172277323119657,0.001998424530029297,source,True,D2,1,182,20,8.977650165557861,8.977650165557861,0.053427934646606445
JKplus-source,0.1,0.9,0.20481927710843373,0.6951807228915663,21.506687277603394,0.5202391696275036,160.9587451806933,18.164123201233323,16.589049881105232,-4.1217006726963685,0.0,source,True,D2,1,182,20,8.977650165557861,8.977650165557861,0.0
CQR-target,0.1,0.9,0.6257668711656442,0.2742331288343558,12.04787365566211,0.20792544913327435,61.84855558898241,7.3955525486665366,5.701329562764574,0.6587603252067928,0.0,target,True,D4,2,182,20,9.382968187332153,0.0,0.008999109268188477
GPR-target,0.1,0.9,0.5153374233128835,0.38466257668711656,6.1413702964782715,0.10598942300402288,70.73796527185137,8.238568287577598,5.42840299265062,0.5765308701718601,0.006998300552368164,none,False,D4,2,182,20,9.382968187332153,0.0,1.2678375244140625
GPR-transfer,0.1,0.9,0.4233128834355828,0.4766871165644172,7.2639112501788,0.12536253718496249,49.44182559323716,6.107853641223939,4.8669467580047225,0.7672468815524596,0.007511615753173828,none,False,D4,2,182,20,9.382968187332153,9.382968187332153,1.3414292335510254
TabPFN-target,0.1,0.9,0.7300613496932515,0.16993865030674848,9.962592124938965,0.17193709872082114,27.500970279325443,5.145395695517452,3.8637012362525676,0.8348206234530158,0.7065050601959229,target,True,D4,2,182,20,9.382968187332153,0.0,0.4515073299407959
WeightedCP-v2,0.1,0.9,0.06134969325153374,0.8386503067484663,2.799753058991392,0.04831889251921704,217.06913311477015,13.899088801377484,12.070450724892742,-0.2052882538048726,0.0019118785858154297,source,True,D4,2,182,20,9.382968187332153,9.382968187332153,0.03600716590881348
JKplus-source,0.1,0.9,0.7116564417177914,0.1883435582822086,22.19108936686627,0.38297979836415563,49.24635749822952,10.008893505579499,8.289759223303793,0.37498505561834894,0.0,source,True,D4,2,182,20,9.382968187332153,9.382968187332153,0.0
CQR-target,0.1,0.9,0.9096844396082698,0.009684439608269813,53.02075126926934,0.6946253276866644,70.87616675096213,15.936344268561532,11.724862622923073,0.08626890796610454,0.0,target,True,D1,0,183,20,3.8197362422943115,0.0,0.008510351181030273
GPR-target,0.1,0.9,0.22742110990206746,0.6725788900979326,7.243237495422363,0.09489371799388742,204.88114732767215,18.12828495633174,13.051231629721359,-0.18237281328028732,0.0070002079010009766,none,False,D1,0,183,20,3.8197362422943115,0.0,1.1217386722564697
GPR-transfer,0.1,0.9,0.3862894450489663,0.5137105549510337,9.259895901685182,0.12131397747244914,99.69254011726301,10.692918461488432,8.248512771814353,0.5886291565405126,0.008516550064086914,none,False,D1,0,183,20,3.8197362422943115,3.8197362422943115,1.2194643020629883
TabPFN-target,0.1,0.9,0.9042437431991295,0.004243743199129457,49.747825622558594,0.651746700066044,57.418931734834324,14.784808220394767,12.037317311283813,0.21354769819759822,0.5623016357421875,target,True,D1,0,183,20,3.8197362422943115,0.0,0.42110109329223633
WeightedCP-v2,0.1,0.9,0.12731229597388466,0.7726877040261153,6.312823229835429,0.08270435253515507,164.4864801318861,11.913857410634005,9.910396654690361,0.4893235944582951,0.004996538162231445,source,True,D1,0,183,20,3.8197362422943115,3.8197362422943115,0.046518802642822266
JKplus-source,0.1,0.9,0.6855277475516867,0.21447225244831336,24.98492679152419,0.32732774516246455,60.723688813462196,11.96758344871003,9.978758010467986,0.48470737615831727,0.0,source,True,D1,0,183,20,3.8197362422943115,3.8197362422943115,0.0
CQR-target,0.1,0.9,0.9156626506024096,0.015662650602409567,254.67385361598176,6.160470574609991,312.88440204463205,82.29847403979558,70.05456161398753,-119.63793305557243,0.0,target,True,D2,1,183,20,7.7196595668792725,0.0,0.008996725082397461
GPR-target,0.1,0.9,0.4578313253012048,0.4421686746987952,6.206514358520508,0.15013339034879472,51.04287648258439,6.189822788946065,4.659994964599609,0.31757213227943915,0.008000373840332031,none,False,D2,1,183,20,7.7196595668792725,0.0,1.2921669483184814
GPR-transfer,0.1,0.9,0.6385542168674698,0.2614457831325302,6.373846042587097,0.15418108468904898,31.36274637920845,4.718356853717397,3.42497538376977,0.6034646677930493,0.008002519607543945,none,False,D2,1,183,20,7.7196595668792725,7.7196595668792725,1.0587563514709473
TabPFN-target,0.1,0.9,0.9759036144578314,0.07590361445783134,22.501367568969727,0.5443001345797466,23.02701858152826,4.724678363519556,3.8717825455263437,0.6024014242663562,0.279160737991333,target,True,D2,1,183,20,7.7196595668792725,0.0,0.6001830101013184
WeightedCP-v2,0.1,0.9,0.6385542168674698,0.2614457831325302,105.92327922939087,2.5622467151371167,185.03649875074393,20.01252248381279,18.850556132159458,-6.133521720482566,0.006996870040893555,source,True,D2,1,183,20,7.7196595668792725,7.7196595668792725,0.04775381088256836
JKplus-source,0.1,0.9,0.18072289156626506,0.7192771084337349,21.50821953912456,0.5202762344925447,166.66937525031454,18.48176547247215,17.01939928827879,-5.083972355317645,0.0,source,True,D2,1,183,20,7.7196595668792725,7.7196595668792725,0.0
CQR-target,0.1,0.9,0.9386503067484663,0.03865030674846626,36.22835987745781,0.6252387943446055,43.403019878319206,9.6567390017562,7.558696816550376,0.42217333088587516,0.0,target,True,D4,2,183,20,9.093499898910522,0.0,0.008998632431030273
GPR-target,0.1,0.9,0.3987730061349693,0.5012269938650307,6.467952251434326,0.11162566236076177,91.20306431350825,9.994421116782943,6.7987634829975825,0.38105524883666586,0.007009029388427734,none,False,D4,2,183,20,9.093499898910522,0.0,1.1051390171051025
GPR-transfer,0.1,0.9,0.4049079754601227,0.49509202453987733,8.387782503490799,0.1447586100349671,60.35232319540855,7.388484025118242,6.020979610436813,0.6617426263615758,0.007000446319580078,none,False,D4,2,183,20,9.093499898910522,9.093499898910522,0.8179607391357422
TabPFN-target,0.1,0.9,0.7361963190184049,0.16380368098159515,16.107038497924805,0.2779796094818777,31.885934857656295,6.622243422158163,5.13469612703259,0.7282641888251236,0.281949520111084,target,True,D4,2,183,20,9.093499898910522,0.0,0.787987232208252
WeightedCP-v2,0.1,0.9,0.0736196319018405,0.8263803680981595,3.2846878262897334,0.056688027370117515,181.38404823603867,12.37903924717801,10.490349927409978,0.050466098930364356,0.004005908966064453,source,True,D4,2,183,20,9.093499898910522,9.093499898910522,0.03900265693664551
JKplus-source,0.1,0.9,0.7239263803680982,0.17607361963190182,22.209331170794623,0.38329462033052164,49.79524886413016,10.087727659484715,8.372725328236132,0.3694445362891632,0.0,source,True,D4,2,183,20,9.093499898910522,9.093499898910522,0.0
CQR-target,0.1,0.9,0.9521218715995647,0.05212187159956472,71.65048786392252,0.9386936703070299,78.32960396124736,17.863570542381485,14.270209020721618,-0.1426049489531649,0.0010027885437011719,target,True,D1,0,184,20,3.8921701908111572,0.0,0.009002447128295898
GPR-target,0.1,0.9,0.1926006528835691,0.7073993471164309,7.046466827392578,0.09231582374517779,195.24115194781427,17.316131178425618,12.619265682025365,-0.07364645985355067,0.0105133056640625,none,False,D1,0,184,20,3.8921701908111572,0.0,1.2171299457550049
GPR-transfer,0.1,0.9,0.3264417845484222,0.5735582154515778,8.82078242224111,0.11556114792461025,110.20648128754625,11.098907788687677,8.730806535688915,0.5589172753899672,0.010005474090576172,none,False,D1,0,184,20,3.8921701908111572,3.8921701908111572,0.8798625469207764
TabPFN-target,0.1,0.9,0.9390642002176278,0.0390642002176278,57.19251251220703,0.7492796083415989,61.11401291308647,16.10251362266621,13.200895678963313,0.07157481555248846,0.24621009826660156,target,True,D1,0,184,20,3.8921701908111572,0.0,0.9567272663116455
WeightedCP-v2,0.1,0.9,0.1088139281828074,0.7911860718171926,3.5136555344312614,0.046032431992282685,171.42390868900287,12.1952302989594,10.054759781095548,0.467475523242907,0.0029931068420410156,source,True,D1,0,184,20,3.8921701908111572,3.8921701908111572,0.04700303077697754
JKplus-source,0.1,0.9,0.6833514689880305,0.21664853101196957,24.98088595537539,0.32727480613261684,61.624836864010454,12.04521232727232,10.038034386477046,0.48049649500706093,0.0,source,True,D1,0,184,20,3.8921701908111572,3.8921701908111572,0.0
CQR-target,0.1,0.9,0.6987951807228916,0.20120481927710843,19.571012338911387,0.4974837908982346,66.35096579054313,11.968087752257745,8.064655105269905,-1.6059588067918833,0.0,target,True,D2,1,184,20,9.881559371948242,0.0,0.008998632431030273
GPR-target,0.1,0.9,0.43373493975903615,0.46626506024096387,6.115769386291504,0.1554593132876693,70.05910687274242,7.683422153735226,5.616074553340314,-0.07405719226852958,0.011507034301757812,none,False,D2,1,184,20,9.881559371948242,0.0,1.3100018501281738
GPR-transfer,0.1,0.9,0.4457831325301205,0.45421686746987955,6.516336205493973,0.1656414896755861,46.6718343919836,5.79775178239625,4.4788507173964405,0.3884425616507873,0.013002634048461914,none,False,D2,1,184,20,9.881559371948242,9.881559371948242,0.8748276233673096
TabPFN-target,0.1,0.9,0.8554216867469879,0.04457831325301209,9.248312950134277,0.23508675515463673,19.02652581915798,3.9376261172896543,2.9729300285247438,0.7179104678457989,0.3371546268463135,target,True,D2,1,184,20,9.881559371948242,0.0,0.6888241767883301
WeightedCP-v2,0.1,0.9,0.6987951807228916,0.20120481927710843,348.07661211414205,8.847905745441356,409.6426963192312,19.59052836764135,18.22832375406044,-5.982489886256581,0.003996610641479492,source,True,D2,1,184,20,9.881559371948242,9.881559371948242,0.04601263999938965
JKplus-source,0.1,0.9,0.1686746987951807,0.7313253012048193,21.503155061881632,0.5465977391056343,173.5904319535912,18.872989119950105,17.52889870378192,-5.480363925685774,0.0,source,True,D2,1,184,20,9.881559371948242,9.881559371948242,0.0
CQR-target,0.1,0.9,0.9938650306748467,0.09386503067484664,26.162572774930055,0.45152072890080047,26.282167777896635,4.002815823850267,2.972562392512645,0.8950484729937216,0.0,target,True,D4,2,184,20,8.133315324783325,0.0,0.00999903678894043
GPR-target,0.1,0.9,0.5337423312883436,0.36625766871165644,6.440977096557617,0.11116011787104649,64.42703554416812,7.645733787990674,5.210632389541239,0.6170907208058417,0.006999969482421875,none,False,D4,2,184,20,8.133315324783325,0.0,0.7957444190979004
GPR-transfer,0.1,0.9,0.4662576687116564,0.4337423312883436,6.914830637855764,0.11933800993845754,42.62625100746123,5.612646833610397,4.450736368143601,0.7936554619714407,0.007174015045166016,none,False,D4,2,184,20,8.133315324783325,8.133315324783325,0.8514666557312012
TabPFN-target,0.1,0.9,1.0,0.09999999999999998,28.505863189697266,0.4919618661392531,28.505866208690808,4.408376267487329,3.4679645739757636,0.8727039706427121,0.27233314514160156,target,True,D4,2,184,20,8.133315324783325,0.0,0.41530513763427734
WeightedCP-v2,0.1,0.9,0.06748466257668712,0.832515337423313,3.6274038699588043,0.0626027131762374,215.80026131508725,14.129697060702695,12.362575854830848,-0.30774553922519177,0.0019996166229248047,source,True,D4,2,184,20,8.133315324783325,8.133315324783325,0.04254269599914551
JKplus-source,0.1,0.9,0.7423312883435583,0.1576687116564417,22.20920165592859,0.38329238512807356,45.680860522281385,9.615850179484072,7.9575726772536655,0.3943343798609972,0.0,source,True,D4,2,184,20,8.133315324783325,8.133315324783325,0.0
CQR-target,0.1,0.9,0.9760609357997824,0.07606093579978235,99.56986089138373,1.3191555495255984,110.39104602490585,23.006487804501965,17.53416091501965,-0.9211672387812717,0.0010001659393310547,target,True,D1,0,185,20,2.2013051509857178,0.0,0.008998870849609375
GPR-target,0.1,0.9,0.27094668117519044,0.6290533188248095,6.85479736328125,0.09081607528316228,122.61492684336301,11.483558086892364,8.728817064245845,0.5213506566766433,0.008000373840332031,none,False,D1,0,185,20,2.2013051509857178,0.0,0.5607614517211914
GPR-transfer,0.1,0.9,0.2731229597388466,0.6268770402611534,8.413442839995042,0.11146585637096428,108.60144914499277,10.54130487589151,8.64749214865561,0.5966767363781128,0.008003711700439453,none,False,D1,0,185,20,2.2013051509857178,2.2013051509857178,0.5350673198699951
TabPFN-target,0.1,0.9,0.8487486398258978,0.051251360174102256,30.233346939086914,0.4005477866332994,50.92121713698494,11.24211321777981,8.766085700200094,0.5412665240755249,0.27638864517211914,target,True,D1,0,185,20,2.2013051509857178,0.0,0.35713744163513184
WeightedCP-v2,0.1,0.9,0.07725788900979326,0.8227421109902068,3.209862823541835,0.04252600454579458,178.2153013534994,12.358522387536444,10.293623884986054,0.44563267871435275,0.0024955272674560547,source,True,D1,0,185,20,2.2013051509857178,2.2013051509857178,0.04926300048828125
JKplus-source,0.1,0.9,0.6855277475516867,0.21447225244831336,24.9846375503475,0.3310100363942422,61.41135944287455,12.015317107228686,10.006416375487307,0.4759955215977715,0.0,source,True,D1,0,185,20,2.2013051509857178,2.2013051509857178,0.0
CQR-target,0.1,0.9,0.8674698795180723,0.032530120481927716,14.377896669542533,0.35703741410410134,22.133968132441623,5.03566984725974,4.015655661024382,0.525960060634092,0.0,target,True,D2,1,185,20,3.614518642425537,0.0,0.008996963500976562
GPR-target,0.1,0.9,0.5421686746987951,0.3578313253012049,6.220250129699707,0.15446362374360742,48.508148834504276,6.122349746997908,4.271930994700236,0.29929259435399913,0.00700068473815918,none,False,D2,1,185,20,3.614518642425537,0.0,0.5031051635742188
GPR-transfer,0.1,0.9,0.5301204819277109,0.36987951807228914,6.515776714646672,0.1618022526205277,42.31516407018871,5.545547394352087,4.1979817562600745,0.4251040106458316,0.008001089096069336,none,False,D2,1,185,20,3.614518642425537,3.614518642425537,0.4987306594848633
TabPFN-target,0.1,0.9,0.9156626506024096,0.015662650602409567,11.777976036071777,0.2924751932740757,14.54258565098406,3.078260772998813,2.320608310929264,0.8228621976176312,0.2695331573486328,target,True,D2,1,185,20,3.614518642425537,0.0,0.33557653427124023
WeightedCP-v2,0.1,0.9,0.5783132530120482,0.32168674698795185,78.26129116647908,1.9434142326060329,175.43746534587046,19.136940788804385,17.96886683629781,-5.846135059334439,0.0019974708557128906,source,True,D2,1,185,20,3.614518642425537,3.614518642425537,0.04554891586303711
JKplus-source,0.1,0.9,0.1686746987951807,0.7313253012048193,21.512888277956833,0.5342162471471237,164.68575042324528,18.287591405549506,16.987321737559384,-5.251920631552146,0.0,source,True,D2,1,185,20,3.614518642425537,3.614518642425537,0.0
CQR-target,0.1,0.9,0.9263803680981595,0.026380368098159468,32.02036901558728,0.55261615445728,42.438405843539066,7.28792745353243,5.8130746458842895,0.6726000514590578,0.0,target,True,D4,2,185,20,4.725741147994995,0.0,0.009507417678833008
GPR-target,0.1,0.9,0.3619631901840491,0.5380368098159509,6.374805927276611,0.1100181180057042,85.03782835872711,9.39440979194307,6.444459785661764,0.4559866890649831,0.007504940032958984,none,False,D4,2,185,20,4.725741147994995,0.0,0.5299868583679199
GPR-transfer,0.1,0.9,0.49693251533742333,0.4030674846625767,8.436928266396551,0.1456067808506009,49.138237267813565,6.677946530762013,5.291687399404989,0.7251116085960667,0.0070002079010009766,none,False,D4,2,185,20,4.725741147994995,4.725741147994995,0.6636543273925781
TabPFN-target,0.1,0.9,0.8220858895705522,0.07791411042944785,15.32832145690918,0.2645403010089827,23.19828121773723,5.776967751115643,4.8022695687671915,0.7942828914773856,0.2657153606414795,target,True,D4,2,185,20,4.725741147994995,0.0,0.3618617057800293
WeightedCP-v2,0.1,0.9,0.024539877300613498,0.8754601226993866,2.495710994418637,0.04307165266274762,212.4978153516091,13.328859798765638,11.734739773995129,-0.09510692351339789,0.003992795944213867,source,True,D4,2,185,20,4.725741147994995,4.725741147994995,0.03652381896972656
JKplus-source,0.1,0.9,0.6993865030674846,0.2006134969325154,22.229652945552303,0.38364533899378467,51.078967410213835,10.229009525814817,8.494280573283959,0.3550327077132649,0.0,source,True,D4,2,185,20,4.725741147994995,4.725741147994995,0.0
CQR-target,0.1,0.9,0.8226332970620239,0.0773667029379761,69.90735541244405,0.9158568767625506,122.43587882519155,26.58702058792483,20.28482142853347,-1.5372361303901632,0.0010023117065429688,target,True,D1,0,186,20,2.3734660148620605,0.0,0.009001970291137695
GPR-target,0.1,0.9,0.21218715995647444,0.6878128400435256,7.096180438995361,0.0929671222070705,187.32089635311453,16.67774070618818,12.192187242891896,0.0016197566243306705,0.009002685546875,none,False,D1,0,186,20,2.3734660148620605,0.0,0.6361231803894043
GPR-transfer,0.1,0.9,0.3558215451577802,0.5441784548422198,9.559005792304403,0.12523261877442785,105.31334998478052,11.080782758114903,8.735887874084673,0.5592803399179404,0.011999845504760742,none,False,D1,0,186,20,2.3734660148620605,2.3734660148620605,0.538029670715332
TabPFN-target,0.1,0.9,0.8302502720348205,0.06974972796517953,39.91351318359375,0.5229072864976376,66.19037675992449,14.816982233085009,11.589960650920348,0.21197306209571887,0.3476700782775879,target,True,D1,0,186,20,2.3734660148620605,0.0,0.3647899627685547
WeightedCP-v2,0.1,0.9,0.07834602829162132,0.8216539717083787,2.680445255373989,0.03511653681413368,178.55374100099493,12.214253431374905,10.0798854525841,0.46450502834887,0.0035071372985839844,source,True,D1,0,186,20,2.3734660148620605,2.3734660148620605,0.045549869537353516
JKplus-source,0.1,0.9,0.6844396082698585,0.21556039173014152,24.9843761333418,0.3273205309847845,61.40107192629997,12.019032115750544,10.015222421393265,0.48148594296988034,0.0,source,True,D1,0,186,20,2.3734660148620605,2.3734660148620605,0.0
CQR-target,0.1,0.9,0.9156626506024096,0.015662650602409567,185.71428311149407,4.492362918881723,212.67678154877058,42.30636356648792,28.63971962345803,-29.452651534735338,0.0,target,True,D2,1,186,20,5.459908485412598,0.0,0.009000062942504883
GPR-target,0.1,0.9,0.37349397590361444,0.5265060240963856,6.47014045715332,0.15651041256865544,78.96113881030715,8.215115940438348,6.236395491634506,-0.14826231669570733,0.013506412506103516,none,False,D2,1,186,20,5.459908485412598,0.0,0.7091026306152344
GPR-transfer,0.1,0.9,0.5060240963855421,0.3939759036144579,6.599324381495097,0.15963532607398992,44.65633052104941,5.812456539431359,4.415308687146066,0.4251782987449664,0.009999513626098633,none,False,D2,1,186,20,5.459908485412598,5.459908485412598,0.5525949001312256
TabPFN-target,0.1,0.9,0.963855421686747,0.06385542168674696,17.7925968170166,0.4303966331086752,19.1835433316518,4.224334200388515,3.391366461328713,0.6963800831297766,0.27118825912475586,target,True,D2,1,186,20,5.459908485412598,0.0,0.42420196533203125
WeightedCP-v2,0.1,0.9,0.6144578313253012,0.28554216867469884,122.94083391747037,2.973895352872071,203.50616526995938,19.60848513958041,18.561751663316326,-5.54186842811443,0.001993417739868164,source,True,D2,1,186,20,5.459908485412598,5.459908485412598,0.04552578926086426
JKplus-source,0.1,0.9,0.1566265060240964,0.7433734939759036,21.530382956831605,0.5208123597393198,172.2034650771033,18.77454147247329,17.36459392774858,-4.997253363003354,0.0,source,True,D2,1,186,20,5.459908485412598,5.459908485412598,0.0
CQR-target,0.1,0.9,0.8895705521472392,0.010429447852760787,47.29472682633112,0.826241071613096,69.80659735463048,14.883868053669557,10.847560010639464,-0.42145551355919086,0.0,target,True,D4,2,186,20,6.248211622238159,0.0,0.00955653190612793
GPR-target,0.1,0.9,0.4601226993865031,0.43987730061349695,6.416971206665039,0.11210478465758805,61.101171928663916,7.452926453771436,5.121549734735,0.6435855354461104,0.006999492645263672,none,False,D4,2,186,20,6.248211622238159,0.0,0.5365617275238037
GPR-transfer,0.1,0.9,0.49079754601226994,0.4092024539877301,7.043978571160439,0.12305863240159395,39.77629173997744,5.252663537237464,4.0447245739494635,0.822964315252201,0.007999658584594727,none,False,D4,2,186,20,6.248211622238159,6.248211622238159,0.7225127220153809
TabPFN-target,0.1,0.9,0.9754601226993865,0.07546012269938651,35.09320068359375,0.6130798438823597,37.253478105435775,7.829315402765324,5.9711702359607886,0.6066771045639596,0.37593770027160645,target,True,D4,2,186,20,6.248211622238159,0.0,0.41184401512145996
WeightedCP-v2,0.1,0.9,0.06748466257668712,0.832515337423313,3.564684419653052,0.062275202173635746,211.48925955781093,13.741782358676586,12.12740431845812,-0.21167955955240503,0.0019927024841308594,source,True,D4,2,186,20,6.248211622238159,6.248211622238159,0.038991451263427734
JKplus-source,0.1,0.9,0.7300613496932515,0.16993865030674848,22.189862466666877,0.38765792665914267,47.95169006838863,9.862581823376523,8.169565054066101,0.37585874724444157,0.0,source,True,D4,2,186,20,6.248211622238159,6.248211622238159,0.0
CQR-target,0.1,0.9,0.9292709466811752,0.029270946681175136,89.80853820573923,1.1765824471894852,104.44439109686904,22.791367326630784,16.941580903422793,-0.880511073884257,0.0,target,True,D1,0,187,20,2.366823196411133,0.0,0.009001493453979492
GPR-target,0.1,0.9,0.23394994559303592,0.6660500544069641,6.926190376281738,0.0907400809036334,168.00243484966123,15.524870043159595,11.118412918427046,0.12744847728022435,0.008000612258911133,none,False,D1,0,187,20,2.366823196411133,0.0,0.6141648292541504
GPR-transfer,0.1,0.9,0.2916213275299238,0.6083786724700762,9.159384499696186,0.11999717671290731,105.75731424820233,10.733360651697831,8.763040982232434,0.5829322793096847,0.00800180435180664,none,False,D1,0,187,20,2.366823196411133,2.366823196411133,0.5878372192382812
TabPFN-target,0.1,0.9,0.9270946681175191,0.02709466811751904,45.036659240722656,0.5900256679526058,50.74004698910054,12.918392777734582,10.660140656148517,0.39583981155448156,0.2846565246582031,target,True,D1,0,187,20,2.366823196411133,0.0,0.4114649295806885
WeightedCP-v2,0.1,0.9,0.1044613710554951,0.7955386289445049,3.638568917573642,0.04766892332106581,165.9873353754444,11.867760049848693,9.839824010319658,0.49011451659138905,0.0035080909729003906,source,True,D1,0,187,20,2.366823196411133,2.366823196411133,0.0491642951965332
JKplus-source,0.1,0.9,0.6822633297062024,0.21773667029379762,24.985744367859226,0.3273384562372048,61.55824009357985,12.032292417773458,10.012898448982021,0.4758786032290504,0.0,source,True,D1,0,187,20,2.366823196411133,2.366823196411133,0.0
CQR-target,0.1,0.9,0.927710843373494,0.027710843373493943,19.14993927153988,0.540043408520571,29.446136975385656,6.25254205950513,3.9671585145485473,0.3039038348279892,0.0,target,True,D2,1,187,20,5.350188493728638,0.0,0.007999658584594727
GPR-target,0.1,0.9,0.3855421686746988,0.5144578313253012,6.235626697540283,0.1758495966097515,71.06217413293308,7.637692860703953,5.6183750354812805,-0.03867667078140058,0.007000446319580078,none,False,D2,1,187,20,5.350188493728638,0.0,0.6274540424346924
GPR-transfer,0.1,0.9,0.5301204819277109,0.36987951807228914,6.747129112841135,0.19027436861078376,42.50346661880632,5.509964803010671,4.216164637793743,0.45942787545207486,0.008000373840332031,none,False,D2,1,187,20,5.350188493728638,5.350188493728638,0.6437208652496338
TabPFN-target,0.1,0.9,1.0,0.09999999999999998,21.430986404418945,0.6043707388148686,21.430985186473432,3.552251670470296,2.8429874640775012,0.7753204983603559,0.2868320941925049,target,True,D2,1,187,20,5.350188493728638,0.0,0.37153100967407227
WeightedCP-v2,0.1,0.9,0.5903614457831325,0.3096385542168675,126.84577950278768,3.57715114120181,209.15831698652983,19.446314476244748,18.358840053651864,-5.733340964353669,0.0029997825622558594,source,True,D2,1,187,20,5.350188493728638,5.350188493728638,0.048065900802612305
JKplus-source,0.1,0.9,0.20481927710843373,0.6951807228915663,21.49863245213977,0.6062784107748728,159.3875865370391,18.005815589102337,16.503421645173816,-4.772734626607635,0.0,source,True,D2,1,187,20,5.350188493728638,5.350188493728638,0.0
CQR-target,0.1,0.9,0.9938650306748467,0.09386503067484664,63.285605568076186,1.0922000294408243,63.349748865151746,8.748945657685185,6.742230806918857,0.5126612423517647,0.0,target,True,D4,2,187,20,6.089367628097534,0.0,0.009003162384033203
GPR-target,0.1,0.9,0.3987730061349693,0.5012269938650307,6.7656731605529785,0.11676381001354445,78.17513213232837,8.903850632896734,6.225677506363888,0.49525125763089717,0.007002830505371094,none,False,D4,2,187,20,6.089367628097534,0.0,0.7103359699249268
GPR-transfer,0.1,0.9,0.4294478527607362,0.4705521472392638,7.275636044016645,0.12556488683556521,55.373019626446045,6.687773939611147,5.12753851757683,0.7152375747197763,0.008000850677490234,none,False,D4,2,187,20,6.089367628097534,6.089367628097534,0.5138914585113525
TabPFN-target,0.1,0.9,0.9202453987730062,0.02024539877300613,13.017318725585938,0.22465639330940437,15.977341596349474,3.758741593380016,2.937311203129944,0.9100493194679644,0.27263855934143066,target,True,D4,2,187,20,6.089367628097534,0.0,0.4827413558959961
WeightedCP-v2,0.1,0.9,0.049079754601226995,0.850920245398773,3.3491724390288002,0.057800920188316555,209.54591893451445,13.80074963112616,11.955002304031517,-0.2126203941943623,0.0029921531677246094,source,True,D4,2,187,20,6.089367628097534,6.089367628097534,0.040512800216674805
JKplus-source,0.1,0.9,0.7177914110429447,0.18220858895705527,22.193896394937706,0.3830282428107995,50.19511922345602,10.016658933261919,8.24522087707526,0.36119944253643776,0.0,source,True,D4,2,187,20,6.089367628097534,6.089367628097534,0.0
CQR-target,0.1,0.9,0.956474428726877,0.056474428726877024,179.81175060770974,2.3557153227322494,214.82544095241488,43.50667857005619,31.17859424368604,-5.9063108974849365,0.0,target,True,D1,0,188,20,2.3827788829803467,0.0,0.006999015808105469
GPR-target,0.1,0.9,0.2992383025027203,0.6007616974972797,7.306430816650391,0.09572161424987784,142.16439842477328,13.425407639278891,9.839714966692005,0.3423584734883971,0.009999990463256836,none,False,D1,0,188,20,2.3827788829803467,0.0,0.6700601577758789
GPR-transfer,0.1,0.9,0.3394994559303591,0.5605005440696409,8.841343132014892,0.11583051396379651,97.2168162069823,10.254192636994091,8.050083243166064,0.6163482264302023,0.011000633239746094,none,False,D1,0,188,20,2.3827788829803467,2.3827788829803467,0.5783872604370117
TabPFN-target,0.1,0.9,0.9085963003264418,0.008596300326441764,36.97042465209961,0.4843498578181071,47.68407720040704,11.01178854661988,8.424528451863518,0.5575644730154399,0.30850982666015625,target,True,D1,0,188,20,2.3827788829803467,0.0,0.4043455123901367
WeightedCP-v2,0.1,0.9,0.117519042437432,0.782480957562568,3.7966534191224137,0.04973998976319945,169.1572837530097,12.15923603362494,10.04417882422165,0.46055540696042496,0.001992464065551758,source,True,D1,0,188,20,2.3827788829803467,2.3827788829803467,0.04700160026550293
JKplus-source,0.1,0.9,0.6844396082698585,0.21556039173014152,24.985359150662617,0.3273334095033314,61.35338496369536,12.006564374023661,9.988846044351625,0.4740169200296578,0.0,source,True,D1,0,188,20,2.3827788829803467,2.3827788829803467,0.0
CQR-target,0.1,0.9,0.963855421686747,0.06385542168674696,34.364537319730964,0.8312660210793009,37.07635478529328,6.71198657943381,4.633015407781884,0.31671628453541956,0.0,target,True,D2,1,188,20,5.5982506275177,0.0,0.009999513626098633
GPR-target,0.1,0.9,0.3855421686746988,0.5144578313253012,6.010500431060791,0.14539188267070324,60.99870211589767,6.8174141384574245,5.222957671751459,0.29508254369018205,0.004999399185180664,none,False,D2,1,188,20,5.5982506275177,0.0,0.7972548007965088
GPR-transfer,0.1,0.9,0.46987951807228917,0.43012048192771085,6.10749276862087,0.1477380930610423,37.90354948493562,5.1729125760571595,3.9527275218227724,0.5941465996040695,0.004000425338745117,none,False,D2,1,188,20,5.5982506275177,5.5982506275177,0.6355884075164795
TabPFN-target,0.1,0.9,0.8795180722891566,0.02048192771084345,12.492369651794434,0.30218600988806416,16.299577391291237,4.019029329381261,3.266029944362411,0.7550140024125203,0.26279616355895996,target,True,D2,1,188,20,5.5982506275177,0.0,0.4044158458709717
WeightedCP-v2,0.1,0.9,0.6385542168674698,0.2614457831325302,330.18526415669686,7.9870649268704925,405.85083559197165,18.40375844153601,17.063903236857183,-4.137028321707724,0.0035114288330078125,source,True,D2,1,188,20,5.5982506275177,5.5982506275177,0.05001354217529297
JKplus-source,0.1,0.9,0.1927710843373494,0.7072289156626506,21.51826555471746,0.5205192440617383,164.19011749493262,18.343339713700487,16.784661653244537,-4.103354412428457,0.0,source,True,D2,1,188,20,5.5982506275177,5.5982506275177,0.0
CQR-target,0.1,0.9,0.9325153374233128,0.03251533742331281,18.766453602951035,0.323876511785839,22.031828169731366,4.412237193926637,3.4305610445261494,0.8758262551578164,0.0009996891021728516,target,True,D4,2,188,20,5.787832498550415,0.0,0.009001731872558594
GPR-target,0.1,0.9,0.4233128834355828,0.4766871165644172,6.33984375,0.10941473133178269,64.02227893936886,7.723283707824698,5.3490552243922185,0.6195338240696557,0.007999658584594727,none,False,D4,2,188,20,5.787832498550415,0.0,0.7196183204650879
GPR-transfer,0.1,0.9,0.6441717791411042,0.2558282208588958,7.5125137253041645,0.12965298567184483,26.07084431922423,4.430904719472896,3.4415822399492404,0.8747733107918672,0.00800013542175293,none,False,D4,2,188,20,5.787832498550415,5.787832498550415,0.5526037216186523
TabPFN-target,0.1,0.9,0.9141104294478528,0.01411042944785279,17.525087356567383,0.3024526786933577,23.103463580533294,5.364863997644512,4.195667926122745,0.816418248129057,0.26532721519470215,target,True,D4,2,188,20,5.787832498550415,0.0,0.5112483501434326
WeightedCP-v2,0.1,0.9,0.04294478527607362,0.8570552147239264,3.180990338166076,0.054898388184951366,226.3914793328384,14.617746363620688,12.720354671719987,-0.3629280206281784,0.001999378204345703,source,True,D4,2,188,20,5.787832498550415,5.787832498550415,0.036917924880981445
JKplus-source,0.1,0.9,0.7239263803680982,0.17607361963190182,22.213724543975857,0.3833704423484168,47.508240064603704,9.894012821743715,8.284929935191204,0.37560845451479674,0.0,source,True,D4,2,188,20,5.787832498550415,5.787832498550415,0.0
CQR-target,0.1,0.9,0.9934711643090316,0.09347116430903157,155.50090507120896,2.0372187220075566,156.38533782123542,27.395536672156016,21.93558618345158,-1.7296875688812743,0.0,target,True,D1,0,189,20,2.44787859916687,0.0,0.00599980354309082
GPR-target,0.1,0.9,0.28944504896626766,0.6105549510337324,7.075972080230713,0.0927023723215471,130.8932382966541,12.384230590731166,9.195224213377047,0.44218347417178205,0.007503986358642578,none,False,D1,0,189,20,2.44787859916687,0.0,0.5677053928375244
GPR-transfer,0.1,0.9,0.35799782372143635,0.5420021762785636,8.903248852822156,0.11664154135537458,107.85038271021585,11.281917852798038,8.544237714461897,0.537065888512253,0.009506702423095703,none,False,D1,0,189,20,2.44787859916687,2.44787859916687,0.6680488586425781
TabPFN-target,0.1,0.9,0.9477693144722524,0.04776931447225241,70.62451171875,0.9252523478251996,77.1205140554866,16.61832259158517,12.549018860610449,-0.004448529042093252,0.4043464660644531,target,True,D1,0,189,20,2.44787859916687,0.0,0.36922574043273926
WeightedCP-v2,0.1,0.9,0.07616974972796518,0.8238302502720348,3.107654694857692,0.04071341142998242,172.22198271126635,11.992854405740992,9.94975876201383,0.4768834749043319,0.0029993057250976562,source,True,D1,0,189,20,2.44787859916687,2.44787859916687,0.04763031005859375
JKplus-source,0.1,0.9,0.6898803046789989,0.21011969532100117,24.981219424368252,0.3272791749128188,60.28353449339922,11.911125521056197,9.925735912764422,0.48398904788794395,0.0,source,True,D1,0,189,20,2.44787859916687,2.44787859916687,0.0
CQR-target,0.1,0.9,0.9518072289156626,0.051807228915662584,111.83560619218993,3.153852401597615,125.81689891674057,19.478898886571347,11.427566603880551,-6.294780266430902,0.0,target,True,D2,1,189,20,6.538217067718506,0.0,0.009000539779663086
GPR-target,0.1,0.9,0.3253012048192771,0.574698795180723,6.579221248626709,0.18553923425751037,82.3323194710605,8.646103640931289,6.523098041120783,-0.4372234096279273,0.006532192230224609,none,False,D2,1,189,20,6.538217067718506,0.0,0.6868135929107666
GPR-transfer,0.1,0.9,0.39759036144578314,0.5024096385542169,6.8927839577916155,0.19438195024951485,52.722977983825515,6.470825883074497,5.139641444646601,0.19498710678865638,0.006999969482421875,none,False,D2,1,189,20,6.538217067718506,6.538217067718506,0.6003224849700928
TabPFN-target,0.1,0.9,1.0,0.09999999999999998,27.275211334228516,0.7691824965182373,27.275215332766614,4.1003158289234465,3.1124157549387,0.6767652623621847,0.284376859664917,target,True,D2,1,189,20,6.538217067718506,0.0,0.6438853740692139
WeightedCP-v2,0.1,0.9,0.5662650602409639,0.3337349397590361,85.94610237113262,2.423747951125075,168.59419153467528,18.090307372993543,16.738242335833043,-5.291805667024824,0.002984762191772461,source,True,D2,1,189,20,6.538217067718506,6.538217067718506,0.04700183868408203
JKplus-source,0.1,0.9,0.21686746987951808,0.6831325301204819,21.496594212089246,0.6062209307960248,155.45892447660893,17.709275538514554,16.227900886980837,-5.029551355580307,0.0,source,True,D2,1,189,20,6.538217067718506,6.538217067718506,0.0
CQR-target,0.1,0.9,0.9386503067484663,0.03865030674846626,75.19503782976909,1.2977362197021687,87.87666655254158,17.53772907990605,12.135000563021439,-0.872224733229733,0.0,target,True,D4,2,189,20,5.490631103515625,0.0,0.008999824523925781
GPR-target,0.1,0.9,0.31901840490797545,0.5809815950920245,6.4725422859191895,0.11170487841241367,146.26757396406626,14.1934574596201,9.693209567996846,-0.22627440972282575,0.004999637603759766,none,False,D4,2,189,20,5.490631103515625,0.0,0.5939469337463379
GPR-transfer,0.1,0.9,0.4601226993865031,0.43987730061349695,6.855896581170017,0.11832091011189431,51.17389705771999,6.446467162103474,4.894101322252769,0.7470382751112334,0.005002737045288086,none,False,D4,2,189,20,5.490631103515625,5.490631103515625,0.666489839553833
TabPFN-target,0.1,0.9,0.9141104294478528,0.01411042944785279,30.012863159179688,0.5179700775841998,38.70087722286401,8.089934265755158,5.623917629371054,0.6016165850498425,0.24140191078186035,target,True,D4,2,189,20,5.490631103515625,0.0,0.4371061325073242
WeightedCP-v2,0.1,0.9,0.06134969325153374,0.8386503067484663,2.9812907011359244,0.05145191805188089,224.74435920411156,14.526699711282877,12.518427653680709,-0.2845327539102671,0.0019943714141845703,source,True,D4,2,189,20,5.490631103515625,5.490631103515625,0.038140058517456055
JKplus-source,0.1,0.9,0.7361963190184049,0.16380368098159515,22.1912145623761,0.38298195902199084,47.46208072977783,9.820464338207952,8.12067489169509,0.4129497054834712,0.0,source,True,D4,2,189,20,5.490631103515625,5.490631103515625,0.0
CQR-target,0.1,0.9,0.9782372143634385,0.07823721436343845,327.36247991381947,4.288778722270821,348.4719419192462,64.6139265082836,44.26583419182542,-14.20932065803041,0.0,target,True,D1,0,190,20,2.3887674808502197,0.0,0.00899958610534668
GPR-target,0.1,0.9,0.20674646354733406,0.693253536452666,6.887485504150391,0.09023300803416823,147.27330647033762,13.327347848669486,10.110818496409387,0.3529393112434186,0.007999420166015625,none,False,D1,0,190,20,2.3887674808502197,0.0,0.5332834720611572
GPR-transfer,0.1,0.9,0.27856365614798695,0.6214363438520131,9.4502108006275,0.12380729463368831,132.5979144544182,12.433151984360642,10.265146941083405,0.43685525665749625,0.00901031494140625,none,False,D1,0,190,20,2.3887674808502197,2.3887674808502197,0.5374057292938232
TabPFN-target,0.1,0.9,0.9194776931447225,0.019477693144722474,69.21564483642578,0.9067947704357112,76.30866070271057,19.212611853132465,15.523854501950469,-0.3447153651499564,0.2853119373321533,target,True,D1,0,190,20,2.3887674808502197,0.0,0.3775014877319336
WeightedCP-v2,0.1,0.9,0.10228509249183895,0.7977149075081611,3.6692204511250344,0.048070489331119216,165.3774619995314,11.791166669088476,9.829511505154004,0.493509730989924,0.002502918243408203,source,True,D1,0,190,20,2.3887674808502197,2.3887674808502197,0.04727816581726074
JKplus-source,0.1,0.9,0.6844396082698585,0.21556039173014152,24.98434495378589,0.32732012250114884,61.15734542205813,12.002437220224435,10.00530012989098,0.47519684709407195,0.0,source,True,D1,0,190,20,2.3887674808502197,2.3887674808502197,0.0
CQR-target,0.1,0.9,0.927710843373494,0.027710843373493943,36.0212070644165,0.8713402771094121,40.78987059242331,8.473064827640108,5.912703850944032,-0.15040720394191776,0.0,target,True,D2,1,190,20,6.2178122997283936,0.0,0.008999347686767578
GPR-target,0.1,0.9,0.5301204819277109,0.36987951807228914,6.20117712020874,0.15000428443901057,35.248384404469675,4.881947247153807,3.790132976669863,0.6180938089863379,0.011000394821166992,none,False,D2,1,190,20,6.2178122997283936,0.0,0.5457892417907715
GPR-transfer,0.1,0.9,0.5662650602409639,0.3337349397590361,6.341974913355815,0.15341013332902065,23.834514334814152,4.0769121410629365,3.2366875221399307,0.7336619357890053,0.01050567626953125,none,False,D2,1,190,20,6.2178122997283936,6.2178122997283936,0.6577191352844238
TabPFN-target,0.1,0.9,0.8313253012048193,0.06867469879518073,15.94960880279541,0.38581540394139463,25.96504677462291,5.768216589284172,4.569051362922393,0.46684479593973627,0.3336455821990967,target,True,D2,1,190,20,6.2178122997283936,0.0,0.40331363677978516
WeightedCP-v2,0.1,0.9,0.7108433734939759,0.18915662650602416,75.83257404744877,1.834363184061566,125.79695330726642,18.20503606527655,17.04542436393414,-4.310722653439051,0.0025691986083984375,source,True,D2,1,190,20,6.2178122997283936,6.2178122997283936,0.04751753807067871
JKplus-source,0.1,0.9,0.20481927710843373,0.6951807228915663,21.55672265895381,0.5214495078311396,157.8089262369644,17.940765802589333,16.445847292120146,-4.157657372025271,0.0,source,True,D2,1,190,20,6.2178122997283936,6.2178122997283936,0.0
CQR-target,0.1,0.9,0.9938650306748467,0.09386503067484664,36.549316897205344,0.630777957054211,36.790489149480706,5.770969248383105,4.179578159978358,0.7838369327758866,0.0,target,True,D4,2,190,20,5.529338359832764,0.0,0.007999897003173828
GPR-target,0.1,0.9,0.44171779141104295,0.4582822085889571,6.374057769775391,0.11000520610200154,67.6653675907415,7.68867709407886,5.5073506762882465,0.61630404762894,0.00800013542175293,none,False,D4,2,190,20,5.529338359832764,0.0,0.7146244049072266
GPR-transfer,0.1,0.9,0.39263803680981596,0.507361963190184,7.844463813524305,0.13538186971857993,62.74213382156369,7.395155204199595,5.872967966252033,0.645040699330069,0.007002353668212891,none,False,D4,2,190,20,5.529338359832764,5.529338359832764,0.5508453845977783
TabPFN-target,0.1,0.9,0.9877300613496932,0.08773006134969319,29.846752166748047,0.5151032893280754,29.997478462229736,7.095514338081562,5.664261573748848,0.6732228070245778,0.2672264575958252,target,True,D4,2,190,20,5.529338359832764,0.0,0.5173280239105225
WeightedCP-v2,0.1,0.9,0.024539877300613498,0.8754601226993866,3.315012383354997,0.057211376745100316,223.36892216149198,14.695695768638693,12.640536440882256,-0.4017297121708101,0.001953601837158203,source,True,D4,2,190,20,5.529338359832764,5.529338359832764,0.03764986991882324
JKplus-source,0.1,0.9,0.7116564417177914,0.1883435582822086,22.201471620961357,0.3831589781022103,50.72116872658687,10.130990412089897,8.394767106433324,0.33382584061661336,0.0,source,True,D4,2,190,20,5.529338359832764,5.529338359832764,0.0
CQR-target,0.1,0.9,0.8346028291621328,0.06539717083786722,287.13321120341897,3.7617347198454296,394.0640187482045,94.8013910123969,74.24080784464756,-31.74353121650568,0.0010001659393310547,target,True,D1,0,191,20,2.45703387260437,0.0,0.009000062942504883
GPR-target,0.1,0.9,0.21109902067464636,0.6889009793253537,6.993372917175293,0.09162023996147113,142.5030717316338,12.365968871909885,9.935484380296577,0.4428753267965545,0.007999658584594727,none,False,D1,0,191,20,2.45703387260437,0.0,0.5743918418884277
GPR-transfer,0.1,0.9,0.2807399347116431,0.6192600652883569,10.016485444609566,0.1312260637141007,116.96132749180879,11.7042995095894,9.65951196253561,0.5009007147529931,0.008999824523925781,none,False,D1,0,191,20,2.45703387260437,2.45703387260437,0.7321381568908691
TabPFN-target,0.1,0.9,0.9923830250272034,0.09238302502720341,70.0498046875,0.9177231059651877,70.55773709269161,16.373554253586445,13.631756848157812,0.023253146610153874,0.4580814838409424,target,True,D1,0,191,20,2.45703387260437,0.0,0.3735837936401367
WeightedCP-v2,0.1,0.9,0.07725788900979326,0.8227421109902068,2.6908864208223444,0.03525332661430383,180.33410741100957,12.205546029768016,10.173660391925397,0.4572366426369153,0.0030019283294677734,source,True,D1,0,191,20,2.45703387260437,2.45703387260437,0.049019575119018555
JKplus-source,0.1,0.9,0.6855277475516867,0.21447225244831336,24.98218713091036,0.32729185284471957,61.15079099372439,12.000383475663305,10.003414848514891,0.4753298664591692,0.0,source,True,D1,0,191,20,2.45703387260437,2.45703387260437,0.0
CQR-target,0.1,0.9,1.0,0.09999999999999998,193.2701462099848,4.675136578694567,193.2701462099848,24.51210734080301,19.205409774922714,-8.777447513840832,0.0,target,True,D2,1,191,20,5.722247362136841,0.0,0.007502555847167969
GPR-target,0.1,0.9,0.4939759036144578,0.4060240963855422,6.1708455085754395,0.1492705734659587,51.21525094365498,6.261042293413496,4.434263667830502,0.36209285191698126,0.009999990463256836,none,False,D2,1,191,20,5.722247362136841,0.0,0.6845352649688721
GPR-transfer,0.1,0.9,0.5783132530120482,0.32168674698795185,6.464448440505798,0.15637272469622812,33.9595160456218,4.840247792174902,3.6141877881801268,0.618759188924195,0.006999969482421875,none,False,D2,1,191,20,5.722247362136841,5.722247362136841,0.5744180679321289
TabPFN-target,0.1,0.9,0.9879518072289156,0.0879518072289156,13.740011215209961,0.332366018671657,14.346151613901899,2.753774804401121,2.0491222565432627,0.8765983297754846,0.2533130645751953,target,True,D2,1,191,20,5.722247362136841,0.0,0.35638880729675293
WeightedCP-v2,0.1,0.9,0.5903614457831325,0.3096385542168675,113.75478246103307,2.7516880124217753,200.99394887024843,20.108696031757162,18.997594224077023,-5.580092704421336,0.002002239227294922,source,True,D2,1,191,20,5.722247362136841,5.722247362136841,0.050618886947631836
JKplus-source,0.1,0.9,0.1927710843373494,0.7072289156626506,21.50673094512467,0.520240225929421,171.84985525178715,18.75747286008044,17.240064672126863,-4.72549246233213,0.0,source,True,D2,1,191,20,5.722247362136841,5.722247362136841,0.0
CQR-target,0.1,0.9,0.9631901840490797,0.06319018404907972,37.98618451771841,0.6555758055276493,41.31828241230771,9.401419975874472,7.080189114684169,0.4242153728653475,0.0010023117065429688,target,True,D4,2,191,20,5.534287691116333,0.0,0.00850677490234375
GPR-target,0.1,0.9,0.44171779141104295,0.4582822085889571,6.288527011871338,0.1085290932409116,65.78945013650558,7.956318692305284,5.337565760892506,0.5876200903083402,0.00500035285949707,none,False,D4,2,191,20,5.534287691116333,0.0,0.5060288906097412
GPR-transfer,0.1,0.9,0.5460122699386503,0.35398773006134976,7.324169934161602,0.12640249778626045,32.07798442050768,4.880661884197151,3.881673784205109,0.8448218383797149,0.00599980354309082,none,False,D4,2,191,20,5.534287691116333,5.534287691116333,0.6945960521697998
TabPFN-target,0.1,0.9,0.950920245398773,0.050920245398772934,28.246417999267578,0.4874842911507232,29.676226342045737,7.3957850033119845,6.067387245124131,0.6436787580999569,0.32187819480895996,target,True,D4,2,191,20,5.534287691116333,0.0,0.3626418113708496
WeightedCP-v2,0.1,0.9,0.04294478527607362,0.8570552147239264,3.0636781123122905,0.052873782188356366,229.27280856218206,14.684852300821506,12.813316399584407,-0.40479296471537873,0.002000570297241211,source,True,D4,2,191,20,5.534287691116333,5.534287691116333,0.04004931449890137
JKplus-source,0.1,0.9,0.7361963190184049,0.16380368098159515,22.184719647416575,0.3828698680299503,48.18763751282726,9.87008684224887,8.136432485729879,0.3653780258547926,0.0,source,True,D4,2,191,20,5.534287691116333,5.534287691116333,0.0
