method,alpha,nominal_coverage,empirical_coverage,coverage_error,mean_interval_width,normalized_width,winkler_score,rmse,mae,r_squared,inference_time_sec,fold,fold_idx,seed,K
SplitCP,0.1,0.9,0.077502691065662,0.822497308934338,2.5783540853472005,0.03377903949966475,177.40480974147067,12.01129065446218,9.979574267815174,0.47857459672458036,0.0009999275207519531,D1,0,42,10
SplitCP,0.2,0.8,0.04628632938643703,0.753713670613563,1.4700339752330793,0.01925892801048723,94.06849052428647,12.01129065446218,9.979574267815174,0.47857459672458036,0.0010001659393310547,D1,0,42,10
SplitCP,0.3,0.7,0.03444564047362755,0.6655543595263724,1.1946282726858328,0.015650835484466455,63.80743148663766,12.01129065446218,9.979574267815174,0.47857459672458036,0.0009999275207519531,D1,0,42,10
TargetOnlyCP,0.1,0.9,0.8977395048439182,0.002260495156081843,52.600000000000016,0.6891130616154708,68.57847147470399,16.76729624151751,13.429041980624326,-0.016105747436716555,0.0,D1,0,42,10
TargetOnlyCP,0.2,0.8,0.8977395048439182,0.09773950484391813,52.600000000000016,0.6891130616154708,60.589235737352,16.76729624151751,13.429041980624326,-0.016105747436716555,0.0,D1,0,42,10
TargetOnlyCP,0.3,0.7,0.8977395048439182,0.19773950484391822,52.600000000000016,0.6891130616154708,57.92615715823467,16.76729624151751,13.429041980624326,-0.016105747436716555,0.0,D1,0,42,10
TransferCal-CP-affine-localsigma,0.1,0.9,0.9386437029063509,0.038643702906350885,58.34577861908123,0.7643885577287745,65.94850435057366,15.672821352732463,12.378578279822198,0.11221623328916097,0.0009996891021728516,D1,0,42,10
TransferCal-CP-affine-localsigma,0.2,0.8,0.7847147470398278,0.015285252960172246,38.4258841978464,0.5034178460999899,56.31796848467738,15.672821352732463,12.378578279822198,0.11221623328916097,0.0010001659393310547,D1,0,42,10
TransferCal-CP-affine-localsigma,0.3,0.7,0.7556512378902045,0.05565123789020454,36.18362363217794,0.47404197075117943,49.840087663578956,15.672821352732463,12.378578279822198,0.11221623328916097,0.0010018348693847656,D1,0,42,10
AdaptiveJackknifeCP,0.1,0.9,0.9892357373519914,0.08923573735199142,132.907913762293,1.7412277445942712,134.44380611677028,22.420769831579598,17.78731497903465,-0.8168282477395106,0.0019989013671875,D1,0,42,10
AdaptiveJackknifeCP,0.2,0.8,0.9752421959095802,0.17524219590958012,106.50709785200964,1.3953504236611574,109.50888514951615,22.420769831579598,17.78731497903465,-0.8168282477395106,0.0010001659393310547,D1,0,42,10
AdaptiveJackknifeCP,0.3,0.7,0.9547900968783638,0.25479009687836385,90.29826059565502,1.182998304517556,94.28390288432344,22.420769831579598,17.78731497903465,-0.8168282477395106,0.0009999275207519531,D1,0,42,10
AdaptiveSplitCP,0.1,0.9,0.8977395048439182,0.002260495156081843,52.600000000000016,0.6891130616154708,68.57847147470399,16.76729624151751,13.429041980624326,-0.016105747436716555,0.002000093460083008,D1,0,42,10
AdaptiveSplitCP,0.2,0.8,0.8977395048439182,0.09773950484391813,52.600000000000016,0.6891130616154708,60.589235737352,16.76729624151751,13.429041980624326,-0.016105747436716555,0.002000093460083008,D1,0,42,10
AdaptiveSplitCP,0.3,0.7,0.8977395048439182,0.19773950484391822,52.600000000000016,0.6891130616154708,57.92615715823467,16.76729624151751,13.429041980624326,-0.016105747436716555,0.0020003318786621094,D1,0,42,10
SplitCP,0.1,0.9,0.07792207792207792,0.8220779220779221,2.5783540853472005,0.03377903949966475,177.83193987801886,12.05533748473932,10.000551634769634,0.47424585726511026,0.0019998550415039062,D1,0,42,15
SplitCP,0.2,0.8,0.046536796536796536,0.7534632034632035,1.4700339752330795,0.01925892801048723,94.27909148683467,12.05533748473932,10.000551634769634,0.47424585726511026,0.0010001659393310547,D1,0,42,15
SplitCP,0.3,0.7,0.03463203463203463,0.6653679653679653,1.194628272685833,0.01565083548446646,63.94762909716453,12.05533748473932,10.000551634769634,0.47424585726511026,0.001999378204345703,D1,0,42,15
TargetOnlyCP,0.1,0.9,0.9642857142857143,0.06428571428571428,145.26949879222005,1.9031769785561155,179.99909432144702,28.406143124512496,15.588084198656038,-1.9190968190113153,0.0,D1,0,42,15
TargetOnlyCP,0.2,0.8,0.9642857142857143,0.16428571428571426,145.26949879222005,1.9031769785561155,162.63429655683353,28.406143124512496,15.588084198656038,-1.9190968190113153,0.0,D1,0,42,15
TargetOnlyCP,0.3,0.7,0.9642857142857143,0.26428571428571435,145.26949879222005,1.9031769785561155,156.8460306352957,28.406143124512496,15.588084198656038,-1.9190968190113153,0.0,D1,0,42,15
TransferCal-CP-affine-localsigma,0.1,0.9,0.9274891774891775,0.027489177489177452,41.337840180188024,0.5415674069798553,47.41539728810131,12.4204791672056,10.365712832370205,0.4419146023767354,0.002000093460083008,D1,0,42,15
TransferCal-CP-affine-localsigma,0.2,0.8,0.724025974025974,0.07597402597402603,28.778403458899447,0.3770261162731454,41.95810044955036,12.4204791672056,10.365712832370205,0.4419146023767354,0.0010004043579101562,D1,0,42,15
TransferCal-CP-affine-localsigma,0.3,0.7,0.6807359307359307,0.019264069264069206,26.631885146539904,0.3489045610251652,37.566665274793934,12.4204791672056,10.365712832370205,0.4419146023767354,0.0010001659393310547,D1,0,42,15
AdaptiveJackknifeCP,0.1,0.9,1.0,0.09999999999999998,99.56789792171533,1.304439904476234,99.56789792171533,11.8733996449774,9.590266708637186,0.48999535725196053,0.0010006427764892578,D1,0,42,15
AdaptiveJackknifeCP,0.2,0.8,0.9913419913419913,0.19134199134199126,58.58386849002986,0.7675077752175394,59.06444052861902,11.8733996449774,9.590266708637186,0.48999535725196053,0.0009999275207519531,D1,0,42,15
AdaptiveJackknifeCP,0.3,0.7,0.9318181818181818,0.2318181818181818,43.23270643318017,0.566392066389575,45.06898989344926,11.8733996449774,9.590266708637186,0.48999535725196053,0.0019996166229248047,D1,0,42,15
AdaptiveSplitCP,0.1,0.9,0.9134199134199135,0.013419913419913443,69.49960616790327,0.9105149503314309,81.3645898091903,19.769494704843883,15.584021042364686,-0.4138882853963164,0.0010004043579101562,D1,0,42,15
AdaptiveSplitCP,0.2,0.8,0.9134199134199135,0.11341991341991342,69.49960616790327,0.9105149503314309,75.43209798854677,19.769494704843883,15.584021042364686,-0.4138882853963164,0.0010001659393310547,D1,0,42,15
AdaptiveSplitCP,0.3,0.7,0.9134199134199135,0.2134199134199135,69.49960616790327,0.9105149503314309,73.45460071499895,19.769494704843883,15.584021042364686,-0.4138882853963164,0.0010004043579101562,D1,0,42,15
SplitCP,0.05,0.95,0.11643090315560392,0.8335690968443961,3.886051117411696,0.05091118979303792,332.4519302710579,12.088899567535309,10.042725353552513,0.4743590518660509,0.0010001659393310547,D1,0,42,20
SplitCP,0.1,0.9,0.07725788900979326,0.8227421109902068,2.5783540853472005,0.03377903949966475,178.65262150265744,12.088899567535309,10.042725353552513,0.4743590518660509,0.0010001659393310547,D1,0,42,20
SplitCP,0.2,0.8,0.04461371055495103,0.755386289445049,1.4700339752330795,0.01925892801048723,94.69851286232901,12.088899567535309,10.042725353552513,0.4743590518660509,0.0009996891021728516,D1,0,42,20
SplitCP,0.3,0.7,0.03373231773667029,0.6662676822633297,1.1946282726858328,0.015650835484466455,64.22816706251298,12.088899567535309,10.042725353552513,0.4743590518660509,0.0010004043579101562,D1,0,42,20
TargetOnlyCP,0.05,0.95,0.941240478781284,0.008759521218715927,57.92021560909586,0.7588132530002324,79.00560176268277,15.19773749196928,11.815361526455046,0.16924392007369815,0.0,D1,0,42,20
TargetOnlyCP,0.1,0.9,0.941240478781284,0.04124047878128401,57.92021560909586,0.7588132530002324,68.46290868588932,15.19773749196928,11.815361526455046,0.16924392007369815,0.0,D1,0,42,20
TargetOnlyCP,0.2,0.8,0.941240478781284,0.14124047878128398,57.92021560909586,0.7588132530002324,63.19156214749259,15.19773749196928,11.815361526455046,0.16924392007369815,0.0,D1,0,42,20
TargetOnlyCP,0.3,0.7,0.941240478781284,0.24124047878128407,57.92021560909586,0.7588132530002324,61.43444663469368,15.19773749196928,11.815361526455046,0.16924392007369815,0.0,D1,0,42,20
TransferCal-CP-affine-localsigma,0.05,0.95,0.8650707290533188,0.08492927094668112,35.993502976414234,0.4715511983715279,57.13525119743641,12.132658686955079,10.077417667671398,0.4705467585806842,0.0019998550415039062,D1,0,42,20
TransferCal-CP-affine-localsigma,0.1,0.9,0.8650707290533188,0.03492927094668119,35.993502976414234,0.4715511983715279,46.564377086925326,12.132658686955079,10.077417667671398,0.4705467585806842,0.0010006427764892578,D1,0,42,20
TransferCal-CP-affine-localsigma,0.2,0.8,0.6974972796517954,0.10250272034820462,26.829663125597868,0.3514956520644951,41.882695486341866,12.132658686955079,10.077417667671398,0.4705467585806842,0.0010018348693847656,D1,0,42,20
TransferCal-CP-affine-localsigma,0.3,0.7,0.602829162132753,0.097170837867247,22.390838104744866,0.29334256651135127,37.552293447052854,12.132658686955079,10.077417667671398,0.4705467585806842,0.001998424530029297,D1,0,42,20
AdaptiveJackknifeCP,0.05,0.95,0.8063112078346029,0.1436887921653971,35.62309997339895,0.4666985453783829,88.72497915093787,13.655326237418352,10.670452063232387,0.3293131189566022,0.0010001659393310547,D1,0,42,20
AdaptiveJackknifeCP,0.1,0.9,0.7878128400435256,0.11218715995647444,34.12650990404201,0.44709170574572377,63.73140712419297,13.655326237418352,10.670452063232387,0.3293131189566022,0.0010001659393310547,D1,0,42,20
AdaptiveJackknifeCP,0.2,0.8,0.6877040261153428,0.11229597388465729,26.163431983427483,0.3427673520241034,51.398631775233795,13.655326237418352,10.670452063232387,0.3293131189566022,0.002000093460083008,D1,0,42,20
AdaptiveJackknifeCP,0.3,0.7,0.588683351468988,0.11131664853101197,21.368752271186448,0.27995221103611856,43.98767247804238,13.655326237418352,10.670452063232387,0.3293131189566022,0.0009999275207519531,D1,0,42,20
AdaptiveSplitCP,0.05,0.95,0.6844396082698585,0.26556039173014145,30.075658471724132,0.3940214655808191,151.81532430934487,15.789288336798693,11.920164600422394,0.10331322960711142,0.0010001659393310547,D1,0,42,20
AdaptiveSplitCP,0.1,0.9,0.6844396082698585,0.21556039173014152,30.075658471724132,0.3940214655808191,90.9454913905345,15.789288336798693,11.920164600422394,0.10331322960711142,0.0009984970092773438,D1,0,42,20
AdaptiveSplitCP,0.2,0.8,0.6844396082698585,0.11556039173014154,30.075658471724132,0.3940214655808191,60.51057493112931,15.789288336798693,11.920164600422394,0.10331322960711142,0.0010004043579101562,D1,0,42,20
AdaptiveSplitCP,0.3,0.7,0.6844396082698585,0.015560391730141454,30.075658471724132,0.3940214655808191,50.36560277799426,15.789288336798693,11.920164600422394,0.10331322960711142,0.0010001659393310547,D1,0,42,20
SplitCP,0.05,0.95,0.11331133113311331,0.8366886688668866,3.8860511174116965,0.05091118979303793,330.5595711454835,12.029455828781963,9.996371653766362,0.47994801846240787,0.0010008811950683594,D1,0,42,30
SplitCP,0.1,0.9,0.07700770077007701,0.822992299229923,2.5783540853472005,0.03377903949966475,177.73327245169838,12.029455828781963,9.996371653766362,0.47994801846240787,0.0009999275207519531,D1,0,42,30
SplitCP,0.2,0.8,0.045104510451045104,0.7548954895489549,1.4700339752330793,0.01925892801048723,94.2391755738619,12.029455828781963,9.996371653766362,0.47994801846240787,0.0010006427764892578,D1,0,42,30
SplitCP,0.3,0.7,0.0352035203520352,0.6647964796479647,1.1946282726858328,0.015650835484466455,63.92083105276923,12.029455828781963,9.996371653766362,0.47994801846240787,0.0010001659393310547,D1,0,42,30
TargetOnlyCP,0.05,0.95,0.9372937293729373,0.012706270627062644,60.68668770992341,0.7950568282716213,80.40614908289719,15.421134982529436,11.762172735906073,0.14535162915218003,0.0,D1,0,42,30
TargetOnlyCP,0.1,0.9,0.9372937293729373,0.03729372937293729,60.68668770992341,0.7950568282716213,70.5464183964103,15.421134982529436,11.762172735906073,0.14535162915218003,0.0009999275207519531,D1,0,42,30
TargetOnlyCP,0.2,0.8,0.9372937293729373,0.13729372937293727,60.68668770992341,0.7950568282716213,65.61655305316685,15.421134982529436,11.762172735906073,0.14535162915218003,0.0,D1,0,42,30
TargetOnlyCP,0.3,0.7,0.9372937293729373,0.23729372937293736,60.68668770992341,0.7950568282716213,63.97326460541903,15.421134982529436,11.762172735906073,0.14535162915218003,0.0,D1,0,42,30
TransferCal-CP-affine-localsigma,0.05,0.95,0.8976897689768977,0.05231023102310228,38.77405621511724,0.5079792507537987,58.927962247696634,12.420833257718332,10.042962199173271,0.4455578291803516,0.0010001659393310547,D1,0,42,30
TransferCal-CP-affine-localsigma,0.1,0.9,0.8976897689768977,0.0023102310231023493,38.77405621511724,0.5079792507537987,48.85100923140695,12.420833257718332,10.042962199173271,0.4455578291803516,0.0009999275207519531,D1,0,42,30
TransferCal-CP-affine-localsigma,0.2,0.8,0.6358635863586358,0.16413641364136422,23.28196541067209,0.305017233166801,46.926137904977274,12.420833257718332,10.042962199173271,0.4455578291803516,0.0019996166229248047,D1,0,42,30
TransferCal-CP-affine-localsigma,0.3,0.7,0.5742574257425742,0.12574257425742574,20.451114641497032,0.2679302323964068,39.90274794143429,12.420833257718332,10.042962199173271,0.4455578291803516,0.0010001659393310547,D1,0,42,30
AdaptiveJackknifeCP,0.05,0.95,0.9966996699669967,0.046699669966996704,76.94094546897304,1.0080040018196386,77.2985291536981,12.718006592189816,9.869477340244686,0.4187099576814318,0.002003192901611328,D1,0,42,30
AdaptiveJackknifeCP,0.1,0.9,0.8767876787678768,0.023212321232123245,40.721997825161495,0.5334992508820452,54.01394354224106,12.718006592189816,9.869477340244686,0.4187099576814318,0.002000093460083008,D1,0,42,30
AdaptiveJackknifeCP,0.2,0.8,0.7480748074807481,0.051925192519251984,29.411971202014687,0.385326492835863,46.60572864262783,12.718006592189816,9.869477340244686,0.4187099576814318,0.0010001659393310547,D1,0,42,30
AdaptiveJackknifeCP,0.3,0.7,0.7084708470847084,0.008470847084708466,26.440838667308437,0.3464016594241376,40.576906663027515,12.718006592189816,9.869477340244686,0.4187099576814318,0.0010001659393310547,D1,0,42,30
AdaptiveSplitCP,0.05,0.95,0.8624862486248625,0.0875137513751375,46.82224620384914,0.6134186584267648,80.72140986327578,15.031114844721854,11.757248346340997,0.1880352454680828,0.0010001659393310547,D1,0,42,30
AdaptiveSplitCP,0.1,0.9,0.8624862486248625,0.03751375137513757,46.82224620384914,0.6134186584267648,63.77182803356246,15.031114844721854,11.757248346340997,0.1880352454680828,0.002000570297241211,D1,0,42,30
AdaptiveSplitCP,0.2,0.8,0.8624862486248625,0.062486248624862406,46.82224620384914,0.6134186584267648,55.297037118705795,15.031114844721854,11.757248346340997,0.1880352454680828,0.001003265380859375,D1,0,42,30
AdaptiveSplitCP,0.3,0.7,0.8624862486248625,0.1624862486248625,46.82224620384914,0.6134186584267648,52.47210681375358,15.031114844721854,11.757248346340997,0.1880352454680828,0.0010001659393310547,D1,0,42,30
SplitCP,0.05,0.95,0.11698537682789652,0.8330146231721034,3.8860511174116965,0.05091118979303793,329.0457983719139,11.983873633306438,9.958573241521647,0.4779986208776309,0.0010004043579101562,D1,0,42,50
SplitCP,0.1,0.9,0.0764904386951631,0.8235095613048369,2.5783540853472005,0.03377903949966475,176.95029980118133,11.983873633306438,9.958573241521647,0.4779986208776309,0.0010001659393310547,D1,0,42,50
SplitCP,0.2,0.8,0.043869516310461196,0.7561304836895388,1.4700339752330795,0.01925892801048723,93.85228411744338,11.983873633306438,9.958573241521647,0.4779986208776309,0.0010001659393310547,D1,0,42,50
SplitCP,0.3,0.7,0.03262092238470191,0.667379077615298,1.1946282726858328,0.015650835484466455,63.665674690871505,11.983873633306438,9.958573241521647,0.4779986208776309,0.0010030269622802734,D1,0,42,50
TargetOnlyCP,0.05,0.95,0.9392575928008999,0.010742407199100024,60.79601757970996,0.7964891598551693,113.70098282639361,17.88659764222281,12.426024500453702,-0.16287406301368268,0.0,D1,0,42,50
TargetOnlyCP,0.1,0.9,0.9392575928008999,0.03925759280089991,60.79601757970996,0.7964891598551693,87.2485002030518,17.88659764222281,12.426024500453702,-0.16287406301368268,0.0,D1,0,42,50
TargetOnlyCP,0.2,0.8,0.9392575928008999,0.1392575928008999,60.79601757970996,0.7964891598551693,74.02225889138089,17.88659764222281,12.426024500453702,-0.16287406301368268,0.0,D1,0,42,50
TargetOnlyCP,0.3,0.7,0.9392575928008999,0.23925759280089998,60.79601757970996,0.7964891598551693,69.61351178749058,17.88659764222281,12.426024500453702,-0.16287406301368268,0.0009999275207519531,D1,0,42,50
TransferCal-CP-affine-localsigma,0.05,0.95,0.9808773903262092,0.030877390326209286,48.915330593549754,0.6408401753850564,53.133378870598285,11.415863919750807,9.297672688527154,0.5263093906866244,0.0010001659393310547,D1,0,42,50
TransferCal-CP-affine-localsigma,0.1,0.9,0.9707536557930259,0.07075365579302584,46.46018726091152,0.6086753210379244,49.21623946172577,11.415863919750807,9.297672688527154,0.5263093906866244,0.001999378204345703,D1,0,42,50
TransferCal-CP-affine-localsigma,0.2,0.8,0.7750281214848144,0.024971878515185675,28.82484947605077,0.37763460595145326,39.27554469584396,11.415863919750807,9.297672688527154,0.5263093906866244,0.0010001659393310547,D1,0,42,50
TransferCal-CP-affine-localsigma,0.3,0.7,0.766029246344207,0.06602924634420704,28.27545429159528,0.370436974818432,35.6623853673687,11.415863919750807,9.297672688527154,0.5263093906866244,0.0009999275207519531,D1,0,42,50
AdaptiveJackknifeCP,0.05,0.95,1.0,0.050000000000000044,82.52228959316714,1.0811252401723557,82.52228959316714,11.078160210672834,9.173562679560488,0.5539202673501153,0.0010004043579101562,D1,0,42,50
AdaptiveJackknifeCP,0.1,0.9,0.9865016872890888,0.0865016872890888,48.19382949429552,0.6313877831518623,49.59266211704269,11.078160210672834,9.173562679560488,0.5539202673501153,0.0010004043579101562,D1,0,42,50
AdaptiveJackknifeCP,0.2,0.8,0.9302587176602924,0.1302587176602924,37.807405229900816,0.49531514771318835,40.456594900230144,11.078160210672834,9.173562679560488,0.5539202673501153,0.0010006427764892578,D1,0,42,50
AdaptiveJackknifeCP,0.3,0.7,0.8526434195725534,0.15264341957255345,31.639740876061254,0.4145125228863636,35.56196646479361,11.078160210672834,9.173562679560488,0.5539202673501153,0.0010001659393310547,D1,0,42,50
AdaptiveSplitCP,0.05,0.95,0.9201349831271091,0.029865016872890893,51.14557029474489,0.6700585652829073,106.39036539421944,17.052333215327153,12.147452919668998,-0.056926603922276886,0.0019996166229248047,D1,0,42,50
AdaptiveSplitCP,0.1,0.9,0.9201349831271091,0.02013498312710904,51.14557029474489,0.6700585652829073,78.76796784448217,17.052333215327153,12.147452919668998,-0.056926603922276886,0.0019996166229248047,D1,0,42,50
AdaptiveSplitCP,0.2,0.8,0.9201349831271091,0.12013498312710902,51.14557029474489,0.6700585652829073,64.95676906961353,17.052333215327153,12.147452919668998,-0.056926603922276886,0.0010004043579101562,D1,0,42,50
AdaptiveSplitCP,0.3,0.7,0.9201349831271091,0.2201349831271091,51.14557029474489,0.6700585652829073,60.35303614465731,17.052333215327153,12.147452919668998,-0.056926603922276886,0.0009999275207519531,D1,0,42,50
SplitCP,0.1,0.9,0.0,0.9,2.7354321004285613,0.0661691364239688,349.077093025764,19.89221499456091,18.68479909648105,-5.550534090368963,0.0,D2,1,42,10
SplitCP,0.2,0.8,0.0,0.8,2.0955287347998923,0.05069010000708735,178.46587602561092,19.89221499456091,18.68479909648105,-5.550534090368963,0.0,D2,1,42,10
SplitCP,0.3,0.7,0.0,0.7,1.5670788603141044,0.037907084178399456,120.90880996914078,19.89221499456091,18.68479909648105,-5.550534090368963,0.0010001659393310547,D2,1,42,10
TargetOnlyCP,0.1,0.9,0.9139784946236559,0.013978494623655857,31.039999999999985,0.7508466374574628,35.29806451612902,8.037420479046077,6.213010752688171,-0.06940891570843744,0.0,D2,1,42,10
TargetOnlyCP,0.2,0.8,0.9139784946236559,0.11397849462365583,31.039999999999985,0.7508466374574628,33.1690322580645,8.037420479046077,6.213010752688171,-0.06940891570843744,0.00099945068359375,D2,1,42,10
TargetOnlyCP,0.3,0.7,0.9139784946236559,0.21397849462365592,31.039999999999985,0.7508466374574628,32.45935483870966,8.037420479046077,6.213010752688171,-0.06940891570843744,0.0,D2,1,42,10
TransferCal-CP-affine-localsigma,0.1,0.9,0.8494623655913979,0.05053763440860215,36.17507249672661,0.8750622275756164,57.60748311059641,12.765964757744895,9.884456377003817,-1.6978494117495315,0.0,D2,1,42,10
TransferCal-CP-affine-localsigma,0.2,0.8,0.7204301075268817,0.0795698924731183,29.637578627709733,0.7169225597615023,46.78071319117209,12.765964757744895,9.884456377003817,-1.6978494117495315,0.0,D2,1,42,10
TransferCal-CP-affine-localsigma,0.3,0.7,0.6881720430107527,0.011827956989247213,25.890268754379598,0.6262764573806684,41.085350936441884,12.765964757744895,9.884456377003817,-1.6978494117495315,0.0,D2,1,42,10
AdaptiveJackknifeCP,0.1,0.9,1.0,0.09999999999999998,175.29142378121222,4.240237632772371,175.29142378121222,29.104661779243308,22.17944161655345,-13.022825698194039,0.0010004043579101562,D2,1,42,10
AdaptiveJackknifeCP,0.2,0.8,0.4946236559139785,0.30537634408602155,30.671301841838524,0.7419279592263968,139.44659612600236,29.104661779243308,22.17944161655345,-13.022825698194039,0.0,D2,1,42,10
AdaptiveJackknifeCP,0.3,0.7,0.44086021505376344,0.2591397849462365,23.36126847449679,0.5651008337892061,108.82504019718678,29.104661779243308,22.17944161655345,-13.022825698194039,0.0,D2,1,42,10
AdaptiveSplitCP,0.1,0.9,0.9139784946236559,0.013978494623655857,31.039999999999985,0.7508466374574628,35.29806451612902,8.037420479046077,6.213010752688171,-0.06940891570843744,0.0,D2,1,42,10
AdaptiveSplitCP,0.2,0.8,0.9139784946236559,0.11397849462365583,31.039999999999985,0.7508466374574628,33.1690322580645,8.037420479046077,6.213010752688171,-0.06940891570843744,0.0,D2,1,42,10
AdaptiveSplitCP,0.3,0.7,0.9139784946236559,0.21397849462365592,31.039999999999985,0.7508466374574628,32.45935483870966,8.037420479046077,6.213010752688171,-0.06940891570843744,0.0,D2,1,42,10
SplitCP,0.1,0.9,0.0,0.9,2.735432100428561,0.06616913642396878,350.06420899570287,19.891721051943062,18.734154894977994,-5.766215312131947,0.0,D2,1,42,15
SplitCP,0.2,0.8,0.0,0.8,2.095528734799892,0.05069010000708734,178.95943401058042,19.891721051943062,18.734154894977994,-5.766215312131947,0.0,D2,1,42,15
SplitCP,0.3,0.7,0.0,0.7,1.5670788603141048,0.03790708417839946,121.2378486257871,19.891721051943062,18.734154894977994,-5.766215312131947,0.0,D2,1,42,15
TargetOnlyCP,0.1,0.9,0.9318181818181818,0.031818181818181746,22.347916005572927,0.5405881954563871,24.51493319215242,5.609162805377303,4.462321468065041,0.46198153134150355,0.0009999275207519531,D2,1,42,15
TargetOnlyCP,0.2,0.8,0.9318181818181818,0.13181818181818172,22.347916005572927,0.5405881954563871,23.43142459886267,5.609162805377303,4.462321468065041,0.46198153134150355,0.0,D2,1,42,15
TargetOnlyCP,0.3,0.7,0.9318181818181818,0.2318181818181818,22.347916005572927,0.5405881954563871,23.070255067766087,5.609162805377303,4.462321468065041,0.46198153134150355,0.0,D2,1,42,15
TransferCal-CP-affine-localsigma,0.1,0.9,0.9431818181818182,0.04318181818181821,41.33823416902094,0.9999572849303668,42.19890654879033,9.731296131788916,7.468244782767678,-0.6193565056595924,0.0,D2,1,42,15
TransferCal-CP-affine-localsigma,0.2,0.8,0.9318181818181818,0.13181818181818172,38.6362465672446,0.9345971591170446,39.98096536900507,9.731296131788916,7.468244782767678,-0.6193565056595924,0.0010006427764892578,D2,1,42,15
TransferCal-CP-affine-localsigma,0.3,0.7,0.9204545454545454,0.22045454545454546,36.709677281576,0.8879941285122412,38.107325783960896,9.731296131788916,7.468244782767678,-0.6193565056595924,0.0,D2,1,42,15
AdaptiveJackknifeCP,0.1,0.9,0.9886363636363636,0.08863636363636362,27.828600205146415,0.6731640106050985,28.45721087576112,5.650189178661068,4.445625101829024,0.45408243126368075,0.0,D2,1,42,15
AdaptiveJackknifeCP,0.2,0.8,0.9431818181818182,0.1431818181818182,21.57571888683188,0.5219090198745231,23.06514291313941,5.650189178661068,4.445625101829024,0.45408243126368075,0.0,D2,1,42,15
AdaptiveJackknifeCP,0.3,0.7,0.875,0.17500000000000004,19.071264281645995,0.46132714748506826,20.823742243232108,5.650189178661068,4.445625101829024,0.45408243126368075,0.0,D2,1,42,15
AdaptiveSplitCP,0.1,0.9,0.9545454545454546,0.054545454545454564,61.649037925626665,1.4912684545407346,64.21801646351152,14.406511949221438,10.215938141478846,-2.5491044475874802,0.0009996891021728516,D2,1,42,15
AdaptiveSplitCP,0.2,0.8,0.9545454545454546,0.15454545454545454,61.649037925626665,1.4912684545407346,62.933527194569095,14.406511949221438,10.215938141478846,-2.5491044475874802,0.0,D2,1,42,15
AdaptiveSplitCP,0.3,0.7,0.9545454545454546,0.25454545454545463,61.649037925626665,1.4912684545407346,62.50536410492162,14.406511949221438,10.215938141478846,-2.5491044475874802,0.0010037422180175781,D2,1,42,15
SplitCP,0.05,0.95,0.0,0.95,3.866702162855481,0.10904405419529163,687.0685571551269,19.995779152579026,19.01339745623453,-6.221376152893814,0.0010008811950683594,D2,1,42,20
SplitCP,0.1,0.9,0.0,0.9,2.7354321004285613,0.07714134516799628,355.6490602208335,19.995779152579026,19.01339745623453,-6.221376152893814,0.0009992122650146484,D2,1,42,20
SplitCP,0.2,0.8,0.0,0.8,2.0955287347998923,0.05909556498051148,181.75185962314566,19.995779152579026,19.01339745623453,-6.221376152893814,0.0,D2,1,42,20
SplitCP,0.3,0.7,0.0,0.7,1.5670788603141046,0.04419286124851033,123.0994657008306,19.995779152579026,19.01339745623453,-6.221376152893814,0.0,D2,1,42,20
TargetOnlyCP,0.05,0.95,0.9397590361445783,0.010240963855421614,18.546997047328237,0.5230399617060869,22.12497004111088,4.65674598427373,3.760996947994607,0.6083407373072468,0.0,D2,1,42,20
TargetOnlyCP,0.1,0.9,0.9397590361445783,0.03975903614457832,18.546997047328237,0.5230399617060869,20.33598354421956,4.65674598427373,3.760996947994607,0.6083407373072468,0.0,D2,1,42,20
TargetOnlyCP,0.2,0.8,0.9397590361445783,0.1397590361445783,18.546997047328237,0.5230399617060869,19.441490295773896,4.65674598427373,3.760996947994607,0.6083407373072468,0.0,D2,1,42,20
TargetOnlyCP,0.3,0.7,0.9397590361445783,0.23975903614457839,18.546997047328237,0.5230399617060869,19.143325879625344,4.65674598427373,3.760996947994607,0.6083407373072468,0.0,D2,1,42,20
TransferCal-CP-affine-localsigma,0.05,0.95,0.9759036144578314,0.025903614457831403,35.538407632174874,1.0022111568571,36.60055972236611,6.941549828302259,5.561172396540618,0.12972562597669834,0.0010001659393310547,D2,1,42,20
TransferCal-CP-affine-localsigma,0.1,0.9,0.9759036144578314,0.07590361445783134,35.538407632174874,1.0022111568571,36.06948367727049,6.941549828302259,5.561172396540618,0.12972562597669834,0.0009999275207519531,D2,1,42,20
TransferCal-CP-affine-localsigma,0.2,0.8,0.963855421686747,0.16385542168674694,24.047964439593137,0.6781715858096848,26.380413610716452,6.941549828302259,5.561172396540618,0.12972562597669834,0.0010001659393310547,D2,1,42,20
TransferCal-CP-affine-localsigma,0.3,0.7,0.963855421686747,0.263855421686747,22.618023166570943,0.6378461128085867,24.34527136174016,6.941549828302259,5.561172396540618,0.12972562597669834,0.0,D2,1,42,20
AdaptiveJackknifeCP,0.05,0.95,1.0,0.050000000000000044,37.34901096628673,1.0532716005570788,37.34901096628673,5.950086510663247,4.849643673807101,0.3605746279191482,0.0,D2,1,42,20
AdaptiveJackknifeCP,0.1,0.9,1.0,0.09999999999999998,37.21405194381819,1.0494656495579116,37.21405194381819,5.950086510663247,4.849643673807101,0.3605746279191482,0.0,D2,1,42,20
AdaptiveJackknifeCP,0.2,0.8,0.9397590361445783,0.1397590361445783,21.59076668199521,0.6088766688072884,23.001412660143664,5.950086510663247,4.849643673807101,0.3605746279191482,0.0,D2,1,42,20
AdaptiveJackknifeCP,0.3,0.7,0.8554216867469879,0.15542168674698797,16.260606202903833,0.45856193452674043,18.92337920985287,5.950086510663247,4.849643673807101,0.3605746279191482,0.0010001659393310547,D2,1,42,20
AdaptiveSplitCP,0.05,0.95,0.891566265060241,0.05843373493975901,37.04611262675582,1.0447296282094904,48.16476418848848,11.187970489470558,9.547708581943482,-1.260715588165052,0.0010001659393310547,D2,1,42,20
AdaptiveSplitCP,0.1,0.9,0.891566265060241,0.008433734939759074,37.04611262675582,1.0447296282094904,42.60543840762215,11.187970489470558,9.547708581943482,-1.260715588165052,0.0009996891021728516,D2,1,42,20
AdaptiveSplitCP,0.2,0.8,0.891566265060241,0.0915662650602409,37.04611262675582,1.0447296282094904,39.82577551718899,11.187970489470558,9.547708581943482,-1.260715588165052,0.0,D2,1,42,20
AdaptiveSplitCP,0.3,0.7,0.891566265060241,0.191566265060241,37.04611262675582,1.0447296282094904,38.89922122037793,11.187970489470558,9.547708581943482,-1.260715588165052,0.0,D2,1,42,20
SplitCP,0.05,0.95,0.0,0.95,3.8667021628554816,0.09353415969811658,675.0963924484173,19.98755707423914,18.714093338566787,-5.817820576498783,0.0,D2,1,42,30
SplitCP,0.1,0.9,0.0,0.9,2.735432100428561,0.06616913642396878,349.6629778674787,19.98755707423914,18.714093338566787,-5.817820576498783,0.0,D2,1,42,30
SplitCP,0.2,0.8,0.0,0.8,2.095528734799892,0.05069010000708734,178.7588184464683,19.98755707423914,18.714093338566787,-5.817820576498783,0.0010001659393310547,D2,1,42,30
SplitCP,0.3,0.7,0.0,0.7,1.5670788603141048,0.03790708417839946,121.10410491637901,19.98755707423914,18.714093338566787,-5.817820576498783,0.0,D2,1,42,30
TargetOnlyCP,0.05,0.95,0.9726027397260274,0.022602739726027443,27.266310138531658,0.6595624124803103,30.116686962212356,4.972761917348051,3.8841971531400996,0.5779912383773702,0.0,D2,1,42,30
TargetOnlyCP,0.1,0.9,0.9726027397260274,0.07260273972602738,27.266310138531658,0.6595624124803103,28.691498550372003,4.972761917348051,3.8841971531400996,0.5779912383773702,0.0,D2,1,42,30
TargetOnlyCP,0.2,0.8,0.9726027397260274,0.17260273972602735,27.266310138531658,0.6595624124803103,27.978904344451834,4.972761917348051,3.8841971531400996,0.5779912383773702,0.0009999275207519531,D2,1,42,30
TargetOnlyCP,0.3,0.7,0.9726027397260274,0.27260273972602744,27.266310138531658,0.6595624124803103,27.741372942478442,4.972761917348051,3.8841971531400996,0.5779912383773702,0.0,D2,1,42,30
TransferCal-CP-affine-localsigma,0.05,0.95,0.8904109589041096,0.05958904109589036,23.216696824145046,0.561603696626246,35.30115225715469,7.033866240478566,5.309784218328835,0.15566587043617486,0.0,D2,1,42,30
TransferCal-CP-affine-localsigma,0.1,0.9,0.8904109589041096,0.009589041095890427,23.216696824145046,0.561603696626246,29.25892454064987,7.033866240478566,5.309784218328835,0.15566587043617486,0.0,D2,1,42,30
TransferCal-CP-affine-localsigma,0.2,0.8,0.7671232876712328,0.03287671232876721,16.80288195936668,0.40645578024436674,25.71622247449553,7.033866240478566,5.309784218328835,0.15566587043617486,0.0009996891021728516,D2,1,42,30
TransferCal-CP-affine-localsigma,0.3,0.7,0.7671232876712328,0.06712328767123288,16.099170060030303,0.3894332379326553,22.5876574485965,7.033866240478566,5.309784218328835,0.15566587043617486,0.0,D2,1,42,30
AdaptiveJackknifeCP,0.05,0.95,0.9863013698630136,0.03630136986301369,26.242125295416372,0.6347877428415213,29.576453406412178,4.807698496679823,3.692185478472656,0.6055421690896896,0.0,D2,1,42,30
AdaptiveJackknifeCP,0.1,0.9,0.958904109589041,0.05890410958904102,20.087728847854123,0.4859150663520796,23.557983448930234,4.807698496679823,3.692185478472656,0.6055421690896896,0.0,D2,1,42,30
AdaptiveJackknifeCP,0.2,0.8,0.7945205479452054,0.005479452054794609,11.085239512226906,0.2681480287746837,16.647862607741423,4.807698496679823,3.692185478472656,0.6055421690896896,0.0010004043579101562,D2,1,42,30
AdaptiveJackknifeCP,0.3,0.7,0.7123287671232876,0.012328767123287676,9.25918747174306,0.22397647483075214,14.380427319871636,4.807698496679823,3.692185478472656,0.6055421690896896,0.0,D2,1,42,30
AdaptiveSplitCP,0.05,0.95,0.9726027397260274,0.022602739726027443,22.00368114358423,0.532261275719923,27.051067683591594,4.599420889244131,3.4411090597067195,0.6389790200850551,0.0,D2,1,42,30
AdaptiveSplitCP,0.1,0.9,0.9726027397260274,0.07260273972602738,22.00368114358423,0.532261275719923,24.52737441358791,4.599420889244131,3.4411090597067195,0.6389790200850551,0.0010001659393310547,D2,1,42,30
AdaptiveSplitCP,0.2,0.8,0.9726027397260274,0.17260273972602735,22.00368114358423,0.532261275719923,23.265527778586073,4.599420889244131,3.4411090597067195,0.6389790200850551,0.0,D2,1,42,30
AdaptiveSplitCP,0.3,0.7,0.9726027397260274,0.27260273972602744,22.00368114358423,0.532261275719923,22.844912233585458,4.599420889244131,3.4411090597067195,0.6389790200850551,0.0,D2,1,42,30
SplitCP,0.1,0.9,0.0,0.9,2.778161974636589,0.08395775079471174,174.93414487995332,11.025836197016432,9.996880132584131,-1.0318293824139526,0.0,D3,2,42,10
SplitCP,0.2,0.8,0.0,0.8,1.8605630016111263,0.05622734968415995,92.52654931939678,11.025836197016432,9.996880132584131,-1.0318293824139526,0.0,D3,2,42,10
SplitCP,0.3,0.7,0.0,0.7,1.285670884584036,0.038853758966319075,63.645968819864784,11.025836197016432,9.996880132584131,-1.0318293824139526,0.0,D3,2,42,10
TargetOnlyCP,0.1,0.9,0.96,0.05999999999999994,34.75999999999999,1.0504684191446148,34.80799999999999,8.152923156757948,7.224399999999998,-0.11094065993936075,0.0010037422180175781,D3,2,42,10
TargetOnlyCP,0.2,0.8,0.96,0.15999999999999992,34.75999999999999,1.0504684191446148,34.78399999999999,8.152923156757948,7.224399999999998,-0.11094065993936075,0.0,D3,2,42,10
TargetOnlyCP,0.3,0.7,0.96,0.26,34.75999999999999,1.0504684191446148,34.77599999999999,8.152923156757948,7.224399999999998,-0.11094065993936075,0.0,D3,2,42,10
TransferCal-CP-affine-localsigma,0.1,0.9,0.72,0.18000000000000005,14.608946517807572,0.4414912817586176,23.681804854482824,5.98021315836178,5.223802363524155,0.4022804064215765,0.0,D3,2,42,10
TransferCal-CP-affine-localsigma,0.2,0.8,0.68,0.12,14.38191885020673,0.43463036705531655,19.261307349155633,5.98021315836178,5.223802363524155,0.4022804064215765,0.0010001659393310547,D3,2,42,10
TransferCal-CP-affine-localsigma,0.3,0.7,0.56,0.1399999999999999,11.38553667175438,0.3440778684893805,18.319110673994395,5.98021315836178,5.223802363524155,0.4022804064215765,0.0,D3,2,42,10
AdaptiveJackknifeCP,0.1,0.9,0.88,0.020000000000000018,20.124774105689582,0.6081829585859096,31.066165502245866,7.252764326148291,5.4853439792833,0.12083316818319223,0.0009999275207519531,D3,2,42,10
AdaptiveJackknifeCP,0.2,0.8,0.76,0.040000000000000036,15.470372119976389,0.4675240893110047,24.734005533783474,7.252764326148291,5.4853439792833,0.12083316818319223,0.0,D3,2,42,10
AdaptiveJackknifeCP,0.3,0.7,0.76,0.06000000000000005,14.885313507443955,0.4498432608928837,21.529116006674627,7.252764326148291,5.4853439792833,0.12083316818319223,0.0,D3,2,42,10
AdaptiveSplitCP,0.1,0.9,0.96,0.05999999999999994,34.75999999999999,1.0504684191446148,34.80799999999999,8.152923156757948,7.224399999999998,-0.11094065993936075,0.0009980201721191406,D3,2,42,10
AdaptiveSplitCP,0.2,0.8,0.96,0.15999999999999992,34.75999999999999,1.0504684191446148,34.78399999999999,8.152923156757948,7.224399999999998,-0.11094065993936075,0.0009999275207519531,D3,2,42,10
AdaptiveSplitCP,0.3,0.7,0.96,0.26,34.75999999999999,1.0504684191446148,34.77599999999999,8.152923156757948,7.224399999999998,-0.11094065993936075,0.0009999275207519531,D3,2,42,10
SplitCP,0.1,0.9,0.057803468208092484,0.8421965317919076,3.4004644324090307,0.058686131227653204,196.54036532981718,13.279074504807285,11.325853227904004,-0.12831284629584117,0.0,D4,3,42,10
SplitCP,0.2,0.8,0.011560693641618497,0.7884393063583816,1.9720269661231238,0.03403377262687146,105.46069150281802,13.279074504807285,11.325853227904004,-0.12831284629584117,0.0,D4,3,42,10
SplitCP,0.3,0.7,0.011560693641618497,0.6884393063583815,1.3866095893989154,0.023930481833429388,72.30788443312692,13.279074504807285,11.325853227904004,-0.12831284629584117,0.0,D4,3,42,10
TargetOnlyCP,0.1,0.9,0.953757225433526,0.05375722543352601,58.74647375088955,1.0138624697403944,66.95482360291162,14.10303563638252,10.41653145331368,-0.2726797213731993,0.0,D4,3,42,10
TargetOnlyCP,0.2,0.8,0.953757225433526,0.153757225433526,58.74647375088955,1.0138624697403944,62.85064867690058,14.10303563638252,10.41653145331368,-0.2726797213731993,0.0,D4,3,42,10
TargetOnlyCP,0.3,0.7,0.953757225433526,0.2537572254335261,58.74647375088955,1.0138624697403944,61.48259036823024,14.10303563638252,10.41653145331368,-0.2726797213731993,0.0,D4,3,42,10
TransferCal-CP-affine-localsigma,0.1,0.9,0.930635838150289,0.03063583815028903,49.62522833354921,0.8564455591502009,59.325675316786906,13.565014601616324,10.319531123527494,-0.17742824221058728,0.0,D4,3,42,10
TransferCal-CP-affine-localsigma,0.2,0.8,0.9248554913294798,0.1248554913294797,48.43302273406569,0.835870153745338,53.72381213366197,13.565014601616324,10.319531123527494,-0.17742824221058728,0.0,D4,3,42,10
TransferCal-CP-affine-localsigma,0.3,0.7,0.8497109826589595,0.14971098265895955,40.790625429454636,0.7039756022724002,46.87944535997222,13.565014601616324,10.319531123527494,-0.17742824221058728,0.0009999275207519531,D4,3,42,10
AdaptiveJackknifeCP,0.1,0.9,1.0,0.09999999999999998,72.61812032576043,1.2532630832206464,72.61812032576043,6.4021569127452835,5.029141729177959,0.7377312502090474,0.0,D4,3,42,10
AdaptiveJackknifeCP,0.2,0.8,0.9421965317919075,0.1421965317919075,24.63724155917759,0.42519615186945997,25.34749088045296,6.4021569127452835,5.029141729177959,0.7377312502090474,0.0,D4,3,42,10
AdaptiveJackknifeCP,0.3,0.7,0.9190751445086706,0.2190751445086706,23.22772577519859,0.4008703487592541,24.021071438632312,6.4021569127452835,5.029141729177959,0.7377312502090474,0.0,D4,3,42,10
AdaptiveSplitCP,0.1,0.9,0.953757225433526,0.05375722543352601,58.74647375088955,1.0138624697403944,66.95482360291162,14.10303563638252,10.41653145331368,-0.2726797213731993,0.0,D4,3,42,10
AdaptiveSplitCP,0.2,0.8,0.953757225433526,0.153757225433526,58.74647375088955,1.0138624697403944,62.85064867690058,14.10303563638252,10.41653145331368,-0.2726797213731993,0.0009999275207519531,D4,3,42,10
AdaptiveSplitCP,0.3,0.7,0.953757225433526,0.2537572254335261,58.74647375088955,1.0138624697403944,61.48259036823024,14.10303563638252,10.41653145331368,-0.2726797213731993,0.0010004043579101562,D4,3,42,10
SplitCP,0.1,0.9,0.07142857142857142,0.8285714285714286,3.4004644324090303,0.05949804813177528,192.31888669662644,13.118078486985963,11.100039869721982,-0.1626517055176422,0.0010006427764892578,D4,3,42,15
SplitCP,0.2,0.8,0.023809523809523808,0.7761904761904762,1.9720269661231242,0.03450462655315284,103.25827515717471,13.118078486985963,11.100039869721982,-0.1626517055176422,0.0009996891021728516,D4,3,42,15
SplitCP,0.3,0.7,0.017857142857142856,0.682142857142857,1.3866095893989154,0.024261557716570792,70.81572999519393,13.118078486985963,11.100039869721982,-0.1626517055176422,0.0010008811950683594,D4,3,42,15
TargetOnlyCP,0.1,0.9,0.9761904761904762,0.07619047619047614,53.76554641652941,0.9407376939554104,55.39135406001547,11.27558099989429,8.958360925736224,0.1410121098454391,0.0009992122650146484,D4,3,42,15
TargetOnlyCP,0.2,0.8,0.9761904761904762,0.17619047619047612,53.76554641652941,0.9407376939554104,54.57845023827243,11.27558099989429,8.958360925736224,0.1410121098454391,0.0,D4,3,42,15
TargetOnlyCP,0.3,0.7,0.9761904761904762,0.2761904761904762,53.76554641652941,0.9407376939554104,54.30748229769142,11.27558099989429,8.958360925736224,0.1410121098454391,0.0,D4,3,42,15
TransferCal-CP-affine-localsigma,0.1,0.9,0.7083333333333334,0.19166666666666665,50.11418120950396,0.8768496259715963,96.96102553778316,21.467044330687006,17.87294407631915,-2.1135345496347098,0.0,D4,3,42,15
TransferCal-CP-affine-localsigma,0.2,0.8,0.7023809523809523,0.09761904761904772,49.896581569953035,0.8730422772741463,73.64290449015742,21.467044330687006,17.87294407631915,-2.1135345496347098,0.0,D4,3,42,15
TransferCal-CP-affine-localsigma,0.3,0.7,0.6369047619047619,0.0630952380952381,44.96177845409787,0.7866978501689408,66.17568129899016,21.467044330687006,17.87294407631915,-2.1135345496347098,0.0,D4,3,42,15
AdaptiveJackknifeCP,0.1,0.9,0.9761904761904762,0.07619047619047614,20.38636623968323,0.35670098125430705,20.990250093564583,4.350389128112162,3.5643180324274883,0.8721309634764215,0.0,D4,3,42,15
AdaptiveJackknifeCP,0.2,0.8,0.9583333333333334,0.15833333333333333,17.693833200545896,0.30958963410061974,18.419806899814468,4.350389128112162,3.5643180324274883,0.8721309634764215,0.0,D4,3,42,15
AdaptiveJackknifeCP,0.3,0.7,0.9345238095238095,0.23452380952380958,14.5309142375057,0.2542479275659772,15.588754705536847,4.350389128112162,3.5643180324274883,0.8721309634764215,0.0,D4,3,42,15
AdaptiveSplitCP,0.1,0.9,0.8333333333333334,0.06666666666666665,1233.9793946674108,21.59098172526016,1539.2175561697356,385.0469850922,292.41317625373466,-1000.6976097369281,0.0,D4,3,42,15
AdaptiveSplitCP,0.2,0.8,0.8333333333333334,0.033333333333333326,1233.9793946674108,21.59098172526016,1386.5984754185733,385.0469850922,292.41317625373466,-1000.6976097369281,0.0,D4,3,42,15
AdaptiveSplitCP,0.3,0.7,0.8333333333333334,0.13333333333333341,1233.9793946674108,21.59098172526016,1335.7254485015192,385.0469850922,292.41317625373466,-1000.6976097369281,0.0,D4,3,42,15
SplitCP,0.05,0.95,0.09815950920245399,0.851840490797546,5.176059650200216,0.08932983182494643,346.6734004751843,13.031935906960088,11.017656572832042,-0.06200857934366111,0.0,D4,3,42,20
SplitCP,0.1,0.9,0.06134969325153374,0.8386503067484663,3.4004644324090303,0.0586861312276532,190.42455846525965,13.031935906960088,11.017656572832042,-0.06200857934366111,0.0,D4,3,42,20
SplitCP,0.2,0.8,0.018404907975460124,0.7815950920245399,1.972026966123124,0.03403377262687146,102.38214972712481,13.031935906960088,11.017656572832042,-0.06200857934366111,0.0,D4,3,42,20
SplitCP,0.3,0.7,0.012269938650306749,0.6877300613496932,1.3866095893989154,0.023930481833429388,70.2421936739489,13.031935906960088,11.017656572832042,-0.06200857934366111,0.0,D4,3,42,20
TargetOnlyCP,0.05,0.95,0.9693251533742331,0.01932515337423313,39.36840161814724,0.6794304806031377,45.1796686629499,9.076871264883223,7.263850752326503,0.48479210867232747,0.0,D4,3,42,20
TargetOnlyCP,0.1,0.9,0.9693251533742331,0.06932515337423306,39.36840161814724,0.6794304806031377,42.27403514054857,9.076871264883223,7.263850752326503,0.48479210867232747,0.0,D4,3,42,20
TargetOnlyCP,0.2,0.8,0.9693251533742331,0.16932515337423304,39.36840161814724,0.6794304806031377,40.821218379347904,9.076871264883223,7.263850752326503,0.48479210867232747,0.0,D4,3,42,20
TargetOnlyCP,0.3,0.7,0.9693251533742331,0.26932515337423313,39.36840161814724,0.6794304806031377,40.33694612561434,9.076871264883223,7.263850752326503,0.48479210867232747,0.0,D4,3,42,20
TransferCal-CP-affine-localsigma,0.05,0.95,0.8895705521472392,0.06042944785276072,31.504643584621142,0.5437156260380854,54.059015373164016,9.906279122256063,7.611481798128325,0.3863351110733635,0.0009999275207519531,D4,3,42,20
TransferCal-CP-affine-localsigma,0.1,0.9,0.8895705521472392,0.010429447852760787,31.504643584621142,0.5437156260380854,42.78182947889258,9.906279122256063,7.611481798128325,0.3863351110733635,0.0010001659393310547,D4,3,42,20
TransferCal-CP-affine-localsigma,0.2,0.8,0.8650306748466258,0.06503067484662572,29.610329140633937,0.5110230370532582,36.42450581005153,9.906279122256063,7.611481798128325,0.3863351110733635,0.0010025501251220703,D4,3,42,20
TransferCal-CP-affine-localsigma,0.3,0.7,0.852760736196319,0.15276073619631902,28.846981339043985,0.4978489750547001,33.74834630898913,9.906279122256063,7.611481798128325,0.3863351110733635,0.0010001659393310547,D4,3,42,20
AdaptiveJackknifeCP,0.05,0.95,1.0,0.050000000000000044,27.357711095172498,0.47214674799056827,27.357711095172498,3.300339701754327,2.4821918237275917,0.9318874025841937,0.0,D4,3,42,20
AdaptiveJackknifeCP,0.1,0.9,1.0,0.09999999999999998,22.762782059075494,0.3928462248549372,22.762782059075494,3.300339701754327,2.4821918237275917,0.9318874025841937,0.0009999275207519531,D4,3,42,20
AdaptiveJackknifeCP,0.2,0.8,0.9325153374233128,0.13251533742331278,13.392849842498341,0.23113741048962982,14.586856847274003,3.300339701754327,2.4821918237275917,0.9318874025841937,0.0009996891021728516,D4,3,42,20
AdaptiveJackknifeCP,0.3,0.7,0.901840490797546,0.20184049079754607,10.448666891654918,0.18032590798877587,12.077438957539636,3.300339701754327,2.4821918237275917,0.9318874025841937,0.0010001659393310547,D4,3,42,20
AdaptiveSplitCP,0.05,0.95,0.9447852760736196,0.005214723926380338,22.59916887291224,0.3900225444122781,26.33270923571931,4.867636758959627,3.4576933476972984,0.8518347088958104,0.0009999275207519531,D4,3,42,20
AdaptiveSplitCP,0.1,0.9,0.9447852760736196,0.044785276073619595,22.59916887291224,0.3900225444122781,24.465939054315776,4.867636758959627,3.4576933476972984,0.8518347088958104,0.0009999275207519531,D4,3,42,20
AdaptiveSplitCP,0.2,0.8,0.9447852760736196,0.14478527607361957,22.59916887291224,0.3900225444122781,23.53255396361401,4.867636758959627,3.4576933476972984,0.8518347088958104,0.0,D4,3,42,20
AdaptiveSplitCP,0.3,0.7,0.9447852760736196,0.24478527607361966,22.59916887291224,0.3900225444122781,23.221425600046754,4.867636758959627,3.4576933476972984,0.8518347088958104,0.0,D4,3,42,20
SplitCP,0.05,0.95,0.09803921568627451,0.8519607843137255,5.176059650200216,0.08932983182494643,346.2334031865852,12.890959167028571,10.990078936081266,-0.035382215598355415,0.0010006427764892578,D4,3,42,30
SplitCP,0.1,0.9,0.06535947712418301,0.834640522875817,3.40046443240903,0.05868613122765319,190.1576712324499,12.890959167028571,10.990078936081266,-0.035382215598355415,0.0010008811950683594,D4,3,42,30
SplitCP,0.2,0.8,0.026143790849673203,0.7738562091503268,1.9720269661231242,0.03403377262687147,102.18608997358879,12.890959167028571,10.990078936081266,-0.035382215598355415,0.00099945068359375,D4,3,42,30
SplitCP,0.3,0.7,0.0196078431372549,0.680392156862745,1.3866095893989154,0.023930481833429388,70.09638729332751,12.890959167028571,10.990078936081266,-0.035382215598355415,0.00099945068359375,D4,3,42,30
TargetOnlyCP,0.05,0.95,0.8431372549019608,0.10686274509803917,26.73668347809383,0.46142888607602506,50.30840113718293,8.656052331882071,6.635731617950487,0.5331579341068404,0.0,D4,3,42,30
TargetOnlyCP,0.1,0.9,0.8431372549019608,0.056862745098039236,26.73668347809383,0.46142888607602506,38.52254230763838,8.656052331882071,6.635731617950487,0.5331579341068404,0.0,D4,3,42,30
TargetOnlyCP,0.2,0.8,0.8431372549019608,0.04313725490196074,26.73668347809383,0.46142888607602506,32.62961289286611,8.656052331882071,6.635731617950487,0.5331579341068404,0.0,D4,3,42,30
TargetOnlyCP,0.3,0.7,0.8431372549019608,0.14313725490196083,26.73668347809383,0.46142888607602506,30.66530308794202,8.656052331882071,6.635731617950487,0.5331579341068404,0.0009996891021728516,D4,3,42,30
TransferCal-CP-affine-localsigma,0.05,0.95,0.9477124183006536,0.002287581699346397,33.701378665605674,0.5816274718454879,46.67188870340589,9.226976274361755,7.173040836954108,0.46954439428670625,0.0,D4,3,42,30
TransferCal-CP-affine-localsigma,0.1,0.9,0.9477124183006536,0.047712418300653536,33.701378665605674,0.5816274718454879,40.18663368450578,9.226976274361755,7.173040836954108,0.46954439428670625,0.0,D4,3,42,30
TransferCal-CP-affine-localsigma,0.2,0.8,0.8758169934640523,0.07581699346405224,28.73687579532543,0.49594874391980737,34.08721596285962,9.226976274361755,7.173040836954108,0.46954439428670625,0.0,D4,3,42,30
TransferCal-CP-affine-localsigma,0.3,0.7,0.6797385620915033,0.02026143790849666,17.710430051074297,0.30565137284473687,28.45526582824681,9.226976274361755,7.173040836954108,0.46954439428670625,0.0,D4,3,42,30
AdaptiveJackknifeCP,0.05,0.95,0.9738562091503268,0.023856209150326824,15.949159436068186,0.2752548901012217,17.071307534170664,3.165068879399593,2.4380896375471828,0.9375839088847925,0.0,D4,3,42,30
AdaptiveJackknifeCP,0.1,0.9,0.9411764705882353,0.04117647058823526,13.200933946977472,0.2278252742643933,14.936845914963492,3.165068879399593,2.4380896375471828,0.9375839088847925,0.0,D4,3,42,30
AdaptiveJackknifeCP,0.2,0.8,0.9215686274509803,0.1215686274509803,11.386731253500784,0.19651527545122882,12.915581366670734,3.165068879399593,2.4380896375471828,0.9375839088847925,0.0,D4,3,42,30
AdaptiveJackknifeCP,0.3,0.7,0.8366013071895425,0.13660130718954255,7.911753551255429,0.13654317413956618,10.340391462677797,3.165068879399593,2.4380896375471828,0.9375839088847925,0.0,D4,3,42,30
AdaptiveSplitCP,0.05,0.95,0.9150326797385621,0.034967320261437895,13.59495016322795,0.23462531226870714,21.67470618017159,3.8893448810070024,2.9247619083416727,0.9057496121957321,0.0,D4,3,42,30
AdaptiveSplitCP,0.1,0.9,0.9150326797385621,0.015032679738562038,13.59495016322795,0.23462531226870714,17.63482817169977,3.8893448810070024,2.9247619083416727,0.9057496121957321,0.0,D4,3,42,30
AdaptiveSplitCP,0.2,0.8,0.9150326797385621,0.11503267973856202,13.59495016322795,0.23462531226870714,15.614889167463861,3.8893448810070024,2.9247619083416727,0.9057496121957321,0.0010006427764892578,D4,3,42,30
AdaptiveSplitCP,0.3,0.7,0.9150326797385621,0.2150326797385621,13.59495016322795,0.23462531226870714,14.941576166051892,3.8893448810070024,2.9247619083416727,0.9057496121957321,0.0009999275207519531,D4,3,42,30
SplitCP,0.05,0.95,0.12781954887218044,0.8221804511278195,5.176059650200216,0.08932983182494643,336.447334690733,12.71867592941537,10.724036507218344,-0.05790426596884246,0.0010027885437011719,D4,3,42,50
SplitCP,0.1,0.9,0.08270676691729323,0.8172932330827067,3.4004644324090294,0.058686131227653184,184.8440683632257,12.71867592941537,10.724036507218344,-0.05790426596884246,0.0010006427764892578,D4,3,42,50
SplitCP,0.2,0.8,0.022556390977443608,0.7774436090225565,1.9720269661231238,0.03403377262687146,99.49163236486832,12.71867592941537,10.724036507218344,-0.05790426596884246,0.0009996891021728516,D4,3,42,50
SplitCP,0.3,0.7,0.015037593984962405,0.6849624060150376,1.3866095893989154,0.023930481833429388,68.30708683327698,12.71867592941537,10.724036507218344,-0.05790426596884246,0.0,D4,3,42,50
TargetOnlyCP,0.05,0.95,0.9924812030075187,0.042481203007518786,38.039266656436574,0.6564919113774763,38.078465437590616,7.742693194025089,6.245521745756072,0.6079452985348688,0.0,D4,3,42,50
TargetOnlyCP,0.1,0.9,0.9924812030075187,0.09248120300751872,38.039266656436574,0.6564919113774763,38.05886604701359,7.742693194025089,6.245521745756072,0.6079452985348688,0.0,D4,3,42,50
TargetOnlyCP,0.2,0.8,0.9924812030075187,0.1924812030075187,38.039266656436574,0.6564919113774763,38.04906635172508,7.742693194025089,6.245521745756072,0.6079452985348688,0.0,D4,3,42,50
TargetOnlyCP,0.3,0.7,0.9924812030075187,0.2924812030075188,38.039266656436574,0.6564919113774763,38.04579978662891,7.742693194025089,6.245521745756072,0.6079452985348688,0.0,D4,3,42,50
TransferCal-CP-affine-localsigma,0.05,0.95,0.9849624060150376,0.03496240601503764,47.748292474954724,0.8240528944737088,48.89120217735227,9.210482282783083,7.45259125120898,0.4452116815897442,0.0010006427764892578,D4,3,42,50
TransferCal-CP-affine-localsigma,0.1,0.9,0.9699248120300752,0.06992481203007517,38.24921967552911,0.6601153371403442,40.852204215798,9.210482282783083,7.45259125120898,0.4452116815897442,0.0009996891021728516,D4,3,42,50
TransferCal-CP-affine-localsigma,0.2,0.8,0.8345864661654135,0.0345864661654135,23.66856624118731,0.40847849227956307,31.567595016118023,9.210482282783083,7.45259125120898,0.4452116815897442,0.0,D4,3,42,50
TransferCal-CP-affine-localsigma,0.3,0.7,0.6691729323308271,0.03082706766917287,18.98150877898587,0.3275879919476901,28.059515675809326,9.210482282783083,7.45259125120898,0.4452116815897442,0.0,D4,3,42,50
AdaptiveJackknifeCP,0.05,0.95,0.9699248120300752,0.019924812030075234,14.556964035480204,0.2512280068335264,15.663849553007209,3.299231724142523,2.6639269403344947,0.928815046724284,0.0,D4,3,42,50
AdaptiveJackknifeCP,0.1,0.9,0.9097744360902256,0.009774436090225547,11.601653443897531,0.2002244605111127,13.780597760861298,3.299231724142523,2.6639269403344947,0.928815046724284,0.0,D4,3,42,50
AdaptiveJackknifeCP,0.2,0.8,0.8045112781954887,0.004511278195488688,8.134971912111991,0.1403955367441559,11.48160102865585,3.299231724142523,2.6639269403344947,0.928815046724284,0.0,D4,3,42,50
AdaptiveJackknifeCP,0.3,0.7,0.7894736842105263,0.08947368421052637,7.759305487072084,0.13391218437981525,10.252136367531024,3.299231724142523,2.6639269403344947,0.928815046724284,0.0,D4,3,42,50
AdaptiveSplitCP,0.05,0.95,0.9624060150375939,0.012406015037593976,13.582756795205736,0.2344148758386011,15.564107619204709,3.102791260345672,2.4764997438549528,0.9370395702060494,0.0,D4,3,42,50
AdaptiveSplitCP,0.1,0.9,0.9624060150375939,0.06240601503759391,13.582756795205736,0.2344148758386011,14.573432207205222,3.102791260345672,2.4764997438549528,0.9370395702060494,0.0005025863647460938,D4,3,42,50
AdaptiveSplitCP,0.2,0.8,0.9624060150375939,0.1624060150375939,13.582756795205736,0.2344148758386011,14.078094501205479,3.102791260345672,2.4764997438549528,0.9370395702060494,0.001003265380859375,D4,3,42,50
AdaptiveSplitCP,0.3,0.7,0.9624060150375939,0.262406015037594,13.582756795205736,0.2344148758386011,13.912981932538898,3.102791260345672,2.4764997438549528,0.9370395702060494,0.0009999275207519531,D4,3,42,50
SplitCP,0.1,0.9,0.06996770721205597,0.830032292787944,2.7209285325452868,0.03564690858363446,173.5595035416394,11.91479062701661,9.856643508561628,0.48426257819999907,0.001001119613647461,D1,0,43,10
SplitCP,0.2,0.8,0.04843918191603875,0.7515608180839612,1.8901246551545228,0.024762539694836862,91.21562296657682,11.91479062701661,9.856643508561628,0.48426257819999907,0.0009999275207519531,D1,0,43,10
SplitCP,0.3,0.7,0.02798708288482239,0.6720129171151775,1.1918407830980868,0.0156143165589145,62.98741686901493,11.91479062701661,9.856643508561628,0.48426257819999907,0.0010006427764892578,D1,0,43,10
TargetOnlyCP,0.1,0.9,0.9666307857911733,0.06663078579117332,75.79999999999998,0.9930564652177313,79.11517761033367,16.947445308239836,13.495909580193757,-0.04343234894405246,0.0,D1,0,43,10
TargetOnlyCP,0.2,0.8,0.9666307857911733,0.1666307857911733,75.79999999999998,0.9930564652177313,77.45758880516684,16.947445308239836,13.495909580193757,-0.04343234894405246,0.0,D1,0,43,10
TargetOnlyCP,0.3,0.7,0.9666307857911733,0.2666307857911734,75.79999999999998,0.9930564652177313,76.90505920344455,16.947445308239836,13.495909580193757,-0.04343234894405246,0.0,D1,0,43,10
TransferCal-CP-affine-localsigma,0.1,0.9,0.9795479009687836,0.07954790096878361,76.19560920318305,0.998239344860483,78.01919720481993,16.799127884990448,13.425463818198091,-0.025248841223836305,0.0010006427764892578,D1,0,43,10
TransferCal-CP-affine-localsigma,0.2,0.8,0.9181916038751345,0.1181916038751345,58.90915343672917,0.7717693361589346,63.85305340467785,16.799127884990448,13.425463818198091,-0.025248841223836305,0.0010001659393310547,D1,0,43,10
TransferCal-CP-affine-localsigma,0.3,0.7,0.9181916038751345,0.2181916038751346,58.777269467201705,0.770041523116747,62.109166832572896,16.799127884990448,13.425463818198091,-0.025248841223836305,0.0010004043579101562,D1,0,43,10
AdaptiveJackknifeCP,0.1,0.9,1.0,0.09999999999999998,337.09842929799737,4.416329480595233,337.09842929799737,18.35017821207525,14.236217109484409,-0.22330960984114068,0.0009999275207519531,D1,0,43,10
AdaptiveJackknifeCP,0.2,0.8,0.9892357373519914,0.1892357373519914,105.91078623641239,1.3875381399520113,106.57678464240676,18.35017821207525,14.236217109484409,-0.22330960984114068,0.0019996166229248047,D1,0,43,10
AdaptiveJackknifeCP,0.3,0.7,0.9827771797631862,0.2827771797631863,97.63739629500137,1.2791483857226502,98.44113044676537,18.35017821207525,14.236217109484409,-0.22330960984114068,0.0010004043579101562,D1,0,43,10
AdaptiveSplitCP,0.1,0.9,0.9666307857911733,0.06663078579117332,75.79999999999998,0.9930564652177313,79.11517761033367,16.947445308239836,13.495909580193757,-0.04343234894405246,0.0010001659393310547,D1,0,43,10
AdaptiveSplitCP,0.2,0.8,0.9666307857911733,0.1666307857911733,75.79999999999998,0.9930564652177313,77.45758880516684,16.947445308239836,13.495909580193757,-0.04343234894405246,0.0010001659393310547,D1,0,43,10
AdaptiveSplitCP,0.3,0.7,0.9666307857911733,0.2666307857911734,75.79999999999998,0.9930564652177313,76.90505920344455,16.947445308239836,13.495909580193757,-0.04343234894405246,0.0009999275207519531,D1,0,43,10
SplitCP,0.1,0.9,0.0670995670995671,0.8329004329004329,2.7209285325452868,0.03564690858363446,174.40664161661783,11.938793955319468,9.900545220856271,0.47893587324935494,0.001001119613647461,D1,0,43,15
SplitCP,0.2,0.8,0.047619047619047616,0.7523809523809524,1.8901246551545228,0.024762539694836862,91.6463782076402,11.938793955319468,9.900545220856271,0.47893587324935494,0.0009999275207519531,D1,0,43,15
SplitCP,0.3,0.7,0.027056277056277056,0.672943722943723,1.1918407830980868,0.0156143165589145,63.27666037145987,11.938793955319468,9.900545220856271,0.47893587324935494,0.0010001659393310547,D1,0,43,15
TargetOnlyCP,0.1,0.9,0.9231601731601732,0.02316017316017316,63.00471081795128,0.8254252693527713,129.14413402787775,25.66393853906377,14.718502004702982,-1.4077803937558229,0.0,D1,0,43,15
TargetOnlyCP,0.2,0.8,0.9231601731601732,0.12316017316017314,63.00471081795128,0.8254252693527713,96.07442242291451,25.66393853906377,14.718502004702982,-1.4077803937558229,0.0,D1,0,43,15
TargetOnlyCP,0.3,0.7,0.9231601731601732,0.22316017316017323,63.00471081795128,0.8254252693527713,85.0511852212601,25.66393853906377,14.718502004702982,-1.4077803937558229,0.0,D1,0,43,15
TransferCal-CP-affine-localsigma,0.1,0.9,0.9718614718614719,0.07186147186147185,51.95292082534736,0.6806356716696058,54.58107253218684,13.52471989557853,11.347566552401586,0.3313069345892894,0.0021209716796875,D1,0,43,15
TransferCal-CP-affine-localsigma,0.2,0.8,0.7813852813852814,0.01861471861471864,34.40011140837561,0.45067616145511397,45.00988612707246,13.52471989557853,11.347566552401586,0.3313069345892894,0.0015063285827636719,D1,0,43,15
TransferCal-CP-affine-localsigma,0.3,0.7,0.762987012987013,0.06298701298701304,32.8406660355958,0.4302458539406963,41.106944999464986,13.52471989557853,11.347566552401586,0.3313069345892894,0.000629425048828125,D1,0,43,15
AdaptiveJackknifeCP,0.1,0.9,0.974025974025974,0.074025974025974,61.79222136046796,0.8095404343295239,64.75503100696547,14.472156484246778,11.730921006700745,0.23433858746945313,0.0020034313201904297,D1,0,43,15
AdaptiveJackknifeCP,0.2,0.8,0.8744588744588745,0.07445887445887445,44.036160239798804,0.5769181217611637,51.59535496054138,14.472156484246778,11.730921006700745,0.23433858746945313,0.0010001659393310547,D1,0,43,15
AdaptiveJackknifeCP,0.3,0.7,0.7251082251082251,0.02510822510822519,31.749762715454512,0.41595391996980186,44.583541589085264,14.472156484246778,11.730921006700745,0.23433858746945313,0.0009999275207519531,D1,0,43,15
AdaptiveSplitCP,0.1,0.9,0.814935064935065,0.08506493506493507,48.74384819445025,0.6385935829695313,89.58855971999421,19.13957607910534,14.533880553396955,-0.3391674644403575,0.0019998550415039062,D1,0,43,15
AdaptiveSplitCP,0.2,0.8,0.814935064935065,0.014935064935064912,48.74384819445025,0.6385935829695313,69.16620395722224,19.13957607910534,14.533880553396955,-0.3391674644403575,0.0010006427764892578,D1,0,43,15
AdaptiveSplitCP,0.3,0.7,0.814935064935065,0.114935064935065,48.74384819445025,0.6385935829695313,62.35875203629824,19.13957607910534,14.533880553396955,-0.3391674644403575,0.0010030269622802734,D1,0,43,15
SplitCP,0.05,0.95,0.09684439608269858,0.8531556039173014,3.40516648888319,0.04461111605446193,333.3905229539345,11.941275613508887,9.87681442228949,0.47973967668547746,0.0010018348693847656,D1,0,43,20
SplitCP,0.1,0.9,0.07072905331882481,0.8292709466811752,2.7209285325452868,0.03564690858363446,173.9728781835886,11.941275613508887,9.87681442228949,0.47973967668547746,0.0010001659393310547,D1,0,43,20
SplitCP,0.2,0.8,0.04896626768226333,0.7510337323177367,1.8901246551545228,0.024762539694836862,91.41961378504782,11.941275613508887,9.87681442228949,0.47973967668547746,0.0019989013671875,D1,0,43,20
SplitCP,0.3,0.7,0.028291621327529923,0.67170837867247,1.1918407830980868,0.0156143165589145,63.12251445823985,11.941275613508887,9.87681442228949,0.47973967668547746,0.0010004043579101562,D1,0,43,20
TargetOnlyCP,0.05,0.95,0.9912948857453754,0.04129488574537543,241.8144926300952,3.1680137901010754,243.4939747607197,23.649052341286936,13.588471087207799,-1.040547679078176,0.0,D1,0,43,20
TargetOnlyCP,0.1,0.9,0.9912948857453754,0.09129488574537536,241.8144926300952,3.1680137901010754,242.65423369540747,23.649052341286936,13.588471087207799,-1.040547679078176,0.0,D1,0,43,20
TargetOnlyCP,0.2,0.8,0.9912948857453754,0.19129488574537534,241.8144926300952,3.1680137901010754,242.23436316275138,23.649052341286936,13.588471087207799,-1.040547679078176,0.0010001659393310547,D1,0,43,20
TargetOnlyCP,0.3,0.7,0.9912948857453754,0.29129488574537543,241.8144926300952,3.1680137901010754,242.0944063185326,23.649052341286936,13.588471087207799,-1.040547679078176,0.0,D1,0,43,20
TransferCal-CP-affine-localsigma,0.05,0.95,0.926006528835691,0.023993471164308944,42.08658846945215,0.5513767648884893,56.18059689622585,11.728037736432807,9.289485320277729,0.498154572718678,0.0010006427764892578,D1,0,43,20
TransferCal-CP-affine-localsigma,0.1,0.9,0.926006528835691,0.02600652883569099,42.08658846945215,0.5513767648884893,49.133592682838994,11.728037736432807,9.289485320277729,0.498154572718678,0.0009999275207519531,D1,0,43,20
TransferCal-CP-affine-localsigma,0.2,0.8,0.7323177366702938,0.06768226332970628,25.27299682685403,0.3311017532234117,42.20413058728736,11.728037736432807,9.289485320277729,0.498154572718678,0.0019996166229248047,D1,0,43,20
TransferCal-CP-affine-localsigma,0.3,0.7,0.7138193688792165,0.013819368879216531,24.324367645005008,0.31867375398687636,36.489546085405856,11.728037736432807,9.289485320277729,0.498154572718678,0.0010006427764892578,D1,0,43,20
AdaptiveJackknifeCP,0.05,0.95,0.9978237214363439,0.04782372143634395,84.28978032551233,1.104281151768237,84.62212769934146,11.677550546160692,9.031101914917057,0.5024659896714772,0.0009999275207519531,D1,0,43,20
AdaptiveJackknifeCP,0.1,0.9,0.9771490750816104,0.0771490750816104,53.74006782546963,0.7040491002021374,56.13334757340781,11.677550546160692,9.031101914917057,0.5024659896714772,0.0010004043579101562,D1,0,43,20
AdaptiveJackknifeCP,0.2,0.8,0.9292709466811752,0.12927094668117511,44.17915226278867,0.5787914615092462,47.39527524604389,11.677550546160692,9.031101914917057,0.5024659896714772,0.0010001659393310547,D1,0,43,20
AdaptiveJackknifeCP,0.3,0.7,0.8139281828073993,0.11392818280739936,30.357401005277612,0.3977125769854643,38.021126297911316,11.677550546160692,9.031101914917057,0.5024659896714772,0.0010004043579101562,D1,0,43,20
AdaptiveSplitCP,0.05,0.95,0.9978237214363439,0.04782372143634395,288.9077928040101,3.784983528968431,289.1954452418105,25.659075634774638,14.602924805523573,-1.4021563757922721,0.0010004043579101562,D1,0,43,20
AdaptiveSplitCP,0.1,0.9,0.9978237214363439,0.09782372143634388,288.9077928040101,3.784983528968431,289.05161902291036,25.659075634774638,14.602924805523573,-1.4021563757922721,0.0019998550415039062,D1,0,43,20
AdaptiveSplitCP,0.2,0.8,0.9978237214363439,0.19782372143634386,288.9077928040101,3.784983528968431,288.97970591346024,25.659075634774638,14.602924805523573,-1.4021563757922721,0.0,D1,0,43,20
AdaptiveSplitCP,0.3,0.7,0.9978237214363439,0.29782372143634395,288.9077928040101,3.784983528968431,288.95573487697686,25.659075634774638,14.602924805523573,-1.4021563757922721,0.0009999275207519531,D1,0,43,20
SplitCP,0.05,0.95,0.0968096809680968,0.8531903190319031,3.40516648888319,0.04461111605446193,332.6689574843662,11.90213683604096,9.858104184763606,0.48668561140758737,0.0010006427764892578,D1,0,43,30
SplitCP,0.1,0.9,0.07150715071507151,0.8284928492849285,2.7209285325452863,0.03564690858363445,173.60884886245157,11.90213683604096,9.858104184763606,0.48668561140758737,0.0009999275207519531,D1,0,43,30
SplitCP,0.2,0.8,0.04950495049504951,0.7504950495049505,1.8901246551545228,0.024762539694836862,91.23484329298779,11.90213683604096,9.858104184763606,0.48668561140758737,0.002000093460083008,D1,0,43,30
SplitCP,0.3,0.7,0.028602860286028604,0.6713971397139713,1.1918407830980868,0.0156143165589145,62.99841812009742,11.90213683604096,9.858104184763606,0.48668561140758737,0.0010001659393310547,D1,0,43,30
TargetOnlyCP,0.05,0.95,0.9988998899889989,0.04889988998899897,130.72143714645182,1.7125826952617058,130.8912361974682,18.870033163353597,15.122768044978933,-0.29026491185938563,0.0,D1,0,43,30
TargetOnlyCP,0.1,0.9,0.9988998899889989,0.0988998899889989,130.72143714645182,1.7125826952617058,130.80633667196003,18.870033163353597,15.122768044978933,-0.29026491185938563,0.0,D1,0,43,30
TargetOnlyCP,0.2,0.8,0.9988998899889989,0.19889988998899888,130.72143714645182,1.7125826952617058,130.76388690920592,18.870033163353597,15.122768044978933,-0.29026491185938563,0.0009996891021728516,D1,0,43,30
TargetOnlyCP,0.3,0.7,0.9988998899889989,0.29889988998899897,130.72143714645182,1.7125826952617058,130.74973698828788,18.870033163353597,15.122768044978933,-0.29026491185938563,0.0,D1,0,43,30
TransferCal-CP-affine-localsigma,0.05,0.95,0.9537953795379538,0.0037953795379538358,45.35131980570529,0.5941480387758917,53.91723533844531,12.430492641546591,10.352380352025996,0.44010029099326686,0.0020003318786621094,D1,0,43,30
TransferCal-CP-affine-localsigma,0.1,0.9,0.9537953795379538,0.05379537953795377,45.35131980570529,0.5941480387758917,49.6342775720753,12.430492641546591,10.352380352025996,0.44010029099326686,0.0010006427764892578,D1,0,43,30
TransferCal-CP-affine-localsigma,0.2,0.8,0.8756875687568757,0.07568756875687566,37.10759173406143,0.4861468849626617,42.473658705696856,12.430492641546591,10.352380352025996,0.44010029099326686,0.0009999275207519531,D1,0,43,30
TransferCal-CP-affine-localsigma,0.3,0.7,0.8118811881188119,0.11188118811881198,32.988513590402476,0.43218280605372267,38.63868234950889,12.430492641546591,10.352380352025996,0.44010029099326686,0.0019996166229248047,D1,0,43,30
AdaptiveJackknifeCP,0.05,0.95,1.0,0.050000000000000044,95.48640111477319,1.2509681789894342,95.48640111477319,11.73593205332366,9.670597117385432,0.5009216471941867,0.0009999275207519531,D1,0,43,30
AdaptiveJackknifeCP,0.1,0.9,0.9867986798679867,0.08679867986798673,53.34942399966506,0.6989312720119973,54.52785494628613,11.73593205332366,9.670597117385432,0.5009216471941867,0.0009999275207519531,D1,0,43,30
AdaptiveJackknifeCP,0.2,0.8,0.9482948294829483,0.14829482948294825,42.23977372464426,0.5533836462611087,44.33716928838082,11.73593205332366,9.670597117385432,0.5009216471941867,0.00099945068359375,D1,0,43,30
AdaptiveJackknifeCP,0.3,0.7,0.8690869086908691,0.16908690869086918,35.63538269191966,0.46685946138151535,39.08582312703035,11.73593205332366,9.670597117385432,0.5009216471941867,0.0020003318786621094,D1,0,43,30
AdaptiveSplitCP,0.05,0.95,0.9867986798679867,0.036798679867986794,89.6458362147268,1.1744508869773653,91.268241084444,18.065693371196527,14.836338963139903,-0.1826134923561351,0.0010006427764892578,D1,0,43,30
AdaptiveSplitCP,0.1,0.9,0.9867986798679867,0.08679867986798673,89.6458362147268,1.1744508869773653,90.4570386495854,18.065693371196527,14.836338963139903,-0.1826134923561351,0.0009999275207519531,D1,0,43,30
AdaptiveSplitCP,0.2,0.8,0.9867986798679867,0.1867986798679867,89.6458362147268,1.1744508869773653,90.0514374321561,18.065693371196527,14.836338963139903,-0.1826134923561351,0.0009999275207519531,D1,0,43,30
AdaptiveSplitCP,0.3,0.7,0.9867986798679867,0.2867986798679868,89.6458362147268,1.1744508869773653,89.91623702634634,18.065693371196527,14.836338963139903,-0.1826134923561351,0.0010023117065429688,D1,0,43,30
SplitCP,0.05,0.95,0.0922384701912261,0.8577615298087738,3.4051664888831903,0.04511349348744112,336.3470521635661,12.011910201823747,9.953200252024503,0.4777297314762572,0.0010001659393310547,D1,0,43,50
SplitCP,0.1,0.9,0.06974128233970754,0.8302587176602925,2.720928532545287,0.03604833773429788,175.47073660503085,12.011910201823747,9.953200252024503,0.4777297314762572,0.001997709274291992,D1,0,43,50
SplitCP,0.2,0.8,0.048368953880764905,0.7516310461192351,1.8901246551545228,0.025041397123795824,92.1734659093721,12.011910201823747,9.953200252024503,0.4777297314762572,0.0010001659393310547,D1,0,43,50
SplitCP,0.3,0.7,0.02699662542182227,0.6730033745781777,1.1918407830980868,0.015790153457077176,63.627509162342555,12.011910201823747,9.953200252024503,0.4777297314762572,0.001999378204345703,D1,0,43,50
TargetOnlyCP,0.05,0.95,0.9437570303712036,0.0062429696287963354,78.98093703131913,1.0463823134718508,170.34186318572714,23.32532867116248,13.487013595459327,-0.9693671688876346,0.0,D1,0,43,50
TargetOnlyCP,0.1,0.9,0.9437570303712036,0.0437570303712036,78.98093703131913,1.0463823134718508,124.66140010852315,23.32532867116248,13.487013595459327,-0.9693671688876346,0.0009996891021728516,D1,0,43,50
TargetOnlyCP,0.2,0.8,0.9437570303712036,0.14375703037120358,78.98093703131913,1.0463823134718508,101.82116856992114,23.32532867116248,13.487013595459327,-0.9693671688876346,0.0,D1,0,43,50
TargetOnlyCP,0.3,0.7,0.9437570303712036,0.24375703037120366,78.98093703131913,1.0463823134718508,94.2077580570538,23.32532867116248,13.487013595459327,-0.9693671688876346,0.0,D1,0,43,50
TransferCal-CP-affine-localsigma,0.05,0.95,0.9628796400449944,0.012879640044994423,48.68249670283978,0.6449721342923961,55.49485314542824,11.898575841910123,9.562757109609384,0.48753865051923784,0.0010006427764892578,D1,0,43,50
TransferCal-CP-affine-localsigma,0.1,0.9,0.9291338582677166,0.029133858267716528,42.52455426607263,0.5633883712299781,49.13692087519482,11.898575841910123,9.562757109609384,0.48753865051923784,0.0010004043579101562,D1,0,43,50
TransferCal-CP-affine-localsigma,0.2,0.8,0.7739032620922385,0.02609673790776157,28.86297869983355,0.38239240455762624,41.55084654117296,11.898575841910123,9.562757109609384,0.48753865051923784,0.0010018348693847656,D1,0,43,50
TransferCal-CP-affine-localsigma,0.3,0.7,0.734533183352081,0.034533183352081,26.291233861470854,0.3483205333596668,36.824667396980665,11.898575841910123,9.562757109609384,0.48753865051923784,0.0010035037994384766,D1,0,43,50
AdaptiveJackknifeCP,0.05,0.95,0.9730033745781778,0.023003374578177804,48.43532022513048,0.6416974061832739,52.41957613988123,11.586377111783124,9.58374286017403,0.5140781040616782,0.0005025863647460938,D1,0,43,50
AdaptiveJackknifeCP,0.1,0.9,0.8560179977502812,0.04398200224971882,33.28333841196819,0.4409557287699872,45.87585625717422,11.586377111783124,9.58374286017403,0.5140781040616782,0.0009996891021728516,D1,0,43,50
AdaptiveJackknifeCP,0.2,0.8,0.81214848143982,0.012148481439819947,30.699612640439113,0.4067251276678837,39.10977575242232,11.586377111783124,9.58374286017403,0.5140781040616782,0.0010001659393310547,D1,0,43,50
AdaptiveJackknifeCP,0.3,0.7,0.6175478065241845,0.08245219347581545,21.828774146121734,0.2891994454587936,35.79110614632604,11.586377111783124,9.58374286017403,0.5140781040616782,0.0010001659393310547,D1,0,43,50
AdaptiveSplitCP,0.05,0.95,0.9763779527559056,0.026377952755905598,49.44219448776126,0.6550370228035359,53.04078276541939,11.341178288366216,9.179729832162682,0.5344273013797927,0.0020003318786621094,D1,0,43,50
AdaptiveSplitCP,0.1,0.9,0.9763779527559056,0.07637795275590553,49.44219448776126,0.6550370228035359,51.241488626590325,11.341178288366216,9.179729832162682,0.5344273013797927,0.0009975433349609375,D1,0,43,50
AdaptiveSplitCP,0.2,0.8,0.9763779527559056,0.1763779527559055,49.44219448776126,0.6550370228035359,50.3418415571758,11.341178288366216,9.179729832162682,0.5344273013797927,0.0019996166229248047,D1,0,43,50
AdaptiveSplitCP,0.3,0.7,0.9763779527559056,0.2763779527559056,49.44219448776126,0.6550370228035359,50.041959200704284,11.341178288366216,9.179729832162682,0.5344273013797927,0.0010001659393310547,D1,0,43,50
SplitCP,0.1,0.9,0.0,0.9,3.6909808297173954,0.08928352270983454,329.2035550446967,19.0457988023969,18.121119125607663,-5.071279539887433,0.0010116100311279297,D2,1,43,10
SplitCP,0.2,0.8,0.0,0.8,2.2731890119538605,0.05498763936632762,172.11843520826122,19.0457988023969,18.121119125607663,-5.071279539887433,0.0010006427764892578,D2,1,43,10
SplitCP,0.3,0.7,0.0,0.7,1.3908287659894256,0.033643656643758804,117.56219371674244,19.0457988023969,18.121119125607663,-5.071279539887433,0.0,D2,1,43,10
TargetOnlyCP,0.1,0.9,0.967741935483871,0.06774193548387097,35.579999999999984,0.860667634044347,38.231612903225795,8.290931306884882,6.418709677419355,-0.15050491666615295,0.0,D2,1,43,10
TargetOnlyCP,0.2,0.8,0.967741935483871,0.16774193548387095,35.579999999999984,0.860667634044347,36.90580645161289,8.290931306884882,6.418709677419355,-0.15050491666615295,0.0010001659393310547,D2,1,43,10
TargetOnlyCP,0.3,0.7,0.967741935483871,0.26774193548387104,35.579999999999984,0.860667634044347,36.46387096774192,8.290931306884882,6.418709677419355,-0.15050491666615295,0.0,D2,1,43,10
TransferCal-CP-affine-localsigma,0.1,0.9,0.8817204301075269,0.018279569892473146,55.194546122680826,1.3351365773906496,68.86401858572384,18.286479954504472,14.824998235347012,-4.596829458674772,0.0009999275207519531,D2,1,43,10
TransferCal-CP-affine-localsigma,0.2,0.8,0.7419354838709677,0.058064516129032295,45.91152578870039,1.1105835940395392,60.77166878870282,18.286479954504472,14.824998235347012,-4.596829458674772,0.0,D2,1,43,10
TransferCal-CP-affine-localsigma,0.3,0.7,0.7419354838709677,0.041935483870967794,45.74090820379167,1.1064564149184108,55.79443801876854,18.286479954504472,14.824998235347012,-4.596829458674772,0.0010001659393310547,D2,1,43,10
AdaptiveJackknifeCP,0.1,0.9,0.8172043010752689,0.08279569892473115,15.257406715526084,0.3690712799186108,25.759217202904125,6.005030411117916,4.881231695807596,0.3964513713929507,0.0010018348693847656,D2,1,43,10
AdaptiveJackknifeCP,0.2,0.8,0.7204301075268817,0.0795698924731183,13.892906662215557,0.3360645055359195,20.738445554198275,6.005030411117916,4.881231695807596,0.3964513713929507,0.0,D2,1,43,10
AdaptiveJackknifeCP,0.3,0.7,0.6129032258064516,0.08709677419354833,11.234916907779152,0.271768672110824,18.704617484917524,6.005030411117916,4.881231695807596,0.3964513713929507,0.0010008811950683594,D2,1,43,10
AdaptiveSplitCP,0.1,0.9,0.967741935483871,0.06774193548387097,35.579999999999984,0.860667634044347,38.231612903225795,8.290931306884882,6.418709677419355,-0.15050491666615295,0.001991748809814453,D2,1,43,10
AdaptiveSplitCP,0.2,0.8,0.967741935483871,0.16774193548387095,35.579999999999984,0.860667634044347,36.90580645161289,8.290931306884882,6.418709677419355,-0.15050491666615295,0.0010080337524414062,D2,1,43,10
AdaptiveSplitCP,0.3,0.7,0.967741935483871,0.26774193548387104,35.579999999999984,0.860667634044347,36.46387096774192,8.290931306884882,6.418709677419355,-0.15050491666615295,0.0,D2,1,43,10
SplitCP,0.1,0.9,0.0,0.9,3.6909808297173967,0.08928352270983457,329.61744662780063,19.086950978231584,18.14181370476286,-4.824408427590488,0.0,D2,1,43,15
SplitCP,0.2,0.8,0.0,0.8,2.2731890119538605,0.05498763936632762,172.32538099981315,19.086950978231584,18.14181370476286,-4.824408427590488,0.0,D2,1,43,15
SplitCP,0.3,0.7,0.0,0.7,1.3908287659894256,0.033643656643758804,117.70015757777709,19.086950978231584,18.14181370476286,-4.824408427590488,0.0010042190551757812,D2,1,43,15
TargetOnlyCP,0.1,0.9,0.8977272727272727,0.002272727272727315,19.15397138456864,0.46332780309471117,24.37025247092137,6.139986440846001,4.969127324664977,0.39728287733919776,0.0009999275207519531,D2,1,43,15
TargetOnlyCP,0.2,0.8,0.8977272727272727,0.09772727272727266,19.15397138456864,0.46332780309471117,21.762111927745003,6.139986440846001,4.969127324664977,0.39728287733919776,0.0,D2,1,43,15
TargetOnlyCP,0.3,0.7,0.8977272727272727,0.19772727272727275,19.15397138456864,0.46332780309471117,20.892731746686216,6.139986440846001,4.969127324664977,0.39728287733919776,0.0,D2,1,43,15
TransferCal-CP-affine-localsigma,0.1,0.9,0.7272727272727273,0.17272727272727273,15.41602609518592,0.37290822669223117,31.260889105435652,6.511933668482113,5.17060886063621,0.3220484755201145,0.0,D2,1,43,15
TransferCal-CP-affine-localsigma,0.2,0.8,0.6931818181818182,0.10681818181818181,13.191736382259108,0.3191034440993728,24.49796140823617,6.511933668482113,5.17060886063621,0.3220484755201145,0.0,D2,1,43,15
TransferCal-CP-affine-localsigma,0.3,0.7,0.6363636363636364,0.0636363636363636,11.860668763040763,0.2869053884898817,20.84618035592547,6.511933668482113,5.17060886063621,0.3220484755201145,0.0009992122650146484,D2,1,43,15
AdaptiveJackknifeCP,0.1,0.9,0.9659090909090909,0.06590909090909092,18.829026136992272,0.4554674923182776,21.521055978287237,5.010020177800609,4.084783230793341,0.5987106301867351,0.0010006427764892578,D2,1,43,15
AdaptiveJackknifeCP,0.2,0.8,0.7386363636363636,0.0613636363636364,10.868538380176972,0.26290610492375205,17.307891948983112,5.010020177800609,4.084783230793341,0.5987106301867351,0.0010001659393310547,D2,1,43,15
AdaptiveJackknifeCP,0.3,0.7,0.7272727272727273,0.027272727272727337,10.678683119738752,0.2583135732258252,15.138970221006419,5.010020177800609,4.084783230793341,0.5987106301867351,0.0,D2,1,43,15
AdaptiveSplitCP,0.1,0.9,0.8636363636363636,0.036363636363636376,17.615695679986057,0.4261174570809115,24.471584601630877,5.99229183729973,4.810687377809208,0.42593030925670194,0.0,D2,1,43,15
AdaptiveSplitCP,0.2,0.8,0.8636363636363636,0.0636363636363636,17.615695679986057,0.4261174570809115,21.043640140808467,5.99229183729973,4.810687377809208,0.42593030925670194,0.0,D2,1,43,15
AdaptiveSplitCP,0.3,0.7,0.8636363636363636,0.1636363636363637,17.615695679986057,0.4261174570809115,19.900991987200996,5.99229183729973,4.810687377809208,0.42593030925670194,0.0,D2,1,43,15
SplitCP,0.05,0.95,0.0,0.95,4.2428844526024685,0.11965269180501811,644.4179228281124,18.855599330919937,18.125818185688985,-5.69205773532767,0.0,D2,1,43,20
SplitCP,0.1,0.9,0.0,0.9,3.690980829717396,0.10408857384874537,329.2975362463231,18.855599330919937,18.125818185688985,-5.69205773532767,0.0,D2,1,43,20
SplitCP,0.2,0.8,0.0,0.8,2.2731890119538605,0.06410572507932329,172.16542580907438,18.855599330919937,18.125818185688985,-5.69205773532767,0.0,D2,1,43,20
SplitCP,0.3,0.7,0.0,0.7,1.3908287659894256,0.0392224694189848,117.59352078395123,18.855599330919937,18.125818185688985,-5.69205773532767,0.0010006427764892578,D2,1,43,20
TargetOnlyCP,0.05,0.95,0.9879518072289156,0.03795180722891567,29.515965838624542,0.8323735428736834,30.709039098804354,6.01945947252693,5.018796895460868,0.31798490577419936,0.0,D2,1,43,20
TargetOnlyCP,0.1,0.9,0.9879518072289156,0.0879518072289156,29.515965838624542,0.8323735428736834,30.11250246871445,6.01945947252693,5.018796895460868,0.31798490577419936,0.0,D2,1,43,20
TargetOnlyCP,0.2,0.8,0.9879518072289156,0.18795180722891558,29.515965838624542,0.8323735428736834,29.8142341536695,6.01945947252693,5.018796895460868,0.31798490577419936,0.0,D2,1,43,20
TargetOnlyCP,0.3,0.7,0.9879518072289156,0.28795180722891567,29.515965838624542,0.8323735428736834,29.714811381987843,6.01945947252693,5.018796895460868,0.31798490577419936,0.0009996891021728516,D2,1,43,20
TransferCal-CP-affine-localsigma,0.05,0.95,0.9518072289156626,0.0018072289156626509,28.343525504110566,0.7993097996649033,31.113100663686527,6.973422375342987,5.726900037870777,0.08468424305380562,0.0,D2,1,43,20
TransferCal-CP-affine-localsigma,0.1,0.9,0.9518072289156626,0.051807228915662584,28.343525504110566,0.7993097996649033,29.728313083898552,6.973422375342987,5.726900037870777,0.08468424305380562,0.0,D2,1,43,20
TransferCal-CP-affine-localsigma,0.2,0.8,0.891566265060241,0.0915662650602409,22.01258290076933,0.6207722192487765,24.49650371841435,6.973422375342987,5.726900037870777,0.08468424305380562,0.0010001659393310547,D2,1,43,20
TransferCal-CP-affine-localsigma,0.3,0.7,0.8192771084337349,0.11927710843373496,19.62564096553355,0.5534585719119843,22.389700684944156,6.973422375342987,5.726900037870777,0.08468424305380562,0.0,D2,1,43,20
AdaptiveJackknifeCP,0.05,0.95,0.9879518072289156,0.03795180722891567,29.452685674029443,0.8305889922651878,30.07214429379284,4.928784493124275,3.690129619513965,0.5427447972193093,0.0,D2,1,43,20
AdaptiveJackknifeCP,0.1,0.9,0.9879518072289156,0.0879518072289156,27.81838958438504,0.7845005520738872,28.32502203759739,4.928784493124275,3.690129619513965,0.5427447972193093,0.0,D2,1,43,20
AdaptiveJackknifeCP,0.2,0.8,0.9397590361445783,0.1397590361445783,19.746305564196373,0.5568614088727513,21.748490112353,4.928784493124275,3.690129619513965,0.5427447972193093,0.0010004043579101562,D2,1,43,20
AdaptiveJackknifeCP,0.3,0.7,0.9156626506024096,0.21566265060240963,17.233551759532215,0.4859997674752459,19.196580659341887,4.928784493124275,3.690129619513965,0.5427447972193093,0.0009996891021728516,D2,1,43,20
AdaptiveSplitCP,0.05,0.95,0.9156626506024096,0.034337349397590367,26.634102273172417,0.7511027147676648,41.43996785284553,7.740407356718416,6.087415877488259,-0.12773388775680417,0.0,D2,1,43,20
AdaptiveSplitCP,0.1,0.9,0.9156626506024096,0.015662650602409567,26.634102273172417,0.7511027147676648,34.037035063008965,7.740407356718416,6.087415877488259,-0.12773388775680417,0.0,D2,1,43,20
AdaptiveSplitCP,0.2,0.8,0.9156626506024096,0.11566265060240954,26.634102273172417,0.7511027147676648,30.335568668090694,7.740407356718416,6.087415877488259,-0.12773388775680417,0.0,D2,1,43,20
AdaptiveSplitCP,0.3,0.7,0.9156626506024096,0.21566265060240963,26.634102273172417,0.7511027147676648,29.101746536451266,7.740407356718416,6.087415877488259,-0.12773388775680417,0.0,D2,1,43,20
SplitCP,0.05,0.95,0.0,0.95,4.242884452602468,0.10536092504466994,654.5698467817172,19.323877809998315,18.3796162845291,-5.59049969137675,0.001001119613647461,D2,1,43,30
SplitCP,0.1,0.9,0.0,0.9,3.6909808297173963,0.09165584377454279,334.3734982231254,19.323877809998315,18.3796162845291,-5.59049969137675,0.0,D2,1,43,30
SplitCP,0.2,0.8,0.0,0.8,2.2731890119538605,0.05644869658280044,174.70340679747554,19.323877809998315,18.3796162845291,-5.59049969137675,0.0,D2,1,43,30
SplitCP,0.3,0.7,0.0,0.7,1.3908287659894256,0.03453759040586168,119.28550810955205,19.323877809998315,18.3796162845291,-5.59049969137675,0.0,D2,1,43,30
TargetOnlyCP,0.05,0.95,0.7945205479452054,0.15547945205479452,14.128487406168572,0.35084398814651435,42.19207834514818,5.769340224523374,4.338665494073943,0.41253488841377006,0.0009996891021728516,D2,1,43,30
TargetOnlyCP,0.1,0.9,0.7945205479452054,0.10547945205479459,14.128487406168572,0.35084398814651435,28.16028287565838,5.769340224523374,4.338665494073943,0.41253488841377006,0.0,D2,1,43,30
TargetOnlyCP,0.2,0.8,0.7945205479452054,0.005479452054794609,14.128487406168572,0.35084398814651435,21.144385140913478,5.769340224523374,4.338665494073943,0.41253488841377006,0.0,D2,1,43,30
TargetOnlyCP,0.3,0.7,0.7945205479452054,0.09452054794520548,14.128487406168572,0.35084398814651435,18.805752562665177,5.769340224523374,4.338665494073943,0.41253488841377006,0.0009999275207519531,D2,1,43,30
TransferCal-CP-affine-localsigma,0.05,0.95,0.958904109589041,0.008904109589041087,23.021125808762147,0.5716693767828521,28.554117271386993,6.19079947069666,5.032953651171948,0.323569389825375,0.0,D2,1,43,30
TransferCal-CP-affine-localsigma,0.1,0.9,0.958904109589041,0.05890410958904102,23.021125808762147,0.5716693767828521,25.78762154007457,6.19079947069666,5.032953651171948,0.323569389825375,0.0,D2,1,43,30
TransferCal-CP-affine-localsigma,0.2,0.8,0.8082191780821918,0.008219178082191747,15.897764086292087,0.394779341503459,21.640788300662166,6.19079947069666,5.032953651171948,0.323569389825375,0.0009999275207519531,D2,1,43,30
TransferCal-CP-affine-localsigma,0.3,0.7,0.7534246575342466,0.05342465753424663,13.714546560943408,0.340564851192892,19.10740759454889,6.19079947069666,5.032953651171948,0.323569389825375,0.0,D2,1,43,30
AdaptiveJackknifeCP,0.05,0.95,0.8904109589041096,0.05958904109589036,15.666714821780886,0.3890418380404884,28.927714966951637,4.883359530256562,3.6091977918575027,0.5791113850522017,0.0,D2,1,43,30
AdaptiveJackknifeCP,0.1,0.9,0.8493150684931506,0.050684931506849384,13.09813096570386,0.3252577840191528,22.79785833827287,4.883359530256562,3.6091977918575027,0.5791113850522017,0.0,D2,1,43,30
AdaptiveJackknifeCP,0.2,0.8,0.7397260273972602,0.06027397260273981,10.14043860534423,0.25181123920601234,18.023795283167807,4.883359530256562,3.6091977918575027,0.5791113850522017,0.0,D2,1,43,30
AdaptiveJackknifeCP,0.3,0.7,0.6164383561643836,0.08356164383561637,7.2531288272765035,0.1801124615216136,15.816068856412514,4.883359530256562,3.6091977918575027,0.5791113850522017,0.0010008811950683594,D2,1,43,30
AdaptiveSplitCP,0.05,0.95,0.8493150684931506,0.10068493150684932,13.888061915202826,0.3448736506519516,33.20507220928999,5.003272435489228,3.73519248000591,0.5581874158806455,0.0,D2,1,43,30
AdaptiveSplitCP,0.1,0.9,0.8493150684931506,0.050684931506849384,13.888061915202826,0.3448736506519516,23.546567062246407,5.003272435489228,3.73519248000591,0.5581874158806455,0.0,D2,1,43,30
AdaptiveSplitCP,0.2,0.8,0.8493150684931506,0.04931506849315059,13.888061915202826,0.3448736506519516,18.717314488724615,5.003272435489228,3.73519248000591,0.5581874158806455,0.0,D2,1,43,30
AdaptiveSplitCP,0.3,0.7,0.8493150684931506,0.14931506849315068,13.888061915202826,0.3448736506519516,17.10756363088402,5.003272435489228,3.73519248000591,0.5581874158806455,0.0009999275207519531,D2,1,43,30
SplitCP,0.1,0.9,0.04,0.86,2.7944698467991174,0.10353723029876788,157.12462743216932,10.02526198898696,9.090635308770175,-0.9394358646144787,0.0009999275207519531,D3,2,43,10
SplitCP,0.2,0.8,0.04,0.76,1.8698262997253465,0.06927848458809047,83.47319411836453,10.02526198898696,9.090635308770175,-0.9394358646144787,0.0,D3,2,43,10
SplitCP,0.3,0.7,0.0,0.7,1.2110922000411648,0.04487188586856043,57.77835359170512,10.02526198898696,9.090635308770175,-0.9394358646144787,0.0,D3,2,43,10
TargetOnlyCP,0.1,0.9,0.96,0.05999999999999994,30.779999999999994,1.140422378236227,34.635999999999996,7.63920179076322,5.690000000000001,-0.12610769234958674,0.0,D3,2,43,10
TargetOnlyCP,0.2,0.8,0.96,0.15999999999999992,30.779999999999994,1.140422378236227,32.70799999999999,7.63920179076322,5.690000000000001,-0.12610769234958674,0.0,D3,2,43,10
TargetOnlyCP,0.3,0.7,0.96,0.26,30.779999999999994,1.140422378236227,32.06533333333333,7.63920179076322,5.690000000000001,-0.12610769234958674,0.0,D3,2,43,10
TransferCal-CP-affine-localsigma,0.1,0.9,1.0,0.09999999999999998,29.645470656255,1.0983872043449845,29.645470656255,4.190890664181672,3.4516681766280692,0.6610804491044642,0.0,D3,2,43,10
TransferCal-CP-affine-localsigma,0.2,0.8,1.0,0.19999999999999996,27.574687669800696,1.0216631218815881,27.574687669800696,4.190890664181672,3.4516681766280692,0.6610804491044642,0.0,D3,2,43,10
TransferCal-CP-affine-localsigma,0.3,0.7,1.0,0.30000000000000004,19.610987990925423,0.7266020001355837,19.610987990925423,4.190890664181672,3.4516681766280692,0.6610804491044642,0.0010006427764892578,D3,2,43,10
AdaptiveJackknifeCP,0.1,0.9,1.0,0.09999999999999998,112.52977171405621,4.169313511388036,112.52977171405621,7.486592679489093,5.586551016690485,-0.08156436873263995,0.0,D3,2,43,10
AdaptiveJackknifeCP,0.2,0.8,0.96,0.15999999999999992,28.41672694065939,1.052861316418332,29.817118631551992,7.486592679489093,5.586551016690485,-0.08156436873263995,0.0,D3,2,43,10
AdaptiveJackknifeCP,0.3,0.7,0.8,0.10000000000000009,21.42716087225088,0.7938925848207468,25.761319554630262,7.486592679489093,5.586551016690485,-0.08156436873263995,0.0,D3,2,43,10
AdaptiveSplitCP,0.1,0.9,0.96,0.05999999999999994,30.779999999999994,1.140422378236227,34.635999999999996,7.63920179076322,5.690000000000001,-0.12610769234958674,0.0,D3,2,43,10
AdaptiveSplitCP,0.2,0.8,0.96,0.15999999999999992,30.779999999999994,1.140422378236227,32.70799999999999,7.63920179076322,5.690000000000001,-0.12610769234958674,0.0,D3,2,43,10
AdaptiveSplitCP,0.3,0.7,0.96,0.26,30.779999999999994,1.140422378236227,32.06533333333333,7.63920179076322,5.690000000000001,-0.12610769234958674,0.0010006427764892578,D3,2,43,10
SplitCP,0.1,0.9,0.046242774566473986,0.8537572254335261,2.861225352527441,0.04937979792111993,203.0543251637907,12.956683153092216,11.40742889026085,-0.07220282310770343,0.0,D4,3,43,10
SplitCP,0.2,0.8,0.04046242774566474,0.7595375722543353,1.8424143229346868,0.03179688271429829,106.79925546573749,12.956683153092216,11.40742889026085,-0.07220282310770343,0.0,D4,3,43,10
SplitCP,0.3,0.7,0.023121387283236993,0.676878612716763,1.4838591472601548,0.025608840901114954,72.60570621536476,12.956683153092216,11.40742889026085,-0.07220282310770343,0.0009999275207519531,D4,3,43,10
TargetOnlyCP,0.1,0.9,0.930635838150289,0.03063583815028903,62.587476003308225,1.08015152134252,72.07320236667003,15.710433878105315,11.565150948846556,-0.5763971018131315,0.0,D4,3,43,10
TargetOnlyCP,0.2,0.8,0.930635838150289,0.130635838150289,62.587476003308225,1.08015152134252,67.33033918498913,15.710433878105315,11.565150948846556,-0.5763971018131315,0.0,D4,3,43,10
TargetOnlyCP,0.3,0.7,0.930635838150289,0.2306358381502891,62.587476003308225,1.08015152134252,65.74938479109551,15.710433878105315,11.565150948846556,-0.5763971018131315,0.0,D4,3,43,10
TransferCal-CP-affine-localsigma,0.1,0.9,0.9595375722543352,0.0595375722543352,40.534475664298064,0.6995549006209902,46.4263410108917,9.454147932882275,6.959443177091653,0.429134159364599,0.0009999275207519531,D4,3,43,10
TransferCal-CP-affine-localsigma,0.2,0.8,0.9595375722543352,0.15953757225433518,39.193908051685575,0.6764190236262166,42.411053825799954,9.454147932882275,6.959443177091653,0.429134159364599,0.0009999275207519531,D4,3,43,10
TransferCal-CP-affine-localsigma,0.3,0.7,0.9364161849710982,0.2364161849710983,36.01187410808518,0.6215026246175422,38.688347780556725,9.454147932882275,6.959443177091653,0.429134159364599,0.0010006427764892578,D4,3,43,10
AdaptiveJackknifeCP,0.1,0.9,1.0,0.09999999999999998,30.91659773183045,0.5335669722966013,30.91659773183045,4.2165255646477995,3.2468396673488384,0.8864469653778255,0.00099945068359375,D4,3,43,10
AdaptiveJackknifeCP,0.2,0.8,0.9942196531791907,0.19421965317919065,28.410447762714472,0.49031516099636535,28.433034180627423,4.2165255646477995,3.2468396673488384,0.8864469653778255,0.0010004043579101562,D4,3,43,10
AdaptiveJackknifeCP,0.3,0.7,0.9421965317919075,0.2421965317919076,15.973194019763415,0.2756696854213248,16.966038239207162,4.2165255646477995,3.2468396673488384,0.8864469653778255,0.0009992122650146484,D4,3,43,10
AdaptiveSplitCP,0.1,0.9,0.930635838150289,0.03063583815028903,62.587476003308225,1.08015152134252,72.07320236667003,15.710433878105315,11.565150948846556,-0.5763971018131315,0.0,D4,3,43,10
AdaptiveSplitCP,0.2,0.8,0.930635838150289,0.130635838150289,62.587476003308225,1.08015152134252,67.33033918498913,15.710433878105315,11.565150948846556,-0.5763971018131315,0.0,D4,3,43,10
AdaptiveSplitCP,0.3,0.7,0.930635838150289,0.2306358381502891,62.587476003308225,1.08015152134252,65.74938479109551,15.710433878105315,11.565150948846556,-0.5763971018131315,0.0010001659393310547,D4,3,43,10
SplitCP,0.1,0.9,0.047619047619047616,0.8523809523809525,2.861225352527441,0.04937979792111993,204.35591489513652,13.089116590518751,11.471531032287485,-0.08309950640051933,0.0,D4,3,43,15
SplitCP,0.2,0.8,0.041666666666666664,0.7583333333333334,1.8424143229346868,0.03179688271429829,107.44309307216062,13.089116590518751,11.471531032287485,-0.08309950640051933,0.0,D4,3,43,15
SplitCP,0.3,0.7,0.023809523809523808,0.6761904761904761,1.4838591472601546,0.025608840901114947,73.03360496847584,13.089116590518751,11.471531032287485,-0.08309950640051933,0.0,D4,3,43,15
TargetOnlyCP,0.1,0.9,0.9702380952380952,0.07023809523809521,42.4629537705224,0.7328370952920751,44.502497509121,8.426558629627138,6.515645852449923,0.5511014741396876,0.0,D4,3,43,15
TargetOnlyCP,0.2,0.8,0.9702380952380952,0.1702380952380952,42.4629537705224,0.7328370952920751,43.482725639821695,8.426558629627138,6.515645852449923,0.5511014741396876,0.0,D4,3,43,15
TargetOnlyCP,0.3,0.7,0.9702380952380952,0.2702380952380953,42.4629537705224,0.7328370952920751,43.14280168338859,8.426558629627138,6.515645852449923,0.5511014741396876,0.0,D4,3,43,15
TransferCal-CP-affine-localsigma,0.1,0.9,0.9464285714285714,0.046428571428571375,32.78956819241972,0.5658912010660785,35.607168009736085,8.571880592600047,6.780123429277283,0.5354848201519378,0.0,D4,3,43,15
TransferCal-CP-affine-localsigma,0.2,0.8,0.9047619047619048,0.10476190476190472,29.943258000131074,0.5167688129983636,32.3625935490909,8.571880592600047,6.780123429277283,0.5354848201519378,0.0009992122650146484,D4,3,43,15
TransferCal-CP-affine-localsigma,0.3,0.7,0.7916666666666666,0.09166666666666667,22.151699940083773,0.3823000050256022,27.83211199217295,8.571880592600047,6.780123429277283,0.5354848201519378,0.0010001659393310547,D4,3,43,15
AdaptiveJackknifeCP,0.1,0.9,0.9940476190476191,0.09404761904761905,24.612879770984634,0.42477570956598937,24.7448885724131,4.126382594767573,3.3291134631107595,0.8923567822789786,0.0009999275207519531,D4,3,43,15
AdaptiveJackknifeCP,0.2,0.8,0.7202380952380952,0.07976190476190481,9.553020488351706,0.16486860108185117,14.457193953538546,4.126382594767573,3.3291134631107595,0.8923567822789786,0.0010001659393310547,D4,3,43,15
AdaptiveJackknifeCP,0.3,0.7,0.7142857142857143,0.014285714285714346,9.109917107757695,0.15722140357167622,12.801327649848636,4.126382594767573,3.3291134631107595,0.8923567822789786,0.0010004043579101562,D4,3,43,15
AdaptiveSplitCP,0.1,0.9,0.9642857142857143,0.06428571428571428,2838.065481920471,48.98009863513351,2977.2800654450857,611.2593135576408,459.95455357788313,-2361.1020924515365,0.00099945068359375,D4,3,43,15
AdaptiveSplitCP,0.2,0.8,0.9642857142857143,0.16428571428571426,2838.065481920471,48.98009863513351,2907.6727736827784,611.2593135576408,459.95455357788313,-2361.1020924515365,0.0,D4,3,43,15
AdaptiveSplitCP,0.3,0.7,0.9642857142857143,0.26428571428571435,2838.065481920471,48.98009863513351,2884.4703430953427,611.2593135576408,459.95455357788313,-2361.1020924515365,0.0,D4,3,43,15
SplitCP,0.05,0.95,0.049079754601226995,0.9009202453987729,3.5423831688828495,0.06113540301329129,382.83606351738365,12.804562833345448,11.208849356549557,-0.009883888152633968,0.0,D4,3,43,20
SplitCP,0.1,0.9,0.04294478527607362,0.8570552147239264,2.861225352527441,0.04937979792111993,199.02363192080333,12.804562833345448,11.208849356549557,-0.009883888152633968,0.0,D4,3,43,20
SplitCP,0.2,0.8,0.03680981595092025,0.7631901840490798,1.842414322934687,0.03179688271429829,104.80081937209678,12.804562833345448,11.208849356549557,-0.009883888152633968,0.0,D4,3,43,20
SplitCP,0.3,0.7,0.018404907975460124,0.6815950920245398,1.4838591472601546,0.025608840901114947,71.27801389808359,12.804562833345448,11.208849356549557,-0.009883888152633968,0.0,D4,3,43,20
TargetOnlyCP,0.05,0.95,0.9754601226993865,0.025460122699386578,38.09265410252157,0.6574132863040871,43.61784997298112,8.70356322414543,6.8831812595603825,0.5334092668151873,0.0,D4,3,43,20
TargetOnlyCP,0.1,0.9,0.9754601226993865,0.07546012269938651,38.09265410252157,0.6574132863040871,40.85525203775135,8.70356322414543,6.8831812595603825,0.5334092668151873,0.0,D4,3,43,20
TargetOnlyCP,0.2,0.8,0.9754601226993865,0.1754601226993865,38.09265410252157,0.6574132863040871,39.47395307013647,8.70356322414543,6.8831812595603825,0.5334092668151873,0.0,D4,3,43,20
TargetOnlyCP,0.3,0.7,0.9754601226993865,0.2754601226993866,38.09265410252157,0.6574132863040871,39.01352008093151,8.70356322414543,6.8831812595603825,0.5334092668151873,0.0,D4,3,43,20
TransferCal-CP-affine-localsigma,0.05,0.95,0.950920245398773,0.0009202453987730008,33.387980629180085,0.5762187641063715,44.3091910566557,8.577546852753002,6.518294396243321,0.5468227181789573,0.0010001659393310547,D4,3,43,20
TransferCal-CP-affine-localsigma,0.1,0.9,0.950920245398773,0.050920245398772934,33.387980629180085,0.5762187641063715,38.84858584291789,8.577546852753002,6.518294396243321,0.5468227181789573,0.0009999275207519531,D4,3,43,20
TransferCal-CP-affine-localsigma,0.2,0.8,0.901840490797546,0.10184049079754598,26.61853360007061,0.45938982365263437,31.884310664114846,8.577546852753002,6.518294396243321,0.5468227181789573,0.0009999275207519531,D4,3,43,20
TransferCal-CP-affine-localsigma,0.3,0.7,0.803680981595092,0.10368098159509209,22.6865789630292,0.3915310912949728,28.175226161050887,8.577546852753002,6.518294396243321,0.5468227181789573,0.0010001659393310547,D4,3,43,20
AdaptiveJackknifeCP,0.05,0.95,0.9754601226993865,0.025460122699386578,18.210932457000155,0.31428917819684643,18.80794437348542,3.644707371668907,2.809370120846497,0.9181785328549008,0.0009999275207519531,D4,3,43,20
AdaptiveJackknifeCP,0.1,0.9,0.9631901840490797,0.06319018404907972,17.16042265215199,0.29615919698731497,17.840522148234275,3.644707371668907,2.809370120846497,0.9181785328549008,0.0009999275207519531,D4,3,43,20
AdaptiveJackknifeCP,0.2,0.8,0.901840490797546,0.10184049079754598,12.224044197928945,0.21096584781040267,13.85329031915493,3.644707371668907,2.809370120846497,0.9181785328549008,0.0009999275207519531,D4,3,43,20
AdaptiveJackknifeCP,0.3,0.7,0.6809815950920245,0.01901840490797546,6.807705230884049,0.11748921080636252,11.51985877480951,3.644707371668907,2.809370120846497,0.9181785328549008,0.0010001659393310547,D4,3,43,20
AdaptiveSplitCP,0.05,0.95,0.9263803680981595,0.023619631901840465,14.925808708727619,0.2575936275677164,18.211725621270183,3.597846461269287,2.7131849513909003,0.9202690050037885,0.0009999275207519531,D4,3,43,20
AdaptiveSplitCP,0.1,0.9,0.9263803680981595,0.026380368098159468,14.925808708727619,0.2575936275677164,16.5687671649989,3.597846461269287,2.7131849513909003,0.9202690050037885,0.0010001659393310547,D4,3,43,20
AdaptiveSplitCP,0.2,0.8,0.9263803680981595,0.12638036809815945,14.925808708727619,0.2575936275677164,15.747287936863257,3.597846461269287,2.7131849513909003,0.9202690050037885,0.0009999275207519531,D4,3,43,20
AdaptiveSplitCP,0.3,0.7,0.9263803680981595,0.22638036809815953,14.925808708727619,0.2575936275677164,15.47346152748471,3.597846461269287,2.7131849513909003,0.9202690050037885,0.0009999275207519531,D4,3,43,20
SplitCP,0.05,0.95,0.0392156862745098,0.9107843137254902,3.5423831688828504,0.06113540301329131,388.28299854640767,12.859817177026533,11.34851966987974,-0.017575999060453373,0.0010018348693847656,D4,3,43,30
SplitCP,0.1,0.9,0.0392156862745098,0.8607843137254902,2.861225352527441,0.04937979792111993,201.77599049254766,12.859817177026533,11.34851966987974,-0.017575999060453373,0.0010037422180175781,D4,3,43,30
SplitCP,0.2,0.8,0.032679738562091505,0.7673202614379085,1.8424143229346868,0.03179688271429829,106.19611971233869,12.859817177026533,11.34851966987974,-0.017575999060453373,0.0009992122650146484,D4,3,43,30
SplitCP,0.3,0.7,0.0196078431372549,0.680392156862745,1.4838591472601546,0.025608840901114947,72.21285982988627,12.859817177026533,11.34851966987974,-0.017575999060453373,0.0010001659393310547,D4,3,43,30
TargetOnlyCP,0.05,0.95,0.8562091503267973,0.09379084967320261,27.168103948652394,0.4688744567775422,51.028464282880215,9.22504298494252,7.323264426225156,0.4763584942076452,0.0,D4,3,43,30
TargetOnlyCP,0.1,0.9,0.8562091503267973,0.04379084967320268,27.168103948652394,0.4688744567775422,39.098284115766305,9.22504298494252,7.323264426225156,0.4763584942076452,0.0,D4,3,43,30
TargetOnlyCP,0.2,0.8,0.8562091503267973,0.0562091503267973,27.168103948652394,0.4688744567775422,33.133194032209346,9.22504298494252,7.323264426225156,0.4763584942076452,0.0,D4,3,43,30
TargetOnlyCP,0.3,0.7,0.8562091503267973,0.15620915032679739,27.168103948652394,0.4688744567775422,31.144830671023698,9.22504298494252,7.323264426225156,0.4763584942076452,0.0,D4,3,43,30
TransferCal-CP-affine-localsigma,0.05,0.95,0.9738562091503268,0.023856209150326824,34.37298090391674,0.5932181641975872,40.08601753326807,8.402515860848881,6.376780489448936,0.5655738614730724,0.0,D4,3,43,30
TransferCal-CP-affine-localsigma,0.1,0.9,0.9738562091503268,0.07385620915032676,34.37298090391674,0.5932181641975872,37.22949921859241,8.402515860848881,6.376780489448936,0.5655738614730724,0.00099945068359375,D4,3,43,30
TransferCal-CP-affine-localsigma,0.2,0.8,0.9281045751633987,0.12810457516339868,30.522366760626944,0.5267632279934551,32.83351238416209,8.402515860848881,6.376780489448936,0.5655738614730724,0.0009999275207519531,D4,3,43,30
TransferCal-CP-affine-localsigma,0.3,0.7,0.8627450980392157,0.16274509803921577,28.404088216177,0.49020540622901965,30.662131150550028,8.402515860848881,6.376780489448936,0.5655738614730724,0.0010001659393310547,D4,3,43,30
AdaptiveJackknifeCP,0.05,0.95,0.9477124183006536,0.002287581699346397,14.687594236935908,0.2534824580407967,18.057743107006726,3.5901317616190784,2.7351779819768556,0.920691809339258,0.0010001659393310547,D4,3,43,30
AdaptiveJackknifeCP,0.1,0.9,0.8496732026143791,0.05032679738562096,10.096233413231998,0.17424351607588853,15.889990994828462,3.5901317616190784,2.7351779819768556,0.920691809339258,0.0009996891021728516,D4,3,43,30
AdaptiveJackknifeCP,0.2,0.8,0.7843137254901961,0.015686274509803977,8.843960143347973,0.1526314466335882,12.889874899454009,3.5901317616190784,2.7351779819768556,0.920691809339258,0.0010001659393310547,D4,3,43,30
AdaptiveJackknifeCP,0.3,0.7,0.6143790849673203,0.08562091503267966,6.327784129945403,0.10920660316013223,11.40437044200121,3.5901317616190784,2.7351779819768556,0.920691809339258,0.0009999275207519531,D4,3,43,30
AdaptiveSplitCP,0.05,0.95,0.8104575163398693,0.13954248366013067,9.394095639322675,0.16212583322444846,21.273975705231685,3.5049234284056907,2.7748984257079385,0.9244117423078034,0.0010001659393310547,D4,3,43,30
AdaptiveSplitCP,0.1,0.9,0.8104575163398693,0.08954248366013073,9.394095639322675,0.16212583322444846,15.33403567227718,3.5049234284056907,2.7748984257079385,0.9244117423078034,0.0,D4,3,43,30
AdaptiveSplitCP,0.2,0.8,0.8104575163398693,0.010457516339869244,9.394095639322675,0.16212583322444846,12.364065655799926,3.5049234284056907,2.7748984257079385,0.9244117423078034,0.0,D4,3,43,30
AdaptiveSplitCP,0.3,0.7,0.8104575163398693,0.11045751633986933,9.394095639322675,0.16212583322444846,11.37407565030751,3.5049234284056907,2.7748984257079385,0.9244117423078034,0.0,D4,3,43,30
SplitCP,0.05,0.95,0.06015037593984962,0.8898496240601503,3.54238316888285,0.06309786033012463,395.1030086963257,13.237030860455217,11.502949123270772,-0.14302849483630586,0.0,D4,3,43,50
SplitCP,0.1,0.9,0.05263157894736842,0.8473684210526315,2.861225352527441,0.050964898222380484,205.09033493820021,13.237030860455217,11.502949123270772,-0.14302849483630586,0.0,D4,3,43,50
SplitCP,0.2,0.8,0.05263157894736842,0.7473684210526317,1.8424143229346865,0.03281756830823475,107.78291609805255,13.237030860455217,11.502949123270772,-0.14302849483630586,0.0010008811950683594,D4,3,43,50
SplitCP,0.3,0.7,0.03007518796992481,0.6699248120300751,1.4838591472601548,0.02643088925157872,73.24807717946081,13.237030860455217,11.502949123270772,-0.14302849483630586,0.0009989738464355469,D4,3,43,50
TargetOnlyCP,0.05,0.95,0.9473684210526315,0.0026315789473684292,30.579731714312395,0.5446942209955428,40.818251244475974,7.84934764533326,5.952200686208628,0.5980768485462362,0.0,D4,3,43,50
TargetOnlyCP,0.1,0.9,0.9473684210526315,0.047368421052631504,30.579731714312395,0.5446942209955428,35.69899147939419,7.84934764533326,5.952200686208628,0.5980768485462362,0.0,D4,3,43,50
TargetOnlyCP,0.2,0.8,0.9473684210526315,0.14736842105263148,30.579731714312395,0.5446942209955428,33.13936159685329,7.84934764533326,5.952200686208628,0.5980768485462362,0.0,D4,3,43,50
TargetOnlyCP,0.3,0.7,0.9473684210526315,0.24736842105263157,30.579731714312395,0.5446942209955428,32.28615163600632,7.84934764533326,5.952200686208628,0.5980768485462362,0.0,D4,3,43,50
TransferCal-CP-affine-localsigma,0.05,0.95,1.0,0.050000000000000044,41.26655209243047,0.7350506752365674,41.26655209243047,8.680652644018087,7.242632064176666,0.5084353418491734,0.0,D4,3,43,50
TransferCal-CP-affine-localsigma,0.1,0.9,0.9849624060150376,0.08496240601503757,34.19247901043932,0.6090454256595323,34.50895124538417,8.680652644018087,7.242632064176666,0.5084353418491734,0.0010004043579101562,D4,3,43,50
TransferCal-CP-affine-localsigma,0.2,0.8,0.7969924812030075,0.00300751879699257,23.19483513619418,0.4131525015870604,29.607100540720353,8.680652644018087,7.242632064176666,0.5084353418491734,0.0009999275207519531,D4,3,43,50
TransferCal-CP-affine-localsigma,0.3,0.7,0.7293233082706767,0.02932330827067675,20.421439331889097,0.3637520463688341,26.979863811154377,8.680652644018087,7.242632064176666,0.5084353418491734,0.0010001659393310547,D4,3,43,50
AdaptiveJackknifeCP,0.05,0.95,0.9774436090225563,0.02744360902255638,15.899858026085836,0.28321245138344703,16.886014636051005,3.1580491145165706,2.4751974500493588,0.9349400606138653,0.0,D4,3,43,50
AdaptiveJackknifeCP,0.1,0.9,0.9022556390977443,0.0022556390977442886,10.223664572290746,0.18210660125959363,13.419751728855656,3.1580491145165706,2.4751974500493588,0.9349400606138653,0.0,D4,3,43,50
AdaptiveJackknifeCP,0.2,0.8,0.8045112781954887,0.004511278195488688,7.883361257848464,0.14042050333490852,11.19192651122502,3.1580491145165706,2.4751974500493588,0.9349400606138653,0.0,D4,3,43,50
AdaptiveJackknifeCP,0.3,0.7,0.7293233082706767,0.02932330827067675,6.7032534677262525,0.11940011311577074,9.813668678126817,3.1580491145165706,2.4751974500493588,0.9349400606138653,0.0,D4,3,43,50
AdaptiveSplitCP,0.05,0.95,0.9548872180451128,0.004887218045112829,12.898800295378784,0.22975682207767878,15.86274204239914,3.2788626480966325,2.5971658952994736,0.9298670118475174,0.0,D4,3,43,50
AdaptiveSplitCP,0.1,0.9,0.9548872180451128,0.05488721804511276,12.898800295378784,0.22975682207767878,14.380771168888963,3.2788626480966325,2.5971658952994736,0.9298670118475174,0.0,D4,3,43,50
AdaptiveSplitCP,0.2,0.8,0.9548872180451128,0.15488721804511274,12.898800295378784,0.22975682207767878,13.639785732133873,3.2788626480966325,2.5971658952994736,0.9298670118475174,0.0,D4,3,43,50
AdaptiveSplitCP,0.3,0.7,0.9548872180451128,0.25488721804511283,12.898800295378784,0.22975682207767878,13.392790586548845,3.2788626480966325,2.5971658952994736,0.9298670118475174,0.0,D4,3,43,50
SplitCP,0.1,0.9,0.08503767491926803,0.814962325080732,3.1759483255701686,0.04160812688528871,171.20058105634462,11.996271149872923,9.929460891471484,0.47747909421106705,0.0010004043579101562,D1,0,44,10
SplitCP,0.2,0.8,0.02906350914962325,0.7709364908503767,1.184045190958102,0.015512186437874758,94.62606111936275,11.996271149872923,9.929460891471484,0.47747909421106705,0.0010001659393310547,D1,0,44,10
SplitCP,0.3,0.7,0.024757804090419805,0.6752421959095801,1.0109141908952353,0.013243995686660492,63.86702208369843,11.996271149872923,9.929460891471484,0.47747909421106705,0.0019996166229248047,D1,0,44,10
TargetOnlyCP,0.1,0.9,0.9870828848223897,0.08708288482238968,115.78,1.516834796080593,116.13500538213131,34.30973455213076,30.739354144241123,-3.274111426529907,0.0009996891021728516,D1,0,44,10
TargetOnlyCP,0.2,0.8,0.9870828848223897,0.18708288482238966,115.78,1.516834796080593,115.95750269106566,34.30973455213076,30.739354144241123,-3.274111426529907,0.0,D1,0,44,10
TargetOnlyCP,0.3,0.7,0.9870828848223897,0.28708288482238975,115.78,1.516834796080593,115.89833512737711,34.30973455213076,30.739354144241123,-3.274111426529907,0.0,D1,0,44,10
TransferCal-CP-affine-localsigma,0.1,0.9,0.9784714747039828,0.07847147470398275,56.02363981168104,0.7339661968340284,57.63275440017867,13.322139440021347,11.181093377643704,0.3555947439252224,0.0010004043579101562,D1,0,44,10
TransferCal-CP-affine-localsigma,0.2,0.8,0.9429494079655544,0.14294940796555433,46.34244829039733,0.6071328217519456,48.81852198869523,13.322139440021347,11.181093377643704,0.3555947439252224,0.0019998550415039062,D1,0,44,10
TransferCal-CP-affine-localsigma,0.3,0.7,0.9052744886975242,0.2052744886975243,42.29948322961856,0.5541659010097852,44.94111500248252,13.322139440021347,11.181093377643704,0.3555947439252224,0.0009999275207519531,D1,0,44,10
AdaptiveJackknifeCP,0.1,0.9,1.0,0.09999999999999998,429.74819791116363,5.630134912286943,429.74819791116363,17.275362850653323,13.701271128522931,-0.08359122672758801,0.0010001659393310547,D1,0,44,10
AdaptiveJackknifeCP,0.2,0.8,0.9978471474703983,0.19784714747039822,112.52151499546858,1.4741453554398944,112.67274567027049,17.275362850653323,13.701271128522931,-0.08359122672758801,0.0019998550415039062,D1,0,44,10
AdaptiveJackknifeCP,0.3,0.7,0.9913885898815931,0.2913885898815931,87.93816239992269,1.1520786373431404,88.52438996756888,17.275362850653323,13.701271128522931,-0.08359122672758801,0.0010030269622802734,D1,0,44,10
AdaptiveSplitCP,0.1,0.9,0.9870828848223897,0.08708288482238968,115.78,1.516834796080593,116.13500538213131,34.30973455213076,30.739354144241123,-3.274111426529907,0.0010001659393310547,D1,0,44,10
AdaptiveSplitCP,0.2,0.8,0.9870828848223897,0.18708288482238966,115.78,1.516834796080593,115.95750269106566,34.30973455213076,30.739354144241123,-3.274111426529907,0.0010001659393310547,D1,0,44,10
AdaptiveSplitCP,0.3,0.7,0.9870828848223897,0.28708288482238975,115.78,1.516834796080593,115.89833512737711,34.30973455213076,30.739354144241123,-3.274111426529907,0.0009999275207519531,D1,0,44,10
SplitCP,0.1,0.9,0.08441558441558442,0.8155844155844156,3.175948325570169,0.04160812688528872,172.4499113747657,12.062009998900377,9.991937202875345,0.47116540223290726,0.0020003318786621094,D1,0,44,15
SplitCP,0.2,0.8,0.02922077922077922,0.7707792207792208,1.184045190958102,0.015512186437874758,95.25119021266802,12.062009998900377,9.991937202875345,0.47116540223290726,0.0009996891021728516,D1,0,44,15
SplitCP,0.3,0.7,0.024891774891774892,0.6751082251082251,1.0109141908952353,0.013243995686660492,64.28369000344338,12.062009998900377,9.991937202875345,0.47116540223290726,0.0009999275207519531,D1,0,44,15
TargetOnlyCP,0.1,0.9,0.9978354978354979,0.09783549783549783,312.997430415866,4.100582082731039,313.45100432459327,29.12352130639204,15.861236612765534,-2.082962626500513,0.0,D1,0,44,15
TargetOnlyCP,0.2,0.8,0.9978354978354979,0.1978354978354978,312.997430415866,4.100582082731039,313.22421737022955,29.12352130639204,15.861236612765534,-2.082962626500513,0.0,D1,0,44,15
TargetOnlyCP,0.3,0.7,0.9978354978354979,0.2978354978354979,312.997430415866,4.100582082731039,313.1486217187751,29.12352130639204,15.861236612765534,-2.082962626500513,0.0,D1,0,44,15
TransferCal-CP-affine-localsigma,0.1,0.9,0.6114718614718615,0.2885281385281385,24.56893332481907,0.32187781110441893,85.92192184648547,14.200162926603138,11.453037157874672,0.2670621557864218,0.0009996891021728516,D1,0,44,15
TransferCal-CP-affine-localsigma,0.2,0.8,0.48268398268398266,0.3173160173160174,18.960234202688785,0.24839819468367358,62.348324470299694,14.200162926603138,11.453037157874672,0.2670621557864218,0.0010004043579101562,D1,0,44,15
TransferCal-CP-affine-localsigma,0.3,0.7,0.4145021645021645,0.2854978354978355,16.022213244650516,0.20990715632846124,50.34783859423947,14.200162926603138,11.453037157874672,0.2670621557864218,0.0010001659393310547,D1,0,44,15
AdaptiveJackknifeCP,0.1,0.9,0.9816017316017316,0.08160173160173156,57.98490279803219,0.7596607204301793,59.19214597001128,12.282568975808044,9.717237785296243,0.45164865225980677,0.001999378204345703,D1,0,44,15
AdaptiveJackknifeCP,0.2,0.8,0.8971861471861472,0.09718614718614715,40.992720539788735,0.5370459915422282,45.922318780402506,12.282568975808044,9.717237785296243,0.45164865225980677,0.0010001659393310547,D1,0,44,15
AdaptiveJackknifeCP,0.3,0.7,0.7207792207792207,0.020779220779220786,26.648532379489893,0.34912265657013847,38.66091701823217,12.282568975808044,9.717237785296243,0.45164865225980677,0.0009999275207519531,D1,0,44,15
AdaptiveSplitCP,0.1,0.9,0.987012987012987,0.08701298701298699,624.550322637001,8.182239257895699,638.0270791874191,92.49734757578396,63.88377559154857,-30.09847196079542,0.002000093460083008,D1,0,44,15
AdaptiveSplitCP,0.2,0.8,0.987012987012987,0.18701298701298696,624.550322637001,8.182239257895699,631.28870091221,92.49734757578396,63.88377559154857,-30.09847196079542,0.001003265380859375,D1,0,44,15
AdaptiveSplitCP,0.3,0.7,0.987012987012987,0.28701298701298705,624.550322637001,8.182239257895699,629.0425748204735,92.49734757578396,63.88377559154857,-30.09847196079542,0.0010004043579101562,D1,0,44,15
SplitCP,0.05,0.95,0.16974972796517954,0.7802502720348204,6.134989766630554,0.08127967363298566,292.8676422533239,12.0569439687135,9.986578182954956,0.470784101272267,0.0010001659393310547,D1,0,44,20
SplitCP,0.1,0.9,0.08378672470076169,0.8162132752992384,3.1759483255701686,0.04207668687267358,172.33498454777458,12.0569439687135,9.986578182954956,0.470784101272267,0.0009996891021728516,D1,0,44,20
SplitCP,0.2,0.8,0.028291621327529923,0.7717083786724701,1.184045190958102,0.015686873222061914,95.19428067127228,12.0569439687135,9.986578182954956,0.470784101272267,0.0010001659393310547,D1,0,44,20
SplitCP,0.3,0.7,0.023939064200217627,0.6760609357997823,1.0109141908952353,0.013393139782211233,64.24629254601982,12.0569439687135,9.986578182954956,0.470784101272267,0.0019996166229248047,D1,0,44,20
TargetOnlyCP,0.05,0.95,0.9684439608269858,0.01844396082698585,73.51733746881179,0.9739975815987257,81.50411812616107,16.488980469416475,12.878922907245213,0.010203292778813378,0.0,D1,0,44,20
TargetOnlyCP,0.1,0.9,0.9684439608269858,0.06844396082698578,73.51733746881179,0.9739975815987257,77.51072779748642,16.488980469416475,12.878922907245213,0.010203292778813378,0.0,D1,0,44,20
TargetOnlyCP,0.2,0.8,0.9684439608269858,0.16844396082698576,73.51733746881179,0.9739975815987257,75.51403263314911,16.488980469416475,12.878922907245213,0.010203292778813378,0.0,D1,0,44,20
TargetOnlyCP,0.3,0.7,0.9684439608269858,0.26844396082698585,73.51733746881179,0.9739975815987257,74.84846757837,16.488980469416475,12.878922907245213,0.010203292778813378,0.0,D1,0,44,20
TransferCal-CP-affine-localsigma,0.05,0.95,0.9782372143634385,0.028237214363438512,52.968860431178534,0.7017602069973626,55.98624863775451,12.346616887416992,10.238277146675644,0.44504937851137016,0.0010004043579101562,D1,0,44,20
TransferCal-CP-affine-localsigma,0.1,0.9,0.9782372143634385,0.07823721436343845,52.968860431178534,0.7017602069973626,54.47755453446653,12.346616887416992,10.238277146675644,0.44504937851137016,0.0019996166229248047,D1,0,44,20
TransferCal-CP-affine-localsigma,0.2,0.8,0.8411316648531012,0.04113166485310116,35.27723323337584,0.4673719293680726,41.737846657313526,12.346616887416992,10.238277146675644,0.44504937851137016,0.0009999275207519531,D1,0,44,20
TransferCal-CP-affine-localsigma,0.3,0.7,0.6332970620239391,0.06670293797606086,24.554677749296363,0.3253136956285536,37.88614198670439,12.346616887416992,10.238277146675644,0.44504937851137016,0.0019991397857666016,D1,0,44,20
AdaptiveJackknifeCP,0.05,0.95,0.9793253536452666,0.029325353645266672,60.79529558712705,0.8054490670253387,64.71857162393708,13.277727165501181,10.401782394709413,0.3581908885180678,0.0010004043579101562,D1,0,44,20
AdaptiveJackknifeCP,0.1,0.9,0.9542981501632208,0.054298150163220815,54.17140968446085,0.7176922320784834,58.22654880094316,13.277727165501181,10.401782394709413,0.3581908885180678,0.0010001659393310547,D1,0,44,20
AdaptiveJackknifeCP,0.2,0.8,0.6985854189336235,0.10141458106637657,27.891544712980476,0.3695223199428359,48.71391285621305,13.277727165501181,10.401782394709413,0.3581908885180678,0.002001047134399414,D1,0,44,20
AdaptiveJackknifeCP,0.3,0.7,0.6561479869423286,0.04385201305767139,25.418911519162155,0.33676353359558187,41.94274920961781,13.277727165501181,10.401782394709413,0.3581908885180678,0.0009999275207519531,D1,0,44,20
AdaptiveSplitCP,0.05,0.95,0.8835690968443961,0.06643090315560385,58.69340510245182,0.777602081275514,96.88115997724233,18.480458748880395,14.373566022849122,-0.2433227860269731,0.0019996166229248047,D1,0,44,20
AdaptiveSplitCP,0.1,0.9,0.8835690968443961,0.016430903155603915,58.69340510245182,0.777602081275514,77.78728253984707,18.480458748880395,14.373566022849122,-0.2433227860269731,0.0019996166229248047,D1,0,44,20
AdaptiveSplitCP,0.2,0.8,0.8835690968443961,0.08356909684439606,58.69340510245182,0.777602081275514,68.24034382114945,18.480458748880395,14.373566022849122,-0.2433227860269731,0.0010004043579101562,D1,0,44,20
AdaptiveSplitCP,0.3,0.7,0.8835690968443961,0.18356909684439615,58.69340510245182,0.777602081275514,65.05803091491691,18.480458748880395,14.373566022849122,-0.2433227860269731,0.0009999275207519531,D1,0,44,20
SplitCP,0.05,0.95,0.1716171617161716,0.7783828382838284,6.134989766630554,0.08037455477304872,291.62094637586307,12.024059913996064,9.95520835463484,0.47880544657052215,0.002001047134399414,D1,0,44,30
SplitCP,0.1,0.9,0.08360836083608361,0.8163916391639164,3.1759483255701686,0.04160812688528871,171.68886483791903,12.024059913996064,9.95520835463484,0.47880544657052215,0.0010004043579101562,D1,0,44,30
SplitCP,0.2,0.8,0.028602860286028604,0.7713971397139714,1.184045190958102,0.015512186437874758,94.88129393488687,12.024059913996064,9.95520835463484,0.47880544657052215,0.0010001659393310547,D1,0,44,30
SplitCP,0.3,0.7,0.0242024202420242,0.6757975797579757,1.0109141908952353,0.013243995686660492,64.03746733673947,12.024059913996064,9.95520835463484,0.47880544657052215,0.0014400482177734375,D1,0,44,30
TargetOnlyCP,0.05,0.95,0.9966996699669967,0.046699669966996704,373.9488370066585,4.899106995384089,374.8341257036241,35.46194066926224,19.035143665391356,-3.5333849981176098,0.0,D1,0,44,30
TargetOnlyCP,0.1,0.9,0.9966996699669967,0.09669966996699664,373.9488370066585,4.899106995384089,374.3914813551413,35.46194066926224,19.035143665391356,-3.5333849981176098,0.0009999275207519531,D1,0,44,30
TargetOnlyCP,0.2,0.8,0.9966996699669967,0.19669966996699662,373.9488370066585,4.899106995384089,374.1701591808999,35.46194066926224,19.035143665391356,-3.5333849981176098,0.0,D1,0,44,30
TargetOnlyCP,0.3,0.7,0.9966996699669967,0.2966996699669967,373.9488370066585,4.899106995384089,374.0963851228194,35.46194066926224,19.035143665391356,-3.5333849981176098,0.0,D1,0,44,30
TransferCal-CP-affine-localsigma,0.05,0.95,0.7953795379537953,0.1546204620462046,31.994346632462797,0.419158216012986,68.9855419273811,12.347956283444589,10.26424246281545,0.4503480514773528,0.0009999275207519531,D1,0,44,30
TransferCal-CP-affine-localsigma,0.1,0.9,0.7953795379537953,0.10462046204620468,31.994346632462797,0.419158216012986,50.48994427992194,12.347956283444589,10.26424246281545,0.4503480514773528,0.0019998550415039062,D1,0,44,30
TransferCal-CP-affine-localsigma,0.2,0.8,0.7337733773377337,0.06622662266226631,29.05892141783766,0.38070118451500917,41.76882024150319,12.347956283444589,10.26424246281545,0.4503480514773528,0.0010004043579101562,D1,0,44,30
TransferCal-CP-affine-localsigma,0.3,0.7,0.6611661166116611,0.03883388338833882,25.723814553686907,0.33700792021900733,37.53259914166505,12.347956283444589,10.26424246281545,0.4503480514773528,0.0010001659393310547,D1,0,44,30
AdaptiveJackknifeCP,0.05,0.95,1.0,0.050000000000000044,284.95449680275755,3.7331913633620553,284.95449680275755,12.284321588385357,10.056678957874903,0.45599867206944533,0.002001047134399414,D1,0,44,30
AdaptiveJackknifeCP,0.1,0.9,0.9746974697469747,0.07469746974697467,52.111038864195244,0.6827071774841894,53.798715564938725,12.284321588385357,10.056678957874903,0.45599867206944533,0.0019991397857666016,D1,0,44,30
AdaptiveJackknifeCP,0.2,0.8,0.8635863586358636,0.0635863586358636,37.2731457450451,0.488315809513454,43.07505883650309,12.284321588385357,10.056678957874903,0.45599867206944533,0.0019998550415039062,D1,0,44,30
AdaptiveJackknifeCP,0.3,0.7,0.7744774477447744,0.0744774477447745,30.485858521950604,0.39939550003873514,38.41827062770746,12.284321588385357,10.056678957874903,0.45599867206944533,0.00099945068359375,D1,0,44,30
AdaptiveSplitCP,0.05,0.95,0.9867986798679867,0.036798679867986794,237.20076059857405,3.1075692462661912,248.75796241869713,30.973988721875582,20.45546488814203,-2.458532627788008,0.001001119613647461,D1,0,44,30
AdaptiveSplitCP,0.1,0.9,0.9867986798679867,0.08679867986798673,237.20076059857405,3.1075692462661912,242.9793615086356,30.973988721875582,20.45546488814203,-2.458532627788008,0.0009996891021728516,D1,0,44,30
AdaptiveSplitCP,0.2,0.8,0.9867986798679867,0.1867986798679867,237.20076059857405,3.1075692462661912,240.0900610536048,30.973988721875582,20.45546488814203,-2.458532627788008,0.001999378204345703,D1,0,44,30
AdaptiveSplitCP,0.3,0.7,0.9867986798679867,0.2867986798679868,237.20076059857405,3.1075692462661912,239.1269609019279,30.973988721875582,20.45546488814203,-2.458532627788008,0.0019998550415039062,D1,0,44,30
SplitCP,0.05,0.95,0.17547806524184478,0.7745219347581551,6.134989766630553,0.08037455477304871,290.9368765930038,12.000899206136445,9.931902176947805,0.474905515641732,0.0010008811950683594,D1,0,44,50
SplitCP,0.1,0.9,0.08548931383577053,0.8145106861642295,3.1759483255701686,0.04160812688528871,171.26349424887593,12.000899206136445,9.931902176947805,0.474905515641732,0.0009999275207519531,D1,0,44,50
SplitCP,0.2,0.8,0.02924634420697413,0.7707536557930259,1.184045190958102,0.015512186437874758,94.65155593733192,12.000899206136445,9.931902176947805,0.474905515641732,0.0009999275207519531,D1,0,44,50
SplitCP,0.3,0.7,0.024746906636670417,0.6752530933633295,1.0109141908952353,0.013243995686660492,63.88396260457907,12.000899206136445,9.931902176947805,0.474905515641732,0.0009999275207519531,D1,0,44,50
TargetOnlyCP,0.05,0.95,0.9808773903262092,0.030877390326209286,73.67170867060213,0.9651737018334914,77.18207664550678,14.380206667865744,10.98311817376203,0.24605418417402158,0.0,D1,0,44,50
TargetOnlyCP,0.1,0.9,0.9808773903262092,0.08087739032620922,73.67170867060213,0.9651737018334914,75.42689265805446,14.380206667865744,10.98311817376203,0.24605418417402158,0.0,D1,0,44,50
TargetOnlyCP,0.2,0.8,0.9808773903262092,0.1808773903262092,73.67170867060213,0.9651737018334914,74.5493006643283,14.380206667865744,10.98311817376203,0.24605418417402158,0.0,D1,0,44,50
TargetOnlyCP,0.3,0.7,0.9808773903262092,0.2808773903262093,73.67170867060213,0.9651737018334914,74.25676999975292,14.380206667865744,10.98311817376203,0.24605418417402158,0.0,D1,0,44,50
TransferCal-CP-affine-localsigma,0.05,0.95,1.0,0.050000000000000044,82.35122593073666,1.078884133629606,82.35122593073666,11.724793014649457,9.359785410095311,0.49878939769548614,0.0010006427764892578,D1,0,44,50
TransferCal-CP-affine-localsigma,0.1,0.9,0.983127109111361,0.08312710911136101,54.205032320436246,0.7101406041312046,55.99402553423088,11.724793014649457,9.359785410095311,0.49878939769548614,0.001999378204345703,D1,0,44,50
TransferCal-CP-affine-localsigma,0.2,0.8,0.8818897637795275,0.0818897637795275,36.194699980542964,0.47418708208831517,42.47997389621476,11.724793014649457,9.359785410095311,0.49878939769548614,0.0010027885437011719,D1,0,44,50
TransferCal-CP-affine-localsigma,0.3,0.7,0.8200224971878515,0.12002249718785152,30.7354046978532,0.40266480667924215,37.64620817072505,11.724793014649457,9.359785410095311,0.49878939769548614,0.001999378204345703,D1,0,44,50
AdaptiveJackknifeCP,0.05,0.95,0.9460067491563554,0.003993250843644547,51.991192209248545,0.6811370654059633,65.02987051375598,13.720529134892852,11.116959207853592,0.3136405765342247,0.001001596450805664,D1,0,44,50
AdaptiveJackknifeCP,0.1,0.9,0.9021372328458943,0.002137232845894288,43.40957889213468,0.5687092740265636,56.31063116358132,13.720529134892852,11.116959207853592,0.3136405765342247,0.001999378204345703,D1,0,44,50
AdaptiveJackknifeCP,0.2,0.8,0.7840269966254219,0.015973003374578187,33.343747030067114,0.4368367224642834,47.35560481430997,13.720529134892852,11.116959207853592,0.3136405765342247,0.001999378204345703,D1,0,44,50
AdaptiveJackknifeCP,0.3,0.7,0.6164229471316085,0.08357705286839145,24.997438797206485,0.3274916650587131,42.52910316180111,13.720529134892852,11.116959207853592,0.3136405765342247,0.0025072097778320312,D1,0,44,50
AdaptiveSplitCP,0.05,0.95,0.9617547806524185,0.011754780652418528,54.5314761479956,0.7144173475809175,61.78359837645931,13.097809837234744,10.353751615537758,0.3745289089960774,0.0009996891021728516,D1,0,44,50
AdaptiveSplitCP,0.1,0.9,0.9617547806524185,0.06175478065241846,54.5314761479956,0.7144173475809175,58.15753726222746,13.097809837234744,10.353751615537758,0.3745289089960774,0.002000093460083008,D1,0,44,50
AdaptiveSplitCP,0.2,0.8,0.9617547806524185,0.16175478065241844,54.5314761479956,0.7144173475809175,56.34450670511153,13.097809837234744,10.353751615537758,0.3745289089960774,0.002000093460083008,D1,0,44,50
AdaptiveSplitCP,0.3,0.7,0.9617547806524185,0.26175478065241853,54.5314761479956,0.7144173475809175,55.74016318607288,13.097809837234744,10.353751615537758,0.3745289089960774,0.001999378204345703,D1,0,44,50
SplitCP,0.1,0.9,0.0,0.9,3.2058795279070296,0.07754909354454616,337.1486931539348,19.456275516996246,18.3000804452549,-5.225595601025118,0.0010001659393310547,D2,1,44,10
SplitCP,0.2,0.8,0.0,0.8,1.9905165064325843,0.04814989129054391,175.0387384268187,19.456275516996246,18.3000804452549,-5.225595601025118,0.0,D2,1,44,10
SplitCP,0.3,0.7,0.0,0.7,1.5081205842536043,0.03648090430306713,118.48158827177426,19.456275516996246,18.3000804452549,-5.225595601025118,0.0,D2,1,44,10
TargetOnlyCP,0.1,0.9,0.8494623655913979,0.05053763440860215,28.099999999999987,0.6797290757910666,39.68279569892473,10.017284953991393,8.274623655913977,-0.6502948612836363,0.0,D2,1,44,10
TargetOnlyCP,0.2,0.8,0.8494623655913979,0.04946236559139783,28.099999999999987,0.6797290757910666,33.891397849462365,10.017284953991393,8.274623655913977,-0.6502948612836363,0.0,D2,1,44,10
TargetOnlyCP,0.3,0.7,0.8494623655913979,0.14946236559139792,28.099999999999987,0.6797290757910666,31.96093189964157,10.017284953991393,8.274623655913977,-0.6502948612836363,0.0009999275207519531,D2,1,44,10
TransferCal-CP-affine-localsigma,0.1,0.9,0.9354838709677419,0.03548387096774186,34.73340643646958,0.8401888347379701,38.70938065816667,9.566641444394808,8.163542828638336,-0.505152434518104,0.0,D2,1,44,10
TransferCal-CP-affine-localsigma,0.2,0.8,0.6451612903225806,0.15483870967741942,18.173358749922034,0.4396071297901781,34.02110827530609,9.566641444394808,8.163542828638336,-0.505152434518104,0.0009999275207519531,D2,1,44,10
TransferCal-CP-affine-localsigma,0.3,0.7,0.40860215053763443,0.2913978494623655,11.523453010164951,0.2787482585238865,33.25412161949652,9.566641444394808,8.163542828638336,-0.505152434518104,0.0010004043579101562,D2,1,44,10
AdaptiveJackknifeCP,0.1,0.9,0.967741935483871,0.06774193548387097,24.31815282329626,0.588247528239327,27.191590928487063,5.864918080557072,4.59825844450896,0.4343010245628599,0.0,D2,1,44,10
AdaptiveJackknifeCP,0.2,0.8,0.7741935483870968,0.02580645161290329,13.502803394725762,0.3266280452699439,20.63982925418531,5.864918080557072,4.59825844450896,0.4343010245628599,0.0,D2,1,44,10
AdaptiveJackknifeCP,0.3,0.7,0.7419354838709677,0.041935483870967794,13.007944369703235,0.3146575802263343,18.148268332847792,5.864918080557072,4.59825844450896,0.4343010245628599,0.0,D2,1,44,10
AdaptiveSplitCP,0.1,0.9,0.8494623655913979,0.05053763440860215,28.099999999999987,0.6797290757910666,39.68279569892473,10.017284953991393,8.274623655913977,-0.6502948612836363,0.0010001659393310547,D2,1,44,10
AdaptiveSplitCP,0.2,0.8,0.8494623655913979,0.04946236559139783,28.099999999999987,0.6797290757910666,33.891397849462365,10.017284953991393,8.274623655913977,-0.6502948612836363,0.0010001659393310547,D2,1,44,10
AdaptiveSplitCP,0.3,0.7,0.8494623655913979,0.14946236559139792,28.099999999999987,0.6797290757910666,31.96093189964157,10.017284953991393,8.274623655913977,-0.6502948612836363,0.0009999275207519531,D2,1,44,10
SplitCP,0.1,0.9,0.0,0.9,3.2058795279070296,0.07754909354454616,331.71584296707255,19.219279205310002,18.02843793591179,-5.327450617209061,0.0,D2,1,44,15
SplitCP,0.2,0.8,0.0,0.8,1.9905165064325843,0.04814989129054391,172.32231333338757,19.219279205310002,18.02843793591179,-5.327450617209061,0.0010035037994384766,D2,1,44,15
SplitCP,0.3,0.7,0.0,0.7,1.5081205842536036,0.036480904303067115,116.67063820948687,19.219279205310002,18.02843793591179,-5.327450617209061,0.0009996891021728516,D2,1,44,15
TargetOnlyCP,0.1,0.9,1.0,0.09999999999999998,35.75554496189694,0.8649140046745959,35.75554496189694,6.982336645653087,5.904953357316904,0.1648660473059439,0.0,D2,1,44,15
TargetOnlyCP,0.2,0.8,1.0,0.19999999999999996,35.75554496189694,0.8649140046745959,35.75554496189694,6.982336645653087,5.904953357316904,0.1648660473059439,0.0009996891021728516,D2,1,44,15
TargetOnlyCP,0.3,0.7,1.0,0.30000000000000004,35.75554496189694,0.8649140046745959,35.75554496189694,6.982336645653087,5.904953357316904,0.1648660473059439,0.0,D2,1,44,15
TransferCal-CP-affine-localsigma,0.1,0.9,0.7386363636363636,0.16136363636363638,25.889615435564192,0.6262606538292593,43.79529011062762,10.386532974229803,8.592857682358085,-0.8479736774673703,0.0,D2,1,44,15
TransferCal-CP-affine-localsigma,0.2,0.8,0.6704545454545454,0.12954545454545463,22.332608398698742,0.54021790985236,36.72262359135692,10.386532974229803,8.592857682358085,-0.8479736774673703,0.0,D2,1,44,15
TransferCal-CP-affine-localsigma,0.3,0.7,0.4659090909090909,0.23409090909090907,15.461542465597585,0.3740092516172591,34.5825814422532,10.386532974229803,8.592857682358085,-0.8479736774673703,0.0,D2,1,44,15
AdaptiveJackknifeCP,0.1,0.9,0.9886363636363636,0.08863636363636362,31.39672291398875,0.7594756387613447,32.1989802738355,6.435378955491515,5.253101667593719,0.29058098593564263,0.0009996891021728516,D2,1,44,15
AdaptiveJackknifeCP,0.2,0.8,0.8068181818181818,0.006818181818181723,16.802228765402926,0.4064399797130751,22.102404157467706,6.435378955491515,5.253101667593719,0.29058098593564263,0.0,D2,1,44,15
AdaptiveJackknifeCP,0.3,0.7,0.75,0.050000000000000044,13.954345462596155,0.33755068841849656,19.583895561989593,6.435378955491515,5.253101667593719,0.29058098593564263,0.0,D2,1,44,15
AdaptiveSplitCP,0.1,0.9,0.9545454545454546,0.054545454545454564,34.50589838024507,0.8346854952079877,35.46587129322907,8.52301155472787,7.017704653167879,-0.24434477023394163,0.0,D2,1,44,15
AdaptiveSplitCP,0.2,0.8,0.9545454545454546,0.15454545454545454,34.50589838024507,0.8346854952079877,34.98588483673707,8.52301155472787,7.017704653167879,-0.24434477023394163,0.0,D2,1,44,15
AdaptiveSplitCP,0.3,0.7,0.9545454545454546,0.25454545454545463,34.50589838024507,0.8346854952079877,34.82588935123974,8.52301155472787,7.017704653167879,-0.24434477023394163,0.0010001659393310547,D2,1,44,15
SplitCP,0.05,0.95,0.0,0.95,5.112373255015952,0.14417296259374573,632.1954882996766,19.30909421464932,18.233264503624493,-5.026989201669631,0.0,D2,1,44,20
SplitCP,0.1,0.9,0.0,0.9,3.2058795279070296,0.09040833409483776,335.81237432132656,19.30909421464932,18.233264503624493,-5.026989201669631,0.0010008811950683594,D2,1,44,20
SplitCP,0.2,0.8,0.0,0.8,1.9905165064325843,0.05613413722141126,174.37057901051463,19.30909421464932,18.233264503624493,-5.026989201669631,0.0,D2,1,44,20
SplitCP,0.3,0.7,0.0,0.7,1.5081205842536036,0.04253019130931478,118.0361486609049,19.30909421464932,18.233264503624493,-5.026989201669631,0.0,D2,1,44,20
TargetOnlyCP,0.05,0.95,1.0,0.050000000000000044,40.649167190414374,1.146338611927552,40.649167190414374,5.595126230926472,4.328538474358018,0.4939465520441484,0.0,D2,1,44,20
TargetOnlyCP,0.1,0.9,1.0,0.09999999999999998,40.649167190414374,1.146338611927552,40.649167190414374,5.595126230926472,4.328538474358018,0.4939465520441484,0.0,D2,1,44,20
TargetOnlyCP,0.2,0.8,1.0,0.19999999999999996,40.649167190414374,1.146338611927552,40.649167190414374,5.595126230926472,4.328538474358018,0.4939465520441484,0.0,D2,1,44,20
TargetOnlyCP,0.3,0.7,1.0,0.30000000000000004,40.649167190414374,1.146338611927552,40.649167190414374,5.595126230926472,4.328538474358018,0.4939465520441484,0.0,D2,1,44,20
TransferCal-CP-affine-localsigma,0.05,0.95,1.0,0.050000000000000044,39.43519892931943,1.11210374839815,39.43519892931943,6.516853674819464,5.083455106624154,0.3134810182863357,0.0010001659393310547,D2,1,44,20
TransferCal-CP-affine-localsigma,0.1,0.9,1.0,0.09999999999999998,39.43519892931943,1.11210374839815,39.43519892931943,6.516853674819464,5.083455106624154,0.3134810182863357,0.0,D2,1,44,20
TransferCal-CP-affine-localsigma,0.2,0.8,0.9397590361445783,0.1397590361445783,24.71467989086666,0.6969734879835568,25.651113174127133,6.516853674819464,5.083455106624154,0.3134810182863357,0.0,D2,1,44,20
TransferCal-CP-affine-localsigma,0.3,0.7,0.891566265060241,0.191566265060241,21.996282541673764,0.6203125362512871,23.404611641934117,6.516853674819464,5.083455106624154,0.3134810182863357,0.0010001659393310547,D2,1,44,20
AdaptiveJackknifeCP,0.05,0.95,1.0,0.050000000000000044,39.99024689263545,1.1277565392373912,39.99024689263545,4.824370437781506,3.9853204675487013,0.6237661165644748,0.0009999275207519531,D2,1,44,20
AdaptiveJackknifeCP,0.1,0.9,1.0,0.09999999999999998,38.53821530728641,1.0868081019858526,38.53821530728641,4.824370437781506,3.9853204675487013,0.6237661165644748,0.0,D2,1,44,20
AdaptiveJackknifeCP,0.2,0.8,0.9036144578313253,0.10361445783132528,15.321952969068796,0.43209117215871085,16.866561222568908,4.824370437781506,3.9853204675487013,0.6237661165644748,0.0,D2,1,44,20
AdaptiveJackknifeCP,0.3,0.7,0.8192771084337349,0.11927710843373496,12.57883826565107,0.35473317152012807,14.864455704725081,4.824370437781506,3.9853204675487013,0.6237661165644748,0.0,D2,1,44,20
AdaptiveSplitCP,0.05,0.95,0.963855421686747,0.013855421686747027,34.621567088041104,0.9763555295622548,39.86939454077429,7.4910741183026595,5.743606991194157,0.0928798828936912,0.0009999275207519531,D2,1,44,20
AdaptiveSplitCP,0.1,0.9,0.963855421686747,0.06385542168674696,34.621567088041104,0.9763555295622548,37.24548081440769,7.4910741183026595,5.743606991194157,0.0928798828936912,0.0,D2,1,44,20
AdaptiveSplitCP,0.2,0.8,0.963855421686747,0.16385542168674694,34.621567088041104,0.9763555295622548,35.933523951224394,7.4910741183026595,5.743606991194157,0.0928798828936912,0.0,D2,1,44,20
AdaptiveSplitCP,0.3,0.7,0.963855421686747,0.263855421686747,34.621567088041104,0.9763555295622548,35.49620499682996,7.4910741183026595,5.743606991194157,0.0928798828936912,0.0,D2,1,44,20
SplitCP,0.05,0.95,0.0,0.95,5.112373255015953,0.12366650347797019,653.0013724410925,19.871966925065504,18.753411607159894,-5.071510421646883,0.0,D2,1,44,30
SplitCP,0.1,0.9,0.0,0.9,3.2058795279070296,0.07754909354454616,346.2153163920345,19.871966925065504,18.753411607159894,-5.071510421646883,0.0,D2,1,44,30
SplitCP,0.2,0.8,0.0,0.8,1.9905165064325843,0.04814989129054391,179.57205004586856,19.871966925065504,18.753411607159894,-5.071510421646883,0.0,D2,1,44,30
SplitCP,0.3,0.7,0.0,0.7,1.5081205842536036,0.036480904303067115,121.50379601780753,19.871966925065504,18.753411607159894,-5.071510421646883,0.0,D2,1,44,30
TargetOnlyCP,0.05,0.95,0.9863013698630136,0.03630136986301369,31.109293611083004,0.7525228254368111,33.87629690952713,5.393507335172604,4.077150007161473,0.5527425525287547,0.0,D2,1,44,30
TargetOnlyCP,0.1,0.9,0.9863013698630136,0.08630136986301362,31.109293611083004,0.7525228254368111,32.49279526030506,5.393507335172604,4.077150007161473,0.5527425525287547,0.0,D2,1,44,30
TargetOnlyCP,0.2,0.8,0.9863013698630136,0.1863013698630136,31.109293611083004,0.7525228254368111,31.801044435694035,5.393507335172604,4.077150007161473,0.5527425525287547,0.0,D2,1,44,30
TargetOnlyCP,0.3,0.7,0.9863013698630136,0.2863013698630137,31.109293611083004,0.7525228254368111,31.570460827490354,5.393507335172604,4.077150007161473,0.5527425525287547,0.001004934310913086,D2,1,44,30
TransferCal-CP-affine-localsigma,0.05,0.95,0.958904109589041,0.008904109589041087,28.652257536819146,0.6930879905633348,33.12001960345835,6.716618120918614,5.203810476712881,0.30638840090086483,0.0,D2,1,44,30
TransferCal-CP-affine-localsigma,0.1,0.9,0.958904109589041,0.05890410958904102,28.652257536819146,0.6930879905633348,30.886138570138744,6.716618120918614,5.203810476712881,0.30638840090086483,0.0010063648223876953,D2,1,44,30
TransferCal-CP-affine-localsigma,0.2,0.8,0.7808219178082192,0.019178082191780854,16.001889408995087,0.3870800533411777,23.990796207945362,6.716618120918614,5.203810476712881,0.30638840090086483,0.0005037784576416016,D2,1,44,30
TransferCal-CP-affine-localsigma,0.3,0.7,0.7671232876712328,0.06712328767123288,15.82681851107185,0.38284515015102555,21.285470279041537,6.716618120918614,5.203810476712881,0.30638840090086483,0.0010120868682861328,D2,1,44,30
AdaptiveJackknifeCP,0.05,0.95,1.0,0.050000000000000044,45.53744185240326,1.1015346357374918,45.53744185240326,4.921260772567375,3.797835718935411,0.6276359112577874,0.0009992122650146484,D2,1,44,30
AdaptiveJackknifeCP,0.1,0.9,0.9726027397260274,0.07260273972602738,20.92346034393732,0.5061311160831158,23.986568882163578,4.921260772567375,3.797835718935411,0.6276359112577874,0.00099945068359375,D2,1,44,30
AdaptiveJackknifeCP,0.2,0.8,0.8082191780821918,0.008219178082191747,11.506033122193244,0.2783268775861145,17.29980757033205,4.921260772567375,3.797835718935411,0.6276359112577874,0.0009925365447998047,D2,1,44,30
AdaptiveJackknifeCP,0.3,0.7,0.7534246575342466,0.05342465753424663,9.200204189296528,0.22254969005977335,14.632427136147424,4.921260772567375,3.797835718935411,0.6276359112577874,0.0,D2,1,44,30
AdaptiveSplitCP,0.05,0.95,0.9863013698630136,0.03630136986301369,37.64197852639621,0.9105461663592342,40.548141882921215,5.703452571347945,4.166033573695408,0.4998610220199974,0.0,D2,1,44,30
AdaptiveSplitCP,0.1,0.9,0.9863013698630136,0.08630136986301362,37.64197852639621,0.9105461663592342,39.09506020465871,5.703452571347945,4.166033573695408,0.4998610220199974,0.0010001659393310547,D2,1,44,30
AdaptiveSplitCP,0.2,0.8,0.9863013698630136,0.1863013698630136,37.64197852639621,0.9105461663592342,38.368519365527455,5.703452571347945,4.166033573695408,0.4998610220199974,0.0009927749633789062,D2,1,44,30
AdaptiveSplitCP,0.3,0.7,0.9863013698630136,0.2863013698630137,37.64197852639621,0.9105461663592342,38.12633908581704,5.703452571347945,4.166033573695408,0.4998610220199974,0.0,D2,1,44,30
SplitCP,0.1,0.9,0.08,0.8200000000000001,3.2243969515270834,0.09744324419923392,149.12542659256655,10.170577751108274,8.848278304360054,-0.6142032695813693,0.0010004043579101562,D3,2,44,10
SplitCP,0.2,0.8,0.04,0.76,2.0295609958979743,0.061334572235860634,80.50772386360903,10.170577751108274,8.848278304360054,-0.6142032695813693,0.0,D3,2,44,10
SplitCP,0.3,0.7,0.0,0.7,1.3082807231778804,0.039537042090737676,55.935867008318645,10.170577751108274,8.848278304360054,-0.6142032695813693,0.0,D3,2,44,10
TargetOnlyCP,0.1,0.9,0.92,0.020000000000000018,37.52000000000001,1.1338773039788828,43.50400000000001,10.42253174617377,8.001600000000002,-0.6951706618324536,0.0,D3,2,44,10
TargetOnlyCP,0.2,0.8,0.92,0.12,37.52000000000001,1.1338773039788828,40.51200000000001,10.42253174617377,8.001600000000002,-0.6951706618324536,0.0,D3,2,44,10
TargetOnlyCP,0.3,0.7,0.92,0.22000000000000008,37.52000000000001,1.1338773039788828,39.51466666666668,10.42253174617377,8.001600000000002,-0.6951706618324536,0.0,D3,2,44,10
TransferCal-CP-affine-localsigma,0.1,0.9,0.92,0.020000000000000018,35.28710388443741,1.066397820301403,37.2333514603362,9.73633382581314,8.375281557663959,-0.4793055483568436,0.00099945068359375,D3,2,44,10
TransferCal-CP-affine-localsigma,0.2,0.8,0.72,0.08000000000000007,22.471143056693577,0.6790916606196028,33.706595076273146,9.73633382581314,8.375281557663959,-0.4793055483568436,0.0,D3,2,44,10
TransferCal-CP-affine-localsigma,0.3,0.7,0.68,0.019999999999999907,18.553946449258632,0.5607115879012243,29.764386505197557,9.73633382581314,8.375281557663959,-0.4793055483568436,0.0010001659393310547,D3,2,44,10
AdaptiveJackknifeCP,0.1,0.9,1.0,0.09999999999999998,42.23818968276366,1.2764638763976734,42.23818968276366,6.386611166885316,4.839303235198763,0.3634860499381276,0.0,D3,2,44,10
AdaptiveJackknifeCP,0.2,0.8,0.88,0.07999999999999996,20.005183998316028,0.6045688725376348,23.39340497524152,6.386611166885316,4.839303235198763,0.3634860499381276,0.0,D3,2,44,10
AdaptiveJackknifeCP,0.3,0.7,0.88,0.18000000000000005,18.072192897565657,0.5461527014839567,21.1042033224828,6.386611166885316,4.839303235198763,0.3634860499381276,0.0009999275207519531,D3,2,44,10
AdaptiveSplitCP,0.1,0.9,0.92,0.020000000000000018,37.52000000000001,1.1338773039788828,43.50400000000001,10.42253174617377,8.001600000000002,-0.6951706618324536,0.0,D3,2,44,10
AdaptiveSplitCP,0.2,0.8,0.92,0.12,37.52000000000001,1.1338773039788828,40.51200000000001,10.42253174617377,8.001600000000002,-0.6951706618324536,0.0,D3,2,44,10
AdaptiveSplitCP,0.3,0.7,0.92,0.22000000000000008,37.52000000000001,1.1338773039788828,39.51466666666668,10.42253174617377,8.001600000000002,-0.6951706618324536,0.0,D3,2,44,10
SplitCP,0.1,0.9,0.046242774566473986,0.8537572254335261,2.7245026104019847,0.04702020000569789,215.02308532893713,13.593700165877122,11.941472629617385,-0.16149261876021193,0.0,D4,3,44,10
SplitCP,0.2,0.8,0.04046242774566474,0.7595375722543353,1.744336480598704,0.030104228890015558,112.5922588586925,13.593700165877122,11.941472629617385,-0.16149261876021193,0.0009996891021728516,D4,3,44,10
SplitCP,0.3,0.7,0.023121387283236993,0.676878612716763,1.202965494123049,0.020761102565166313,76.84686879616751,13.593700165877122,11.941472629617385,-0.16149261876021193,0.0009999275207519531,D4,3,44,10
TargetOnlyCP,0.1,0.9,0.9364161849710982,0.03641618497109822,52.45054406080799,0.9052056190847191,54.4836892825598,15.997947943723153,13.943510493889892,-0.6086799158611842,0.0,D4,3,44,10
TargetOnlyCP,0.2,0.8,0.9364161849710982,0.1364161849710982,52.45054406080799,0.9052056190847191,53.46711667168389,15.997947943723153,13.943510493889892,-0.6086799158611842,0.0,D4,3,44,10
TargetOnlyCP,0.3,0.7,0.9364161849710982,0.2364161849710983,52.45054406080799,0.9052056190847191,53.12825913472526,15.997947943723153,13.943510493889892,-0.6086799158611842,0.0,D4,3,44,10
TransferCal-CP-affine-localsigma,0.1,0.9,0.9364161849710982,0.03641618497109822,30.80955665318712,0.5317196285255148,37.366083355380106,8.991039280796103,7.116986531765001,0.4918863391349525,0.0010004043579101562,D4,3,44,10
TransferCal-CP-affine-localsigma,0.2,0.8,0.930635838150289,0.130635838150289,30.04504577216201,0.518525493788742,33.58739624726323,8.991039280796103,7.116986531765001,0.4918863391349525,0.0009999275207519531,D4,3,44,10
TransferCal-CP-affine-localsigma,0.3,0.7,0.9075144508670521,0.2075144508670521,28.383597137937528,0.489851765680659,31.207986330152668,8.991039280796103,7.116986531765001,0.4918863391349525,0.0010004043579101562,D4,3,44,10
AdaptiveJackknifeCP,0.1,0.9,1.0,0.09999999999999998,53.01076027803913,0.9148739814786743,53.01076027803913,4.004679334918694,3.396605847332601,0.899196276455856,0.00099945068359375,D4,3,44,10
AdaptiveJackknifeCP,0.2,0.8,1.0,0.19999999999999996,28.82916378669214,0.49754147493633094,28.82916378669214,4.004679334918694,3.396605847332601,0.899196276455856,0.0,D4,3,44,10
AdaptiveJackknifeCP,0.3,0.7,1.0,0.30000000000000004,27.13918277814406,0.46837532742581806,27.13918277814406,4.004679334918694,3.396605847332601,0.899196276455856,0.0,D4,3,44,10
AdaptiveSplitCP,0.1,0.9,0.9364161849710982,0.03641618497109822,52.45054406080799,0.9052056190847191,54.4836892825598,15.997947943723153,13.943510493889892,-0.6086799158611842,0.0,D4,3,44,10
AdaptiveSplitCP,0.2,0.8,0.9364161849710982,0.1364161849710982,52.45054406080799,0.9052056190847191,53.46711667168389,15.997947943723153,13.943510493889892,-0.6086799158611842,0.00099945068359375,D4,3,44,10
AdaptiveSplitCP,0.3,0.7,0.9364161849710982,0.2364161849710983,52.45054406080799,0.9052056190847191,53.12825913472526,15.997947943723153,13.943510493889892,-0.6086799158611842,0.0010006427764892578,D4,3,44,10
SplitCP,0.1,0.9,0.047619047619047616,0.8523809523809525,2.7245026104019843,0.047020200005697885,213.50000013962355,13.577129498962005,11.855960497584105,-0.20501649451798465,0.0,D4,3,44,15
SplitCP,0.2,0.8,0.047619047619047616,0.7523809523809524,1.7443364805987045,0.030104228890015565,111.79954300617749,13.577129498962005,11.855960497584105,-0.20501649451798465,0.0,D4,3,44,15
SplitCP,0.3,0.7,0.03571428571428571,0.6642857142857143,1.202965494123049,0.020761102565166313,76.30537702107696,13.577129498962005,11.855960497584105,-0.20501649451798465,0.0,D4,3,44,15
TargetOnlyCP,0.1,0.9,0.9107142857142857,0.010714285714285676,64.46255085190818,1.1125120682071876,77.48134675166416,20.28216208706001,17.107923160229017,-1.6890914335883966,0.0,D4,3,44,15
TargetOnlyCP,0.2,0.8,0.9107142857142857,0.11071428571428565,64.46255085190818,1.1125120682071876,70.97194880178618,20.28216208706001,17.107923160229017,-1.6890914335883966,0.0,D4,3,44,15
TargetOnlyCP,0.3,0.7,0.9107142857142857,0.21071428571428574,64.46255085190818,1.1125120682071876,68.80214948516017,20.28216208706001,17.107923160229017,-1.6890914335883966,0.0,D4,3,44,15
TransferCal-CP-affine-localsigma,0.1,0.9,0.9464285714285714,0.046428571428571375,97.80824253872119,1.6880009983539448,105.92057548471396,28.680543445386192,24.212252602710556,-4.3771459354706295,0.0010001659393310547,D4,3,44,15
TransferCal-CP-affine-localsigma,0.2,0.8,0.8928571428571429,0.09285714285714286,86.09665135047926,1.4858792026347423,95.28835918738017,28.680543445386192,24.212252602710556,-4.3771459354706295,0.0010004043579101562,D4,3,44,15
TransferCal-CP-affine-localsigma,0.3,0.7,0.7738095238095238,0.07380952380952388,74.60311634462096,1.2875206792534009,87.19764424251373,28.680543445386192,24.212252602710556,-4.3771459354706295,0.0009996891021728516,D4,3,44,15
AdaptiveJackknifeCP,0.1,0.9,1.0,0.09999999999999998,31.64431831240106,0.5461261701171694,31.64431831240106,4.413831346654375,3.474784891336888,0.8726471875493006,0.0009999275207519531,D4,3,44,15
AdaptiveJackknifeCP,0.2,0.8,0.6369047619047619,0.16309523809523818,8.739562275431567,0.1508297201052831,16.60061926065156,4.413831346654375,3.474784891336888,0.8726471875493006,0.0010001659393310547,D4,3,44,15
AdaptiveJackknifeCP,0.3,0.7,0.5773809523809523,0.12261904761904763,7.052280619538441,0.12171015875006959,14.513288845254129,4.413831346654375,3.474784891336888,0.8726471875493006,0.0,D4,3,44,15
AdaptiveSplitCP,0.1,0.9,0.8273809523809523,0.0726190476190477,25.201018363749395,0.4349259638389293,37.733512113362224,8.908399844677225,7.069184308049846,0.48122806360663517,0.0,D4,3,44,15
AdaptiveSplitCP,0.2,0.8,0.8273809523809523,0.027380952380952284,25.201018363749395,0.4349259638389293,31.467265238555807,8.908399844677225,7.069184308049846,0.48122806360663517,0.0,D4,3,44,15
AdaptiveSplitCP,0.3,0.7,0.8273809523809523,0.12738095238095237,25.201018363749395,0.4349259638389293,29.378516280287005,8.908399844677225,7.069184308049846,0.48122806360663517,0.0,D4,3,44,15
SplitCP,0.05,0.95,0.07975460122699386,0.8702453987730061,4.166929703437474,0.07191399535359781,388.1906425967731,13.263107132379227,11.580199773773401,-0.09893289760569202,0.0,D4,3,44,20
SplitCP,0.1,0.9,0.06134969325153374,0.8386503067484663,2.7245026104019847,0.04702020000569789,208.11248497487182,13.263107132379227,11.580199773773401,-0.09893289760569202,0.0,D4,3,44,20
SplitCP,0.2,0.8,0.05521472392638037,0.7447852760736197,1.7443364805987043,0.03010422889001556,109.06442090497313,13.263107132379227,11.580199773773401,-0.09893289760569202,0.0,D4,3,44,20
SplitCP,0.3,0.7,0.03680981595092025,0.6631901840490797,1.202965494123049,0.020761102565166313,74.46919795815089,13.263107132379227,11.580199773773401,-0.09893289760569202,0.0,D4,3,44,20
TargetOnlyCP,0.05,0.95,0.8711656441717791,0.07883435582822085,27.426085324937056,0.47332676886721947,51.325955742754566,9.858522751606007,8.161138223395913,0.3928383879039117,0.0,D4,3,44,20
TargetOnlyCP,0.1,0.9,0.8711656441717791,0.028834355828220914,27.426085324937056,0.47332676886721947,39.37602053384581,9.858522751606007,8.161138223395913,0.3928383879039117,0.0,D4,3,44,20
TargetOnlyCP,0.2,0.8,0.8711656441717791,0.07116564417177906,27.426085324937056,0.47332676886721947,33.40105292939143,9.858522751606007,8.161138223395913,0.3928383879039117,0.0,D4,3,44,20
TargetOnlyCP,0.3,0.7,0.8711656441717791,0.17116564417177915,27.426085324937056,0.47332676886721947,31.409397061239975,9.858522751606007,8.161138223395913,0.3928383879039117,0.0,D4,3,44,20
TransferCal-CP-affine-localsigma,0.05,0.95,0.9263803680981595,0.023619631901840465,34.03264214390826,0.5873445061932997,52.70418209402873,9.805278235953649,7.708842134017469,0.3993790689321426,0.0010001659393310547,D4,3,44,20
TransferCal-CP-affine-localsigma,0.1,0.9,0.9263803680981595,0.026380368098159468,34.03264214390826,0.5873445061932997,43.36841211896851,9.805278235953649,7.708842134017469,0.3993790689321426,0.0010001659393310547,D4,3,44,20
TransferCal-CP-affine-localsigma,0.2,0.8,0.8773006134969326,0.07730061349693251,27.832717739402966,0.4803445406190204,35.27719550298868,9.805278235953649,7.708842134017469,0.3993790689321426,0.0010001659393310547,D4,3,44,20
TransferCal-CP-affine-localsigma,0.3,0.7,0.8588957055214724,0.15889570552147247,26.760229790804903,0.461835254683948,32.20308149794454,9.805278235953649,7.708842134017469,0.3993790689321426,0.0009999275207519531,D4,3,44,20
AdaptiveJackknifeCP,0.05,0.95,0.9631901840490797,0.01319018404907979,16.539855719813783,0.2854492856941268,17.988401225076323,3.7359376665931303,2.891957720596477,0.9128073529781925,0.0009996891021728516,D4,3,44,20
AdaptiveJackknifeCP,0.1,0.9,0.8098159509202454,0.09018404907975464,9.858287418770482,0.17013698000305855,17.44218193431253,3.7359376665931303,2.891957720596477,0.9128073529781925,0.0009999275207519531,D4,3,44,20
AdaptiveJackknifeCP,0.2,0.8,0.6073619631901841,0.19263803680981595,6.025871559299817,0.10399611468352353,14.903971779312617,3.7359376665931303,2.891957720596477,0.9128073529781925,0.0010001659393310547,D4,3,44,20
AdaptiveJackknifeCP,0.3,0.7,0.588957055214724,0.11104294478527599,5.777864497753445,0.09971594200458626,12.028843956956175,3.7359376665931303,2.891957720596477,0.9128073529781925,0.0009999275207519531,D4,3,44,20
AdaptiveSplitCP,0.05,0.95,0.7730061349693251,0.17699386503067482,9.81946298042881,0.1694669373872194,33.56407536050958,4.227776296482613,3.2035350244593164,0.8883382015741123,0.0009999275207519531,D4,3,44,20
AdaptiveSplitCP,0.1,0.9,0.7730061349693251,0.1269938650306749,9.81946298042881,0.1694669373872194,21.691769170469197,4.227776296482613,3.2035350244593164,0.8883382015741123,0.0010001659393310547,D4,3,44,20
AdaptiveSplitCP,0.2,0.8,0.7730061349693251,0.026993865030674913,9.81946298042881,0.1694669373872194,15.755616075449002,4.227776296482613,3.2035350244593164,0.8883382015741123,0.0010001659393310547,D4,3,44,20
AdaptiveSplitCP,0.3,0.7,0.7730061349693251,0.07300613496932518,9.81946298042881,0.1694669373872194,13.776898377108939,4.227776296482613,3.2035350244593164,0.8883382015741123,0.0009999275207519531,D4,3,44,20
SplitCP,0.05,0.95,0.0718954248366013,0.8781045751633987,4.166929703437474,0.07191399535359781,398.5263476539697,13.521595952579684,11.852423138927575,-0.1944560355868008,0.0009999275207519531,D4,3,44,30
SplitCP,0.1,0.9,0.05228758169934641,0.8477124183006536,2.7245026104019843,0.047020200005697885,213.40038385468048,13.521595952579684,11.852423138927575,-0.1944560355868008,0.0,D4,3,44,30
SplitCP,0.2,0.8,0.0457516339869281,0.754248366013072,1.7443364805987045,0.030104228890015565,111.75447679735635,13.521595952579684,11.852423138927575,-0.1944560355868008,0.00099945068359375,D4,3,44,30
SplitCP,0.3,0.7,0.032679738562091505,0.6673202614379085,1.202965494123049,0.020761102565166313,76.28003960264492,13.521595952579684,11.852423138927575,-0.1944560355868008,0.0010004043579101562,D4,3,44,30
TargetOnlyCP,0.05,0.95,0.954248366013072,0.004248366013071991,33.77657961610368,0.5829253101076114,43.98389615602683,9.023999762152567,7.193863760596203,0.46799904618488175,0.00099945068359375,D4,3,44,30
TargetOnlyCP,0.1,0.9,0.954248366013072,0.054248366013071925,33.77657961610368,0.5829253101076114,38.88023788606525,9.023999762152567,7.193863760596203,0.46799904618488175,0.0,D4,3,44,30
TargetOnlyCP,0.2,0.8,0.954248366013072,0.1542483660130719,33.77657961610368,0.5829253101076114,36.32840875108447,9.023999762152567,7.193863760596203,0.46799904618488175,0.0,D4,3,44,30
TargetOnlyCP,0.3,0.7,0.954248366013072,0.254248366013072,33.77657961610368,0.5829253101076114,35.477799039424205,9.023999762152567,7.193863760596203,0.46799904618488175,0.0,D4,3,44,30
TransferCal-CP-affine-localsigma,0.05,0.95,0.9934640522875817,0.04346405228758177,53.11294570901382,0.9166375251742297,53.43922081279453,8.964914254695927,6.951619477718775,0.47494289371670007,0.0,D4,3,44,30
TransferCal-CP-affine-localsigma,0.1,0.9,0.9934640522875817,0.0934640522875817,53.11294570901382,0.9166375251742297,53.27608326090418,8.964914254695927,6.951619477718775,0.47494289371670007,0.0009999275207519531,D4,3,44,30
TransferCal-CP-affine-localsigma,0.2,0.8,0.934640522875817,0.13464052287581696,34.45785051494824,0.5946828668078439,37.07656855410366,8.964914254695927,6.951619477718775,0.47494289371670007,0.0009999275207519531,D4,3,44,30
TransferCal-CP-affine-localsigma,0.3,0.7,0.9281045751633987,0.22810457516339877,34.266051994739826,0.5913727562773695,36.056230777230866,8.964914254695927,6.951619477718775,0.47494289371670007,0.0,D4,3,44,30
AdaptiveJackknifeCP,0.05,0.95,1.0,0.050000000000000044,27.01915943537282,0.46630393224311223,27.01915943537282,3.1588439175370855,2.4867362401853557,0.934811558931734,0.0,D4,3,44,30
AdaptiveJackknifeCP,0.1,0.9,0.9803921568627451,0.08039215686274503,15.561797076420007,0.26856968614663673,16.000151490298236,3.1588439175370855,2.4867362401853557,0.934811558931734,0.0,D4,3,44,30
AdaptiveJackknifeCP,0.2,0.8,0.954248366013072,0.1542483660130719,13.417994749351605,0.2315713680659049,13.910113773077908,3.1588439175370855,2.4867362401853557,0.934811558931734,0.0,D4,3,44,30
AdaptiveJackknifeCP,0.3,0.7,0.9215686274509803,0.22156862745098038,11.07003444322596,0.1910496365843636,11.870950856051035,3.1588439175370855,2.4867362401853557,0.934811558931734,0.0,D4,3,44,30
AdaptiveSplitCP,0.05,0.95,0.9934640522875817,0.04346405228758177,18.191799970598208,0.31395898459240973,18.220117122789645,3.4093715651589367,2.7050791450490212,0.924061339891485,0.0,D4,3,44,30
AdaptiveSplitCP,0.1,0.9,0.9934640522875817,0.0934640522875817,18.191799970598208,0.31395898459240973,18.205958546693925,3.4093715651589367,2.7050791450490212,0.924061339891485,0.0,D4,3,44,30
AdaptiveSplitCP,0.2,0.8,0.9934640522875817,0.19346405228758168,18.191799970598208,0.31395898459240973,18.19887925864607,3.4093715651589367,2.7050791450490212,0.924061339891485,0.0,D4,3,44,30
AdaptiveSplitCP,0.3,0.7,0.9934640522875817,0.29346405228758177,18.191799970598208,0.31395898459240973,18.196519495963447,3.4093715651589367,2.7050791450490212,0.924061339891485,0.0,D4,3,44,30
SplitCP,0.05,0.95,0.06766917293233082,0.8823308270676691,4.166929703437475,0.07290891846829499,416.3432598573944,13.992585637333764,12.312046274149491,-0.2790793069033084,0.0,D4,3,44,50
SplitCP,0.1,0.9,0.03759398496240601,0.8624060150375941,2.7245026104019847,0.04767071988869605,222.45381618902232,13.992585637333764,12.312046274149491,-0.2790793069033084,0.0,D4,3,44,50
SplitCP,0.2,0.8,0.03759398496240601,0.762406015037594,1.7443364805987045,0.030520717961795556,116.32558216520283,13.992585637333764,12.312046274149491,-0.2790793069033084,0.0009999275207519531,D4,3,44,50
SplitCP,0.3,0.7,0.03007518796992481,0.6699248120300751,1.202965494123049,0.021048330395119566,79.32783418975042,13.992585637333764,12.312046274149491,-0.2790793069033084,0.0009996891021728516,D4,3,44,50
TargetOnlyCP,0.05,0.95,0.9774436090225563,0.02744360902255638,33.90518158286288,0.5932401781672578,35.010430801108605,7.501349217292486,5.913433567786667,0.6323959445598193,0.0010004043579101562,D4,3,44,50
TargetOnlyCP,0.1,0.9,0.9774436090225563,0.07744360902255631,33.90518158286288,0.5932401781672578,34.45780619198574,7.501349217292486,5.913433567786667,0.6323959445598193,0.0,D4,3,44,50
TargetOnlyCP,0.2,0.8,0.9774436090225563,0.1774436090225563,33.90518158286288,0.5932401781672578,34.18149388742431,7.501349217292486,5.913433567786667,0.6323959445598193,0.00099945068359375,D4,3,44,50
TargetOnlyCP,0.3,0.7,0.9774436090225563,0.2774436090225564,33.90518158286288,0.5932401781672578,34.08938978590383,7.501349217292486,5.913433567786667,0.6323959445598193,0.0,D4,3,44,50
TransferCal-CP-affine-localsigma,0.05,0.95,0.9849624060150376,0.03496240601503764,41.97211627842984,0.7343876238568169,43.712040968655074,9.204528314260463,7.3080392385921,0.44651659780931274,0.0010004043579101562,D4,3,44,50
TransferCal-CP-affine-localsigma,0.1,0.9,0.9548872180451128,0.05488721804511276,35.37931410457573,0.6190331277695421,38.004994512112404,9.204528314260463,7.3080392385921,0.44651659780931274,0.0,D4,3,44,50
TransferCal-CP-affine-localsigma,0.2,0.8,0.6917293233082706,0.1082706766917294,19.361311223464114,0.3387655568718454,34.259090969024356,9.204528314260463,7.3080392385921,0.44651659780931274,0.0,D4,3,44,50
TransferCal-CP-affine-localsigma,0.3,0.7,0.6390977443609023,0.06090225563909768,16.424568782578408,0.2873812690571781,29.57933732983387,9.204528314260463,7.3080392385921,0.44651659780931274,0.0,D4,3,44,50
AdaptiveJackknifeCP,0.05,0.95,1.0,0.050000000000000044,17.688225317091245,0.3094915127626865,17.688225317091245,3.411062252440371,2.8759593419420395,0.9239882350592908,0.0,D4,3,44,50
AdaptiveJackknifeCP,0.1,0.9,0.9699248120300752,0.06992481203007517,13.843104300915629,0.2422132924371052,14.444595684259054,3.411062252440371,2.8759593419420395,0.9239882350592908,0.0,D4,3,44,50
AdaptiveJackknifeCP,0.2,0.8,0.8646616541353384,0.06466165413533831,10.220989696727191,0.17883702330020546,11.67516465435367,3.411062252440371,2.8759593419420395,0.9239882350592908,0.0,D4,3,44,50
AdaptiveJackknifeCP,0.3,0.7,0.6842105263157895,0.015789473684210464,7.106217088058645,0.12433773525477632,10.281544219986658,3.411062252440371,2.8759593419420395,0.9239882350592908,0.0,D4,3,44,50
AdaptiveSplitCP,0.05,0.95,0.924812030075188,0.02518796992481198,14.645096155459514,0.2562457726795582,19.100031330011017,4.222631693426414,3.461537382432135,0.883515555784164,0.0,D4,3,44,50
AdaptiveSplitCP,0.1,0.9,0.924812030075188,0.024812030075187952,14.645096155459514,0.2562457726795582,16.872563742735267,4.222631693426414,3.461537382432135,0.883515555784164,0.0010004043579101562,D4,3,44,50
AdaptiveSplitCP,0.2,0.8,0.924812030075188,0.12481203007518793,14.645096155459514,0.2562457726795582,15.758829949097391,4.222631693426414,3.461537382432135,0.883515555784164,0.0010001659393310547,D4,3,44,50
AdaptiveSplitCP,0.3,0.7,0.924812030075188,0.22481203007518802,14.645096155459514,0.2562457726795582,15.387585351218098,4.222631693426414,3.461537382432135,0.883515555784164,0.0,D4,3,44,50
SplitCP,0.1,0.9,0.07534983853606028,0.8246501614639398,2.445023674267148,0.03203227661400269,176.74361773618386,11.946892121914578,9.894338401814615,0.4817209933093841,0.0010001659393310547,D1,0,45,10
SplitCP,0.2,0.8,0.03336921420882669,0.7666307857911734,1.3770685682818138,0.018040987398158053,93.57095017388939,11.946892121914578,9.894338401814615,0.4817209933093841,0.0010004043579101562,D1,0,45,10
SplitCP,0.3,0.7,0.030139935414424113,0.6698600645855759,1.2847696438074714,0.016831778378608067,63.0449829283341,11.946892121914578,9.894338401814615,0.4817209933093841,0.0009999275207519531,D1,0,45,10
TargetOnlyCP,0.1,0.9,0.9526372443487621,0.05263724434876205,69.52,0.9107821301047057,75.7053606027987,17.031155323948543,13.540645855758882,-0.05327542889984671,0.00099945068359375,D1,0,45,10
TargetOnlyCP,0.2,0.8,0.9526372443487621,0.15263724434876202,69.52,0.9107821301047057,72.61268030139935,17.031155323948543,13.540645855758882,-0.05327542889984671,0.0,D1,0,45,10
TargetOnlyCP,0.3,0.7,0.9526372443487621,0.2526372443487621,69.52,0.9107821301047057,71.58178686759955,17.031155323948543,13.540645855758882,-0.05327542889984671,0.0,D1,0,45,10
TransferCal-CP-affine-localsigma,0.1,0.9,0.813778256189451,0.08622174381054903,32.19060125319293,0.42172934952149405,48.464987465225256,12.008789860071051,9.962893144166905,0.47633659657631644,0.0010001659393310547,D1,0,45,10
TransferCal-CP-affine-localsigma,0.2,0.8,0.7308934337997847,0.06910656620021538,28.18403674491595,0.3692393127371094,40.81055126076918,12.008789860071051,9.962893144166905,0.47633659657631644,0.0009999275207519531,D1,0,45,10
TransferCal-CP-affine-localsigma,0.3,0.7,0.6038751345532831,0.09612486544671683,22.15150180565712,0.29020701955659706,37.34495508857421,12.008789860071051,9.962893144166905,0.47633659657631644,0.0010035037994384766,D1,0,45,10
AdaptiveJackknifeCP,0.1,0.9,1.0,0.09999999999999998,131.11833548615704,1.7177824638933477,131.11833548615704,20.06727984886553,16.332789084858746,-0.4622806996837321,0.001001596450805664,D1,0,45,10
AdaptiveJackknifeCP,0.2,0.8,0.984930032292788,0.18493003229278793,94.16865649381637,1.2337043951458055,94.77977308741345,20.06727984886553,16.332789084858746,-0.4622806996837321,0.0009996891021728516,D1,0,45,10
AdaptiveJackknifeCP,0.3,0.7,0.9601722282023681,0.2601722282023682,80.58263724983722,1.0557138378000799,82.17196067722116,20.06727984886553,16.332789084858746,-0.4622806996837321,0.0009996891021728516,D1,0,45,10
AdaptiveSplitCP,0.1,0.9,0.9526372443487621,0.05263724434876205,69.52,0.9107821301047057,75.7053606027987,17.031155323948543,13.540645855758882,-0.05327542889984671,0.0010001659393310547,D1,0,45,10
AdaptiveSplitCP,0.2,0.8,0.9526372443487621,0.15263724434876202,69.52,0.9107821301047057,72.61268030139935,17.031155323948543,13.540645855758882,-0.05327542889984671,0.0009996891021728516,D1,0,45,10
AdaptiveSplitCP,0.3,0.7,0.9526372443487621,0.2526372443487621,69.52,0.9107821301047057,71.58178686759955,17.031155323948543,13.540645855758882,-0.05327542889984671,0.00150299072265625,D1,0,45,10
SplitCP,0.1,0.9,0.07467532467532467,0.8253246753246753,2.445023674267148,0.03203227661400269,176.2545205705619,11.912135753859314,9.87036286643893,0.48284721491963223,0.0009989738464355469,D1,0,45,15
SplitCP,0.2,0.8,0.032467532467532464,0.7675324675324676,1.3770685682818138,0.018040987398158053,93.33058321527056,11.912135753859314,9.87036286643893,0.48284721491963223,0.0010008811950683594,D1,0,45,15
SplitCP,0.3,0.7,0.02922077922077922,0.6707792207792207,1.2847696438074716,0.01683177837860807,62.885016942297035,11.912135753859314,9.87036286643893,0.48284721491963223,0.0010004043579101562,D1,0,45,15
TargetOnlyCP,0.1,0.9,0.9664502164502164,0.06645021645021643,261.3506270385078,3.4239568584340137,336.7332211601581,53.30258774929942,27.350734368602307,-9.354668202840717,0.00099945068359375,D1,0,45,15
TargetOnlyCP,0.2,0.8,0.9664502164502164,0.1664502164502164,261.3506270385078,3.4239568584340137,299.04192409933296,53.30258774929942,27.350734368602307,-9.354668202840717,0.0,D1,0,45,15
TargetOnlyCP,0.3,0.7,0.9664502164502164,0.2664502164502165,261.3506270385078,3.4239568584340137,286.4781584123912,53.30258774929942,27.350734368602307,-9.354668202840717,0.0,D1,0,45,15
TransferCal-CP-affine-localsigma,0.1,0.9,0.9783549783549783,0.07835497835497829,58.00093828806534,0.7598708015258304,59.82039968706396,12.437464073182761,9.773808160453335,0.43622829137742125,0.0010001659393310547,D1,0,45,15
TransferCal-CP-affine-localsigma,0.2,0.8,0.8820346320346321,0.08203463203463202,38.64342100561384,0.5062677977276453,45.689509845916625,12.437464073182761,9.773808160453335,0.43622829137742125,0.0009999275207519531,D1,0,45,15
TransferCal-CP-affine-localsigma,0.3,0.7,0.8528138528138528,0.15281385281385285,35.66787698640462,0.4672851694187315,41.68520915100554,12.437464073182761,9.773808160453335,0.43622829137742125,0.0009999275207519531,D1,0,45,15
AdaptiveJackknifeCP,0.1,0.9,1.0,0.09999999999999998,169.30284353292046,2.2180380389196923,169.30284353292046,13.522481670781339,10.445948823975181,0.33357327843936657,0.0010004043579101562,D1,0,45,15
AdaptiveJackknifeCP,0.2,0.8,0.8636363636363636,0.0636363636363636,41.269801409385344,0.5406760304464638,49.41363970788339,13.522481670781339,10.445948823975181,0.33357327843936657,0.0019991397857666016,D1,0,45,15
AdaptiveJackknifeCP,0.3,0.7,0.8517316017316018,0.15173160173160183,39.94252374090264,0.5232873540635369,46.009867552022016,13.522481670781339,10.445948823975181,0.33357327843936657,0.0010013580322265625,D1,0,45,15
AdaptiveSplitCP,0.1,0.9,0.961038961038961,0.061038961038961004,1106.4155242917182,14.495159493603651,1469.1841162613866,233.48718589236674,105.87043783936042,-197.68528396483683,0.0010013580322265625,D1,0,45,15
AdaptiveSplitCP,0.2,0.8,0.961038961038961,0.16103896103896098,1106.4155242917182,14.495159493603651,1287.7998202765523,233.48718589236674,105.87043783936042,-197.68528396483683,0.001001119613647461,D1,0,45,15
AdaptiveSplitCP,0.3,0.7,0.961038961038961,0.26103896103896107,1106.4155242917182,14.495159493603651,1227.3383882816074,233.48718589236674,105.87043783936042,-197.68528396483683,0.0009970664978027344,D1,0,45,15
SplitCP,0.05,0.95,0.10772578890097932,0.8422742110990207,3.764526846337517,0.04931909925120302,328.93854604109885,11.967191011069202,9.906021939570836,0.48426871313802444,0.0020008087158203125,D1,0,45,20
SplitCP,0.1,0.9,0.07616974972796518,0.8238302502720348,2.4450236742671474,0.03203227661400269,177.0000685115262,11.967191011069202,9.906021939570836,0.48426871313802444,0.0009999275207519531,D1,0,45,20
SplitCP,0.2,0.8,0.03482045701849837,0.7651795429815017,1.3770685682818138,0.018040987398158053,93.69456754615871,11.967191011069202,9.906021939570836,0.48426871313802444,0.0010013580322265625,D1,0,45,20
SplitCP,0.3,0.7,0.031556039173014146,0.6684439608269858,1.2847696438074714,0.016831778378608067,63.12695050721059,11.967191011069202,9.906021939570836,0.48426871313802444,0.0010001659393310547,D1,0,45,20
TargetOnlyCP,0.05,0.95,0.9194776931447225,0.03052230685527746,51.30212816166091,0.6721096312713195,73.52469317329049,15.308290211408242,12.216098326892993,0.15609724132174474,0.0,D1,0,45,20
TargetOnlyCP,0.1,0.9,0.9194776931447225,0.019477693144722474,51.30212816166091,0.6721096312713195,62.41341066747569,15.308290211408242,12.216098326892993,0.15609724132174474,0.0,D1,0,45,20
TargetOnlyCP,0.2,0.8,0.9194776931447225,0.11947769314472245,51.30212816166091,0.6721096312713195,56.857769414568295,15.308290211408242,12.216098326892993,0.15609724132174474,0.0,D1,0,45,20
TargetOnlyCP,0.3,0.7,0.9194776931447225,0.21947769314472254,51.30212816166091,0.6721096312713195,55.005888996932505,15.308290211408242,12.216098326892993,0.15609724132174474,0.0,D1,0,45,20
TransferCal-CP-affine-localsigma,0.05,0.95,0.7704026115342764,0.1795973884657236,29.55656254033375,0.3872207852281088,73.79052943044852,11.771169418260138,9.546578325966244,0.5010256126862399,0.0010001659393310547,D1,0,45,20
TransferCal-CP-affine-localsigma,0.1,0.9,0.7704026115342764,0.12959738846572366,29.55656254033375,0.3872207852281088,51.67354598539114,11.771169418260138,9.546578325966244,0.5010256126862399,0.0019991397857666016,D1,0,45,20
TransferCal-CP-affine-localsigma,0.2,0.8,0.750816104461371,0.04918389553862901,28.64789736145234,0.3753163547451746,40.80076531663479,11.771169418260138,9.546578325966244,0.5010256126862399,0.0009999275207519531,D1,0,45,20
TransferCal-CP-affine-localsigma,0.3,0.7,0.6539717083786725,0.04602829162132749,23.032077268819815,0.30174344642738615,36.73946404126217,11.771169418260138,9.546578325966244,0.5010256126862399,0.0009999275207519531,D1,0,45,20
AdaptiveJackknifeCP,0.05,0.95,0.8683351468988031,0.08166485310119687,37.43051745428569,0.49037753765730274,61.83122524750038,12.04700899269004,9.563386153428555,0.4773661895789525,0.0010004043579101562,D1,0,45,20
AdaptiveJackknifeCP,0.1,0.9,0.8171926006528836,0.08280739934711645,33.302069217063845,0.4362907010703648,52.098981711587186,12.04700899269004,9.563386153428555,0.4773661895789525,0.0009999275207519531,D1,0,45,20
AdaptiveJackknifeCP,0.2,0.8,0.6137105549510338,0.18628944504896627,20.732034402674657,0.2716105646529353,47.21988107868651,12.04700899269004,9.563386153428555,0.4773661895789525,0.0010001659393310547,D1,0,45,20
AdaptiveJackknifeCP,0.3,0.7,0.5538628944504896,0.14613710554951032,18.190145249123958,0.2383092525447513,39.35234920320467,12.04700899269004,9.563386153428555,0.4773661895789525,0.0010001659393310547,D1,0,45,20
AdaptiveSplitCP,0.05,0.95,0.719260065288357,0.230739934711643,30.48666589580275,0.3994060774506576,110.3634472758595,14.087980001674003,11.300923105450872,0.285279093897402,0.0009996891021728516,D1,0,45,20
AdaptiveSplitCP,0.1,0.9,0.719260065288357,0.18073993471164307,30.48666589580275,0.3994060774506576,70.42505658583113,14.087980001674003,11.300923105450872,0.285279093897402,0.0010008811950683594,D1,0,45,20
AdaptiveSplitCP,0.2,0.8,0.719260065288357,0.08073993471164309,30.48666589580275,0.3994060774506576,50.45586124081693,14.087980001674003,11.300923105450872,0.285279093897402,0.0010006427764892578,D1,0,45,20
AdaptiveSplitCP,0.3,0.7,0.719260065288357,0.019260065288356998,30.48666589580275,0.3994060774506576,43.79946279247887,14.087980001674003,11.300923105450872,0.285279093897402,0.001001596450805664,D1,0,45,20
SplitCP,0.05,0.95,0.11001100110011001,0.83998899889989,3.7645268463375174,0.050006998483494255,324.7665968651953,11.82137547741821,9.801008447182875,0.48560994761259635,0.0010030269622802734,D1,0,45,30
SplitCP,0.1,0.9,0.07700770077007701,0.822992299229923,2.4450236742671474,0.03247906049338944,174.90057823420207,11.82137547741821,9.801008447182875,0.48560994761259635,0.00099945068359375,D1,0,45,30
SplitCP,0.2,0.8,0.034103410341034104,0.7658965896589659,1.3770685682818138,0.01829262178664835,92.64293557239735,11.82137547741821,9.801008447182875,0.48560994761259635,0.0009996891021728516,D1,0,45,30
SplitCP,0.3,0.7,0.030803080308030802,0.6691969196919691,1.2847696438074712,0.017066546807077653,62.426085679503856,11.82137547741821,9.801008447182875,0.48560994761259635,0.0009999275207519531,D1,0,45,30
TargetOnlyCP,0.05,0.95,0.9636963696369637,0.013696369636963746,143.42113313847767,1.9051691434567746,213.25573954076106,27.94333640087385,14.923829236082627,-1.8741739961386115,0.0,D1,0,45,30
TargetOnlyCP,0.1,0.9,0.9636963696369637,0.06369636963696368,143.42113313847767,1.9051691434567746,178.33843633961936,27.94333640087385,14.923829236082627,-1.8741739961386115,0.001001596450805664,D1,0,45,30
TargetOnlyCP,0.2,0.8,0.9636963696369637,0.16369636963696366,143.42113313847767,1.9051691434567746,160.87978473904852,27.94333640087385,14.923829236082627,-1.8741739961386115,0.0,D1,0,45,30
TargetOnlyCP,0.3,0.7,0.9636963696369637,0.26369636963696375,143.42113313847767,1.9051691434567746,155.0602342055249,27.94333640087385,14.923829236082627,-1.8741739961386115,0.0,D1,0,45,30
TransferCal-CP-affine-localsigma,0.05,0.95,0.8624862486248625,0.0875137513751375,35.229156770019124,0.4679749835990884,59.76423031745622,12.060620117179864,9.923784858601389,0.46457849025809916,0.0009999275207519531,D1,0,45,30
TransferCal-CP-affine-localsigma,0.1,0.9,0.8624862486248625,0.03751375137513757,35.229156770019124,0.4679749835990884,47.49669354373766,12.060620117179864,9.923784858601389,0.46457849025809916,0.0010006427764892578,D1,0,45,30
TransferCal-CP-affine-localsigma,0.2,0.8,0.7238723872387238,0.07612761276127622,28.27201962487784,0.37555817775135836,41.43978552283369,12.060620117179864,9.923784858601389,0.46457849025809916,0.001003265380859375,D1,0,45,30
TransferCal-CP-affine-localsigma,0.3,0.7,0.7073707370737073,0.00737073707370739,26.92524707016916,0.35766800035324764,36.97699087728278,12.060620117179864,9.923784858601389,0.46457849025809916,0.0010001659393310547,D1,0,45,30
AdaptiveJackknifeCP,0.05,0.95,1.0,0.050000000000000044,227.64714303945996,3.0240056191447917,227.64714303945996,11.56044811117741,9.297972240446182,0.5080670928491182,0.0009999275207519531,D1,0,45,30
AdaptiveJackknifeCP,0.1,0.9,0.9933993399339934,0.09339933993399341,62.00795808479882,0.8236976365111829,62.38685655155762,11.56044811117741,9.297972240446182,0.5080670928491182,0.0009996891021728516,D1,0,45,30
AdaptiveJackknifeCP,0.2,0.8,0.9383938393839384,0.13839383938393834,41.82513492860158,0.5555942471180345,44.410692946003884,11.56044811117741,9.297972240446182,0.5080670928491182,0.0009999275207519531,D1,0,45,30
AdaptiveJackknifeCP,0.3,0.7,0.8206820682068207,0.1206820682068207,31.727611430365304,0.421461363259175,37.454629084338166,11.56044811117741,9.297972240446182,0.5080670928491182,0.0009996891021728516,D1,0,45,30
AdaptiveSplitCP,0.05,0.95,0.9691969196919692,0.01919691969196924,120.55595432588416,1.6014340370599074,170.99545373098076,23.97574906802316,14.555141077777886,-1.1159281032522337,0.0019998550415039062,D1,0,45,30
AdaptiveSplitCP,0.1,0.9,0.9691969196919692,0.06919691969196917,120.55595432588416,1.6014340370599074,145.7757040284325,23.97574906802316,14.555141077777886,-1.1159281032522337,0.00099945068359375,D1,0,45,30
AdaptiveSplitCP,0.2,0.8,0.9691969196919692,0.16919691969196915,120.55595432588416,1.6014340370599074,133.16582917715832,23.97574906802316,14.555141077777886,-1.1159281032522337,0.0010001659393310547,D1,0,45,30
AdaptiveSplitCP,0.3,0.7,0.9691969196919692,0.26919691969196924,120.55595432588416,1.6014340370599074,128.96253756006692,23.97574906802316,14.555141077777886,-1.1159281032522337,0.0009996891021728516,D1,0,45,30
SplitCP,0.05,0.95,0.11136107986501688,0.8386389201349831,3.7645268463375174,0.049448664729318685,325.927523344734,11.863805560109062,9.829470674986425,0.4942674421435339,0.0010001659393310547,D1,0,45,50
SplitCP,0.1,0.9,0.0764904386951631,0.8235095613048369,2.4450236742671483,0.0321164281353735,175.4711801083319,11.863805560109062,9.829470674986425,0.4942674421435339,0.0009996891021728516,D1,0,45,50
SplitCP,0.2,0.8,0.03374578177727784,0.7662542182227222,1.377068568281814,0.018088382610021415,92.92777521399255,11.863805560109062,9.829470674986425,0.4942674421435339,0.0010001659393310547,D1,0,45,50
SplitCP,0.3,0.7,0.031496062992125984,0.668503937007874,1.2847696438074716,0.016875996895293732,62.61598913268557,11.863805560109062,9.829470674986425,0.4942674421435339,0.0009999275207519531,D1,0,45,50
TargetOnlyCP,0.05,0.95,0.905511811023622,0.04448818897637796,47.16741005364575,0.6195640358262199,77.0741515354292,14.690422205811556,11.52201805353209,0.22457209061435535,0.0009996891021728516,D1,0,45,50
TargetOnlyCP,0.1,0.9,0.905511811023622,0.005511811023621971,47.16741005364575,0.6195640358262199,62.120780794537474,14.690422205811556,11.52201805353209,0.22457209061435535,0.0,D1,0,45,50
TargetOnlyCP,0.2,0.8,0.905511811023622,0.10551181102362195,47.16741005364575,0.6195640358262199,54.64409542409161,14.690422205811556,11.52201805353209,0.22457209061435535,0.0,D1,0,45,50
TargetOnlyCP,0.3,0.7,0.905511811023622,0.20551181102362204,47.16741005364575,0.6195640358262199,52.15186696727634,14.690422205811556,11.52201805353209,0.22457209061435535,0.0,D1,0,45,50
TransferCal-CP-affine-localsigma,0.05,0.95,0.829021372328459,0.120978627671541,33.87154687310301,0.4449172056830926,68.4708328052923,12.240545616772362,9.785454069695666,0.4616379647859601,0.0010013580322265625,D1,0,45,50
TransferCal-CP-affine-localsigma,0.1,0.9,0.8188976377952756,0.08110236220472444,33.10178683701553,0.4348060795043672,51.751068464464325,12.240545616772362,9.785454069695666,0.4616379647859601,0.0009999275207519531,D1,0,45,50
TransferCal-CP-affine-localsigma,0.2,0.8,0.6917885264341957,0.1082114735658043,25.962649056366303,0.3410304617490608,44.09510896532743,12.240545616772362,9.785454069695666,0.4616379647859601,0.0010001659393310547,D1,0,45,50
TransferCal-CP-affine-localsigma,0.3,0.7,0.6501687289088864,0.049831271091113516,23.466110773327706,0.3082373672697404,38.28961335450042,12.240545616772362,9.785454069695666,0.4616379647859601,0.0019998550415039062,D1,0,45,50
AdaptiveJackknifeCP,0.05,0.95,0.9246344206974129,0.025365579302587093,47.693197865444404,0.6264704828474938,60.83011412979892,12.834656919342835,9.965534960204401,0.4081094569663185,0.0009996891021728516,D1,0,45,50
AdaptiveJackknifeCP,0.1,0.9,0.8773903262092239,0.022609673790776164,41.52679926225952,0.5454722088113071,54.161427990173095,12.834656919342835,9.965534960204401,0.4081094569663185,0.002000093460083008,D1,0,45,50
AdaptiveJackknifeCP,0.2,0.8,0.6985376827896513,0.10146231721034871,25.960336381084545,0.34100008377347363,48.25700074574432,12.834656919342835,9.965534960204401,0.4081094569663185,0.0,D1,0,45,50
AdaptiveJackknifeCP,0.3,0.7,0.6186726659167604,0.08132733408323956,20.979696264801486,0.27557725288382656,41.43254169594823,12.834656919342835,9.965534960204401,0.4081094569663185,0.002000093460083008,D1,0,45,50
AdaptiveSplitCP,0.05,0.95,0.6805399325084365,0.2694600674915635,24.526987358008682,0.3221724334005906,122.93814810834505,12.968620387103035,10.193913753433167,0.3956890986890379,0.0015077590942382812,D1,0,45,50
AdaptiveSplitCP,0.1,0.9,0.6805399325084365,0.21946006749156355,24.526987358008682,0.3221724334005906,73.73256773317688,12.968620387103035,10.193913753433167,0.3956890986890379,0.0009996891021728516,D1,0,45,50
AdaptiveSplitCP,0.2,0.8,0.6805399325084365,0.11946006749156357,24.526987358008682,0.3221724334005906,49.12977754559277,12.968620387103035,10.193913753433167,0.3956890986890379,0.0010006427764892578,D1,0,45,50
AdaptiveSplitCP,0.3,0.7,0.6805399325084365,0.019460067491563482,24.526987358008682,0.3221724334005906,40.92884748306474,12.968620387103035,10.193913753433167,0.3956890986890379,0.0009999275207519531,D1,0,45,50
SplitCP,0.1,0.9,0.0,0.9,2.6172207155341747,0.0738076907725916,345.96060485049554,19.442964672694615,18.475779564515157,-5.839194659551783,0.0010001659393310547,D2,1,45,10
SplitCP,0.2,0.8,0.0,0.8,1.9529921833746038,0.05507592168143951,176.9458269116531,19.442964672694615,18.475779564515157,-5.839194659551783,0.0009996891021728516,D2,1,45,10
SplitCP,0.3,0.7,0.0,0.7,1.3790562319970123,0.03889047466463925,119.95406588877469,19.442964672694615,18.475779564515157,-5.839194659551783,0.0014986991882324219,D2,1,45,10
TargetOnlyCP,0.1,0.9,1.0,0.09999999999999998,50.04000000000001,1.4111675122923955,50.04000000000001,7.732353061712052,6.049462365591398,-0.08169131435676569,0.0,D2,1,45,10
TargetOnlyCP,0.2,0.8,1.0,0.19999999999999996,50.04000000000001,1.4111675122923955,50.04000000000001,7.732353061712052,6.049462365591398,-0.08169131435676569,0.0,D2,1,45,10
TargetOnlyCP,0.3,0.7,1.0,0.30000000000000004,50.04000000000001,1.4111675122923955,50.04000000000001,7.732353061712052,6.049462365591398,-0.08169131435676569,0.0,D2,1,45,10
TransferCal-CP-affine-localsigma,0.1,0.9,1.0,0.09999999999999998,47.55908447311954,1.3412037354683448,47.55908447311954,9.053382583759019,7.461664571399639,-0.4828654201589715,0.0009992122650146484,D2,1,45,10
TransferCal-CP-affine-localsigma,0.2,0.8,0.8602150537634409,0.06021505376344083,26.06628021717722,0.7350896844282664,31.526373975409662,9.053382583759019,7.461664571399639,-0.4828654201589715,0.0010008811950683594,D2,1,45,10
TransferCal-CP-affine-localsigma,0.3,0.7,0.8279569892473119,0.12795698924731191,23.912669800965823,0.6743561701698326,28.699707343396106,9.053382583759019,7.461664571399639,-0.4828654201589715,0.0,D2,1,45,10
AdaptiveJackknifeCP,0.1,0.9,1.0,0.09999999999999998,89.26235268816174,2.517268828623493,89.26235268816174,5.789660775772353,4.394905587561469,0.3935622497733622,0.0010001659393310547,D2,1,45,10
AdaptiveJackknifeCP,0.2,0.8,1.0,0.19999999999999996,87.32783164750062,2.4627138077516495,87.32783164750062,5.789660775772353,4.394905587561469,0.3935622497733622,0.0009996891021728516,D2,1,45,10
AdaptiveJackknifeCP,0.3,0.7,0.989247311827957,0.28924731182795704,39.86071639061571,1.1241036768013164,39.918839820702836,5.789660775772353,4.394905587561469,0.3935622497733622,0.0,D2,1,45,10
AdaptiveSplitCP,0.1,0.9,1.0,0.09999999999999998,50.04000000000001,1.4111675122923955,50.04000000000001,7.732353061712052,6.049462365591398,-0.08169131435676569,0.0,D2,1,45,10
AdaptiveSplitCP,0.2,0.8,1.0,0.19999999999999996,50.04000000000001,1.4111675122923955,50.04000000000001,7.732353061712052,6.049462365591398,-0.08169131435676569,0.0009987354278564453,D2,1,45,10
AdaptiveSplitCP,0.3,0.7,1.0,0.30000000000000004,50.04000000000001,1.4111675122923955,50.04000000000001,7.732353061712052,6.049462365591398,-0.08169131435676569,0.00099945068359375,D2,1,45,10
SplitCP,0.1,0.9,0.0,0.9,2.617220715534174,0.06330964477264338,346.9086420405929,19.649881471519166,18.523181424020024,-5.1436699814474895,0.0010075569152832031,D2,1,45,15
SplitCP,0.2,0.8,0.0,0.8,1.9529921833746045,0.04724219116841273,177.4198455067018,19.649881471519166,18.523181424020024,-5.1436699814474895,0.0,D2,1,45,15
SplitCP,0.3,0.7,0.0,0.7,1.379056231997012,0.03335888320424343,120.2700782854738,19.649881471519166,18.523181424020024,-5.1436699814474895,0.0,D2,1,45,15
TargetOnlyCP,0.1,0.9,0.9545454545454546,0.054545454545454564,19.61211490897325,0.4744101331453591,24.667401574997537,5.265520379133725,3.944495974650535,0.5588456107909672,0.0,D2,1,45,15
TargetOnlyCP,0.2,0.8,0.9545454545454546,0.15454545454545454,19.61211490897325,0.4744101331453591,22.139758241985394,5.265520379133725,3.944495974650535,0.5588456107909672,0.0,D2,1,45,15
TargetOnlyCP,0.3,0.7,0.9545454545454546,0.25454545454545463,19.61211490897325,0.4744101331453591,21.297210464314677,5.265520379133725,3.944495974650535,0.5588456107909672,0.0,D2,1,45,15
TransferCal-CP-affine-localsigma,0.1,0.9,0.9090909090909091,0.009090909090909038,26.239504459807904,0.6347243457537654,29.096266985285297,6.905560026390028,5.373125163382394,0.2412375711790513,0.0,D2,1,45,15
TransferCal-CP-affine-localsigma,0.2,0.8,0.7386363636363636,0.0613636363636364,15.465374308213551,0.3741019425368295,25.843548527228894,6.905560026390028,5.373125163382394,0.2412375711790513,0.0,D2,1,45,15
TransferCal-CP-affine-localsigma,0.3,0.7,0.625,0.07499999999999996,11.506571600822866,0.27833990319398805,22.400091052132368,6.905560026390028,5.373125163382394,0.2412375711790513,0.0010080337524414062,D2,1,45,15
AdaptiveJackknifeCP,0.1,0.9,0.9431818181818182,0.04318181818181821,20.366874849970987,0.4926675095559823,22.84006897331142,5.374073559871017,4.453627510905508,0.5404685684759207,0.0009999275207519531,D2,1,45,15
AdaptiveJackknifeCP,0.2,0.8,0.9090909090909091,0.10909090909090902,16.506154292596964,0.39927804278191054,19.057967789344783,5.374073559871017,4.453627510905508,0.5404685684759207,0.0010004043579101562,D2,1,45,15
AdaptiveJackknifeCP,0.3,0.7,0.7954545454545454,0.09545454545454546,13.754280001928045,0.332711175582993,16.925990501069066,5.374073559871017,4.453627510905508,0.5404685684759207,0.0009999275207519531,D2,1,45,15
AdaptiveSplitCP,0.1,0.9,0.9545454545454546,0.054545454545454564,58.092041215901254,1.4052259603737056,60.09030739299656,13.187579738099418,9.373450943225405,-1.7671850698784963,0.0,D2,1,45,15
AdaptiveSplitCP,0.2,0.8,0.9545454545454546,0.15454545454545454,58.092041215901254,1.4052259603737056,59.0911743044489,13.187579738099418,9.373450943225405,-1.7671850698784963,0.0010001659393310547,D2,1,45,15
AdaptiveSplitCP,0.3,0.7,0.9545454545454546,0.25454545454545463,58.092041215901254,1.4052259603737056,58.75812994159969,13.187579738099418,9.373450943225405,-1.7671850698784963,0.0010020732879638672,D2,1,45,15
SplitCP,0.05,0.95,0.0,0.95,4.24844298566007,0.10276833538056086,675.0406027325218,19.962294682216758,18.894025486501583,-5.667980901059964,0.0010077953338623047,D2,1,45,20
SplitCP,0.1,0.9,0.0,0.9,2.6172207155341742,0.06330964477264338,354.32552329022406,19.962294682216758,18.894025486501583,-5.667980901059964,0.0009925365447998047,D2,1,45,20
SplitCP,0.2,0.8,0.0,0.8,1.952992183374604,0.047242191168412724,181.12828613151737,19.962294682216758,18.894025486501583,-5.667980901059964,0.0010075569152832031,D2,1,45,20
SplitCP,0.3,0.7,0.0,0.7,1.379056231997012,0.03335888320424343,122.74237203535085,19.962294682216758,18.894025486501583,-5.667980901059964,0.0009922981262207031,D2,1,45,20
TargetOnlyCP,0.05,0.95,0.9759036144578314,0.025903614457831403,32.286652317716985,0.7810027167369848,35.0930428170338,6.454668231923981,4.951669497687653,0.3028579620018752,0.0009999275207519531,D2,1,45,20
TargetOnlyCP,0.1,0.9,0.9759036144578314,0.07590361445783134,32.286652317716985,0.7810027167369848,33.68984756737539,6.454668231923981,4.951669497687653,0.3028579620018752,0.0,D2,1,45,20
TargetOnlyCP,0.2,0.8,0.9759036144578314,0.17590361445783131,32.286652317716985,0.7810027167369848,32.98824994254619,6.454668231923981,4.951669497687653,0.3028579620018752,0.0,D2,1,45,20
TargetOnlyCP,0.3,0.7,0.9759036144578314,0.2759036144578314,32.286652317716985,0.7810027167369848,32.75438406760313,6.454668231923981,4.951669497687653,0.3028579620018752,0.0,D2,1,45,20
TransferCal-CP-affine-localsigma,0.05,0.95,0.9759036144578314,0.025903614457831403,26.211048486243204,0.634036005803165,30.39312180557503,6.774664047303607,5.476229738950746,0.23202169825332808,0.0,D2,1,45,20
TransferCal-CP-affine-localsigma,0.1,0.9,0.9759036144578314,0.07590361445783134,26.211048486243204,0.634036005803165,28.30208514590912,6.774664047303607,5.476229738950746,0.23202169825332808,0.0,D2,1,45,20
TransferCal-CP-affine-localsigma,0.2,0.8,0.9036144578313253,0.10361445783132528,21.848938480807863,0.5285181053585554,24.20128461317048,6.774664047303607,5.476229738950746,0.23202169825332808,0.0,D2,1,45,20
TransferCal-CP-affine-localsigma,0.3,0.7,0.8554216867469879,0.15542168674698797,19.680297660532887,0.47605944982516424,22.12122921378179,6.774664047303607,5.476229738950746,0.23202169825332808,0.0010073184967041016,D2,1,45,20
AdaptiveJackknifeCP,0.05,0.95,0.9879518072289156,0.03795180722891567,28.171367040308258,0.681455419291091,28.74769058316836,4.955868061763754,3.683085799305895,0.5890273751989561,0.0009999275207519531,D2,1,45,20
AdaptiveJackknifeCP,0.1,0.9,0.9518072289156626,0.051807228915662584,21.65744889680772,0.5238860399508674,23.72908273895803,4.955868061763754,3.683085799305895,0.5890273751989561,0.0,D2,1,45,20
AdaptiveJackknifeCP,0.2,0.8,0.9036144578313253,0.10361445783132528,17.79619689498858,0.4304837177233609,20.14890850239765,4.955868061763754,3.683085799305895,0.5890273751989561,0.0,D2,1,45,20
AdaptiveJackknifeCP,0.3,0.7,0.8795180722891566,0.17951807228915662,16.379505237769433,0.3962144468748739,18.479552812316143,4.955868061763754,3.683085799305895,0.5890273751989561,0.0,D2,1,45,20
AdaptiveSplitCP,0.05,0.95,0.9036144578313253,0.04638554216867463,20.70307297593752,0.5008000234864421,30.468964326060917,5.762888074370697,4.357330874158171,0.44428285951336877,0.0,D2,1,45,20
AdaptiveSplitCP,0.1,0.9,0.9036144578313253,0.0036144578313253017,20.70307297593752,0.5008000234864421,25.58601865099922,5.762888074370697,4.357330874158171,0.44428285951336877,0.0,D2,1,45,20
AdaptiveSplitCP,0.2,0.8,0.9036144578313253,0.10361445783132528,20.70307297593752,0.5008000234864421,23.14454581346837,5.762888074370697,4.357330874158171,0.44428285951336877,0.0,D2,1,45,20
AdaptiveSplitCP,0.3,0.7,0.9036144578313253,0.20361445783132537,20.70307297593752,0.5008000234864421,22.330721534291417,5.762888074370697,4.357330874158171,0.44428285951336877,0.0009987354278564453,D2,1,45,20
SplitCP,0.05,0.95,0.0,0.95,4.24844298566007,0.11980944682633886,671.0525380425405,19.79396564664364,18.794323869252047,-5.158907217924432,0.0009999275207519531,D2,1,45,30
SplitCP,0.1,0.9,0.0,0.9,2.617220715534174,0.07380769077259157,352.33149094523327,19.79396564664364,18.794323869252047,-5.158907217924432,0.0010004043579101562,D2,1,45,30
SplitCP,0.2,0.8,0.0,0.8,1.9529921833746042,0.055075921681439516,180.13126995902203,19.79396564664364,18.794323869252047,-5.158907217924432,0.0009996891021728516,D2,1,45,30
SplitCP,0.3,0.7,0.0,0.7,1.379056231997012,0.03889047466463924,122.0776945870206,19.79396564664364,18.794323869252047,-5.158907217924432,0.0009999275207519531,D2,1,45,30
TargetOnlyCP,0.05,0.95,1.0,0.050000000000000044,41.668788762866484,1.1750927453783295,41.668788762866484,5.4065351283909955,4.355090944500526,0.5405099668665201,0.0,D2,1,45,30
TargetOnlyCP,0.1,0.9,1.0,0.09999999999999998,41.668788762866484,1.1750927453783295,41.668788762866484,5.4065351283909955,4.355090944500526,0.5405099668665201,0.0,D2,1,45,30
TargetOnlyCP,0.2,0.8,1.0,0.19999999999999996,41.668788762866484,1.1750927453783295,41.668788762866484,5.4065351283909955,4.355090944500526,0.5405099668665201,0.0009922981262207031,D2,1,45,30
TargetOnlyCP,0.3,0.7,1.0,0.30000000000000004,41.668788762866484,1.1750927453783295,41.668788762866484,5.4065351283909955,4.355090944500526,0.5405099668665201,0.0,D2,1,45,30
TransferCal-CP-affine-localsigma,0.05,0.95,1.0,0.050000000000000044,36.52122136450424,1.0299272801524246,36.52122136450424,6.242425873419298,4.895342715680034,0.387445372349559,0.0009992122650146484,D2,1,45,30
TransferCal-CP-affine-localsigma,0.1,0.9,1.0,0.09999999999999998,36.52122136450424,1.0299272801524246,36.52122136450424,6.242425873419298,4.895342715680034,0.387445372349559,0.0,D2,1,45,30
TransferCal-CP-affine-localsigma,0.2,0.8,0.8904109589041096,0.09041095890410955,22.48959980781551,0.6342244726867814,24.67416172135709,6.242425873419298,4.895342715680034,0.387445372349559,0.0,D2,1,45,30
TransferCal-CP-affine-localsigma,0.3,0.7,0.8767123287671232,0.17671232876712328,21.3184221018587,0.6011963366003029,23.21025383936991,6.242425873419298,4.895342715680034,0.387445372349559,0.0,D2,1,45,30
AdaptiveJackknifeCP,0.05,0.95,1.0,0.050000000000000044,37.651624272657095,1.061805534744474,37.651624272657095,4.489982740795231,3.389291071797566,0.6830962484523574,0.0009996891021728516,D2,1,45,30
AdaptiveJackknifeCP,0.1,0.9,0.9452054794520548,0.045205479452054775,19.154582162648794,0.5401743417159349,21.095077139505438,4.489982740795231,3.389291071797566,0.6830962484523574,0.0010001659393310547,D2,1,45,30
AdaptiveJackknifeCP,0.2,0.8,0.863013698630137,0.06301369863013695,15.122771268923751,0.42647409093793043,17.565300959356605,4.489982740795231,3.389291071797566,0.6830962484523574,0.0,D2,1,45,30
AdaptiveJackknifeCP,0.3,0.7,0.821917808219178,0.12191780821917808,11.42504508274139,0.32219529271064407,14.974554056069708,4.489982740795231,3.389291071797566,0.6830962484523574,0.0,D2,1,45,30
AdaptiveSplitCP,0.05,0.95,0.9863013698630136,0.03630136986301369,29.67743164532652,0.8369270061183659,30.180614864662147,5.44422612359827,4.376340077829909,0.5340810790123285,0.0010004043579101562,D2,1,45,30
AdaptiveSplitCP,0.1,0.9,0.9863013698630136,0.08630136986301362,29.67743164532652,0.8369270061183659,29.92902325499433,5.44422612359827,4.376340077829909,0.5340810790123285,0.0,D2,1,45,30
AdaptiveSplitCP,0.2,0.8,0.9863013698630136,0.1863013698630136,29.67743164532652,0.8369270061183659,29.80322745016043,5.44422612359827,4.376340077829909,0.5340810790123285,0.0009996891021728516,D2,1,45,30
AdaptiveSplitCP,0.3,0.7,0.9863013698630136,0.2863013698630137,29.67743164532652,0.8369270061183659,29.76129551521579,5.44422612359827,4.376340077829909,0.5340810790123285,0.0010001659393310547,D2,1,45,30
SplitCP,0.1,0.9,0.0,0.9,2.6656605816363026,0.08055789002208291,180.5305010989084,11.119403914420431,10.226072316681757,-0.8249461230234305,0.0,D3,2,45,10
SplitCP,0.2,0.8,0.0,0.8,1.8608758005835142,0.056236802660052765,94.81721996448348,11.119403914420431,10.226072316681757,-0.8249461230234305,0.00099945068359375,D3,2,45,10
SplitCP,0.3,0.7,0.0,0.7,1.387001434155681,0.041916030031324276,64.93747876484845,11.119403914420431,10.226072316681757,-0.8249461230234305,0.0,D3,2,45,10
TargetOnlyCP,0.1,0.9,0.96,0.05999999999999994,34.75999999999999,1.0504684191446148,34.80799999999999,8.5683648381707,7.606799999999998,-0.08363477984188195,0.0,D3,2,45,10
TargetOnlyCP,0.2,0.8,0.96,0.15999999999999992,34.75999999999999,1.0504684191446148,34.78399999999999,8.5683648381707,7.606799999999998,-0.08363477984188195,0.0,D3,2,45,10
TargetOnlyCP,0.3,0.7,0.96,0.26,34.75999999999999,1.0504684191446148,34.77599999999999,8.5683648381707,7.606799999999998,-0.08363477984188195,0.0,D3,2,45,10
TransferCal-CP-affine-localsigma,0.1,0.9,0.96,0.05999999999999994,22.74731307643023,0.6874376872032594,24.370125820460544,6.703511795540969,5.884624045546112,0.336727806533051,0.0,D3,2,45,10
TransferCal-CP-affine-localsigma,0.2,0.8,0.48,0.32000000000000006,12.783654812294245,0.38632985217379706,23.63622786760311,6.703511795540969,5.884624045546112,0.336727806533051,0.0,D3,2,45,10
TransferCal-CP-affine-localsigma,0.3,0.7,0.44,0.25999999999999995,10.593834480514872,0.320152144977738,21.89138470445043,6.703511795540969,5.884624045546112,0.336727806533051,0.001001119613647461,D3,2,45,10
AdaptiveJackknifeCP,0.1,0.9,1.0,0.09999999999999998,143.5684663290561,4.338726693432119,143.5684663290561,5.219408771175408,4.482189221769271,0.5979040887660974,0.0,D3,2,45,10
AdaptiveJackknifeCP,0.2,0.8,1.0,0.19999999999999996,56.1028856104741,1.695463450997868,56.1028856104741,5.219408771175408,4.482189221769271,0.5979040887660974,0.0,D3,2,45,10
AdaptiveJackknifeCP,0.3,0.7,1.0,0.30000000000000004,47.33116589637179,1.4303767265659721,47.33116589637179,5.219408771175408,4.482189221769271,0.5979040887660974,0.0010001659393310547,D3,2,45,10
AdaptiveSplitCP,0.1,0.9,0.96,0.05999999999999994,34.75999999999999,1.0504684191446148,34.80799999999999,8.5683648381707,7.606799999999998,-0.08363477984188195,0.0010004043579101562,D3,2,45,10
AdaptiveSplitCP,0.2,0.8,0.96,0.15999999999999992,34.75999999999999,1.0504684191446148,34.78399999999999,8.5683648381707,7.606799999999998,-0.08363477984188195,0.0009999275207519531,D3,2,45,10
AdaptiveSplitCP,0.3,0.7,0.96,0.26,34.75999999999999,1.0504684191446148,34.77599999999999,8.5683648381707,7.606799999999998,-0.08363477984188195,0.0009999275207519531,D3,2,45,10
SplitCP,0.1,0.9,0.046242774566473986,0.8537572254335261,3.5178782779782267,0.06155244239875598,196.49003262232375,13.176084072129756,11.376993601997956,-0.23481275248397182,0.0010006427764892578,D4,3,45,10
SplitCP,0.2,0.8,0.023121387283236993,0.7768786127167631,2.3138808981504515,0.04048605706245215,104.61940466002284,13.176084072129756,11.376993601997956,-0.23481275248397182,0.0010001659393310547,D4,3,45,10
SplitCP,0.3,0.7,0.011560693641618497,0.6884393063583815,1.3421743720806916,0.023484073125481394,72.72693681660225,13.176084072129756,11.376993601997956,-0.23481275248397182,0.0014996528625488281,D4,3,45,10
TargetOnlyCP,0.1,0.9,1.0,0.09999999999999998,93.38642123951479,1.6339855617388628,93.38642123951479,14.074285811017921,10.563454077050643,-0.408903096923229,0.0,D4,3,45,10
TargetOnlyCP,0.2,0.8,1.0,0.19999999999999996,93.38642123951479,1.6339855617388628,93.38642123951479,14.074285811017921,10.563454077050643,-0.408903096923229,0.0,D4,3,45,10
TargetOnlyCP,0.3,0.7,1.0,0.30000000000000004,93.38642123951479,1.6339855617388628,93.38642123951479,14.074285811017921,10.563454077050643,-0.408903096923229,0.0,D4,3,45,10
TransferCal-CP-affine-localsigma,0.1,0.9,1.0,0.09999999999999998,83.80084577255711,1.466266404006114,83.80084577255711,13.935415164212197,10.87986487487707,-0.3812370364313673,0.001001596450805664,D4,3,45,10
TransferCal-CP-affine-localsigma,0.2,0.8,0.9942196531791907,0.19421965317919065,78.55029565143025,1.3743973402253793,78.68078417140951,13.935415164212197,10.87986487487707,-0.3812370364313673,0.0009996891021728516,D4,3,45,10
TransferCal-CP-affine-localsigma,0.3,0.7,0.9595375722543352,0.25953757225433527,58.405998560057746,1.0219318515408935,59.48134136700578,13.935415164212197,10.87986487487707,-0.3812370364313673,0.0009999275207519531,D4,3,45,10
AdaptiveJackknifeCP,0.1,0.9,1.0,0.09999999999999998,101.96239129471087,1.7840396173724442,101.96239129471087,4.578887709085471,3.6972362492616178,0.8508757138121013,0.0009999275207519531,D4,3,45,10
AdaptiveJackknifeCP,0.2,0.8,0.9942196531791907,0.19421965317919065,25.90636821237834,0.4532846537458423,26.00287829834256,4.578887709085471,3.6972362492616178,0.8508757138121013,0.0010023117065429688,D4,3,45,10
AdaptiveJackknifeCP,0.3,0.7,0.9826589595375722,0.28265895953757225,22.28098274132599,0.3898511541341148,22.42696116967658,4.578887709085471,3.6972362492616178,0.8508757138121013,0.0010004043579101562,D4,3,45,10
AdaptiveSplitCP,0.1,0.9,1.0,0.09999999999999998,93.38642123951479,1.6339855617388628,93.38642123951479,14.074285811017921,10.563454077050643,-0.408903096923229,0.0,D4,3,45,10
AdaptiveSplitCP,0.2,0.8,1.0,0.19999999999999996,93.38642123951479,1.6339855617388628,93.38642123951479,14.074285811017921,10.563454077050643,-0.408903096923229,0.0010008811950683594,D4,3,45,10
AdaptiveSplitCP,0.3,0.7,1.0,0.30000000000000004,93.38642123951479,1.6339855617388628,93.38642123951479,14.074285811017921,10.563454077050643,-0.408903096923229,0.0010008811950683594,D4,3,45,10
SplitCP,0.1,0.9,0.05357142857142857,0.8464285714285714,3.5178782779782267,0.06071249100467216,198.75190586186073,13.264509016839284,11.483197223225917,-0.11062612840192387,0.0009999275207519531,D4,3,45,15
SplitCP,0.2,0.8,0.02976190476190476,0.7702380952380953,2.313880898150452,0.039933579878033386,105.70853956284886,13.264509016839284,11.483197223225917,-0.11062612840192387,0.0,D4,3,45,15
SplitCP,0.3,0.7,0.011904761904761904,0.6880952380952381,1.3421743720806916,0.02316360688252183,73.43531967850306,13.264509016839284,11.483197223225917,-0.11062612840192387,0.0009987354278564453,D4,3,45,15
TargetOnlyCP,0.1,0.9,0.8988095238095238,0.0011904761904761862,37.71318311280598,0.6508642737376595,49.52443424001886,11.87799006298257,9.454499724389024,0.10942306527427803,0.0,D4,3,45,15
TargetOnlyCP,0.2,0.8,0.8988095238095238,0.09880952380952379,37.71318311280598,0.6508642737376595,43.61880867641242,11.87799006298257,9.454499724389024,0.10942306527427803,0.0,D4,3,45,15
TargetOnlyCP,0.3,0.7,0.8988095238095238,0.19880952380952388,37.71318311280598,0.6508642737376595,41.65026682187694,11.87799006298257,9.454499724389024,0.10942306527427803,0.0009999275207519531,D4,3,45,15
TransferCal-CP-affine-localsigma,0.1,0.9,0.9166666666666666,0.016666666666666607,36.5958479672066,0.6315810027953254,44.57755585604169,10.485680898272369,8.439280830263645,0.3059691077044534,0.0,D4,3,45,15
TransferCal-CP-affine-localsigma,0.2,0.8,0.9107142857142857,0.11071428571428565,35.62760556309441,0.6148708145497594,40.04318694884005,10.485680898272369,8.439280830263645,0.3059691077044534,0.0009999275207519531,D4,3,45,15
TransferCal-CP-affine-localsigma,0.3,0.7,0.625,0.07499999999999996,17.926229834886115,0.30937570364819345,32.64162014973942,10.485680898272369,8.439280830263645,0.3059691077044534,0.0,D4,3,45,15
AdaptiveJackknifeCP,0.1,0.9,1.0,0.09999999999999998,28.979322281432307,0.5001329506898431,28.979322281432307,3.8883014762127353,3.0659740518188556,0.9045655031295377,0.0010020732879638672,D4,3,45,15
AdaptiveJackknifeCP,0.2,0.8,0.9404761904761905,0.14047619047619042,16.083495757355394,0.27757330252293794,16.75917257914207,3.8883014762127353,3.0659740518188556,0.9045655031295377,0.0,D4,3,45,15
AdaptiveJackknifeCP,0.3,0.7,0.9107142857142857,0.21071428571428574,14.006439524294624,0.2417269065133598,14.896050887762883,3.8883014762127353,3.0659740518188556,0.9045655031295377,0.0010018348693847656,D4,3,45,15
AdaptiveSplitCP,0.1,0.9,0.9821428571428571,0.08214285714285707,48.23783156832826,0.8325014920243772,50.195760816755715,10.086144895455094,7.95458572873653,0.3578508182228306,0.0,D4,3,45,15
AdaptiveSplitCP,0.2,0.8,0.9821428571428571,0.18214285714285705,48.23783156832826,0.8325014920243772,49.216796192541985,10.086144895455094,7.95458572873653,0.3578508182228306,0.0009999275207519531,D4,3,45,15
AdaptiveSplitCP,0.3,0.7,0.9821428571428571,0.28214285714285714,48.23783156832826,0.8325014920243772,48.89047465113741,10.086144895455094,7.95458572873653,0.3578508182228306,0.0,D4,3,45,15
SplitCP,0.05,0.95,0.06748466257668712,0.8825153374233128,5.5216712248823825,0.09661287945692383,362.9071818767058,13.34497699631874,11.600945460014763,-0.16763133037573952,0.0009999275207519531,D4,3,45,20
SplitCP,0.1,0.9,0.049079754601226995,0.850920245398773,3.5178782779782267,0.06155244239875598,201.08508900428546,13.34497699631874,11.600945460014763,-0.16763133037573952,0.0009999275207519531,D4,3,45,20
SplitCP,0.2,0.8,0.03067484662576687,0.7693251533742331,2.313880898150451,0.040486057062452147,106.89007379954688,13.34497699631874,11.600945460014763,-0.16763133037573952,0.0009925365447998047,D4,3,45,20
SplitCP,0.3,0.7,0.012269938650306749,0.6877300613496932,1.3421743720806916,0.023484073125481394,74.22068865152846,13.34497699631874,11.600945460014763,-0.16763133037573952,0.0,D4,3,45,20
TargetOnlyCP,0.05,0.95,0.9141104294478528,0.03588957055214714,40.29748729849166,0.7050865805341433,50.93783532624405,11.663537465279033,9.610621894241802,0.10807023316106346,0.0,D4,3,45,20
TargetOnlyCP,0.1,0.9,0.9141104294478528,0.01411042944785279,40.29748729849166,0.7050865805341433,45.61766131236786,11.663537465279033,9.610621894241802,0.10807023316106346,0.0,D4,3,45,20
TargetOnlyCP,0.2,0.8,0.9141104294478528,0.11411042944785277,40.29748729849166,0.7050865805341433,42.95757430542976,11.663537465279033,9.610621894241802,0.10807023316106346,0.0,D4,3,45,20
TargetOnlyCP,0.3,0.7,0.9141104294478528,0.21411042944785286,40.29748729849166,0.7050865805341433,42.07087863645039,11.663537465279033,9.610621894241802,0.10807023316106346,0.0,D4,3,45,20
TransferCal-CP-affine-localsigma,0.05,0.95,0.9877300613496932,0.037730061349693256,43.24352251027727,0.7566334642945323,43.28477387473382,9.620825762908648,7.651746487546072,0.39313124300688196,0.0,D4,3,45,20
TransferCal-CP-affine-localsigma,0.1,0.9,0.9877300613496932,0.08773006134969319,43.24352251027727,0.7566334642945323,43.26414819250555,9.620825762908648,7.651746487546072,0.39313124300688196,0.0009996891021728516,D4,3,45,20
TransferCal-CP-affine-localsigma,0.2,0.8,0.8773006134969326,0.07730061349693251,31.36737866696677,0.5488361495293297,35.221200293731606,9.620825762908648,7.651746487546072,0.39313124300688196,0.0010004043579101562,D4,3,45,20
TransferCal-CP-affine-localsigma,0.3,0.7,0.6748466257668712,0.0251533742331288,19.636228295584544,0.34357579074265815,30.556450690530355,9.620825762908648,7.651746487546072,0.39313124300688196,0.0015115737915039062,D4,3,45,20
AdaptiveJackknifeCP,0.05,0.95,0.8957055214723927,0.05429447852760727,16.577355422124764,0.29005458236902504,28.64974509952435,5.213072501236474,4.0538379112064815,0.821820551426174,0.001007080078125,D4,3,45,20
AdaptiveJackknifeCP,0.1,0.9,0.6503067484662577,0.24969325153374233,9.55018606475116,0.16709994809309775,29.275445450520248,5.213072501236474,4.0538379112064815,0.821820551426174,0.0010004043579101562,D4,3,45,20
AdaptiveJackknifeCP,0.2,0.8,0.5828220858895705,0.21717791411042953,8.313160673448891,0.14545567045547259,20.521435954450546,5.213072501236474,4.0538379112064815,0.821820551426174,0.00099945068359375,D4,3,45,20
AdaptiveJackknifeCP,0.3,0.7,0.5460122699386503,0.1539877300613497,7.67058115896964,0.13421243364446617,16.744858032830578,5.213072501236474,4.0538379112064815,0.821820551426174,0.0009989738464355469,D4,3,45,20
AdaptiveSplitCP,0.05,0.95,0.6503067484662577,0.29969325153374227,14.998031955778686,0.26242110303581195,96.98683288401367,9.196824965524304,6.818045834570297,0.44544334334701896,0.0,D4,3,45,20
AdaptiveSplitCP,0.1,0.9,0.6503067484662577,0.24969325153374233,14.998031955778686,0.26242110303581195,55.992432419896176,9.196824965524304,6.818045834570297,0.44544334334701896,0.0010001659393310547,D4,3,45,20
AdaptiveSplitCP,0.2,0.8,0.6503067484662577,0.14969325153374236,14.998031955778686,0.26242110303581195,35.49523218783743,9.196824965524304,6.818045834570297,0.44544334334701896,0.0010077953338623047,D4,3,45,20
AdaptiveSplitCP,0.3,0.7,0.6503067484662577,0.049693251533742266,14.998031955778686,0.26242110303581195,28.662832110484516,9.196824965524304,6.818045834570297,0.44544334334701896,0.0,D4,3,45,20
SplitCP,0.05,0.95,0.0784313725490196,0.8715686274509804,5.5216712248823825,0.09587025255001108,353.97712192752,13.050039180740429,11.371397896563819,-0.008319821894044566,0.0,D4,3,45,30
SplitCP,0.1,0.9,0.05228758169934641,0.8477124183006536,3.5178782779782263,0.06107931189929813,196.54165958531848,13.050039180740429,11.371397896563819,-0.008319821894044566,0.0010004043579101562,D4,3,45,30
SplitCP,0.2,0.8,0.032679738562091505,0.7673202614379085,2.3138808981504515,0.040174855952430505,104.60349638673686,13.050039180740429,11.371397896563819,-0.008319821894044566,0.0,D4,3,45,30
SplitCP,0.3,0.7,0.013071895424836602,0.6869281045751634,1.3421743720806916,0.023303559878335448,72.69120766989155,13.050039180740429,11.371397896563819,-0.008319821894044566,0.0,D4,3,45,30
TargetOnlyCP,0.05,0.95,0.9019607843137255,0.04803921568627445,29.838428870466824,0.518070996081106,46.64644662125921,8.5644093612381,6.517940358179837,0.5657203205092111,0.0,D4,3,45,30
TargetOnlyCP,0.1,0.9,0.9019607843137255,0.0019607843137254832,29.838428870466824,0.518070996081106,38.24243774586302,8.5644093612381,6.517940358179837,0.5657203205092111,0.0009989738464355469,D4,3,45,30
TargetOnlyCP,0.2,0.8,0.9019607843137255,0.10196078431372546,29.838428870466824,0.518070996081106,34.04043330816492,8.5644093612381,6.517940358179837,0.5657203205092111,0.0,D4,3,45,30
TargetOnlyCP,0.3,0.7,0.9019607843137255,0.20196078431372555,29.838428870466824,0.518070996081106,32.639765162265554,8.5644093612381,6.517940358179837,0.5657203205092111,0.0,D4,3,45,30
TransferCal-CP-affine-localsigma,0.05,0.95,0.8562091503267973,0.09379084967320261,29.16517638858287,0.5063816211003435,62.931227867982194,9.935553714046256,7.3750945756293325,0.4155345750577194,0.0010006427764892578,D4,3,45,30
TransferCal-CP-affine-localsigma,0.1,0.9,0.8562091503267973,0.04379084967320268,29.16517638858287,0.5063816211003435,46.048202128282526,9.935553714046256,7.3750945756293325,0.4155345750577194,0.0009999275207519531,D4,3,45,30
TransferCal-CP-affine-localsigma,0.2,0.8,0.7647058823529411,0.03529411764705892,21.439369812368014,0.37224197434329986,37.00955311381984,9.935553714046256,7.3750945756293325,0.4155345750577194,0.0009999275207519531,D4,3,45,30
TransferCal-CP-affine-localsigma,0.3,0.7,0.7647058823529411,0.06470588235294117,21.412202627697745,0.371770282938771,31.81363242448545,9.935553714046256,7.3750945756293325,0.4155345750577194,0.0,D4,3,45,30
AdaptiveJackknifeCP,0.05,0.95,0.8366013071895425,0.11339869281045745,11.589149230904354,0.201217098656618,25.25546919633994,3.9858260229977467,3.0707259053993146,0.9059386191117521,0.0010004043579101562,D4,3,45,30
AdaptiveJackknifeCP,0.1,0.9,0.7777777777777778,0.12222222222222223,8.66952783636252,0.15052504745592313,20.882325944528382,3.9858260229977467,3.0707259053993146,0.9059386191117521,0.0009996891021728516,D4,3,45,30
AdaptiveJackknifeCP,0.2,0.8,0.6405228758169934,0.15947712418300664,6.189659324842143,0.10746822447469923,16.044087231934117,3.9858260229977467,3.0707259053993146,0.9059386191117521,0.0009930133819580078,D4,3,45,30
AdaptiveJackknifeCP,0.3,0.7,0.6013071895424836,0.09869281045751632,5.5993616850973895,0.0972191564847429,12.91701863906222,3.9858260229977467,3.0707259053993146,0.9059386191117521,0.0010025501251220703,D4,3,45,30
AdaptiveSplitCP,0.05,0.95,0.8366013071895425,0.11339869281045745,11.847598404410434,0.2057044334736049,23.54384885472712,3.9127056073497384,2.9973328087426068,0.9093580961101161,0.0009980201721191406,D4,3,45,30
AdaptiveSplitCP,0.1,0.9,0.8366013071895425,0.06339869281045751,11.847598404410434,0.2057044334736049,17.69572362956878,3.9127056073497384,2.9973328087426068,0.9093580961101161,0.0009992122650146484,D4,3,45,30
AdaptiveSplitCP,0.2,0.8,0.8366013071895425,0.036601307189542465,11.847598404410434,0.2057044334736049,14.771661016989604,3.9127056073497384,2.9973328087426068,0.9093580961101161,0.0009965896606445312,D4,3,45,30
AdaptiveSplitCP,0.3,0.7,0.8366013071895425,0.13660130718954255,11.847598404410434,0.2057044334736049,13.796973479463217,3.9127056073497384,2.9973328087426068,0.9093580961101161,0.0010013580322265625,D4,3,45,30
SplitCP,0.05,0.95,0.08270676691729323,0.8672932330827068,5.521671224882382,0.09529448948531913,334.21342443281793,12.570066405073936,10.88753558497789,0.020667870933862575,0.0,D4,3,45,50
SplitCP,0.1,0.9,0.045112781954887216,0.8548872180451128,3.517878277978227,0.060712491004672166,186.70672758019535,12.570066405073936,10.88753558497789,0.020667870933862575,0.0009996891021728516,D4,3,45,50
SplitCP,0.2,0.8,0.022556390977443608,0.7774436090225565,2.313880898150451,0.03993357987803337,99.71677265169588,12.570066405073936,10.88753558497789,0.020667870933862575,0.0010001659393310547,D4,3,45,50
SplitCP,0.3,0.7,0.007518796992481203,0.6924812030075187,1.3421743720806916,0.02316360688252183,69.46544291437323,12.570066405073936,10.88753558497789,0.020667870933862575,0.0009999275207519531,D4,3,45,50
TargetOnlyCP,0.05,0.95,0.8796992481203008,0.0703007518796992,21.418193788235033,0.36964095825733767,43.54995610680544,7.461113625567328,5.938700558756453,0.6549657826471291,0.0,D4,3,45,50
TargetOnlyCP,0.1,0.9,0.8796992481203008,0.020300751879699264,21.418193788235033,0.36964095825733767,32.484074947520234,7.461113625567328,5.938700558756453,0.6549657826471291,0.0,D4,3,45,50
TargetOnlyCP,0.2,0.8,0.8796992481203008,0.07969924812030071,21.418193788235033,0.36964095825733767,26.95113436787764,7.461113625567328,5.938700558756453,0.6549657826471291,0.0,D4,3,45,50
TargetOnlyCP,0.3,0.7,0.8796992481203008,0.1796992481203008,21.418193788235033,0.36964095825733767,25.1068208413301,7.461113625567328,5.938700558756453,0.6549657826471291,0.0,D4,3,45,50
TransferCal-CP-affine-localsigma,0.05,0.95,0.9924812030075187,0.042481203007518786,55.26864185414651,0.9538411099711976,55.449026940449336,8.895728339972274,7.114906571713511,0.509523863227606,0.0010001659393310547,D4,3,45,50
TransferCal-CP-affine-localsigma,0.1,0.9,0.9548872180451128,0.05488721804511276,31.733029082530006,0.547657164485902,37.66424261359971,8.895728339972274,7.114906571713511,0.509523863227606,0.0,D4,3,45,50
TransferCal-CP-affine-localsigma,0.2,0.8,0.7744360902255639,0.025563909774436122,23.170002642481197,0.39987414738474825,31.054163784223284,8.895728339972274,7.114906571713511,0.509523863227606,0.0009999275207519531,D4,3,45,50
TransferCal-CP-affine-localsigma,0.3,0.7,0.7518796992481203,0.0518796992481203,21.712392919677878,0.3747183261222575,28.113497019612215,8.895728339972274,7.114906571713511,0.509523863227606,0.0010001659393310547,D4,3,45,50
AdaptiveJackknifeCP,0.05,0.95,1.0,0.050000000000000044,18.34964364177105,0.3166830931911112,18.34964364177105,3.2824560405144854,2.503306120946517,0.933219034146602,0.0,D4,3,45,50
AdaptiveJackknifeCP,0.1,0.9,0.7518796992481203,0.14812030075187976,7.00481724508704,0.1208910230476006,17.491866077166602,3.2824560405144854,2.503306120946517,0.933219034146602,0.0009999275207519531,D4,3,45,50
AdaptiveJackknifeCP,0.2,0.8,0.6691729323308271,0.13082706766917296,5.97048433064506,0.10304022697060122,12.692264282523896,3.2824560405144854,2.503306120946517,0.933219034146602,0.0010001659393310547,D4,3,45,50
AdaptiveJackknifeCP,0.3,0.7,0.631578947368421,0.06842105263157894,5.29638315487405,0.09140640728262803,10.579489913869814,3.2824560405144854,2.503306120946517,0.933219034146602,0.0,D4,3,45,50
AdaptiveSplitCP,0.05,0.95,0.9774436090225563,0.02744360902255638,16.71996291461595,0.28855762418120706,18.45122410596914,3.760598838536843,2.875453849331988,0.9123465783599842,0.0,D4,3,45,50
AdaptiveSplitCP,0.1,0.9,0.9774436090225563,0.07744360902255631,16.71996291461595,0.28855762418120706,17.585593510292544,3.760598838536843,2.875453849331988,0.9123465783599842,0.0010063648223876953,D4,3,45,50
AdaptiveSplitCP,0.2,0.8,0.9774436090225563,0.1774436090225563,16.71996291461595,0.28855762418120706,17.152778212454244,3.760598838536843,2.875453849331988,0.9123465783599842,0.0009996891021728516,D4,3,45,50
AdaptiveSplitCP,0.3,0.7,0.9774436090225563,0.2774436090225564,16.71996291461595,0.28855762418120706,17.008506446508143,3.760598838536843,2.875453849331988,0.9123465783599842,0.0010068416595458984,D4,3,45,50
SplitCP,0.1,0.9,0.05059203444564048,0.8494079655543596,2.4076104271571808,0.03154212533527787,181.61735546116444,12.119563880680428,10.129099308364667,0.4646396921810706,0.002000570297241211,D1,0,46,10
SplitCP,0.2,0.8,0.03336921420882669,0.7666307857911734,1.3575956524189507,0.017785872556545162,95.9890267037051,12.119563880680428,10.129099308364667,0.4646396921810706,0.001997232437133789,D1,0,46,10
SplitCP,0.3,0.7,0.030139935414424113,0.6698600645855759,1.2499813615705408,0.016376016787721482,64.68461819994552,12.119563880680428,10.129099308364667,0.4646396921810706,0.003000497817993164,D1,0,46,10
TargetOnlyCP,0.1,0.9,0.9407965554359526,0.04079655543595262,118.51999999999998,1.5527315601267218,121.42785791173303,38.930483725206635,35.50496232508073,-4.523976021788875,0.0,D1,0,46,10
TargetOnlyCP,0.2,0.8,0.9407965554359526,0.1407965554359526,118.51999999999998,1.5527315601267218,119.97392895586651,38.930483725206635,35.50496232508073,-4.523976021788875,0.0,D1,0,46,10
TargetOnlyCP,0.3,0.7,0.9407965554359526,0.24079655543595269,118.51999999999998,1.5527315601267218,119.48928597057765,38.930483725206635,35.50496232508073,-4.523976021788875,0.0,D1,0,46,10
TransferCal-CP-affine-localsigma,0.1,0.9,0.673842841765339,0.22615715823466098,44.975571061199474,0.5892253511765653,83.02086528569623,19.72029752539389,17.067288466343193,-0.41742180885855373,0.0019998550415039062,D1,0,46,10
TransferCal-CP-affine-localsigma,0.2,0.8,0.6103336921420882,0.18966630785791183,41.13145847937941,0.5388635985063642,66.93111790962053,19.72029752539389,17.067288466343193,-0.41742180885855373,0.0019991397857666016,D1,0,46,10
TransferCal-CP-affine-localsigma,0.3,0.7,0.5995694294940797,0.1004305705059203,39.91232119998858,0.5228916703099655,58.71043106723259,19.72029752539389,17.067288466343193,-0.41742180885855373,0.0019998550415039062,D1,0,46,10
AdaptiveJackknifeCP,0.1,0.9,0.9397201291711518,0.03972012917115175,72.87083790775489,0.9546814869410203,99.83685438889394,20.65239546301546,14.419973312536204,-0.5545799058930594,0.0019996166229248047,D1,0,46,10
AdaptiveJackknifeCP,0.2,0.8,0.7944025834230355,0.005597416576964553,44.00207821516551,0.5764716128573405,73.2122898437081,20.65239546301546,14.419973312536204,-0.5545799058930594,0.0020017623901367188,D1,0,46,10
AdaptiveJackknifeCP,0.3,0.7,0.6469321851453176,0.05306781485468237,30.092057156879246,0.39423630489895045,62.074632656902104,20.65239546301546,14.419973312536204,-0.5545799058930594,0.0029993057250976562,D1,0,46,10
AdaptiveSplitCP,0.1,0.9,0.9407965554359526,0.04079655543595262,118.51999999999998,1.5527315601267218,121.42785791173303,38.930483725206635,35.50496232508073,-4.523976021788875,0.002994060516357422,D1,0,46,10
AdaptiveSplitCP,0.2,0.8,0.9407965554359526,0.1407965554359526,118.51999999999998,1.5527315601267218,119.97392895586651,38.930483725206635,35.50496232508073,-4.523976021788875,0.0020008087158203125,D1,0,46,10
AdaptiveSplitCP,0.3,0.7,0.9407965554359526,0.24079655543595269,118.51999999999998,1.5527315601267218,119.48928597057765,38.930483725206635,35.50496232508073,-4.523976021788875,0.0019996166229248047,D1,0,46,10
SplitCP,0.1,0.9,0.050865800865800864,0.8491341991341992,2.407610427157181,0.03154212533527787,181.69532715689624,12.12668236758344,10.133769033256801,0.4685311183801283,0.002000093460083008,D1,0,46,15
SplitCP,0.2,0.8,0.032467532467532464,0.7675324675324676,1.357595652418951,0.017785872556545165,96.02942996272984,12.12668236758344,10.133769033256801,0.4685311183801283,0.002000093460083008,D1,0,46,15
SplitCP,0.3,0.7,0.02922077922077922,0.6707792207792207,1.249981361570541,0.016376016787721485,64.71187862314413,12.12668236758344,10.133769033256801,0.4685311183801283,0.0020020008087158203,D1,0,46,15
TargetOnlyCP,0.1,0.9,0.5551948051948052,0.3448051948051948,18.907975349453746,0.24771355098881978,133.5899437402801,19.26337151744801,12.379478524646425,-0.341091585367975,0.0,D1,0,46,15
TargetOnlyCP,0.2,0.8,0.5551948051948052,0.2448051948051948,18.907975349453746,0.24771355098881978,76.24895954486692,19.26337151744801,12.379478524646425,-0.341091585367975,0.0,D1,0,46,15
TargetOnlyCP,0.3,0.7,0.5551948051948052,0.14480519480519471,18.907975349453746,0.24771355098881978,57.13529814639587,19.26337151744801,12.379478524646425,-0.341091585367975,0.0,D1,0,46,15
TransferCal-CP-affine-localsigma,0.1,0.9,0.6753246753246753,0.2246753246753247,25.227932773118265,0.33051136865993913,57.716914132977514,11.717654765467929,9.603987475353534,0.5037788932676852,0.0019981861114501953,D1,0,46,15
TransferCal-CP-affine-localsigma,0.2,0.8,0.6655844155844156,0.13441558441558443,24.278035253834098,0.3180667529235351,42.075958034194755,11.717654765467929,9.603987475353534,0.5037788932676852,0.001999378204345703,D1,0,46,15
TransferCal-CP-affine-localsigma,0.3,0.7,0.6601731601731602,0.039826839826839766,23.78230998370292,0.3115722518090816,36.20432952848793,11.717654765467929,9.603987475353534,0.5037788932676852,0.002000093460083008,D1,0,46,15
AdaptiveJackknifeCP,0.1,0.9,0.8668831168831169,0.0331168831168831,41.32020982247627,0.5413364315087503,76.03271417688855,16.216157390379625,11.512830987727725,0.04963652235909655,0.001999378204345703,D1,0,46,15
AdaptiveJackknifeCP,0.2,0.8,0.7283549783549783,0.07164502164502173,27.699534485163824,0.36289184438012456,58.04024435114799,16.216157390379625,11.512830987727725,0.04963652235909655,0.002000093460083008,D1,0,46,15
AdaptiveJackknifeCP,0.3,0.7,0.7045454545454546,0.00454545454545463,26.56710496269648,0.34805587526812426,47.86195038608138,16.216157390379625,11.512830987727725,0.04963652235909655,0.002000093460083008,D1,0,46,15
AdaptiveSplitCP,0.1,0.9,0.8409090909090909,0.05909090909090908,457.7570613910884,5.997079278542089,1287.3555546562613,247.74081547780963,150.26759445228203,-220.8140042722478,0.0019998550415039062,D1,0,46,15
AdaptiveSplitCP,0.2,0.8,0.8409090909090909,0.040909090909090895,457.7570613910884,5.997079278542089,872.556308023675,247.74081547780963,150.26759445228203,-220.8140042722478,0.00200653076171875,D1,0,46,15
AdaptiveSplitCP,0.3,0.7,0.8409090909090909,0.14090909090909098,457.7570613910884,5.997079278542089,734.2898924794795,247.74081547780963,150.26759445228203,-220.8140042722478,0.0019991397857666016,D1,0,46,15
SplitCP,0.05,0.95,0.11643090315560392,0.8335690968443961,4.668225416627606,0.06115846215139554,322.0028065077863,12.132721410663066,10.138493215473051,0.4697937245942213,0.0020003318786621094,D1,0,46,20
SplitCP,0.1,0.9,0.051142546245919476,0.8488574537540805,2.4076104271571808,0.03154212533527787,181.79888130478201,12.132721410663066,10.138493215473051,0.4697937245942213,0.002000093460083008,D1,0,46,20
SplitCP,0.2,0.8,0.03264417845484222,0.7673558215451578,1.3575956524189507,0.017785872556545162,96.07999866927203,12.132721410663066,10.138493215473051,0.4697937245942213,0.0010001659393310547,D1,0,46,20
SplitCP,0.3,0.7,0.029379760609358,0.670620239390642,1.249981361570541,0.016376016787721485,64.74552921578201,12.132721410663066,10.138493215473051,0.4697937245942213,0.0020003318786621094,D1,0,46,20
TargetOnlyCP,0.05,0.95,0.9542981501632208,0.004298150163220882,107.69081005042183,1.4108582475607658,177.96813524235245,24.83271210683063,14.765861270618323,-1.221144023027616,0.0010004043579101562,D1,0,46,20
TargetOnlyCP,0.1,0.9,0.9542981501632208,0.054298150163220815,107.69081005042183,1.4108582475607658,142.82947264638716,24.83271210683063,14.765861270618323,-1.221144023027616,0.0,D1,0,46,20
TargetOnlyCP,0.2,0.8,0.9542981501632208,0.1542981501632208,107.69081005042183,1.4108582475607658,125.26014134840449,24.83271210683063,14.765861270618323,-1.221144023027616,0.0,D1,0,46,20
TargetOnlyCP,0.3,0.7,0.9542981501632208,0.2542981501632209,107.69081005042183,1.4108582475607658,119.40369758241026,24.83271210683063,14.765861270618323,-1.221144023027616,0.0,D1,0,46,20
TransferCal-CP-affine-localsigma,0.05,0.95,0.7083786724700761,0.24162132752992382,25.50126781053263,0.33409233338388195,86.17436013014466,11.576410389862023,9.442134920899282,0.517301175382568,0.0020008087158203125,D1,0,46,20
TransferCal-CP-affine-localsigma,0.1,0.9,0.7083786724700761,0.1916213275299239,25.50126781053263,0.33409233338388195,55.837813970338644,11.576410389862023,9.442134920899282,0.517301175382568,0.002000570297241211,D1,0,46,20
TransferCal-CP-affine-localsigma,0.2,0.8,0.5244831338411317,0.2755168661588684,17.720487050095564,0.23215625635757897,47.56913315550386,11.576410389862023,9.442134920899282,0.517301175382568,0.002000570297241211,D1,0,46,20
TransferCal-CP-affine-localsigma,0.3,0.7,0.4733405875952122,0.22665941240478776,15.709775453666841,0.20581390608684272,38.970500006370585,11.576410389862023,9.442134920899282,0.517301175382568,0.0020034313201904297,D1,0,46,20
AdaptiveJackknifeCP,0.05,0.95,1.0,0.050000000000000044,219.3060502772532,2.8731304893033136,219.3060502772532,11.891660632827218,9.196710081616667,0.49065338297567107,0.001999378204345703,D1,0,46,20
AdaptiveJackknifeCP,0.1,0.9,0.9934711643090316,0.09347116430903157,65.03453249677682,0.8520179809806976,65.96259385202005,11.891660632827218,9.196710081616667,0.49065338297567107,0.0019996166229248047,D1,0,46,20
AdaptiveJackknifeCP,0.2,0.8,0.9162132752992383,0.1162132752992383,42.85227021160264,0.5614079681119948,46.98053370393189,11.891660632827218,9.196710081616667,0.49065338297567107,0.002502918243408203,D1,0,46,20
AdaptiveJackknifeCP,0.3,0.7,0.7823721436343852,0.08237214363438528,28.589231484347312,0.3745477725743723,38.2821091440224,11.891660632827218,9.196710081616667,0.49065338297567107,0.0020003318786621094,D1,0,46,20
AdaptiveSplitCP,0.05,0.95,0.9597388465723613,0.009738846572361348,125.89662433686719,1.6493727803009757,189.93637553249525,26.587060578850863,15.710504476303871,-1.5460625142845625,0.002000093460083008,D1,0,46,20
AdaptiveSplitCP,0.1,0.9,0.9597388465723613,0.05973884657236128,125.89662433686719,1.6493727803009757,157.91649993468124,26.587060578850863,15.710504476303871,-1.5460625142845625,0.0029985904693603516,D1,0,46,20
AdaptiveSplitCP,0.2,0.8,0.9597388465723613,0.15973884657236126,125.89662433686719,1.6493727803009757,141.9065621357742,26.587060578850863,15.710504476303871,-1.5460625142845625,0.003000020980834961,D1,0,46,20
AdaptiveSplitCP,0.3,0.7,0.9597388465723613,0.25973884657236135,125.89662433686719,1.6493727803009757,136.56991620280522,26.587060578850863,15.710504476303871,-1.5460625142845625,0.0030007362365722656,D1,0,46,20
SplitCP,0.05,0.95,0.11991199119911991,0.8300880088008801,4.668225416627607,0.06115846215139555,319.5732968200754,12.07671173278652,10.074536818445761,0.4705300915200984,0.0030019283294677734,D1,0,46,30
SplitCP,0.1,0.9,0.0517051705170517,0.8482948294829483,2.4076104271571808,0.03154212533527787,180.53771302631233,12.07671173278652,10.074536818445761,0.4705300915200984,0.002504110336303711,D1,0,46,30
SplitCP,0.2,0.8,0.034103410341034104,0.7658965896589659,1.3575956524189505,0.01778587255654516,95.44622724411414,12.07671173278652,10.074536818445761,0.4705300915200984,0.002000093460083008,D1,0,46,30
SplitCP,0.3,0.7,0.030803080308030802,0.6691969196919691,1.2499813615705408,0.016376016787721482,64.32249450817619,12.07671173278652,10.074536818445761,0.4705300915200984,0.002000093460083008,D1,0,46,30
TargetOnlyCP,0.05,0.95,0.9867986798679867,0.036798679867986794,79.42185571546008,1.0405064287312331,80.88488604373477,14.29948517602829,10.972034319480326,0.25769106761408234,0.0,D1,0,46,30
TargetOnlyCP,0.1,0.9,0.9867986798679867,0.08679867986798673,79.42185571546008,1.0405064287312331,80.15337087959743,14.29948517602829,10.972034319480326,0.25769106761408234,0.0,D1,0,46,30
TargetOnlyCP,0.2,0.8,0.9867986798679867,0.1867986798679867,79.42185571546008,1.0405064287312331,79.78761329752878,14.29948517602829,10.972034319480326,0.25769106761408234,0.0,D1,0,46,30
TargetOnlyCP,0.3,0.7,0.9867986798679867,0.2867986798679868,79.42185571546008,1.0405064287312331,79.66569410350587,14.29948517602829,10.972034319480326,0.25769106761408234,0.0009992122650146484,D1,0,46,30
TransferCal-CP-affine-localsigma,0.05,0.95,0.9548954895489549,0.004895489548954912,51.898090080015436,0.6799173335938198,59.991428475065426,12.45361270703739,9.634248014974402,0.43696603566373293,0.002000093460083008,D1,0,46,30
TransferCal-CP-affine-localsigma,0.1,0.9,0.9548954895489549,0.054895489548954846,51.898090080015436,0.6799173335938198,55.94475927754044,12.45361270703739,9.634248014974402,0.43696603566373293,0.002000093460083008,D1,0,46,30
TransferCal-CP-affine-localsigma,0.2,0.8,0.9042904290429042,0.1042904290429042,44.1177704091166,0.5779872973056037,48.92145745728607,12.45361270703739,9.634248014974402,0.43696603566373293,0.003000497817993164,D1,0,46,30
TransferCal-CP-affine-localsigma,0.3,0.7,0.8437843784378438,0.14378437843784386,36.562341778253845,0.479003560506535,42.87536519735584,12.45361270703739,9.634248014974402,0.43696603566373293,0.002000093460083008,D1,0,46,30
AdaptiveJackknifeCP,0.05,0.95,0.988998899889989,0.03899889988998906,56.05466404827767,0.7343726456299483,57.67618898813465,11.858094705450645,9.717481221778774,0.4895259002141843,0.0019986629486083984,D1,0,46,30
AdaptiveJackknifeCP,0.1,0.9,0.9471947194719472,0.0471947194719472,44.408940919397836,0.5818019247160988,48.564113655545434,11.858094705450645,9.717481221778774,0.4895259002141843,0.002000570297241211,D1,0,46,30
AdaptiveJackknifeCP,0.2,0.8,0.9361936193619362,0.1361936193619362,41.862055254207334,0.5484351532650725,44.680193809324486,11.858094705450645,9.717481221778774,0.4895259002141843,0.003001689910888672,D1,0,46,30
AdaptiveJackknifeCP,0.3,0.7,0.8855885588558856,0.18558855885588565,37.09977948800055,0.48604453665845815,40.36777207681035,11.858094705450645,9.717481221778774,0.4895259002141843,0.002000093460083008,D1,0,46,30
AdaptiveSplitCP,0.05,0.95,0.9537953795379538,0.0037953795379538358,63.382579550197114,0.8303757309300847,74.85953299418568,15.838808185871118,12.7836100668788,0.08927159617707991,0.0019974708557128906,D1,0,46,30
AdaptiveSplitCP,0.1,0.9,0.9537953795379538,0.05379537953795377,63.382579550197114,0.8303757309300847,69.1210562721914,15.838808185871118,12.7836100668788,0.08927159617707991,0.0019991397857666016,D1,0,46,30
AdaptiveSplitCP,0.2,0.8,0.9537953795379538,0.15379537953795375,63.382579550197114,0.8303757309300847,66.25181791119427,15.838808185871118,12.7836100668788,0.08927159617707991,0.002000093460083008,D1,0,46,30
AdaptiveSplitCP,0.3,0.7,0.9537953795379538,0.25379537953795384,63.382579550197114,0.8303757309300847,65.29540512419521,15.838808185871118,12.7836100668788,0.08927159617707991,0.0019998550415039062,D1,0,46,30
SplitCP,0.05,0.95,0.11811023622047244,0.8318897637795275,4.668225416627608,0.061158462151395566,319.55307638800076,12.073310040419935,10.074397421215906,0.4736057870495044,0.0029952526092529297,D1,0,46,50
SplitCP,0.1,0.9,0.05174353205849269,0.8482564679415073,2.4076104271571808,0.03154212533527787,180.52819756061592,12.073310040419935,10.074397421215906,0.4736057870495044,0.0019996166229248047,D1,0,46,50
SplitCP,0.2,0.8,0.03374578177727784,0.7662542182227222,1.3575956524189507,0.017785872556545162,95.4418663876714,12.073310040419935,10.074397421215906,0.4736057870495044,0.001999378204345703,D1,0,46,50
SplitCP,0.3,0.7,0.030371203599550055,0.6696287964004499,1.249981361570541,0.016376016787721485,64.31972180743081,12.073310040419935,10.074397421215906,0.4736057870495044,0.0020008087158203125,D1,0,46,50
TargetOnlyCP,0.05,0.95,0.9268841394825647,0.023115860517435305,47.81883878116751,0.6264750265282688,68.28850803276873,13.641112577692558,10.712606135418595,0.32801746536838394,0.0,D1,0,46,50
TargetOnlyCP,0.1,0.9,0.9268841394825647,0.02688413948256463,47.81883878116751,0.6264750265282688,58.05367340696813,13.641112577692558,10.712606135418595,0.32801746536838394,0.0,D1,0,46,50
TargetOnlyCP,0.2,0.8,0.9268841394825647,0.1268841394825646,47.81883878116751,0.6264750265282688,52.93625609406782,13.641112577692558,10.712606135418595,0.32801746536838394,0.0,D1,0,46,50
TargetOnlyCP,0.3,0.7,0.9268841394825647,0.2268841394825647,47.81883878116751,0.6264750265282688,51.230450323101046,13.641112577692558,10.712606135418595,0.32801746536838394,0.0,D1,0,46,50
TransferCal-CP-affine-localsigma,0.05,0.95,0.9246344206974129,0.025365579302587093,42.1709435268422,0.5524819012356529,54.92994967832327,11.552860923600354,9.153215486420324,0.5180105971916826,0.0010001659393310547,D1,0,46,50
TransferCal-CP-affine-localsigma,0.1,0.9,0.8380202474690663,0.061979752530933685,31.394671178044625,0.411301862621926,50.623733521872765,11.552860923600354,9.153215486420324,0.5180105971916826,0.001999378204345703,D1,0,46,50
TransferCal-CP-affine-localsigma,0.2,0.8,0.7716535433070866,0.02834645669291347,26.917523900069114,0.3526467168419055,40.87767354074913,11.552860923600354,9.153215486420324,0.5180105971916826,0.002000093460083008,D1,0,46,50
TransferCal-CP-affine-localsigma,0.3,0.7,0.7311586051743532,0.031158605174353204,24.57566032138282,0.32196594154543645,35.81091579725456,11.552860923600354,9.153215486420324,0.5180105971916826,0.002000093460083008,D1,0,46,50
AdaptiveJackknifeCP,0.05,0.95,0.9516310461192351,0.0016310461192351466,45.36319803070695,0.5943036555058813,56.4795606778115,11.573350934591838,9.193371908017696,0.5162993801738252,0.0020003318786621094,D1,0,46,50
AdaptiveJackknifeCP,0.1,0.9,0.9201349831271091,0.02013498312710904,40.50366447888501,0.5306388637963922,49.25827606869466,11.573350934591838,9.193371908017696,0.5162993801738252,0.002000570297241211,D1,0,46,50
AdaptiveJackknifeCP,0.2,0.8,0.84251968503937,0.04251968503936998,31.90517212179418,0.4179899399661245,41.11062508703499,11.573350934591838,9.193371908017696,0.5162993801738252,0.0019998550415039062,D1,0,46,50
AdaptiveJackknifeCP,0.3,0.7,0.6456692913385826,0.054330708661417315,20.57545289982432,0.26955918900994014,36.09988579965238,11.573350934591838,9.193371908017696,0.5162993801738252,0.0015077590942382812,D1,0,46,50
AdaptiveSplitCP,0.05,0.95,0.922384701912261,0.027615298087738993,42.924826996402295,0.5623585351864105,58.66042101471265,12.03349066957452,9.579892024552793,0.47707229635813453,0.0020003318786621094,D1,0,46,50
AdaptiveSplitCP,0.1,0.9,0.922384701912261,0.02238470191226094,42.924826996402295,0.5623585351864105,50.79262400555748,12.03349066957452,9.579892024552793,0.47707229635813453,0.0019989013671875,D1,0,46,50
AdaptiveSplitCP,0.2,0.8,0.922384701912261,0.12238470191226092,42.924826996402295,0.5623585351864105,46.85872550097988,12.03349066957452,9.579892024552793,0.47707229635813453,0.0019981861114501953,D1,0,46,50
AdaptiveSplitCP,0.3,0.7,0.922384701912261,0.222384701912261,42.924826996402295,0.5623585351864105,45.54742599945402,12.03349066957452,9.579892024552793,0.47707229635813453,0.0020017623901367188,D1,0,46,50
SplitCP,0.1,0.9,0.010752688172043012,0.889247311827957,3.2261623632551144,0.07803972816823214,346.9008939928365,19.955627779284765,18.794729912159664,-5.706911676978198,0.0,D2,1,46,10
SplitCP,0.2,0.8,0.0,0.8,1.9768592798283884,0.04781952780237525,180.03986200228306,19.955627779284765,18.794729912159664,-5.706911676978198,0.0,D2,1,46,10
SplitCP,0.3,0.7,0.0,0.7,1.507119571449266,0.03645669015686258,121.7815870810161,19.955627779284765,18.794729912159664,-5.706911676978198,0.0,D2,1,46,10
TargetOnlyCP,0.1,0.9,0.9139784946236559,0.013978494623655857,30.780000000000005,0.7445573292828841,38.435913978494625,9.780794600171946,7.996881720430107,-0.6111652084014114,0.0,D2,1,46,10
TargetOnlyCP,0.2,0.8,0.9139784946236559,0.11397849462365583,30.780000000000005,0.7445573292828841,34.60795698924731,9.780794600171946,7.996881720430107,-0.6111652084014114,0.0,D2,1,46,10
TargetOnlyCP,0.3,0.7,0.9139784946236559,0.21397849462365592,30.780000000000005,0.7445573292828841,33.33197132616488,9.780794600171946,7.996881720430107,-0.6111652084014114,0.0,D2,1,46,10
TransferCal-CP-affine-localsigma,0.1,0.9,1.0,0.09999999999999998,48.49515858392926,1.1730807588824008,48.49515858392926,9.114531638675473,7.49667406115703,-0.399137869175785,0.0009999275207519531,D2,1,46,10
TransferCal-CP-affine-localsigma,0.2,0.8,0.9247311827956989,0.12473118279569884,31.21929045344473,0.7551836102054401,34.24479555606302,9.114531638675473,7.49667406115703,-0.399137869175785,0.00099945068359375,D2,1,46,10
TransferCal-CP-affine-localsigma,0.3,0.7,0.7311827956989247,0.031182795698924792,21.119785584434982,0.5108801543136473,28.261339041815425,9.114531638675473,7.49667406115703,-0.399137869175785,0.0010001659393310547,D2,1,46,10
AdaptiveJackknifeCP,0.1,0.9,0.989247311827957,0.08924731182795698,30.069296860867677,0.7273656713496376,30.3434167780625,5.032965757213217,3.7256285916770224,0.5733814365577358,0.0009996891021728516,D2,1,46,10
AdaptiveJackknifeCP,0.2,0.8,0.989247311827957,0.18924731182795695,28.972331079475175,0.7008304565183083,29.168367692986166,5.032965757213217,3.7256285916770224,0.5733814365577358,0.0010001659393310547,D2,1,46,10
AdaptiveJackknifeCP,0.3,0.7,0.946236559139785,0.24623655913978504,20.359541171799133,0.49249011047107477,21.45556998117624,5.032965757213217,3.7256285916770224,0.5733814365577358,0.0010023117065429688,D2,1,46,10
AdaptiveSplitCP,0.1,0.9,0.9139784946236559,0.013978494623655857,30.780000000000005,0.7445573292828841,38.435913978494625,9.780794600171946,7.996881720430107,-0.6111652084014114,0.0,D2,1,46,10
AdaptiveSplitCP,0.2,0.8,0.9139784946236559,0.11397849462365583,30.780000000000005,0.7445573292828841,34.60795698924731,9.780794600171946,7.996881720430107,-0.6111652084014114,0.0009984970092773438,D2,1,46,10
AdaptiveSplitCP,0.3,0.7,0.9139784946236559,0.21397849462365592,30.780000000000005,0.7445573292828841,33.33197132616488,9.780794600171946,7.996881720430107,-0.6111652084014114,0.0,D2,1,46,10
SplitCP,0.1,0.9,0.011363636363636364,0.8886363636363637,3.2261623632551135,0.07803972816823213,344.2146470496334,19.92114198388827,18.6602989371048,-5.599762490422294,0.0,D2,1,46,15
SplitCP,0.2,0.8,0.0,0.8,1.976859279828389,0.04781952780237527,178.69555225173443,19.92114198388827,18.6602989371048,-5.599762490422294,0.0,D2,1,46,15
SplitCP,0.3,0.7,0.0,0.7,1.507119571449266,0.03645669015686258,120.88538058065036,19.92114198388827,18.6602989371048,-5.599762490422294,0.0,D2,1,46,15
TargetOnlyCP,0.1,0.9,0.9886363636363636,0.08863636363636362,24.944778279912384,0.6034053767266165,26.155895543082032,5.657580331794164,4.466704219609361,0.46769407119298234,0.0,D2,1,46,15
TargetOnlyCP,0.2,0.8,0.9886363636363636,0.1886363636363636,24.944778279912384,0.6034053767266165,25.550336911497208,5.657580331794164,4.466704219609361,0.46769407119298234,0.0,D2,1,46,15
TargetOnlyCP,0.3,0.7,0.9886363636363636,0.2886363636363637,24.944778279912384,0.6034053767266165,25.348484034302263,5.657580331794164,4.466704219609361,0.46769407119298234,0.0009999275207519531,D2,1,46,15
TransferCal-CP-affine-localsigma,0.1,0.9,0.8636363636363636,0.036363636363636376,19.39265738812252,0.46910153322282294,32.94293625930709,7.240133971072946,5.632642572180002,0.12824780449072193,0.0,D2,1,46,15
TransferCal-CP-affine-localsigma,0.2,0.8,0.8409090909090909,0.040909090909090895,18.862482947603848,0.45627680075087274,26.034932427897616,7.240133971072946,5.632642572180002,0.12824780449072193,0.0,D2,1,46,15
TransferCal-CP-affine-localsigma,0.3,0.7,0.8068181818181818,0.10681818181818181,16.54446932657589,0.4002048699219603,22.613064633472494,7.240133971072946,5.632642572180002,0.12824780449072193,0.0,D2,1,46,15
AdaptiveJackknifeCP,0.1,0.9,0.9886363636363636,0.08863636363636362,29.630017073361724,0.7167396484323736,30.126379937512784,4.949245776278666,3.9070546624898523,0.592640464088473,0.0010001659393310547,D2,1,46,15
AdaptiveJackknifeCP,0.2,0.8,0.9318181818181818,0.13181818181818172,17.841413246771513,0.4315774853037188,19.796200309380012,4.949245776278666,3.9070546624898523,0.592640464088473,0.0010004043579101562,D2,1,46,15
AdaptiveJackknifeCP,0.3,0.7,0.9204545454545454,0.22045454545454546,16.62192930071068,0.4020785993393781,18.2207592560316,4.949245776278666,3.9070546624898523,0.592640464088473,0.0,D2,1,46,15
AdaptiveSplitCP,0.1,0.9,0.9318181818181818,0.031818181818181746,30.320650349679806,0.7334458234723111,33.59267657376747,8.76770409332887,7.241076813921864,-0.2784142802227816,0.0,D2,1,46,15
AdaptiveSplitCP,0.2,0.8,0.9318181818181818,0.13181818181818172,30.320650349679806,0.7334458234723111,31.956663461723632,8.76770409332887,7.241076813921864,-0.2784142802227816,0.0009996891021728516,D2,1,46,15
AdaptiveSplitCP,0.3,0.7,0.9318181818181818,0.2318181818181818,30.320650349679806,0.7334458234723111,31.411325757709026,8.76770409332887,7.241076813921864,-0.2784142802227816,0.0009999275207519531,D2,1,46,15
SplitCP,0.05,0.95,0.024096385542168676,0.9259036144578313,4.495985257528844,0.1087562955114001,671.9135395116572,20.132231227781478,18.918663713398804,-5.3250161859028005,0.0009984970092773438,D2,1,46,20
SplitCP,0.1,0.9,0.012048192771084338,0.8879518072289156,3.226162363255114,0.07803972816823214,349.38460098375657,20.132231227781478,18.918663713398804,-5.3250161859028005,0.0010001659393310547,D2,1,46,20
SplitCP,0.2,0.8,0.0,0.8,1.9768592798283886,0.04781952780237526,181.27920001467447,20.132231227781478,18.918663713398804,-5.3250161859028005,0.0009996891021728516,D2,1,46,20
SplitCP,0.3,0.7,0.0,0.7,1.507119571449266,0.03645669015686258,122.60781242261041,20.132231227781478,18.918663713398804,-5.3250161859028005,0.0009996891021728516,D2,1,46,20
TargetOnlyCP,0.05,0.95,0.927710843373494,0.02228915662650599,17.87847056526003,0.4324738887502489,29.454668518503937,5.239893857702244,4.029870806228547,0.571527650361074,0.0010004043579101562,D2,1,46,20
TargetOnlyCP,0.1,0.9,0.927710843373494,0.027710843373493943,17.87847056526003,0.4324738887502489,23.666569541881977,5.239893857702244,4.029870806228547,0.571527650361074,0.0,D2,1,46,20
TargetOnlyCP,0.2,0.8,0.927710843373494,0.12771084337349392,17.87847056526003,0.4324738887502489,20.772520053571004,5.239893857702244,4.029870806228547,0.571527650361074,0.0,D2,1,46,20
TargetOnlyCP,0.3,0.7,0.927710843373494,0.227710843373494,17.87847056526003,0.4324738887502489,19.80783689080068,5.239893857702244,4.029870806228547,0.571527650361074,0.00099945068359375,D2,1,46,20
TransferCal-CP-affine-localsigma,0.05,0.95,0.927710843373494,0.02228915662650599,24.736287566026597,0.5983620599913637,34.157357774630036,7.034067595644478,5.660493245491066,0.2278691646838813,0.0,D2,1,46,20
TransferCal-CP-affine-localsigma,0.1,0.9,0.927710843373494,0.027710843373493943,24.736287566026597,0.5983620599913637,29.446822670328313,7.034067595644478,5.660493245491066,0.2278691646838813,0.0010020732879638672,D2,1,46,20
TransferCal-CP-affine-localsigma,0.2,0.8,0.8192771084337349,0.01927710843373487,18.031230363807968,0.43616909432622825,24.80961568839668,7.034067595644478,5.660493245491066,0.2278691646838813,0.0009987354278564453,D2,1,46,20
TransferCal-CP-affine-localsigma,0.3,0.7,0.7951807228915663,0.09518072289156632,16.978159404261998,0.4106956797328263,22.200331515657957,7.034067595644478,5.660493245491066,0.2278691646838813,0.0009992122650146484,D2,1,46,20
AdaptiveJackknifeCP,0.05,0.95,0.9156626506024096,0.034337349397590367,14.496832710284757,0.3506732633473155,30.54215075070017,4.917311334668737,3.709607607537118,0.6226596623347457,0.0,D2,1,46,20
AdaptiveJackknifeCP,0.1,0.9,0.9036144578313253,0.0036144578313253017,14.145193118911266,0.3421672258221962,22.506075446069726,4.917311334668737,3.709607607537118,0.6226596623347457,0.0,D2,1,46,20
AdaptiveJackknifeCP,0.2,0.8,0.891566265060241,0.0915662650602409,13.21535305596994,0.31967472309562633,17.855743417996894,4.917311334668737,3.709607607537118,0.6226596623347457,0.0,D2,1,46,20
AdaptiveJackknifeCP,0.3,0.7,0.8192771084337349,0.11927710843373496,11.282802760398086,0.27292701397360464,15.286883917350824,4.917311334668737,3.709607607537118,0.6226596623347457,0.00099945068359375,D2,1,46,20
AdaptiveSplitCP,0.05,0.95,0.891566265060241,0.05843373493975901,13.230403712654082,0.32003879316530465,32.46718209359893,4.939597597670577,3.6006985132535227,0.6192315439036191,0.001001119613647461,D2,1,46,20
AdaptiveSplitCP,0.1,0.9,0.891566265060241,0.008433734939759074,13.230403712654082,0.32003879316530465,22.84879290312651,4.939597597670577,3.6006985132535227,0.6192315439036191,0.0010008811950683594,D2,1,46,20
AdaptiveSplitCP,0.2,0.8,0.891566265060241,0.0915662650602409,13.230403712654082,0.32003879316530465,18.039598307890298,4.939597597670577,3.6006985132535227,0.6192315439036191,0.0010001659393310547,D2,1,46,20
AdaptiveSplitCP,0.3,0.7,0.891566265060241,0.191566265060241,13.230403712654082,0.32003879316530465,16.43653344281156,4.939597597670577,3.6006985132535227,0.6192315439036191,0.0009984970092773438,D2,1,46,20
SplitCP,0.05,0.95,0.0273972602739726,0.9226027397260274,4.495985257528844,0.1087562955114001,654.3579317155239,19.824948820602838,18.477750536068243,-4.794818990823244,0.0009987354278564453,D2,1,46,30
SplitCP,0.1,0.9,0.0136986301369863,0.8863013698630138,3.2261623632551135,0.07803972816823213,340.5727467501694,19.824948820602838,18.477750536068243,-4.794818990823244,0.0010020732879638672,D2,1,46,30
SplitCP,0.2,0.8,0.0,0.8,1.9768592798283888,0.047819527802375264,176.87006824136884,19.824948820602838,18.477750536068243,-4.794818990823244,0.0,D2,1,46,30
SplitCP,0.3,0.7,0.0,0.7,1.507119571449266,0.03645669015686258,119.66839124040665,19.824948820602838,18.477750536068243,-4.794818990823244,0.0,D2,1,46,30
TargetOnlyCP,0.05,0.95,0.863013698630137,0.08698630136986296,16.559922157260374,0.40057866843866924,33.355860730548955,5.5877377482601025,4.29288555232567,0.5396504159971851,0.0,D2,1,46,30
TargetOnlyCP,0.1,0.9,0.863013698630137,0.03698630136986303,16.559922157260374,0.40057866843866924,24.95789144390466,5.5877377482601025,4.29288555232567,0.5396504159971851,0.0,D2,1,46,30
TargetOnlyCP,0.2,0.8,0.863013698630137,0.06301369863013695,16.559922157260374,0.40057866843866924,20.75890680058252,5.5877377482601025,4.29288555232567,0.5396504159971851,0.0,D2,1,46,30
TargetOnlyCP,0.3,0.7,0.863013698630137,0.16301369863013704,16.559922157260374,0.40057866843866924,19.359245252808467,5.5877377482601025,4.29288555232567,0.5396504159971851,0.0,D2,1,46,30
TransferCal-CP-affine-localsigma,0.05,0.95,0.958904109589041,0.008904109589041087,36.08526583787477,0.8728898362154298,37.35558441166212,7.437880651157338,5.730536168296778,0.18433066423375055,0.0,D2,1,46,30
TransferCal-CP-affine-localsigma,0.1,0.9,0.958904109589041,0.05890410958904102,36.08526583787477,0.8728898362154298,36.72042512476845,7.437880651157338,5.730536168296778,0.18433066423375055,0.0,D2,1,46,30
TransferCal-CP-affine-localsigma,0.2,0.8,0.7534246575342466,0.046575342465753455,16.105488960672112,0.3895860899075048,27.156457742847074,7.437880651157338,5.730536168296778,0.18433066423375055,0.0,D2,1,46,30
TransferCal-CP-affine-localsigma,0.3,0.7,0.5616438356164384,0.13835616438356158,10.76615969772405,0.2604296007527758,24.328561336895774,7.437880651157338,5.730536168296778,0.18433066423375055,0.0,D2,1,46,30
AdaptiveJackknifeCP,0.05,0.95,0.9863013698630136,0.03630136986301369,26.703495566196175,0.64594812674738,29.222971809193183,4.9848878204946505,3.8639714490899872,0.6336244326936842,0.0,D2,1,46,30
AdaptiveJackknifeCP,0.1,0.9,0.9315068493150684,0.03150684931506842,16.886246638676976,0.4084723423945876,22.475021269387728,4.9848878204946505,3.8639714490899872,0.6336244326936842,0.0,D2,1,46,30
AdaptiveJackknifeCP,0.2,0.8,0.8493150684931506,0.04931506849315059,12.675553629291713,0.3066171656077779,17.57183848271871,4.9848878204946505,3.8639714490899872,0.6336244326936842,0.0,D2,1,46,30
AdaptiveJackknifeCP,0.3,0.7,0.7945205479452054,0.09452054794520548,11.312449536857699,0.2736441590256714,15.372865341155222,4.9848878204946505,3.8639714490899872,0.6336244326936842,0.0,D2,1,46,30
AdaptiveSplitCP,0.05,0.95,0.8767123287671232,0.07328767123287672,15.910599020189453,0.3848717710774246,33.044466345998174,5.26782614968046,3.921268125974204,0.590853733369364,0.0,D2,1,46,30
AdaptiveSplitCP,0.1,0.9,0.8767123287671232,0.023287671232876783,15.910599020189453,0.3848717710774246,24.477532683093813,5.26782614968046,3.921268125974204,0.590853733369364,0.0,D2,1,46,30
AdaptiveSplitCP,0.2,0.8,0.8767123287671232,0.0767123287671232,15.910599020189453,0.3848717710774246,20.194065851641636,5.26782614968046,3.921268125974204,0.590853733369364,0.0,D2,1,46,30
AdaptiveSplitCP,0.3,0.7,0.8767123287671232,0.17671232876712328,15.910599020189453,0.3848717710774246,18.766243574490908,5.26782614968046,3.921268125974204,0.590853733369364,0.0,D2,1,46,30
SplitCP,0.1,0.9,0.0,0.9,2.8701134150009864,0.08673657945402298,193.8764222180895,12.159922876323654,10.985372147654916,-1.2852805974168868,0.0010006427764892578,D3,2,46,10
SplitCP,0.2,0.8,0.0,0.8,1.8218254889483774,0.055056678404285596,102.56641952075566,12.159922876323654,10.985372147654916,-1.2852805974168868,0.001001119613647461,D3,2,46,10
SplitCP,0.3,0.7,0.0,0.7,1.404794549580302,0.04245374884121379,69.95796036867876,12.159922876323654,10.985372147654916,-1.2852805974168868,0.0,D3,2,46,10
TargetOnlyCP,0.1,0.9,0.96,0.05999999999999994,56.42,1.7050468414309317,60.276,16.66395787320647,14.598799999999999,-3.291747961629272,0.0,D3,2,46,10
TargetOnlyCP,0.2,0.8,0.96,0.15999999999999992,56.42,1.7050468414309317,58.348,16.66395787320647,14.598799999999999,-3.291747961629272,0.0,D3,2,46,10
TargetOnlyCP,0.3,0.7,0.96,0.26,56.42,1.7050468414309317,57.70533333333333,16.66395787320647,14.598799999999999,-3.291747961629272,0.0,D3,2,46,10
TransferCal-CP-affine-localsigma,0.1,0.9,0.92,0.020000000000000018,29.672636841523662,0.8967251989288729,30.638187511172518,9.807009617333247,8.770248656301693,-0.4864526988577842,0.0,D3,2,46,10
TransferCal-CP-affine-localsigma,0.2,0.8,0.92,0.12,28.0997519662434,0.8491916578347379,29.21168125117993,9.807009617333247,8.770248656301693,-0.4864526988577842,0.0010001659393310547,D3,2,46,10
TransferCal-CP-affine-localsigma,0.3,0.7,0.48,0.21999999999999997,17.973635730192015,0.5431742437219785,29.278875107218227,9.807009617333247,8.770248656301693,-0.4864526988577842,0.0,D3,2,46,10
AdaptiveJackknifeCP,0.1,0.9,1.0,0.09999999999999998,40.593220526975976,1.2267519043429571,40.593220526975976,7.123866501859155,6.372943992878663,0.2156508391817642,0.0,D3,2,46,10
AdaptiveJackknifeCP,0.2,0.8,1.0,0.19999999999999996,29.13818634448437,0.880573778654537,29.13818634448437,7.123866501859155,6.372943992878663,0.2156508391817642,0.0010001659393310547,D3,2,46,10
AdaptiveJackknifeCP,0.3,0.7,0.96,0.26,23.310369395286443,0.7044535928752464,23.560235817283306,7.123866501859155,6.372943992878663,0.2156508391817642,0.0,D3,2,46,10
AdaptiveSplitCP,0.1,0.9,0.96,0.05999999999999994,56.42,1.7050468414309317,60.276,16.66395787320647,14.598799999999999,-3.291747961629272,0.0,D3,2,46,10
AdaptiveSplitCP,0.2,0.8,0.96,0.15999999999999992,56.42,1.7050468414309317,58.348,16.66395787320647,14.598799999999999,-3.291747961629272,0.0,D3,2,46,10
AdaptiveSplitCP,0.3,0.7,0.96,0.26,56.42,1.7050468414309317,57.70533333333333,16.66395787320647,14.598799999999999,-3.291747961629272,0.0,D3,2,46,10
SplitCP,0.1,0.9,0.06936416184971098,0.8306358381502891,3.9943510030005243,0.06893558565037806,230.22231904867806,15.24018187751955,13.233370807577353,-0.5425942635312617,0.0,D4,3,46,10
SplitCP,0.2,0.8,0.05202312138728324,0.7479768786127168,2.3819521662376104,0.041108372160441005,123.10519629354144,15.24018187751955,13.233370807577353,-0.5425942635312617,0.0009989738464355469,D4,3,46,10
SplitCP,0.3,0.7,0.04046242774566474,0.6595375722543352,1.420674331650069,0.024518380331920994,84.9588812733514,15.24018187751955,13.233370807577353,-0.5425942635312617,0.0009999275207519531,D4,3,46,10
TargetOnlyCP,0.1,0.9,0.838150289017341,0.06184971098265901,100.74088066897475,1.738613257230993,109.2383263866352,39.900174622635774,37.97872802588847,-9.57355442068541,0.0010001659393310547,D4,3,46,10
TargetOnlyCP,0.2,0.8,0.838150289017341,0.038150289017340966,100.74088066897475,1.738613257230993,104.98960352780499,39.900174622635774,37.97872802588847,-9.57355442068541,0.0,D4,3,46,10
TargetOnlyCP,0.3,0.7,0.838150289017341,0.13815028901734105,100.74088066897475,1.738613257230993,103.57336257486159,39.900174622635774,37.97872802588847,-9.57355442068541,0.0,D4,3,46,10
TransferCal-CP-affine-localsigma,0.1,0.9,0.9942196531791907,0.09421965317919068,72.28996786178381,1.2475997395961502,72.56583284399107,21.125216672943957,19.324059848032743,-1.963969676527069,0.0,D4,3,46,10
TransferCal-CP-affine-localsigma,0.2,0.8,0.7514450867052023,0.048554913294797775,50.101027213905525,0.864657024403134,64.39146961983403,21.125216672943957,19.324059848032743,-1.963969676527069,0.0009996891021728516,D4,3,46,10
TransferCal-CP-affine-localsigma,0.3,0.7,0.7456647398843931,0.045664739884393124,49.75505148522393,0.8586860820749395,59.574292520130165,21.125216672943957,19.324059848032743,-1.963969676527069,0.0009999275207519531,D4,3,46,10
AdaptiveJackknifeCP,0.1,0.9,1.0,0.09999999999999998,59.00454997514259,1.0183164187418612,59.00454997514259,3.3568085001312067,2.597073421469549,0.9251615912739186,0.0010006427764892578,D4,3,46,10
AdaptiveJackknifeCP,0.2,0.8,1.0,0.19999999999999996,29.737511929370935,0.5132179918831286,29.737511929370935,3.3568085001312067,2.597073421469549,0.9251615912739186,0.0009992122650146484,D4,3,46,10
AdaptiveJackknifeCP,0.3,0.7,1.0,0.30000000000000004,25.23391364611481,0.43549367948367135,25.23391364611481,3.3568085001312067,2.597073421469549,0.9251615912739186,0.0009996891021728516,D4,3,46,10
AdaptiveSplitCP,0.1,0.9,0.838150289017341,0.06184971098265901,100.74088066897475,1.738613257230993,109.2383263866352,39.900174622635774,37.97872802588847,-9.57355442068541,0.0009999275207519531,D4,3,46,10
AdaptiveSplitCP,0.2,0.8,0.838150289017341,0.038150289017340966,100.74088066897475,1.738613257230993,104.98960352780499,39.900174622635774,37.97872802588847,-9.57355442068541,0.0010001659393310547,D4,3,46,10
AdaptiveSplitCP,0.3,0.7,0.838150289017341,0.13815028901734105,100.74088066897475,1.738613257230993,103.57336257486159,39.900174622635774,37.97872802588847,-9.57355442068541,0.0009982585906982422,D4,3,46,10
SplitCP,0.1,0.9,0.06547619047619048,0.8345238095238096,3.9943510030005247,0.0698893027572015,234.6138021476856,15.469793282509691,13.451875079241415,-0.5528578231810601,0.0010004043579101562,D4,3,46,15
SplitCP,0.2,0.8,0.05357142857142857,0.7464285714285714,2.3819521662376104,0.04167710248155436,125.29914665550108,15.469793282509691,13.451875079241415,-0.5528578231810601,0.0,D4,3,46,15
SplitCP,0.3,0.7,0.041666666666666664,0.6583333333333333,1.4206743316500696,0.0248575897334738,86.41710367958463,15.469793282509691,13.451875079241415,-0.5528578231810601,0.0010004043579101562,D4,3,46,15
TargetOnlyCP,0.1,0.9,0.9345238095238095,0.03452380952380951,44.95801290253314,0.7866319641781611,49.200514205447256,12.378662491324766,10.217438853100024,0.005716763489467036,0.0,D4,3,46,15
TargetOnlyCP,0.2,0.8,0.9345238095238095,0.1345238095238095,44.95801290253314,0.7866319641781611,47.079263553990195,12.378662491324766,10.217438853100024,0.005716763489467036,0.0,D4,3,46,15
TargetOnlyCP,0.3,0.7,0.9345238095238095,0.23452380952380958,44.95801290253314,0.7866319641781611,46.37218000350451,12.378662491324766,10.217438853100024,0.005716763489467036,0.0010001659393310547,D4,3,46,15
TransferCal-CP-affine-localsigma,0.1,0.9,0.9107142857142857,0.010714285714285676,33.768661083907986,0.590851474100726,38.03879923585983,9.842645264014989,8.241203185980453,0.3713826843918635,0.0010020732879638672,D4,3,46,15
TransferCal-CP-affine-localsigma,0.2,0.8,0.7619047619047619,0.03809523809523818,23.573044716032484,0.4124584088454549,33.622136062256445,9.842645264014989,8.241203185980453,0.3713826843918635,0.0,D4,3,46,15
TransferCal-CP-affine-localsigma,0.3,0.7,0.7619047619047619,0.06190476190476191,23.441875996487614,0.4101633450552023,30.245372385672535,9.842645264014989,8.241203185980453,0.3713826843918635,0.0009999275207519531,D4,3,46,15
AdaptiveJackknifeCP,0.1,0.9,1.0,0.09999999999999998,40.398113742459486,0.7068472450332235,40.398113742459486,4.796674587895046,3.6687905163230465,0.8507057139226971,0.0,D4,3,46,15
AdaptiveJackknifeCP,0.2,0.8,0.6845238095238095,0.11547619047619051,10.250023006866668,0.17934502016899773,17.90926358642909,4.796674587895046,3.6687905163230465,0.8507057139226971,0.00099945068359375,D4,3,46,15
AdaptiveJackknifeCP,0.3,0.7,0.6845238095238095,0.015476190476190421,10.179326585729285,0.17810804235282446,15.359830430839974,4.796674587895046,3.6687905163230465,0.8507057139226971,0.0,D4,3,46,15
AdaptiveSplitCP,0.1,0.9,0.9940476190476191,0.09404761904761905,36.71373205793936,0.6423814865585465,37.36333768658127,6.223028188674695,4.8474153946767915,0.7487152053896216,0.0009989738464355469,D4,3,46,15
AdaptiveSplitCP,0.2,0.8,0.9940476190476191,0.19404761904761902,36.71373205793936,0.6423814865585465,37.038534872260314,6.223028188674695,4.8474153946767915,0.7487152053896216,0.0009996891021728516,D4,3,46,15
AdaptiveSplitCP,0.3,0.7,0.9940476190476191,0.2940476190476191,36.71373205793936,0.6423814865585465,36.930267267486656,6.223028188674695,4.8474153946767915,0.7487152053896216,0.0009996891021728516,D4,3,46,15
SplitCP,0.05,0.95,0.09815950920245399,0.851840490797546,5.876672196625066,0.10142119188957753,419.43532676873383,15.245912352302849,13.117983479015342,-0.530445999416423,0.0020017623901367188,D4,3,46,20
SplitCP,0.1,0.9,0.0736196319018405,0.8263803680981595,3.9943510030005247,0.06893558565037808,228.0068462151149,15.245912352302849,13.117983479015342,-0.530445999416423,0.00099945068359375,D4,3,46,20
SplitCP,0.2,0.8,0.05521472392638037,0.7447852760736197,2.3819521662376104,0.041108372160441005,121.96968477986725,15.245912352302849,13.117983479015342,-0.530445999416423,0.0010004043579101562,D4,3,46,20
SplitCP,0.3,0.7,0.04294478527607362,0.6570552147239264,1.4206743316500694,0.024518380331921,84.19278063692691,15.245912352302849,13.117983479015342,-0.530445999416423,0.0010006427764892578,D4,3,46,20
TargetOnlyCP,0.05,0.95,0.9877300613496932,0.037730061349693256,56.88860724237722,0.9817989090447238,57.35178039391944,8.588017335267727,6.709172144886017,0.5143795155684978,0.0,D4,3,46,20
TargetOnlyCP,0.1,0.9,0.9877300613496932,0.08773006134969319,56.88860724237722,0.9817989090447238,57.12019381814833,8.588017335267727,6.709172144886017,0.5143795155684978,0.0,D4,3,46,20
TargetOnlyCP,0.2,0.8,0.9877300613496932,0.18773006134969317,56.88860724237722,0.9817989090447238,57.00440053026277,8.588017335267727,6.709172144886017,0.5143795155684978,0.0,D4,3,46,20
TargetOnlyCP,0.3,0.7,0.9877300613496932,0.28773006134969326,56.88860724237722,0.9817989090447238,56.96580276763425,8.588017335267727,6.709172144886017,0.5143795155684978,0.0010075569152832031,D4,3,46,20
TransferCal-CP-affine-localsigma,0.05,0.95,0.9815950920245399,0.03159509202453992,39.058793781364784,0.6740871851505066,42.04702150374268,9.330100054878455,7.497767028222763,0.4268295722693267,0.0010006427764892578,D4,3,46,20
TransferCal-CP-affine-localsigma,0.1,0.9,0.9815950920245399,0.08159509202453985,39.058793781364784,0.6740871851505066,40.55290764255373,9.330100054878455,7.497767028222763,0.4268295722693267,0.0010004043579101562,D4,3,46,20
TransferCal-CP-affine-localsigma,0.2,0.8,0.8282208588957055,0.02822085889570547,27.013528701074982,0.46620675551373325,32.67606247314202,9.330100054878455,7.497767028222763,0.4268295722693267,0.0019996166229248047,D4,3,46,20
TransferCal-CP-affine-localsigma,0.3,0.7,0.8282208588957055,0.12822085889570556,26.935352490841225,0.46485756941758327,30.755138479715065,9.330100054878455,7.497767028222763,0.4268295722693267,0.0009996891021728516,D4,3,46,20
AdaptiveJackknifeCP,0.05,0.95,1.0,0.050000000000000044,23.4492248193692,0.4046930389333099,23.4492248193692,3.5019027637619105,2.8814627264300188,0.9192543120549858,0.0010001659393310547,D4,3,46,20
AdaptiveJackknifeCP,0.1,0.9,1.0,0.09999999999999998,21.671773619743394,0.37401730730153077,21.671773619743394,3.5019027637619105,2.8814627264300188,0.9192543120549858,0.0009996891021728516,D4,3,46,20
AdaptiveJackknifeCP,0.2,0.8,1.0,0.19999999999999996,17.25642686372584,0.2978160635332882,17.25642686372584,3.5019027637619105,2.8814627264300188,0.9192543120549858,0.0010035037994384766,D4,3,46,20
AdaptiveJackknifeCP,0.3,0.7,0.7791411042944786,0.07914110429447863,8.858229312210042,0.1528777077937897,11.06918809231117,3.5019027637619105,2.8814627264300188,0.9192543120549858,0.002000570297241211,D4,3,46,20
AdaptiveSplitCP,0.05,0.95,0.9877300613496932,0.037730061349693256,26.04152795189774,0.44943170473657185,26.199502254757363,5.665592663251769,4.579618363820109,0.788650187404081,0.001997709274291992,D4,3,46,20
AdaptiveSplitCP,0.1,0.9,0.9877300613496932,0.08773006134969319,26.04152795189774,0.44943170473657185,26.12051510332755,5.665592663251769,4.579618363820109,0.788650187404081,0.001001596450805664,D4,3,46,20
AdaptiveSplitCP,0.2,0.8,0.9877300613496932,0.18773006134969317,26.04152795189774,0.44943170473657185,26.08102152761265,5.665592663251769,4.579618363820109,0.788650187404081,0.0010001659393310547,D4,3,46,20
AdaptiveSplitCP,0.3,0.7,0.9877300613496932,0.28773006134969326,26.04152795189774,0.44943170473657185,26.067857002374343,5.665592663251769,4.579618363820109,0.788650187404081,0.0009992122650146484,D4,3,46,20
SplitCP,0.05,0.95,0.08496732026143791,0.865032679738562,5.876672196625066,0.10142119188957753,420.90440361001623,15.176050942138392,13.190704800027774,-0.555377334186641,0.0010018348693847656,D4,3,46,30
SplitCP,0.1,0.9,0.058823529411764705,0.8411764705882353,3.9943510030005243,0.06893558565037806,229.00654277763118,15.176050942138392,13.190704800027774,-0.555377334186641,0.0,D4,3,46,30
SplitCP,0.2,0.8,0.0392156862745098,0.7607843137254903,2.38195216623761,0.041108372160441,122.59620554994254,15.176050942138392,13.190704800027774,-0.555377334186641,0.0010013580322265625,D4,3,46,30
SplitCP,0.3,0.7,0.032679738562091505,0.6673202614379085,1.420674331650069,0.024518380331920994,84.64646162213596,15.176050942138392,13.190704800027774,-0.555377334186641,0.0,D4,3,46,30
TargetOnlyCP,0.05,0.95,0.954248366013072,0.004248366013071991,39.254855565516564,0.6774708722385988,40.80351889763815,8.772855875232366,6.854881059739203,0.4802431715337121,0.0,D4,3,46,30
TargetOnlyCP,0.1,0.9,0.954248366013072,0.054248366013071925,39.254855565516564,0.6774708722385988,40.02918723157736,8.772855875232366,6.854881059739203,0.4802431715337121,0.0,D4,3,46,30
TargetOnlyCP,0.2,0.8,0.954248366013072,0.1542483660130719,39.254855565516564,0.6774708722385988,39.64202139854695,8.772855875232366,6.854881059739203,0.4802431715337121,0.0,D4,3,46,30
TargetOnlyCP,0.3,0.7,0.954248366013072,0.254248366013072,39.254855565516564,0.6774708722385988,39.51296612087017,8.772855875232366,6.854881059739203,0.4802431715337121,0.0,D4,3,46,30
TransferCal-CP-affine-localsigma,0.05,0.95,0.9934640522875817,0.04346405228758177,49.17667611225804,0.848704324079408,49.645855766253455,10.969997437900727,8.747302167086792,0.18729811554568987,0.0,D4,3,46,30
TransferCal-CP-affine-localsigma,0.1,0.9,0.9934640522875817,0.0934640522875817,49.17667611225804,0.848704324079408,49.41126593925575,10.969997437900727,8.747302167086792,0.18729811554568987,0.0009996891021728516,D4,3,46,30
TransferCal-CP-affine-localsigma,0.2,0.8,0.9084967320261438,0.10849673202614374,41.10901363366867,0.7094704316715138,42.7382075701473,10.969997437900727,8.747302167086792,0.18729811554568987,0.0,D4,3,46,30
TransferCal-CP-affine-localsigma,0.3,0.7,0.8888888888888888,0.18888888888888888,38.59474962825982,0.6660785861470905,40.489820237974,10.969997437900727,8.747302167086792,0.18729811554568987,0.0010006427764892578,D4,3,46,30
AdaptiveJackknifeCP,0.05,0.95,1.0,0.050000000000000044,25.063221173339414,0.4325478228055667,25.063221173339414,3.0819505487227974,2.453281821947393,0.9358540049425804,0.0010037422180175781,D4,3,46,30
AdaptiveJackknifeCP,0.1,0.9,0.9869281045751634,0.08692810457516342,16.533106751880155,0.28533281018741974,16.623897276594263,3.0819505487227974,2.453281821947393,0.9358540049425804,0.0,D4,3,46,30
AdaptiveJackknifeCP,0.2,0.8,0.8954248366013072,0.09542483660130718,10.23256505377941,0.1765963642549176,11.72576385109116,3.0819505487227974,2.453281821947393,0.9358540049425804,0.0010006427764892578,D4,3,46,30
AdaptiveJackknifeCP,0.3,0.7,0.869281045751634,0.16928104575163405,9.066344568210528,0.15646941694613883,10.501101413394938,3.0819505487227974,2.453281821947393,0.9358540049425804,0.00099945068359375,D4,3,46,30
AdaptiveSplitCP,0.05,0.95,0.9803921568627451,0.0303921568627451,15.101942347656337,0.2606333893570941,15.732424165534711,3.6906885053939034,3.069871487853088,0.9080116139953969,0.0009996891021728516,D4,3,46,30
AdaptiveSplitCP,0.1,0.9,0.9803921568627451,0.08039215686274503,15.101942347656337,0.2606333893570941,15.417183256595521,3.6906885053939034,3.069871487853088,0.9080116139953969,0.0009999275207519531,D4,3,46,30
AdaptiveSplitCP,0.2,0.8,0.9803921568627451,0.180392156862745,15.101942347656337,0.2606333893570941,15.25956280212593,3.6906885053939034,3.069871487853088,0.9080116139953969,0.0010001659393310547,D4,3,46,30
AdaptiveSplitCP,0.3,0.7,0.9803921568627451,0.2803921568627451,15.101942347656337,0.2606333893570941,15.207022650636066,3.6906885053939034,3.069871487853088,0.9080116139953969,0.0,D4,3,46,30
SplitCP,0.05,0.95,0.10526315789473684,0.8447368421052631,5.876672196625066,0.10142119188957753,419.423629215648,15.264790503982253,13.11468531519829,-0.3802210585349788,0.0009999275207519531,D4,3,46,50
SplitCP,0.1,0.9,0.07518796992481203,0.824812030075188,3.9943510030005256,0.06893558565037809,227.92539671351133,15.264790503982253,13.11468531519829,-0.3802210585349788,0.0010006427764892578,D4,3,46,50
SplitCP,0.2,0.8,0.05263157894736842,0.7473684210526317,2.381952166237611,0.04110837216044102,121.9418074958351,15.264790503982253,13.11468531519829,-0.3802210585349788,0.0009996891021728516,D4,3,46,50
SplitCP,0.3,0.7,0.045112781954887216,0.6548872180451127,1.4206743316500696,0.024518380331921004,84.18189353252701,15.264790503982253,13.11468531519829,-0.3802210585349788,0.0009996891021728516,D4,3,46,50
TargetOnlyCP,0.05,0.95,0.9323308270676691,0.017669172932330834,25.88086802990927,0.44665899252262276,39.08811616126061,7.649436931456192,6.139607924561512,0.6534021302364603,0.0,D4,3,46,50
TargetOnlyCP,0.1,0.9,0.9323308270676691,0.0323308270676691,25.88086802990927,0.44665899252262276,32.48449209558494,7.649436931456192,6.139607924561512,0.6534021302364603,0.0,D4,3,46,50
TargetOnlyCP,0.2,0.8,0.9323308270676691,0.13233082706766908,25.88086802990927,0.44665899252262276,29.182680062747103,7.649436931456192,6.139607924561512,0.6534021302364603,0.0,D4,3,46,50
TargetOnlyCP,0.3,0.7,0.9323308270676691,0.23233082706766917,25.88086802990927,0.44665899252262276,28.08207605180116,7.649436931456192,6.139607924561512,0.6534021302364603,0.0,D4,3,46,50
TransferCal-CP-affine-localsigma,0.05,0.95,0.7969924812030075,0.15300751879699248,26.2271291059532,0.45263485945246634,58.1922726720459,9.791257824106722,7.724333242196769,0.43213653803917085,0.0010004043579101562,D4,3,46,50
TransferCal-CP-affine-localsigma,0.1,0.9,0.7669172932330827,0.13308270676691736,25.009964213873175,0.4316286998521743,43.77360984068679,9.791257824106722,7.724333242196769,0.43213653803917085,0.0009996891021728516,D4,3,46,50
TransferCal-CP-affine-localsigma,0.2,0.8,0.6917293233082706,0.1082706766917294,20.331077913770855,0.35087921963704216,35.91757246561911,9.791257824106722,7.724333242196769,0.43213653803917085,0.0009996891021728516,D4,3,46,50
TransferCal-CP-affine-localsigma,0.3,0.7,0.631578947368421,0.06842105263157894,17.03556872931314,0.2940044343524895,31.153183542249614,9.791257824106722,7.724333242196769,0.43213653803917085,0.0009992122650146484,D4,3,46,50
AdaptiveJackknifeCP,0.05,0.95,0.9849624060150376,0.03496240601503764,16.13383975936557,0.2784421528718302,16.27942500624179,3.055818679922187,2.4072365930552846,0.9446876493591101,0.0010001659393310547,D4,3,46,50
AdaptiveJackknifeCP,0.1,0.9,0.9398496240601504,0.03984962406015036,12.697682278701791,0.21914002140202504,14.05980453472681,3.055818679922187,2.4072365930552846,0.9446876493591101,0.0015039443969726562,D4,3,46,50
AdaptiveJackknifeCP,0.2,0.8,0.8947368421052632,0.09473684210526312,9.69766026294425,0.1673648332763643,11.463202521146581,3.055818679922187,2.4072365930552846,0.9446876493591101,0.0,D4,3,46,50
AdaptiveJackknifeCP,0.3,0.7,0.8045112781954887,0.10451127819548878,7.65473469814438,0.13210747353411384,9.785371843838025,3.055818679922187,2.4072365930552846,0.9446876493591101,0.0010006427764892578,D4,3,46,50
AdaptiveSplitCP,0.05,0.95,0.9624060150375939,0.012406015037593976,13.245252232352923,0.22859013117233212,16.349120153572272,3.2527223391942552,2.5377135569317093,0.9373298206869667,0.0,D4,3,46,50
AdaptiveSplitCP,0.1,0.9,0.9624060150375939,0.06240601503759391,13.245252232352923,0.22859013117233212,14.797186192962597,3.2527223391942552,2.5377135569317093,0.9373298206869667,0.0009987354278564453,D4,3,46,50
AdaptiveSplitCP,0.2,0.8,0.9624060150375939,0.1624060150375939,13.245252232352923,0.22859013117233212,14.02121921265776,3.2527223391942552,2.5377135569317093,0.9373298206869667,0.0010001659393310547,D4,3,46,50
AdaptiveSplitCP,0.3,0.7,0.9624060150375939,0.262406015037594,13.245252232352923,0.22859013117233212,13.762563552556148,3.2527223391942552,2.5377135569317093,0.9373298206869667,0.0,D4,3,46,50
SplitCP,0.1,0.9,0.06350914962325081,0.8364908503767492,2.5287315182056886,0.03312893381205816,182.4686753608407,12.224013834212649,10.21905976796152,0.4559007922022168,0.0010001659393310547,D1,0,47,10
SplitCP,0.2,0.8,0.04413347685683531,0.7558665231431647,1.630880880697539,0.021366184730563047,95.85282672153753,12.224013834212649,10.21905976796152,0.4559007922022168,0.0009999275207519531,D1,0,47,10
SplitCP,0.3,0.7,0.03767491926803014,0.6623250807319698,1.2347083304443771,0.01617592467290211,65.31545902533611,12.224013834212649,10.21905976796152,0.4559007922022168,0.0009999275207519531,D1,0,47,10
TargetOnlyCP,0.1,0.9,0.9892357373519914,0.08923573735199142,75.03999999999998,0.9830996985480019,75.6199784714747,16.82605404500744,13.750419806243272,-0.03089631488802347,0.0009996891021728516,D1,0,47,10
TargetOnlyCP,0.2,0.8,0.9892357373519914,0.1892357373519914,75.03999999999998,0.9830996985480019,75.32998923573733,16.82605404500744,13.750419806243272,-0.03089631488802347,0.0,D1,0,47,10
TargetOnlyCP,0.3,0.7,0.9892357373519914,0.2892357373519915,75.03999999999998,0.9830996985480019,75.23332615715822,16.82605404500744,13.750419806243272,-0.03089631488802347,0.0,D1,0,47,10
TransferCal-CP-affine-localsigma,0.1,0.9,0.9817007534983854,0.08170075349838535,50.24128354654444,0.6582114966587492,52.148635560354286,11.675431632024754,9.549505857314424,0.5036405230195979,0.0019927024841308594,D1,0,47,10
TransferCal-CP-affine-localsigma,0.2,0.8,0.9644779332615716,0.16447793326157156,47.50601253188332,0.6223766870910462,48.87062984462003,11.675431632024754,9.549505857314424,0.5036405230195979,0.0019998550415039062,D1,0,47,10
TransferCal-CP-affine-localsigma,0.3,0.7,0.907427341227126,0.20742734122712603,37.15443902675224,0.48676063175533396,40.13002546983642,11.675431632024754,9.549505857314424,0.5036405230195979,0.002000093460083008,D1,0,47,10
AdaptiveJackknifeCP,0.1,0.9,1.0,0.09999999999999998,509.6984702427156,6.677564131742958,509.6984702427156,17.879147567607866,14.829441540915205,-0.16397605415108463,0.0030002593994140625,D1,0,47,10
AdaptiveJackknifeCP,0.2,0.8,1.0,0.19999999999999996,181.03144044621982,2.3716944900105186,181.03144044621982,17.879147567607866,14.829441540915205,-0.16397605415108463,0.0020008087158203125,D1,0,47,10
AdaptiveJackknifeCP,0.3,0.7,0.8223896663078579,0.12238966630785797,48.26680410645162,0.6323438241861417,57.03564747782322,17.879147567607866,14.829441540915205,-0.16397605415108463,0.002007722854614258,D1,0,47,10
AdaptiveSplitCP,0.1,0.9,0.9892357373519914,0.08923573735199142,75.03999999999998,0.9830996985480019,75.6199784714747,16.82605404500744,13.750419806243272,-0.03089631488802347,0.001996278762817383,D1,0,47,10
AdaptiveSplitCP,0.2,0.8,0.9892357373519914,0.1892357373519914,75.03999999999998,0.9830996985480019,75.32998923573733,16.82605404500744,13.750419806243272,-0.03089631488802347,0.002009868621826172,D1,0,47,10
AdaptiveSplitCP,0.3,0.7,0.9892357373519914,0.2892357373519915,75.03999999999998,0.9830996985480019,75.23332615715822,16.82605404500744,13.750419806243272,-0.03089631488802347,0.0019998550415039062,D1,0,47,10
SplitCP,0.1,0.9,0.06277056277056277,0.8372294372294372,2.528731518205689,0.03312893381205817,182.78154489703277,12.22229275724121,10.234617146703343,0.45731737040412224,0.001999378204345703,D1,0,47,15
SplitCP,0.2,0.8,0.044372294372294376,0.7556277056277056,1.630880880697539,0.021366184730563047,96.00940566352669,12.22229275724121,10.234617146703343,0.45731737040412224,0.0020012855529785156,D1,0,47,15
SplitCP,0.3,0.7,0.03787878787878788,0.6621212121212121,1.2347083304443771,0.01617592467290211,65.41955031656926,12.22229275724121,10.234617146703343,0.45731737040412224,0.0024995803833007812,D1,0,47,15
TargetOnlyCP,0.1,0.9,0.9318181818181818,0.031818181818181746,72.2462008507408,0.9464981113752893,141.03363314896,27.457700772907796,14.726146613861792,-1.7388540659064406,0.0010075569152832031,D1,0,47,15
TargetOnlyCP,0.2,0.8,0.9318181818181818,0.13181818181818172,72.2462008507408,0.9464981113752893,106.6399169998504,27.457700772907796,14.726146613861792,-1.7388540659064406,0.0,D1,0,47,15
TargetOnlyCP,0.3,0.7,0.9318181818181818,0.2318181818181818,72.2462008507408,0.9464981113752893,95.1753449501472,27.457700772907796,14.726146613861792,-1.7388540659064406,0.0,D1,0,47,15
TransferCal-CP-affine-localsigma,0.1,0.9,1.0,0.09999999999999998,97.14842819011454,1.2727424102893636,97.14842819011454,14.71865096588601,11.289673737690066,0.21299666995055422,0.0019991397857666016,D1,0,47,15
TransferCal-CP-affine-localsigma,0.2,0.8,0.8625541125541125,0.06255411255411247,47.419106538129206,0.6212381309041901,55.1813232356149,14.71865096588601,11.289673737690066,0.21299666995055422,0.0019979476928710938,D1,0,47,15
TransferCal-CP-affine-localsigma,0.3,0.7,0.8593073593073594,0.1593073593073594,46.75117824665016,0.6124875964958115,52.234215194581076,14.71865096588601,11.289673737690066,0.21299666995055422,0.002000093460083008,D1,0,47,15
AdaptiveJackknifeCP,0.1,0.9,0.9523809523809523,0.052380952380952306,129.3714674331086,1.6948967301999167,167.16184605701523,28.003405372900506,16.039731533173615,-1.8488019050610665,0.0020012855529785156,D1,0,47,15
AdaptiveJackknifeCP,0.2,0.8,0.9242424242424242,0.12424242424242415,68.78383574873828,0.9011376357883782,104.79813382952851,28.003405372900506,16.039731533173615,-1.8488019050610665,0.0019922256469726562,D1,0,47,15
AdaptiveJackknifeCP,0.3,0.7,0.8322510822510822,0.13225108225108229,44.345480528405346,0.5809705295767804,77.91747871677875,28.003405372900506,16.039731533173615,-1.8488019050610665,0.002000093460083008,D1,0,47,15
AdaptiveSplitCP,0.1,0.9,0.9134199134199135,0.013419913419913443,906.7924676487235,11.879896076639913,2213.8608518427554,443.1217276463992,243.49611863969074,-712.3236898139482,0.0019948482513427734,D1,0,47,15
AdaptiveSplitCP,0.2,0.8,0.9134199134199135,0.11341991341991342,906.7924676487235,11.879896076639913,1560.3266597457396,443.1217276463992,243.49611863969074,-712.3236898139482,0.002999544143676758,D1,0,47,15
AdaptiveSplitCP,0.3,0.7,0.9134199134199135,0.2134199134199135,906.7924676487235,11.879896076639913,1342.4819290467344,443.1217276463992,243.49611863969074,-712.3236898139482,0.0020036697387695312,D1,0,47,15
SplitCP,0.05,0.95,0.08052230685527748,0.8694776931447225,3.5441738345275984,0.046432252509672166,348.2325357881286,12.316569721967845,10.309539551733272,0.45128849952329586,0.0030019283294677734,D1,0,47,20
SplitCP,0.1,0.9,0.06311207834602829,0.8368879216539717,2.528731518205689,0.03312893381205817,184.28690794762082,12.316569721967845,10.309539551733272,0.45128849952329586,0.0030045509338378906,D1,0,47,20
SplitCP,0.2,0.8,0.04461371055495103,0.755386289445049,1.630880880697539,0.021366184730563047,96.7596458058787,12.316569721967845,10.309539551733272,0.45128849952329586,0.0019998550415039062,D1,0,47,20
SplitCP,0.3,0.7,0.03808487486398259,0.6619151251360174,1.2347083304443771,0.01617592467290211,65.9194125349566,12.316569721967845,10.309539551733272,0.45128849952329586,0.0019998550415039062,D1,0,47,20
TargetOnlyCP,0.05,0.95,0.9477693144722524,0.0022306855277475224,69.11918550789233,0.9055310559260713,112.1510997249196,18.093703882376815,12.889873400827915,-0.18418479473333527,0.0,D1,0,47,20
TargetOnlyCP,0.1,0.9,0.9477693144722524,0.04776931447225241,69.11918550789233,0.9055310559260713,90.63514261640597,18.093703882376815,12.889873400827915,-0.18418479473333527,0.0,D1,0,47,20
TargetOnlyCP,0.2,0.8,0.9477693144722524,0.1477693144722524,69.11918550789233,0.9055310559260713,79.87716406214915,18.093703882376815,12.889873400827915,-0.18418479473333527,0.000993490219116211,D1,0,47,20
TargetOnlyCP,0.3,0.7,0.9477693144722524,0.24776931447225248,69.11918550789233,0.9055310559260713,76.29117121073021,18.093703882376815,12.889873400827915,-0.18418479473333527,0.0,D1,0,47,20
TransferCal-CP-affine-localsigma,0.05,0.95,0.9096844396082698,0.04031556039173012,38.57748574359431,0.5054039792812822,54.070143356680795,12.018827229501694,9.925819364427158,0.47749709681416375,0.003011941909790039,D1,0,47,20
TransferCal-CP-affine-localsigma,0.1,0.9,0.9096844396082698,0.009684439608269813,38.57748574359431,0.5054039792812822,46.323814550137556,12.018827229501694,9.925819364427158,0.47749709681416375,0.0019998550415039062,D1,0,47,20
TransferCal-CP-affine-localsigma,0.2,0.8,0.780195865070729,0.019804134929271022,30.54971995842118,0.4002321492783815,40.39763373716061,12.018827229501694,9.925819364427158,0.47749709681416375,0.0020003318786621094,D1,0,47,20
TransferCal-CP-affine-localsigma,0.3,0.7,0.6996735582154516,0.00032644178454832584,26.273736763042667,0.3442124559098722,36.61538123385931,12.018827229501694,9.925819364427158,0.47749709681416375,0.001999378204345703,D1,0,47,20
AdaptiveJackknifeCP,0.05,0.95,1.0,0.050000000000000044,85.4736718681117,1.1197913252576155,85.4736718681117,12.273347847959487,10.051844520596477,0.45513286961002397,0.0029926300048828125,D1,0,47,20
AdaptiveJackknifeCP,0.1,0.9,1.0,0.09999999999999998,81.55158173423139,1.0684079879935453,81.55158173423139,12.273347847959487,10.051844520596477,0.45513286961002397,0.0020074844360351562,D1,0,47,20
AdaptiveJackknifeCP,0.2,0.8,0.941240478781284,0.14124047878128398,43.95235720238112,0.5758202174325027,46.892839386188015,12.273347847959487,10.051844520596477,0.45513286961002397,0.0019969940185546875,D1,0,47,20
AdaptiveJackknifeCP,0.3,0.7,0.7910772578890098,0.09107725788900989,31.203517235933777,0.4087975531487725,38.3547240767826,12.273347847959487,10.051844520596477,0.45513286961002397,0.0019941329956054688,D1,0,47,20
AdaptiveSplitCP,0.05,0.95,0.9521218715995647,0.002121871599564784,71.65468454610887,0.9387486510771831,108.10343545065487,17.140473246494363,12.135334916865194,-0.06269867851333255,0.002010345458984375,D1,0,47,20
AdaptiveSplitCP,0.1,0.9,0.9521218715995647,0.05212187159956472,71.65468454610887,0.9387486510771831,89.87905999838186,17.140473246494363,12.135334916865194,-0.06269867851333255,0.001996755599975586,D1,0,47,20
AdaptiveSplitCP,0.2,0.8,0.9521218715995647,0.1521218715995647,71.65468454610887,0.9387486510771831,80.76687227224538,17.140473246494363,12.135334916865194,-0.06269867851333255,0.0020012855529785156,D1,0,47,20
AdaptiveSplitCP,0.3,0.7,0.9521218715995647,0.2521218715995648,71.65468454610887,0.9387486510771831,77.72947636353322,17.140473246494363,12.135334916865194,-0.06269867851333255,0.001990079879760742,D1,0,47,20
SplitCP,0.05,0.95,0.0814081408140814,0.8685918591859185,3.544173834527598,0.04643225250967216,342.3814303343449,12.173390188374519,10.16204159631627,0.4599115091685334,0.0019998550415039062,D1,0,47,30
SplitCP,0.1,0.9,0.06490649064906491,0.8350935093509351,2.5287315182056886,0.03312893381205816,181.34692719010204,12.173390188374519,10.16204159631627,0.4599115091685334,0.0009999275207519531,D1,0,47,30
SplitCP,0.2,0.8,0.045104510451045104,0.7548954895489549,1.6308808806975388,0.021366184730563044,95.28673197020518,12.173390188374519,10.16204159631627,0.4599115091685334,0.0009982585906982422,D1,0,47,30
SplitCP,0.3,0.7,0.03850385038503851,0.6614961496149614,1.2347083304443773,0.016175924672902114,64.9368643939049,12.173390188374519,10.16204159631627,0.4599115091685334,0.0038607120513916016,D1,0,47,30
TargetOnlyCP,0.05,0.95,0.9691969196919692,0.01919691969196924,201.76725624154966,2.643354594721815,256.7342282023831,31.542569310367277,16.17991373484092,-2.626068213244731,0.0,D1,0,47,30
TargetOnlyCP,0.1,0.9,0.9691969196919692,0.06919691969196917,201.76725624154966,2.643354594721815,229.2507422219664,31.542569310367277,16.17991373484092,-2.626068213244731,0.0,D1,0,47,30
TargetOnlyCP,0.2,0.8,0.9691969196919692,0.16919691969196915,201.76725624154966,2.643354594721815,215.50899923175803,31.542569310367277,16.17991373484092,-2.626068213244731,0.0,D1,0,47,30
TargetOnlyCP,0.3,0.7,0.9691969196919692,0.26919691969196924,201.76725624154966,2.643354594721815,210.9284182350219,31.542569310367277,16.17991373484092,-2.626068213244731,0.0,D1,0,47,30
TransferCal-CP-affine-localsigma,0.05,0.95,0.9911991199119912,0.04119911991199121,57.85558462505605,0.7579665219111279,60.045333247222956,11.56769957182927,9.305253289915449,0.5123189959219365,0.002000093460083008,D1,0,47,30
TransferCal-CP-affine-localsigma,0.1,0.9,0.9911991199119912,0.09119911991199114,57.85558462505605,0.7579665219111279,58.950458936139505,11.56769957182927,9.305253289915449,0.5123189959219365,0.002030611038208008,D1,0,47,30
TransferCal-CP-affine-localsigma,0.2,0.8,0.9493949394939494,0.14939493949394933,45.78200853187722,0.599790495557177,47.74317671059299,11.56769957182927,9.305253289915449,0.5123189959219365,0.0019998550415039062,D1,0,47,30
TransferCal-CP-affine-localsigma,0.3,0.7,0.9471947194719472,0.24719471947194727,44.98033584285622,0.5892877746228659,46.42791936033358,11.56769957182927,9.305253289915449,0.5123189959219365,0.0024042129516601562,D1,0,47,30
AdaptiveJackknifeCP,0.05,0.95,1.0,0.050000000000000044,201.36729593701207,2.6381147112620327,201.36729593701207,12.767574562041656,9.998426216477347,0.4059012436340109,0.0019998550415039062,D1,0,47,30
AdaptiveJackknifeCP,0.1,0.9,0.977997799779978,0.077997799779978,67.05528744927817,0.8784919093474814,69.37735427276411,12.767574562041656,9.998426216477347,0.4059012436340109,0.0019991397857666016,D1,0,47,30
AdaptiveJackknifeCP,0.2,0.8,0.9438943894389439,0.14389438943894384,48.03959795104958,0.6293671943502674,52.31367102501958,12.767574562041656,9.998426216477347,0.4059012436340109,0.0020029544830322266,D1,0,47,30
AdaptiveJackknifeCP,0.3,0.7,0.8987898789878987,0.1987898789878988,40.32572052714745,0.5283076185230496,45.13953730929248,12.767574562041656,9.998426216477347,0.4059012436340109,0.0019996166229248047,D1,0,47,30
AdaptiveSplitCP,0.05,0.95,0.9361936193619362,0.01380638063806372,74.17043042250694,0.9717074598819583,99.18006965790241,19.00314722611854,14.539195241547196,-0.316112166149469,0.0021588802337646484,D1,0,47,30
AdaptiveSplitCP,0.1,0.9,0.9361936193619362,0.03619361936193621,74.17043042250694,0.9717074598819583,86.67525004020466,19.00314722611854,14.539195241547196,-0.316112166149469,0.002003192901611328,D1,0,47,30
AdaptiveSplitCP,0.2,0.8,0.9361936193619362,0.1361936193619362,74.17043042250694,0.9717074598819583,80.42284023135582,19.00314722611854,14.539195241547196,-0.316112166149469,0.002999544143676758,D1,0,47,30
AdaptiveSplitCP,0.3,0.7,0.9361936193619362,0.23619361936193628,74.17043042250694,0.9717074598819583,78.3387036284062,19.00314722611854,14.539195241547196,-0.316112166149469,0.002000093460083008,D1,0,47,30
SplitCP,0.05,0.95,0.07874015748031496,0.871259842519685,3.544173834527598,0.04643225250967216,345.398898002322,12.195959135828238,10.240696334633041,0.4664237968277837,0.0019996166229248047,D1,0,47,50
SplitCP,0.1,0.9,0.06186726659167604,0.838132733408324,2.528731518205688,0.033128933812058156,182.88604948773263,12.195959135828238,10.240696334633041,0.4664237968277837,0.0019960403442382812,D1,0,47,50
SplitCP,0.2,0.8,0.04274465691788527,0.7572553430821147,1.630880880697539,0.021366184730563047,96.06841817543018,12.195959135828238,10.240696334633041,0.4664237968277837,0.0019998550415039062,D1,0,47,50
SplitCP,0.3,0.7,0.03712035995500562,0.6628796400449943,1.234708330444377,0.016175924672902107,65.46040171382522,12.195959135828238,10.240696334633041,0.4664237968277837,0.002009153366088867,D1,0,47,50
TargetOnlyCP,0.05,0.95,0.9201349831271091,0.029865016872890893,50.34491154339934,0.6595691279549805,75.8203158572028,14.334029560545812,10.946789676088546,0.2629429191004571,0.0,D1,0,47,50
TargetOnlyCP,0.1,0.9,0.9201349831271091,0.02013498312710904,50.34491154339934,0.6595691279549805,63.082613700301074,14.334029560545812,10.946789676088546,0.2629429191004571,0.0,D1,0,47,50
TargetOnlyCP,0.2,0.8,0.9201349831271091,0.12013498312710902,50.34491154339934,0.6595691279549805,56.713762621850215,14.334029560545812,10.946789676088546,0.2629429191004571,0.0010013580322265625,D1,0,47,50
TargetOnlyCP,0.3,0.7,0.9201349831271091,0.2201349831271091,50.34491154339934,0.6595691279549805,54.59081226236659,14.334029560545812,10.946789676088546,0.2629429191004571,0.0,D1,0,47,50
TransferCal-CP-affine-localsigma,0.05,0.95,0.96962879640045,0.01962879640045001,52.783435028139465,0.6915162455289442,58.038409739303276,11.915026514752237,9.548436021664568,0.49072242005837585,0.0020003318786621094,D1,0,47,50
TransferCal-CP-affine-localsigma,0.1,0.9,0.9583802024746907,0.05838020247469067,46.8924121576672,0.6143379032035088,51.68026951711332,11.915026514752237,9.548436021664568,0.49072242005837585,0.0020029544830322266,D1,0,47,50
TransferCal-CP-affine-localsigma,0.2,0.8,0.9043869516310461,0.10438695163104605,38.97826250088591,0.5106545590957601,43.898932601246116,11.915026514752237,9.548436021664568,0.49072242005837585,0.0020067691802978516,D1,0,47,50
TransferCal-CP-affine-localsigma,0.3,0.7,0.78177727784027,0.08177727784027,28.920611010493197,0.3788891786545828,37.26284619512082,11.915026514752237,9.548436021664568,0.49072242005837585,0.001998424530029297,D1,0,47,50
AdaptiveJackknifeCP,0.05,0.95,0.968503937007874,0.018503937007874005,49.09337273856215,0.6431727070893545,56.39660129536814,11.495897664324602,9.183337133755138,0.5259214460357984,0.0019996166229248047,D1,0,47,50
AdaptiveJackknifeCP,0.1,0.9,0.9313835770528683,0.03138357705286832,41.33644970990496,0.5415491904164742,48.67717442014319,11.495897664324602,9.183337133755138,0.5259214460357984,0.0019981861114501953,D1,0,47,50
AdaptiveJackknifeCP,0.2,0.8,0.8785151856017998,0.07851518560179971,34.491298206364434,0.45187080049581724,41.36877407403122,11.495897664324602,9.183337133755138,0.5259214460357984,0.002000093460083008,D1,0,47,50
AdaptiveJackknifeCP,0.3,0.7,0.813273340832396,0.11327334083239604,29.04741925823346,0.3805504946210921,36.39432913507104,11.495897664324602,9.183337133755138,0.5259214460357984,0.002007722854614258,D1,0,47,50
AdaptiveSplitCP,0.05,0.95,0.9493813273340832,0.000618672665916753,46.038785672444995,0.6031545351292212,60.07268416165565,11.778973080773754,9.085900643227333,0.5022865354289621,0.002000093460083008,D1,0,47,50
AdaptiveSplitCP,0.1,0.9,0.9493813273340832,0.04938132733408318,46.038785672444995,0.6031545351292212,53.05573491705032,11.778973080773754,9.085900643227333,0.5022865354289621,0.0020012855529785156,D1,0,47,50
AdaptiveSplitCP,0.2,0.8,0.9493813273340832,0.14938132733408316,46.038785672444995,0.6031545351292212,49.54726029474766,11.778973080773754,9.085900643227333,0.5022865354289621,0.003000974655151367,D1,0,47,50
AdaptiveSplitCP,0.3,0.7,0.9493813273340832,0.24938132733408325,46.038785672444995,0.6031545351292212,48.3777687539801,11.778973080773754,9.085900643227333,0.5022865354289621,0.002004384994506836,D1,0,47,50
SplitCP,0.1,0.9,0.0,0.9,2.67594966553861,0.06473027733167168,317.708328783354,18.275238860494152,17.08959378866007,-4.699359700027706,0.0,D2,1,47,10
SplitCP,0.2,0.8,0.0,0.8,1.9497553169272455,0.04716389251223044,163.09691661889175,18.275238860494152,17.08959378866007,-4.699359700027706,0.0010004043579101562,D2,1,47,10
SplitCP,0.3,0.7,0.0,0.7,1.5032610440566998,0.03636335374197064,110.42301615493484,18.275238860494152,17.08959378866007,-4.699359700027706,0.00099945068359375,D2,1,47,10
TargetOnlyCP,0.1,0.9,0.9139784946236559,0.013978494623655857,27.27999999999999,0.6598935653943167,34.17247311827956,7.7063384050340815,6.129247311827957,-0.0134354582814733,0.0,D2,1,47,10
TargetOnlyCP,0.2,0.8,0.9139784946236559,0.11397849462365583,27.27999999999999,0.6598935653943167,30.726236559139778,7.7063384050340815,6.129247311827957,-0.0134354582814733,0.0,D2,1,47,10
TargetOnlyCP,0.3,0.7,0.9139784946236559,0.21397849462365592,27.27999999999999,0.6598935653943167,29.577491039426516,7.7063384050340815,6.129247311827957,-0.0134354582814733,0.0,D2,1,47,10
TransferCal-CP-affine-localsigma,0.1,0.9,0.7956989247311828,0.10430107526881727,44.91895374702334,1.0865736269026995,75.40634647663524,17.137163165498496,13.867266015511364,-4.011616226466877,0.0010066032409667969,D2,1,47,10
TransferCal-CP-affine-localsigma,0.2,0.8,0.7419354838709677,0.058064516129032295,40.967134761570854,0.9909805213270693,60.64087196689413,17.137163165498496,13.867266015511364,-4.011616226466877,0.0,D2,1,47,10
TransferCal-CP-affine-localsigma,0.3,0.7,0.5913978494623656,0.10860215053763433,28.739638524079485,0.6952017057844089,54.958211541839546,17.137163165498496,13.867266015511364,-4.011616226466877,0.0,D2,1,47,10
AdaptiveJackknifeCP,0.1,0.9,1.0,0.09999999999999998,93.04751703037105,2.250786574936216,93.04751703037105,6.746766486773538,5.305970762512388,0.22323204416672915,0.0,D2,1,47,10
AdaptiveJackknifeCP,0.2,0.8,1.0,0.19999999999999996,57.57874302132587,1.3928094583308603,57.57874302132587,6.746766486773538,5.305970762512388,0.22323204416672915,0.001003265380859375,D2,1,47,10
AdaptiveJackknifeCP,0.3,0.7,1.0,0.30000000000000004,36.11061030112259,0.8735029098303715,36.11061030112259,6.746766486773538,5.305970762512388,0.22323204416672915,0.0009992122650146484,D2,1,47,10
AdaptiveSplitCP,0.1,0.9,0.9139784946236559,0.013978494623655857,27.27999999999999,0.6598935653943167,34.17247311827956,7.7063384050340815,6.129247311827957,-0.0134354582814733,0.0012400150299072266,D2,1,47,10
AdaptiveSplitCP,0.2,0.8,0.9139784946236559,0.11397849462365583,27.27999999999999,0.6598935653943167,30.726236559139778,7.7063384050340815,6.129247311827957,-0.0134354582814733,0.0,D2,1,47,10
AdaptiveSplitCP,0.3,0.7,0.9139784946236559,0.21397849462365592,27.27999999999999,0.6598935653943167,29.577491039426516,7.7063384050340815,6.129247311827957,-0.0134354582814733,0.0010058879852294922,D2,1,47,10
SplitCP,0.1,0.9,0.0,0.9,2.67594966553861,0.08033472424903221,317.6746874518692,18.13224090386557,17.08791172208583,-5.205304264487621,0.0009989738464355469,D2,1,47,15
SplitCP,0.2,0.8,0.0,0.8,1.949755316927245,0.05853363303338062,163.08009595314934,18.13224090386557,17.08791172208583,-5.205304264487621,0.0010001659393310547,D2,1,47,15
SplitCP,0.3,0.7,0.0,0.7,1.5032610440566998,0.04512942190349461,110.41180237777326,18.13224090386557,17.08791172208583,-5.205304264487621,0.0014176368713378906,D2,1,47,15
TargetOnlyCP,0.1,0.9,1.0,0.09999999999999998,41.21929098644457,1.2374449406805799,41.21929098644457,4.672138118748774,3.890927433581969,0.5880054545965002,0.0,D2,1,47,15
TargetOnlyCP,0.2,0.8,1.0,0.19999999999999996,41.21929098644457,1.2374449406805799,41.21929098644457,4.672138118748774,3.890927433581969,0.5880054545965002,0.0,D2,1,47,15
TargetOnlyCP,0.3,0.7,1.0,0.30000000000000004,41.21929098644457,1.2374449406805799,41.21929098644457,4.672138118748774,3.890927433581969,0.5880054545965002,0.0,D2,1,47,15
TransferCal-CP-affine-localsigma,0.1,0.9,1.0,0.09999999999999998,31.415244126821502,0.9431175057757527,31.415244126821502,6.331063314044989,4.924255237153161,0.24349215908742616,0.0011107921600341797,D2,1,47,15
TransferCal-CP-affine-localsigma,0.2,0.8,0.9431818181818182,0.1431818181818182,26.046882655853377,0.7819538471340088,26.71299478904327,6.331063314044989,4.924255237153161,0.24349215908742616,0.0010023117065429688,D2,1,47,15
TransferCal-CP-affine-localsigma,0.3,0.7,0.9318181818181818,0.2318181818181818,23.945662848340135,0.7188730964020235,24.821902571845445,6.331063314044989,4.924255237153161,0.24349215908742616,0.0013337135314941406,D2,1,47,15
AdaptiveJackknifeCP,0.1,0.9,1.0,0.09999999999999998,67.25171436849787,2.018964705743267,67.25171436849787,7.249115805513042,5.977485767848815,0.008186088243130052,0.0,D2,1,47,15
AdaptiveJackknifeCP,0.2,0.8,0.8636363636363636,0.0636363636363636,21.458851802404798,0.6442165054326818,24.89813280082851,7.249115805513042,5.977485767848815,0.008186088243130052,0.0,D2,1,47,15
AdaptiveJackknifeCP,0.3,0.7,0.8181818181818182,0.11818181818181828,20.082626939107595,0.602900838579363,23.10104971601911,7.249115805513042,5.977485767848815,0.008186088243130052,0.0009996891021728516,D2,1,47,15
AdaptiveSplitCP,0.1,0.9,0.9772727272727273,0.07727272727272727,57.60790076782178,1.7294476358609217,61.358285170950005,13.236382854687651,9.991338429686628,-2.306730194224645,0.0010006427764892578,D2,1,47,15
AdaptiveSplitCP,0.2,0.8,0.9772727272727273,0.17727272727272725,57.60790076782178,1.7294476358609217,59.48309296938589,13.236382854687651,9.991338429686628,-2.306730194224645,0.0010008811950683594,D2,1,47,15
AdaptiveSplitCP,0.3,0.7,0.9772727272727273,0.27727272727272734,57.60790076782178,1.7294476358609217,58.858028902197866,13.236382854687651,9.991338429686628,-2.306730194224645,0.0,D2,1,47,15
SplitCP,0.05,0.95,0.0,0.95,4.479430818963151,0.1083558494891048,612.9006377572075,18.620867469282814,17.450245582937686,-4.657818836078811,0.0010068416595458984,D2,1,47,20
SplitCP,0.1,0.9,0.0,0.9,2.67594966553861,0.06473027733167168,324.9213646689063,18.620867469282814,17.450245582937686,-4.657818836078811,0.0010004043579101562,D2,1,47,20
SplitCP,0.2,0.8,0.0,0.8,1.9497553169272452,0.04716389251223043,166.70343456166785,18.620867469282814,17.450245582937686,-4.657818836078811,0.0009946823120117188,D2,1,47,20
SplitCP,0.3,0.7,0.0,0.7,1.5032610440566998,0.03636335374197064,112.82736145011893,18.620867469282814,17.450245582937686,-4.657818836078811,0.0,D2,1,47,20
TargetOnlyCP,0.05,0.95,0.927710843373494,0.02228915662650599,19.52335899461245,0.4722631589233144,29.28434466993365,5.626124275824021,4.259980201736262,0.4835029311999507,0.0,D2,1,47,20
TargetOnlyCP,0.1,0.9,0.927710843373494,0.027710843373493943,19.52335899461245,0.4722631589233144,24.40385183227305,5.626124275824021,4.259980201736262,0.4835029311999507,0.0,D2,1,47,20
TargetOnlyCP,0.2,0.8,0.927710843373494,0.12771084337349392,19.52335899461245,0.4722631589233144,21.96360541344275,5.626124275824021,4.259980201736262,0.4835029311999507,0.0,D2,1,47,20
TargetOnlyCP,0.3,0.7,0.927710843373494,0.227710843373494,19.52335899461245,0.4722631589233144,21.15018994049932,5.626124275824021,4.259980201736262,0.4835029311999507,0.0,D2,1,47,20
TransferCal-CP-affine-localsigma,0.05,0.95,0.9518072289156626,0.0018072289156626509,33.127744844968056,0.8013484479185914,38.21869203245462,8.048022565884743,6.162799515381782,-0.05688464883508848,0.0010123252868652344,D2,1,47,20
TransferCal-CP-affine-localsigma,0.1,0.9,0.9518072289156626,0.051807228915662584,33.127744844968056,0.8013484479185914,35.673218438711345,8.048022565884743,6.162799515381782,-0.05688464883508848,0.00099945068359375,D2,1,47,20
TransferCal-CP-affine-localsigma,0.2,0.8,0.8313253012048193,0.031325301204819245,22.61299943517051,0.5470004699975932,29.724314670065613,8.048022565884743,6.162799515381782,-0.05688464883508848,0.0009999275207519531,D2,1,47,20
TransferCal-CP-affine-localsigma,0.3,0.7,0.7590361445783133,0.0590361445783133,18.451897611410658,0.4463448864767104,26.1197211058901,8.048022565884743,6.162799515381782,-0.05688464883508848,0.001003265380859375,D2,1,47,20
AdaptiveJackknifeCP,0.05,0.95,1.0,0.050000000000000044,34.58700507943575,0.8366474376165765,34.58700507943575,5.412590285778289,4.290513413404315,0.521965185749605,0.0009975433349609375,D2,1,47,20
AdaptiveJackknifeCP,0.1,0.9,0.8795180722891566,0.02048192771084345,15.870822543551613,0.3839095921556003,22.948076954865282,5.412590285778289,4.290513413404315,0.521965185749605,0.0009975433349609375,D2,1,47,20
AdaptiveJackknifeCP,0.2,0.8,0.7108433734939759,0.08915662650602418,11.741673662270841,0.2840269390283157,19.345924219085937,5.412590285778289,4.290513413404315,0.521965185749605,0.0009999275207519531,D2,1,47,20
AdaptiveJackknifeCP,0.3,0.7,0.6987951807228916,0.00120481927710836,10.952053777043885,0.2649263128784378,16.80263777107716,5.412590285778289,4.290513413404315,0.521965185749605,0.0,D2,1,47,20
AdaptiveSplitCP,0.05,0.95,0.7228915662650602,0.22710843373493972,19.023514306279427,0.460172092445034,47.065302390892036,7.696359186791211,6.322757650009491,0.03345990456277692,0.0,D2,1,47,20
AdaptiveSplitCP,0.1,0.9,0.7228915662650602,0.17710843373493979,19.023514306279427,0.460172092445034,33.04440834858573,7.696359186791211,6.322757650009491,0.03345990456277692,0.001005411148071289,D2,1,47,20
AdaptiveSplitCP,0.2,0.8,0.7228915662650602,0.07710843373493981,19.023514306279427,0.460172092445034,26.033961327432586,7.696359186791211,6.322757650009491,0.03345990456277692,0.0010044574737548828,D2,1,47,20
AdaptiveSplitCP,0.3,0.7,0.7228915662650602,0.02289156626506028,19.023514306279427,0.460172092445034,23.697145653714863,7.696359186791211,6.322757650009491,0.03345990456277692,0.0,D2,1,47,20
SplitCP,0.05,0.95,0.0,0.95,4.479430818963152,0.10835584948910482,600.2843317997726,18.292795970284555,17.134837934001816,-4.279631027480925,0.0009982585906982422,D2,1,47,30
SplitCP,0.1,0.9,0.0,0.9,2.67594966553861,0.06473027733167168,318.61321169018885,18.292795970284555,17.134837934001816,-4.279631027480925,0.000997304916381836,D2,1,47,30
SplitCP,0.2,0.8,0.0,0.8,1.949755316927245,0.04716389251223043,163.5493580723092,18.292795970284555,17.134837934001816,-4.279631027480925,0.001001596450805664,D2,1,47,30
SplitCP,0.3,0.7,0.0,0.7,1.5032610440566998,0.03636335374197064,110.72464379054647,18.292795970284555,17.134837934001816,-4.279631027480925,0.0009980201721191406,D2,1,47,30
TargetOnlyCP,0.05,0.95,0.9726027397260274,0.022602739726027443,29.357133165951026,0.7101386830877996,32.533983888410624,5.026453211419758,3.711341276798496,0.6013730285495611,0.0,D2,1,47,30
TargetOnlyCP,0.1,0.9,0.9726027397260274,0.07260273972602738,29.357133165951026,0.7101386830877996,30.94555852718083,5.026453211419758,3.711341276798496,0.6013730285495611,0.0,D2,1,47,30
TargetOnlyCP,0.2,0.8,0.9726027397260274,0.17260273972602735,29.357133165951026,0.7101386830877996,30.15134584656593,5.026453211419758,3.711341276798496,0.6013730285495611,0.0,D2,1,47,30
TargetOnlyCP,0.3,0.7,0.9726027397260274,0.27260273972602744,29.357133165951026,0.7101386830877996,29.88660828636096,5.026453211419758,3.711341276798496,0.6013730285495611,0.0,D2,1,47,30
TransferCal-CP-affine-localsigma,0.05,0.95,0.958904109589041,0.008904109589041087,25.566665095811715,0.6184485991685348,28.36677328194418,6.386360715455205,5.0489371430136645,0.3564974368510023,0.0,D2,1,47,30
TransferCal-CP-affine-localsigma,0.1,0.9,0.958904109589041,0.05890410958904102,25.566665095811715,0.6184485991685348,26.966719188877946,6.386360715455205,5.0489371430136645,0.3564974368510023,0.0,D2,1,47,30
TransferCal-CP-affine-localsigma,0.2,0.8,0.9452054794520548,0.14520547945205475,23.81674851528369,0.5761187351118167,24.944508391800795,6.386360715455205,5.0489371430136645,0.3564974368510023,0.0,D2,1,47,30
TransferCal-CP-affine-localsigma,0.3,0.7,0.8493150684931506,0.14931506849315068,19.11266106811489,0.4623285211294534,21.8039466650538,6.386360715455205,5.0489371430136645,0.3564974368510023,0.0,D2,1,47,30
AdaptiveJackknifeCP,0.05,0.95,1.0,0.050000000000000044,49.32838930207029,1.1932363156782275,49.32838930207029,5.22719129349352,4.369338235993986,0.5688978596651209,0.0,D2,1,47,30
AdaptiveJackknifeCP,0.1,0.9,0.9178082191780822,0.017808219178082174,17.84527460564304,0.43167089021108684,20.812064744669083,5.22719129349352,4.369338235993986,0.5688978596651209,0.0,D2,1,47,30
AdaptiveJackknifeCP,0.2,0.8,0.7534246575342466,0.046575342465753455,12.465711644507692,0.3015411621067315,17.92871218166072,5.22719129349352,4.369338235993986,0.5688978596651209,0.0,D2,1,47,30
AdaptiveJackknifeCP,0.3,0.7,0.6301369863013698,0.06986301369863013,10.130123053656462,0.24504409896482873,16.03054111821771,5.22719129349352,4.369338235993986,0.5688978596651209,0.0,D2,1,47,30
AdaptiveSplitCP,0.05,0.95,0.9726027397260274,0.022602739726027443,26.937650311883942,0.6516122473480362,27.758833760606063,5.149917715748413,4.059153029112328,0.5815496151781948,0.0,D2,1,47,30
AdaptiveSplitCP,0.1,0.9,0.9726027397260274,0.07260273972602738,26.937650311883942,0.6516122473480362,27.348242036245,5.149917715748413,4.059153029112328,0.5815496151781948,0.0,D2,1,47,30
AdaptiveSplitCP,0.2,0.8,0.9726027397260274,0.17260273972602735,26.937650311883942,0.6516122473480362,27.142946174064473,5.149917715748413,4.059153029112328,0.5815496151781948,0.0,D2,1,47,30
AdaptiveSplitCP,0.3,0.7,0.9726027397260274,0.27260273972602744,26.937650311883942,0.6516122473480362,27.074514220004296,5.149917715748413,4.059153029112328,0.5815496151781948,0.0,D2,1,47,30
SplitCP,0.1,0.9,0.08,0.8200000000000001,3.0680469331646236,0.09271825120088972,172.2880825725971,11.507535771756034,9.93016314345591,-0.9342621913858808,0.0,D3,2,47,10
SplitCP,0.2,0.8,0.04,0.76,2.107843064190746,0.06370030412673747,91.17406275580183,11.507535771756034,9.93016314345591,-0.9342621913858808,0.0,D3,2,47,10
SplitCP,0.3,0.7,0.04,0.6599999999999999,1.4341559551838685,0.04334106844214136,62.967434498413276,11.507535771756034,9.93016314345591,-0.9342621913858808,0.0009999275207519531,D3,2,47,10
TargetOnlyCP,0.1,0.9,0.88,0.020000000000000018,29.699999999999996,0.8975521302817911,35.85199999999999,8.63475002533368,6.2788,-0.08905600565621885,0.0,D3,2,47,10
TargetOnlyCP,0.2,0.8,0.88,0.07999999999999996,29.699999999999996,0.8975521302817911,32.775999999999996,8.63475002533368,6.2788,-0.08905600565621885,0.0,D3,2,47,10
TargetOnlyCP,0.3,0.7,0.88,0.18000000000000005,29.699999999999996,0.8975521302817911,31.75066666666666,8.63475002533368,6.2788,-0.08905600565621885,0.0,D3,2,47,10
TransferCal-CP-affine-localsigma,0.1,0.9,1.0,0.09999999999999998,22.356104243367337,0.6756151174557625,22.356104243367337,5.571375345636963,4.637056092127013,0.5466062681795354,0.0009996891021728516,D3,2,47,10
TransferCal-CP-affine-localsigma,0.2,0.8,0.8,0.0,13.066163289018597,0.3948674307969151,19.70547068352479,5.571375345636963,4.637056092127013,0.5466062681795354,0.0,D3,2,47,10
TransferCal-CP-affine-localsigma,0.3,0.7,0.8,0.10000000000000009,12.698954919871667,0.38377016971997474,17.36996542897375,5.571375345636963,4.637056092127013,0.5466062681795354,0.0,D3,2,47,10
AdaptiveJackknifeCP,0.1,0.9,0.96,0.05999999999999994,27.071674792244252,0.8181225380496532,28.699164082482348,6.283071591474875,5.112566365115419,0.4233733741680832,0.0,D3,2,47,10
AdaptiveJackknifeCP,0.2,0.8,0.96,0.15999999999999992,26.584766773852067,0.8034078805022057,27.495893022649547,6.283071591474875,5.112566365115419,0.4233733741680832,0.0,D3,2,47,10
AdaptiveJackknifeCP,0.3,0.7,0.88,0.18000000000000005,21.063162492602373,0.636541628474976,22.608525053839543,6.283071591474875,5.112566365115419,0.4233733741680832,0.0,D3,2,47,10
AdaptiveSplitCP,0.1,0.9,0.88,0.020000000000000018,29.699999999999996,0.8975521302817911,35.85199999999999,8.63475002533368,6.2788,-0.08905600565621885,0.0009963512420654297,D3,2,47,10
AdaptiveSplitCP,0.2,0.8,0.88,0.07999999999999996,29.699999999999996,0.8975521302817911,32.775999999999996,8.63475002533368,6.2788,-0.08905600565621885,0.0010008811950683594,D3,2,47,10
AdaptiveSplitCP,0.3,0.7,0.88,0.18000000000000005,29.699999999999996,0.8975521302817911,31.75066666666666,8.63475002533368,6.2788,-0.08905600565621885,0.0009999275207519531,D3,2,47,10
SplitCP,0.1,0.9,0.046242774566473986,0.8537572254335261,3.462856341120414,0.0597629075959877,208.1362904151783,13.599395039803506,11.934729400419721,-0.2041387330083504,0.0010001659393310547,D4,3,47,10
SplitCP,0.2,0.8,0.023121387283236993,0.7768786127167631,2.039437327014163,0.03519715879484627,111.27283977256677,13.599395039803506,11.934729400419721,-0.2041387330083504,0.0,D4,3,47,10
SplitCP,0.3,0.7,0.005780346820809248,0.6942196531791907,1.3213969926459725,0.02280502527100683,76.50539777169189,13.599395039803506,11.934729400419721,-0.2041387330083504,0.00099945068359375,D4,3,47,10
TargetOnlyCP,0.1,0.9,0.9826589595375722,0.08265895953757219,61.421504068278885,1.0600288635859096,64.95097218376361,12.662499819595057,9.93686721943581,-0.04394171450568218,0.0009999275207519531,D4,3,47,10
TargetOnlyCP,0.2,0.8,0.9826589595375722,0.18265895953757216,61.421504068278885,1.0600288635859096,63.18623812602126,12.662499819595057,9.93686721943581,-0.04394171450568218,0.0,D4,3,47,10
TargetOnlyCP,0.3,0.7,0.9826589595375722,0.28265895953757225,61.421504068278885,1.0600288635859096,62.59799344010713,12.662499819595057,9.93686721943581,-0.04394171450568218,0.0,D4,3,47,10
TransferCal-CP-affine-localsigma,0.1,0.9,0.9595375722543352,0.0595375722543352,41.562174314034166,0.7172912007704871,47.04805744492115,9.333859414009599,6.907921348233809,0.4327691302051965,0.0,D4,3,47,10
TransferCal-CP-affine-localsigma,0.2,0.8,0.9595375722543352,0.15953757225433518,40.590859591198075,0.7005279896207303,43.53030991559684,9.333859414009599,6.907921348233809,0.4327691302051965,0.0009999275207519531,D4,3,47,10
TransferCal-CP-affine-localsigma,0.3,0.7,0.9479768786127167,0.24797687861271678,37.20169283820195,0.6420368367878736,39.7096370022329,9.333859414009599,6.907921348233809,0.4327691302051965,0.0010001659393310547,D4,3,47,10
AdaptiveJackknifeCP,0.1,0.9,1.0,0.09999999999999998,37.87291841365961,0.6536210285909794,37.87291841365961,4.619508346132267,3.439560041615269,0.8610594993099171,0.0009996891021728516,D4,3,47,10
AdaptiveJackknifeCP,0.2,0.8,0.9942196531791907,0.19421965317919065,31.002244200663597,0.535045082128077,31.119906382601517,4.619508346132267,3.439560041615269,0.8610594993099171,0.0009999275207519531,D4,3,47,10
AdaptiveJackknifeCP,0.3,0.7,0.953757225433526,0.2537572254335261,18.495007474098017,0.3191918213690593,19.35221594264358,4.619508346132267,3.439560041615269,0.8610594993099171,0.0010004043579101562,D4,3,47,10
AdaptiveSplitCP,0.1,0.9,0.9826589595375722,0.08265895953757219,61.421504068278885,1.0600288635859096,64.95097218376361,12.662499819595057,9.93686721943581,-0.04394171450568218,0.0010004043579101562,D4,3,47,10
AdaptiveSplitCP,0.2,0.8,0.9826589595375722,0.18265895953757216,61.421504068278885,1.0600288635859096,63.18623812602126,12.662499819595057,9.93686721943581,-0.04394171450568218,0.0009999275207519531,D4,3,47,10
AdaptiveSplitCP,0.3,0.7,0.9826589595375722,0.28265895953757225,61.421504068278885,1.0600288635859096,62.59799344010713,12.662499819595057,9.93686721943581,-0.04394171450568218,0.0009999275207519531,D4,3,47,10
SplitCP,0.1,0.9,0.041666666666666664,0.8583333333333334,3.462856341120414,0.0597629075959877,204.1766397267737,13.460234627923063,11.736273047199143,-0.2740792352321346,0.0010008811950683594,D4,3,47,15
SplitCP,0.2,0.8,0.023809523809523808,0.7761904761904762,2.0394373270141624,0.035197158794846264,109.29075526049274,13.460234627923063,11.736273047199143,-0.2740792352321346,0.0010001659393310547,D4,3,47,15
SplitCP,0.3,0.7,0.005952380952380952,0.694047619047619,1.3213969926459725,0.02280502527100683,75.18306359402298,13.460234627923063,11.736273047199143,-0.2740792352321346,0.0,D4,3,47,15
TargetOnlyCP,0.1,0.9,0.9523809523809523,0.052380952380952306,56.43928175709151,0.9740443287756029,60.09245140162338,14.038527728837904,11.032557299846687,-0.3859076931874612,0.0,D4,3,47,15
TargetOnlyCP,0.2,0.8,0.9523809523809523,0.15238095238095228,56.43928175709151,0.9740443287756029,58.26586657935745,14.038527728837904,11.032557299846687,-0.3859076931874612,0.0,D4,3,47,15
TargetOnlyCP,0.3,0.7,0.9523809523809523,0.2523809523809524,56.43928175709151,0.9740443287756029,57.657004971935464,14.038527728837904,11.032557299846687,-0.3859076931874612,0.0,D4,3,47,15
TransferCal-CP-affine-localsigma,0.1,0.9,1.0,0.09999999999999998,56.57741570687033,0.9764282816928729,56.57741570687033,8.368507402429719,6.555925576349239,0.5075216007800949,0.0009980201721191406,D4,3,47,15
TransferCal-CP-affine-localsigma,0.2,0.8,1.0,0.19999999999999996,56.01084286628553,0.9666502149806655,56.01084286628553,8.368507402429719,6.555925576349239,0.5075216007800949,0.0,D4,3,47,15
TransferCal-CP-affine-localsigma,0.3,0.7,0.8452380952380952,0.14523809523809528,23.551154377673704,0.40645216670939344,27.903655530925707,8.368507402429719,6.555925576349239,0.5075216007800949,0.0010001659393310547,D4,3,47,15
AdaptiveJackknifeCP,0.1,0.9,0.8392857142857143,0.06071428571428572,14.714665922818778,0.2539496684886208,21.156077335794425,5.2107015592255514,4.208585969267343,0.8090658654852982,0.0,D4,3,47,15
AdaptiveJackknifeCP,0.2,0.8,0.6190476190476191,0.18095238095238098,10.253409648288823,0.17695610588229876,19.530146862026704,5.2107015592255514,4.208585969267343,0.8090658654852982,0.0010037422180175781,D4,3,47,15
AdaptiveJackknifeCP,0.3,0.7,0.5,0.19999999999999996,7.38375351838738,0.12743080733408615,17.72304425185959,5.2107015592255514,4.208585969267343,0.8090658654852982,0.0009996891021728516,D4,3,47,15
AdaptiveSplitCP,0.1,0.9,0.7797619047619048,0.12023809523809526,27.52818971927045,0.4750889140105888,42.97500300632487,10.15525357093451,8.249888101923043,0.2747750760328831,0.0009918212890625,D4,3,47,15
AdaptiveSplitCP,0.2,0.8,0.7797619047619048,0.020238095238095277,27.52818971927045,0.4750889140105888,35.251596362797656,10.15525357093451,8.249888101923043,0.2747750760328831,0.0009984970092773438,D4,3,47,15
AdaptiveSplitCP,0.3,0.7,0.7797619047619048,0.07976190476190481,27.52818971927045,0.4750889140105888,32.677127481621916,10.15525357093451,8.249888101923043,0.2747750760328831,0.0009999275207519531,D4,3,47,15
SplitCP,0.05,0.95,0.09202453987730061,0.8579754601226993,5.724967859082795,0.0988030375645512,371.73662927132654,13.54106685257537,11.91118426587661,-0.14009373671047842,0.0,D4,3,47,20
SplitCP,0.1,0.9,0.04294478527607362,0.8570552147239264,3.462856341120414,0.0597629075959877,207.59572046307773,13.54106685257537,11.91118426587661,-0.14009373671047842,0.0009984970092773438,D4,3,47,20
SplitCP,0.2,0.8,0.018404907975460124,0.7815950920245399,2.0394373270141632,0.03519715879484628,111.03269589130454,13.54106685257537,11.91118426587661,-0.14009373671047842,0.0,D4,3,47,20
SplitCP,0.3,0.7,0.006134969325153374,0.6938650306748466,1.3213969926459725,0.02280502527100683,76.34989000879106,13.54106685257537,11.91118426587661,-0.14009373671047842,0.0010013580322265625,D4,3,47,20
TargetOnlyCP,0.05,0.95,0.9570552147239264,0.007055214723926451,38.243805672405855,0.6600219008159616,48.02682799519662,8.872808072845322,6.839206203472217,0.5104951825875734,0.0,D4,3,47,20
TargetOnlyCP,0.1,0.9,0.9570552147239264,0.057055214723926384,38.243805672405855,0.6600219008159616,43.13531683380124,8.872808072845322,6.839206203472217,0.5104951825875734,0.0,D4,3,47,20
TargetOnlyCP,0.2,0.8,0.9570552147239264,0.15705521472392636,38.243805672405855,0.6600219008159616,40.689561253103555,8.872808072845322,6.839206203472217,0.5104951825875734,0.0009975433349609375,D4,3,47,20
TargetOnlyCP,0.3,0.7,0.9570552147239264,0.25705521472392645,38.243805672405855,0.6600219008159616,39.87430939287099,8.872808072845322,6.839206203472217,0.5104951825875734,0.0,D4,3,47,20
TransferCal-CP-affine-localsigma,0.05,0.95,0.950920245398773,0.0009202453987730008,41.368345575836535,0.7139460521910332,52.351187780130736,10.049250836729499,7.99730088323474,0.37208310472066086,0.0010006427764892578,D4,3,47,20
TransferCal-CP-affine-localsigma,0.1,0.9,0.950920245398773,0.050920245398772934,41.368345575836535,0.7139460521910332,46.859766677983636,10.049250836729499,7.99730088323474,0.37208310472066086,0.0,D4,3,47,20
TransferCal-CP-affine-localsigma,0.2,0.8,0.8773006134969326,0.07730061349693251,27.994856710144973,0.4831427786547998,35.51684438282613,10.049250836729499,7.99730088323474,0.37208310472066086,0.0009980201721191406,D4,3,47,20
TransferCal-CP-affine-localsigma,0.3,0.7,0.8466257668711656,0.14662576687116569,26.243414889478235,0.4529159238917783,32.099394460037345,10.049250836729499,7.99730088323474,0.37208310472066086,0.0009999275207519531,D4,3,47,20
AdaptiveJackknifeCP,0.05,0.95,0.9325153374233128,0.017484662576687127,16.341964039866177,0.28203401777143355,22.39802258485563,3.9500347948264882,2.903358538442717,0.9029855026549966,0.0,D4,3,47,20
AdaptiveJackknifeCP,0.1,0.9,0.9325153374233128,0.03251533742331281,15.972064670548729,0.2756501948083417,19.249719284300625,3.9500347948264882,2.903358538442717,0.9029855026549966,0.0010008811950683594,D4,3,47,20
AdaptiveJackknifeCP,0.2,0.8,0.7914110429447853,0.008588957055214785,9.192742555506044,0.1586508274613139,14.692991390804591,3.9500347948264882,2.903358538442717,0.9029855026549966,0.0010018348693847656,D4,3,47,20
AdaptiveJackknifeCP,0.3,0.7,0.754601226993865,0.05460122699386505,7.615673418296312,0.13143334344375446,12.462628059002604,3.9500347948264882,2.903358538442717,0.9029855026549966,0.0009970664978027344,D4,3,47,20
AdaptiveSplitCP,0.05,0.95,0.9141104294478528,0.03588957055214714,17.197827608534826,0.29680474180111344,29.795662798821525,4.629002926079202,3.1964956424058966,0.8667676445417217,0.0,D4,3,47,20
AdaptiveSplitCP,0.1,0.9,0.9141104294478528,0.01411042944785279,17.197827608534826,0.29680474180111344,23.496745203678174,4.629002926079202,3.1964956424058966,0.8667676445417217,0.0010075569152832031,D4,3,47,20
AdaptiveSplitCP,0.2,0.8,0.9141104294478528,0.11411042944785277,17.197827608534826,0.29680474180111344,20.3472864061065,4.629002926079202,3.1964956424058966,0.8667676445417217,0.0009944438934326172,D4,3,47,20
AdaptiveSplitCP,0.3,0.7,0.9141104294478528,0.21411042944785286,17.197827608534826,0.29680474180111344,19.297466806915946,4.629002926079202,3.1964956424058966,0.8667676445417217,0.0,D4,3,47,20
SplitCP,0.05,0.95,0.09803921568627451,0.8519607843137255,5.7249678590827955,0.09880303756455121,372.4632941429787,13.648648044386391,11.938432575750653,-0.1211207615156078,0.0010001659393310547,D4,3,47,30
SplitCP,0.1,0.9,0.0392156862745098,0.8607843137254902,3.462856341120414,0.0597629075959877,208.02651535351572,13.648648044386391,11.938432575750653,-0.1211207615156078,0.0009996891021728516,D4,3,47,30
SplitCP,0.2,0.8,0.0196078431372549,0.7803921568627451,2.0394373270141624,0.035197158794846264,111.25693663555984,13.648648044386391,11.938432575750653,-0.1211207615156078,0.0,D4,3,47,30
SplitCP,0.3,0.7,0.0,0.7,1.3213969926459725,0.02280502527100683,76.50629085549707,13.648648044386391,11.938432575750653,-0.1211207615156078,0.0009999275207519531,D4,3,47,30
TargetOnlyCP,0.05,0.95,0.9411764705882353,0.008823529411764675,32.09708943548054,0.5539402161315575,39.39905806991359,8.91035837220432,7.331560041335541,0.5221809409896333,0.0,D4,3,47,30
TargetOnlyCP,0.1,0.9,0.9411764705882353,0.04117647058823526,32.09708943548054,0.5539402161315575,35.748073752697074,8.91035837220432,7.331560041335541,0.5221809409896333,0.0,D4,3,47,30
TargetOnlyCP,0.2,0.8,0.9411764705882353,0.14117647058823524,32.09708943548054,0.5539402161315575,33.922581594088804,8.91035837220432,7.331560041335541,0.5221809409896333,0.0,D4,3,47,30
TargetOnlyCP,0.3,0.7,0.9411764705882353,0.24117647058823533,32.09708943548054,0.5539402161315575,33.314084207886054,8.91035837220432,7.331560041335541,0.5221809409896333,0.0,D4,3,47,30
TransferCal-CP-affine-localsigma,0.05,0.95,0.9411764705882353,0.008823529411764675,33.16895237714482,0.5724387155285957,49.01208575948671,9.096328218052442,6.881406806275306,0.5020274882048905,0.0009989738464355469,D4,3,47,30
TransferCal-CP-affine-localsigma,0.1,0.9,0.9411764705882353,0.04117647058823526,33.16895237714482,0.5724387155285957,41.09051906831576,9.096328218052442,6.881406806275306,0.5020274882048905,0.001001119613647461,D4,3,47,30
TransferCal-CP-affine-localsigma,0.2,0.8,0.8562091503267973,0.0562091503267973,25.219914882193507,0.43525208504478213,33.43720661495376,9.096328218052442,6.881406806275306,0.5020274882048905,0.0,D4,3,47,30
TransferCal-CP-affine-localsigma,0.3,0.7,0.6601307189542484,0.0398692810457516,16.638448484555184,0.2871508261879975,28.078498314012737,9.096328218052442,6.881406806275306,0.5020274882048905,0.0014829635620117188,D4,3,47,30
AdaptiveJackknifeCP,0.05,0.95,1.0,0.050000000000000044,18.408195313987697,0.3176935937234959,18.408195313987697,3.11972220677203,2.4977643711409363,0.9414259876897983,0.0,D4,3,47,30
AdaptiveJackknifeCP,0.1,0.9,0.9803921568627451,0.08039215686274503,16.173379060931786,0.27912453278977595,16.39852421951212,3.11972220677203,2.4977643711409363,0.9414259876897983,0.0014934539794921875,D4,3,47,30
AdaptiveJackknifeCP,0.2,0.8,0.869281045751634,0.06928104575163396,9.138634382661534,0.15771701403813043,11.170046133915616,3.11972220677203,2.4977643711409363,0.9414259876897983,0.002002239227294922,D4,3,47,30
AdaptiveJackknifeCP,0.3,0.7,0.8169934640522876,0.11699346405228761,8.2388329350824,0.14218799825776202,10.052418793670194,3.11972220677203,2.4977643711409363,0.9414259876897983,0.0013518333435058594,D4,3,47,30
AdaptiveSplitCP,0.05,0.95,0.9869281045751634,0.03692810457516349,21.783942442491906,0.37595314706175054,22.909589167893586,3.945819970295733,3.119367583612045,0.906298259380488,0.001001119613647461,D4,3,47,30
AdaptiveSplitCP,0.1,0.9,0.9869281045751634,0.08692810457516342,21.783942442491906,0.37595314706175054,22.346765805192746,3.945819970295733,3.119367583612045,0.906298259380488,0.00099945068359375,D4,3,47,30
AdaptiveSplitCP,0.2,0.8,0.9869281045751634,0.1869281045751634,21.783942442491906,0.37595314706175054,22.065354123842326,3.945819970295733,3.119367583612045,0.906298259380488,0.0,D4,3,47,30
AdaptiveSplitCP,0.3,0.7,0.9869281045751634,0.2869281045751635,21.783942442491906,0.37595314706175054,21.971550230058853,3.945819970295733,3.119367583612045,0.906298259380488,0.0,D4,3,47,30
SplitCP,0.05,0.95,0.10526315789473684,0.8447368421052631,5.724967859082795,0.10078361280245458,371.9957744881408,13.574190290005497,11.912285142993646,-0.20157353438523096,0.0,D4,3,47,50
SplitCP,0.1,0.9,0.045112781954887216,0.8548872180451128,3.462856341120414,0.06096089642150726,207.69007519052647,13.574190290005497,11.912285142993646,-0.20157353438523096,0.0,D4,3,47,50
SplitCP,0.2,0.8,0.022556390977443608,0.7774436090225565,2.039437327014163,0.035902710191564026,111.0614345588497,13.574190290005497,11.912285142993646,-0.20157353438523096,0.0,D4,3,47,50
SplitCP,0.3,0.7,0.007518796992481203,0.6924812030075187,1.3213969926459725,0.023262167778614538,76.36292570516245,13.574190290005497,11.912285142993646,-0.20157353438523096,0.0010004043579101562,D4,3,47,50
TargetOnlyCP,0.05,0.95,0.9323308270676691,0.017669172932330834,24.93751811716457,0.43900563846609414,37.85059823047103,6.819066958935973,5.085102177421169,0.6967698380415448,0.0,D4,3,47,50
TargetOnlyCP,0.1,0.9,0.9323308270676691,0.0323308270676691,24.93751811716457,0.43900563846609414,31.394058173817797,6.819066958935973,5.085102177421169,0.6967698380415448,0.0010001659393310547,D4,3,47,50
TargetOnlyCP,0.2,0.8,0.9323308270676691,0.13233082706766908,24.93751811716457,0.43900563846609414,28.16578814549118,6.819066958935973,5.085102177421169,0.6967698380415448,0.0,D4,3,47,50
TargetOnlyCP,0.3,0.7,0.9323308270676691,0.23233082706766917,24.93751811716457,0.43900563846609414,27.089698136048977,6.819066958935973,5.085102177421169,0.6967698380415448,0.0,D4,3,47,50
TransferCal-CP-affine-localsigma,0.05,0.95,0.924812030075188,0.02518796992481198,31.798835249226215,0.5597937976616877,44.97035427581494,8.920716083489456,7.051340175518794,0.4810542938638116,0.00099945068359375,D4,3,47,50
TransferCal-CP-affine-localsigma,0.1,0.9,0.9097744360902256,0.009774436090225547,30.286155213509126,0.5331642404718,38.141500486812994,8.920716083489456,7.051340175518794,0.4810542938638116,0.0,D4,3,47,50
TransferCal-CP-affine-localsigma,0.2,0.8,0.9097744360902256,0.10977443609022552,28.04128062677604,0.4936449668778999,32.98167864090154,8.920716083489456,7.051340175518794,0.4810542938638116,0.0010008811950683594,D4,3,47,50
TransferCal-CP-affine-localsigma,0.3,0.7,0.8872180451127819,0.18721804511278195,25.781838229280304,0.4538692382897673,29.811705269346756,8.920716083489456,7.051340175518794,0.4810542938638116,0.0009996891021728516,D4,3,47,50
AdaptiveJackknifeCP,0.05,0.95,0.9624060150375939,0.012406015037593976,14.87029128384897,0.2617799288835232,16.364848132977485,3.241903921144416,2.517193095452835,0.9314633666283355,0.0010001659393310547,D4,3,47,50
AdaptiveJackknifeCP,0.1,0.9,0.8872180451127819,0.012781954887218117,10.543557277854818,0.1856111371116179,13.767920354037651,3.241903921144416,2.517193095452835,0.9314633666283355,0.0,D4,3,47,50
AdaptiveJackknifeCP,0.2,0.8,0.8646616541353384,0.06466165413533831,9.827557321675958,0.1730065139720103,11.892611555298595,3.241903921144416,2.517193095452835,0.9314633666283355,0.0,D4,3,47,50
AdaptiveJackknifeCP,0.3,0.7,0.7368421052631579,0.0368421052631579,7.220560492178834,0.12711235954031028,10.305868807151708,3.241903921144416,2.517193095452835,0.9314633666283355,0.000997781753540039,D4,3,47,50
AdaptiveSplitCP,0.05,0.95,0.9022556390977443,0.047744360902255645,11.913602709254219,0.20972972287116323,17.776127964443194,3.381780242953586,2.6005403019350988,0.9254215671490714,0.0010025501251220703,D4,3,47,50
AdaptiveSplitCP,0.1,0.9,0.9022556390977443,0.0022556390977442886,11.913602709254219,0.20972972287116323,14.844865336848704,3.381780242953586,2.6005403019350988,0.9254215671490714,0.0010006427764892578,D4,3,47,50
AdaptiveSplitCP,0.2,0.8,0.9022556390977443,0.10225563909774427,11.913602709254219,0.20972972287116323,13.379234023051461,3.381780242953586,2.6005403019350988,0.9254215671490714,0.0,D4,3,47,50
AdaptiveSplitCP,0.3,0.7,0.9022556390977443,0.20225563909774436,11.913602709254219,0.20972972287116323,12.890690251785713,3.381780242953586,2.6005403019350988,0.9254215671490714,0.0009996891021728516,D4,3,47,50
SplitCP,0.1,0.9,0.09580193756727665,0.8041980624327234,3.131568106115637,0.04102670124073589,174.64963661092426,12.18080607231909,10.065992894982223,0.4637674484705112,0.0019998550415039062,D1,0,48,10
SplitCP,0.2,0.8,0.06458557588805167,0.7354144241119484,1.9908751439618584,0.026082472732883975,93.01150823794775,12.18080607231909,10.065992894982223,0.4637674484705112,0.002500295639038086,D1,0,48,10
SplitCP,0.3,0.7,0.05705059203444564,0.6429494079655543,1.6764578266308376,0.021963288699216623,63.34033799569429,12.18080607231909,10.065992894982223,0.4637674484705112,0.002001523971557617,D1,0,48,10
TargetOnlyCP,0.1,0.9,0.8977395048439182,0.002260495156081843,60.54,0.7931350712965892,66.41987082884822,18.127613320380007,15.109063509149625,-0.18763331952803175,0.0010004043579101562,D1,0,48,10
TargetOnlyCP,0.2,0.8,0.8977395048439182,0.09773950484391813,60.54,0.7931350712965892,63.47993541442411,18.127613320380007,15.109063509149625,-0.18763331952803175,0.0,D1,0,48,10
TargetOnlyCP,0.3,0.7,0.8977395048439182,0.19773950484391822,60.54,0.7931350712965892,62.499956942949396,18.127613320380007,15.109063509149625,-0.18763331952803175,0.0,D1,0,48,10
TransferCal-CP-affine-localsigma,0.1,0.9,0.8342303552206674,0.06576964477933267,38.28619715783374,0.5015878049628962,60.281217328846424,13.506622002083153,10.514295323311142,0.3406824932512883,0.0029311180114746094,D1,0,48,10
TransferCal-CP-affine-localsigma,0.2,0.8,0.6523143164693218,0.14768568353067824,23.39778733335322,0.306534617192295,52.01030138620104,13.506622002083153,10.514295323311142,0.3406824932512883,0.0019998550415039062,D1,0,48,10
TransferCal-CP-affine-localsigma,0.3,0.7,0.6178686759956943,0.08213132400430567,22.118158946594345,0.28977019446740004,42.755656451435044,13.506622002083153,10.514295323311142,0.3406824932512883,0.002435445785522461,D1,0,48,10
AdaptiveJackknifeCP,0.1,0.9,0.7782561894510226,0.12174381054897743,54.13534164357707,0.7092275859620699,134.60937775214634,25.73344057564983,19.331839904928188,-1.3932982708515724,0.002003192901611328,D1,0,48,10
AdaptiveJackknifeCP,0.2,0.8,0.6684607104413348,0.13153928955866523,41.729405400355866,0.5466973063656347,98.86190322667922,25.73344057564983,19.331839904928188,-1.3932982708515724,0.0019998550415039062,D1,0,48,10
AdaptiveJackknifeCP,0.3,0.7,0.5263724434876211,0.17362755651237882,32.593062853703366,0.42700200248176795,82.90444570501687,25.73344057564983,19.331839904928188,-1.3932982708515724,0.00250244140625,D1,0,48,10
AdaptiveSplitCP,0.1,0.9,0.8977395048439182,0.002260495156081843,60.54,0.7931350712965892,66.41987082884822,18.127613320380007,15.109063509149625,-0.18763331952803175,0.0019998550415039062,D1,0,48,10
AdaptiveSplitCP,0.2,0.8,0.8977395048439182,0.09773950484391813,60.54,0.7931350712965892,63.47993541442411,18.127613320380007,15.109063509149625,-0.18763331952803175,0.0019998550415039062,D1,0,48,10
AdaptiveSplitCP,0.3,0.7,0.8977395048439182,0.19773950484391822,60.54,0.7931350712965892,62.499956942949396,18.127613320380007,15.109063509149625,-0.18763331952803175,0.0024383068084716797,D1,0,48,10
SplitCP,0.1,0.9,0.09523809523809523,0.8047619047619048,3.131568106115637,0.04102670124073589,174.7939568257619,12.175919312565613,10.073551730494161,0.46010841916544376,0.0019998550415039062,D1,0,48,15
SplitCP,0.2,0.8,0.06493506493506493,0.7350649350649351,1.9908751439618586,0.026082472732883978,93.08405442353977,12.175919312565613,10.073551730494161,0.46010841916544376,0.0013039112091064453,D1,0,48,15
SplitCP,0.3,0.7,0.05627705627705628,0.6437229437229437,1.6764578266308376,0.021963288699216623,63.3887780405926,12.175919312565613,10.073551730494161,0.46010841916544376,0.0025043487548828125,D1,0,48,15
TargetOnlyCP,0.1,0.9,0.9664502164502164,0.06645021645021643,68.77142769840404,0.9009750778120568,72.27581214397576,16.83091660183424,13.65076866694436,-0.031617185241005874,0.0,D1,0,48,15
TargetOnlyCP,0.2,0.8,0.9664502164502164,0.1664502164502164,68.77142769840404,0.9009750778120568,70.52361992118989,16.83091660183424,13.65076866694436,-0.031617185241005874,0.0,D1,0,48,15
TargetOnlyCP,0.3,0.7,0.9664502164502164,0.2664502164502165,68.77142769840404,0.9009750778120568,69.93955584692795,16.83091660183424,13.65076866694436,-0.031617185241005874,0.0,D1,0,48,15
TransferCal-CP-affine-localsigma,0.1,0.9,0.9729437229437229,0.07294372294372287,68.32216398980903,0.8950892700230334,71.00073649768238,15.490821976517672,12.417516292321682,0.12611968187725753,0.0020368099212646484,D1,0,48,15
TransferCal-CP-affine-localsigma,0.2,0.8,0.9329004329004329,0.13290043290043285,53.94185492556715,0.7066927147713904,58.67224280155068,15.490821976517672,12.417516292321682,0.12611968187725753,0.002045869827270508,D1,0,48,15
TransferCal-CP-affine-localsigma,0.3,0.7,0.8733766233766234,0.1733766233766234,45.266481716065485,0.593036574218985,51.17069752863713,15.490821976517672,12.417516292321682,0.12611968187725753,0.0019998550415039062,D1,0,48,15
AdaptiveJackknifeCP,0.1,0.9,0.9772727272727273,0.07727272727272727,77.35220733118726,1.0133919470857244,79.84141427591733,16.129423925702174,12.537732078306668,0.05258393378293147,0.0019996166229248047,D1,0,48,15
AdaptiveJackknifeCP,0.2,0.8,0.8214285714285714,0.021428571428571352,43.35294346870501,0.5679672928471812,57.64845462094828,16.129423925702174,12.537732078306668,0.05258393378293147,0.00200653076171875,D1,0,48,15
AdaptiveJackknifeCP,0.3,0.7,0.7997835497835498,0.09978354978354986,41.22473740540397,0.540085646534824,52.100343074836985,16.129423925702174,12.537732078306668,0.05258393378293147,0.0030088424682617188,D1,0,48,15
AdaptiveSplitCP,0.1,0.9,0.8917748917748918,0.008225108225108246,689.1092897924997,9.02802685316677,756.3311897085281,223.9492672569259,195.07226293662177,-181.64270213796377,0.002992391586303711,D1,0,48,15
AdaptiveSplitCP,0.2,0.8,0.8917748917748918,0.09177489177489173,689.1092897924997,9.02802685316677,722.7202397505138,223.9492672569259,195.07226293662177,-181.64270213796377,0.0019922256469726562,D1,0,48,15
AdaptiveSplitCP,0.3,0.7,0.8917748917748918,0.19177489177489182,689.1092897924997,9.02802685316677,711.516589764509,223.9492672569259,195.07226293662177,-181.64270213796377,0.002992868423461914,D1,0,48,15
SplitCP,0.05,0.95,0.12295973884657237,0.8270402611534275,4.121535873375699,0.053996277647527006,329.4501076684831,12.187656838576931,10.061656472693485,0.460584840737547,0.0020017623901367188,D1,0,48,20
SplitCP,0.1,0.9,0.09684439608269858,0.8031556039173015,3.131568106115637,0.04102670124073589,174.5905507935287,12.187656838576931,10.061656472693485,0.460584840737547,0.002003192901611328,D1,0,48,20
SplitCP,0.2,0.8,0.06637649619151251,0.7336235038084875,1.9908751439618584,0.026082472732883975,92.9726414702825,12.187656838576931,10.061656472693485,0.460584840737547,0.0020024776458740234,D1,0,48,20
SplitCP,0.3,0.7,0.05767138193688792,0.642328618063112,1.6764578266308376,0.021963288699216623,63.31301125179569,12.187656838576931,10.061656472693485,0.460584840737547,0.0019998550415039062,D1,0,48,20
TargetOnlyCP,0.05,0.95,0.8182807399347116,0.13171926006528833,37.99342026976556,0.4977521323829168,88.8374695713525,14.39182419476836,11.266745671304442,0.24783277993939157,0.0009999275207519531,D1,0,48,20
TargetOnlyCP,0.1,0.9,0.8182807399347116,0.0817192600652884,37.99342026976556,0.4977521323829168,63.41544492055903,14.39182419476836,11.266745671304442,0.24783277993939157,0.0,D1,0,48,20
TargetOnlyCP,0.2,0.8,0.8182807399347116,0.018280739934711576,37.99342026976556,0.4977521323829168,50.70443259516229,14.39182419476836,11.266745671304442,0.24783277993939157,0.0,D1,0,48,20
TargetOnlyCP,0.3,0.7,0.8182807399347116,0.11828073993471167,37.99342026976556,0.4977521323829168,46.467428486696726,14.39182419476836,11.266745671304442,0.24783277993939157,0.0,D1,0,48,20
TransferCal-CP-affine-localsigma,0.05,0.95,0.8792165397170838,0.07078346028291616,38.11610315289129,0.49935940191140704,64.43813931712903,12.136647339623572,9.574098192130313,0.46509066444364355,0.0021293163299560547,D1,0,48,20
TransferCal-CP-affine-localsigma,0.1,0.9,0.8792165397170838,0.020783460282916222,38.11610315289129,0.49935940191140704,51.277121235010156,12.136647339623572,9.574098192130313,0.46509066444364355,0.0026330947875976562,D1,0,48,20
TransferCal-CP-affine-localsigma,0.2,0.8,0.7551686615886833,0.0448313384113167,28.09126937391015,0.36802396659543973,43.21878768862947,12.136647339623572,9.574098192130313,0.46509066444364355,0.003000020980834961,D1,0,48,20
TransferCal-CP-affine-localsigma,0.3,0.7,0.6496191512513602,0.050380848748639795,22.27420935054471,0.2918146121790458,37.97192131181902,12.136647339623572,9.574098192130313,0.46509066444364355,0.0009999275207519531,D1,0,48,20
AdaptiveJackknifeCP,0.05,0.95,0.9053318824809575,0.04466811751904243,44.56893647279283,0.5838980278652411,64.77127541335068,13.24638103413902,10.551358960930534,0.3627978989136551,0.001999378204345703,D1,0,48,20
AdaptiveJackknifeCP,0.1,0.9,0.8868335146898803,0.013166485310119769,42.51279688046849,0.5569605250216021,54.72934976526897,13.24638103413902,10.551358960930534,0.3627978989136551,0.002000093460083008,D1,0,48,20
AdaptiveJackknifeCP,0.2,0.8,0.8346028291621328,0.03460282916213275,37.313205495062604,0.4888406326499961,46.957012319977856,13.24638103413902,10.551358960930534,0.3627978989136551,0.003024578094482422,D1,0,48,20
AdaptiveJackknifeCP,0.3,0.7,0.7377584330794341,0.03775843307943416,30.97469583234886,0.4057997619322791,41.80147954570719,13.24638103413902,10.551358960930534,0.3627978989136551,0.002000093460083008,D1,0,48,20
AdaptiveSplitCP,0.05,0.95,0.7682263329706203,0.1817736670293797,32.44331327968064,0.4250401319983,93.73191677628164,13.413460008371755,10.61130193627687,0.34662223673846426,0.0014960765838623047,D1,0,48,20
AdaptiveSplitCP,0.1,0.9,0.7682263329706203,0.13177366702937976,32.44331327968064,0.4250401319983,63.08761502798112,13.413460008371755,10.61130193627687,0.34662223673846426,0.0019998550415039062,D1,0,48,20
AdaptiveSplitCP,0.2,0.8,0.7682263329706203,0.03177366702937978,32.44331327968064,0.4250401319983,47.765464153830884,13.413460008371755,10.61130193627687,0.34662223673846426,0.002836942672729492,D1,0,48,20
AdaptiveSplitCP,0.3,0.7,0.7682263329706203,0.06822633297062031,32.44331327968064,0.4250401319983,42.65808052911413,13.413460008371755,10.61130193627687,0.34662223673846426,0.0010001659393310547,D1,0,48,20
SplitCP,0.05,0.95,0.1254125412541254,0.8245874587458746,4.121535873375699,0.053996277647527006,328.9555639522369,12.168117064099693,10.049974999114438,0.46458302222745984,0.0010004043579101562,D1,0,48,30
SplitCP,0.1,0.9,0.0968096809680968,0.8031903190319032,3.131568106115637,0.04102670124073589,174.33588326069858,12.168117064099693,10.049974999114438,0.46458302222745984,0.0023941993713378906,D1,0,48,30
SplitCP,0.2,0.8,0.06490649064906491,0.7350935093509351,1.9908751439618582,0.02608247273288397,92.85118397804617,12.168117064099693,10.049974999114438,0.46458302222745984,0.0022096633911132812,D1,0,48,30
SplitCP,0.3,0.7,0.05720572057205721,0.6427942794279428,1.6764578266308376,0.021963288699216623,63.233270447133265,12.168117064099693,10.049974999114438,0.46458302222745984,0.0010006427764892578,D1,0,48,30
TargetOnlyCP,0.05,0.95,0.8041804180418042,0.14581958195819578,41.48501999135341,0.543495610977577,89.4545546684366,15.516347626644084,12.730458710571067,0.12938853565957387,0.001001596450805664,D1,0,48,30
TargetOnlyCP,0.1,0.9,0.8041804180418042,0.09581958195819584,41.48501999135341,0.543495610977577,65.46978732989501,15.516347626644084,12.730458710571067,0.12938853565957387,0.0,D1,0,48,30
TargetOnlyCP,0.2,0.8,0.8041804180418042,0.004180418041804135,41.48501999135341,0.543495610977577,53.47740366062421,15.516347626644084,12.730458710571067,0.12938853565957387,0.0010001659393310547,D1,0,48,30
TargetOnlyCP,0.3,0.7,0.8041804180418042,0.10418041804180422,41.48501999135341,0.543495610977577,49.47994243753395,15.516347626644084,12.730458710571067,0.12938853565957387,0.0,D1,0,48,30
TransferCal-CP-affine-localsigma,0.05,0.95,0.9614961496149615,0.011496149614961593,52.93136930303205,0.6934543337625771,60.30818455029756,13.835134567460665,11.5599627414941,0.30783098337105774,0.0019998550415039062,D1,0,48,30
TransferCal-CP-affine-localsigma,0.1,0.9,0.9614961496149615,0.061496149614961526,52.93136930303205,0.6934543337625771,56.619776926664805,13.835134567460665,11.5599627414941,0.30783098337105774,0.002637147903442383,D1,0,48,30
TransferCal-CP-affine-localsigma,0.2,0.8,0.9152915291529153,0.1152915291529153,45.36570226520954,0.5943364635040768,49.455206097117426,13.835134567460665,11.5599627414941,0.30783098337105774,0.002004861831665039,D1,0,48,30
TransferCal-CP-affine-localsigma,0.3,0.7,0.8184818481848185,0.11848184818481855,36.96638458302458,0.48429692883769965,43.32050743065149,13.835134567460665,11.5599627414941,0.30783098337105774,0.0025217533111572266,D1,0,48,30
AdaptiveJackknifeCP,0.05,0.95,0.9867986798679867,0.036798679867986794,69.36921566015256,0.9088067031450872,70.75140805010054,12.52622683295131,10.126135416678265,0.4326044521744431,0.0014941692352294922,D1,0,48,30
AdaptiveJackknifeCP,0.1,0.9,0.944994499449945,0.044994499449944936,44.759954146688756,0.586400552087315,52.22520300737482,12.52622683295131,10.126135416678265,0.4326044521744431,0.0030012130737304688,D1,0,48,30
AdaptiveJackknifeCP,0.2,0.8,0.8811881188118812,0.08118811881188115,38.01111586845565,0.4979839625766515,44.58485278066195,12.52622683295131,10.126135416678265,0.4326044521744431,0.002002239227294922,D1,0,48,30
AdaptiveJackknifeCP,0.3,0.7,0.7953795379537953,0.09537953795379539,30.86135386268626,0.4043148677930449,38.96357249588038,12.52622683295131,10.126135416678265,0.4326044521744431,0.0010001659393310547,D1,0,48,30
AdaptiveSplitCP,0.05,0.95,0.933993399339934,0.016006600660065984,53.44144420372857,0.7001368295129989,71.2372340193051,14.439711828477131,11.4416813846892,0.24601547533498602,0.0009999275207519531,D1,0,48,30
AdaptiveSplitCP,0.1,0.9,0.933993399339934,0.03399339933993395,53.44144420372857,0.7001368295129989,62.339339111516836,14.439711828477131,11.4416813846892,0.24601547533498602,0.002216339111328125,D1,0,48,30
AdaptiveSplitCP,0.2,0.8,0.933993399339934,0.13399339933993393,53.44144420372857,0.7001368295129989,57.8903916576227,14.439711828477131,11.4416813846892,0.24601547533498602,0.0019998550415039062,D1,0,48,30
AdaptiveSplitCP,0.3,0.7,0.933993399339934,0.23399339933993402,53.44144420372857,0.7001368295129989,56.40740917299132,14.439711828477131,11.4416813846892,0.24601547533498602,0.0020003318786621094,D1,0,48,30
SplitCP,0.05,0.95,0.12598425196850394,0.824015748031496,4.121535873375699,0.054604343837170846,330.77058441277643,12.232218933152373,10.093872125623282,0.4580899343363387,0.0020074844360351562,D1,0,48,50
SplitCP,0.1,0.9,0.09786276715410573,0.8021372328458943,3.1315681061156364,0.041488713642034304,175.2370871703451,12.232218933152373,10.093872125623282,0.4580899343363387,0.0020072460174560547,D1,0,48,50
SplitCP,0.2,0.8,0.06636670416197975,0.7336332958380203,1.9908751439618584,0.02637619427262979,93.29359293268388,12.232218933152373,10.093872125623282,0.4580899343363387,0.0019927024841308594,D1,0,48,50
SplitCP,0.3,0.7,0.05736782902137233,0.6426321709786276,1.6764578266308376,0.02221062303138224,63.5271089945713,12.232218933152373,10.093872125623282,0.4580899343363387,0.002003908157348633,D1,0,48,50
TargetOnlyCP,0.05,0.95,0.8312710911136107,0.1187289088863892,37.991504745087184,0.5033320712778732,80.02691559038716,13.859925751321754,11.084817111528618,0.304273518432871,0.0009920597076416016,D1,0,48,50
TargetOnlyCP,0.1,0.9,0.8312710911136107,0.06872890888638927,37.991504745087184,0.5033320712778732,59.00921016773717,13.859925751321754,11.084817111528618,0.304273518432871,0.0,D1,0,48,50
TargetOnlyCP,0.2,0.8,0.8312710911136107,0.031271091113610705,37.991504745087184,0.5033320712778732,48.500357456412175,13.859925751321754,11.084817111528618,0.304273518432871,0.0009996891021728516,D1,0,48,50
TargetOnlyCP,0.3,0.7,0.8312710911136107,0.1312710911136108,37.991504745087184,0.5033320712778732,44.99740655263718,13.859925751321754,11.084817111528618,0.304273518432871,0.0,D1,0,48,50
TransferCal-CP-affine-localsigma,0.05,0.95,0.9325084364454443,0.01749156355455561,40.50393943156842,0.5366181693985458,56.24467230572266,12.127740292556624,9.906771646167703,0.46730759671925737,0.0020084381103515625,D1,0,48,50
TransferCal-CP-affine-localsigma,0.1,0.9,0.9043869516310461,0.0043869516310460765,37.72899103280661,0.4998541471622691,47.89049128392192,12.127740292556624,9.906771646167703,0.46730759671925737,0.0020003318786621094,D1,0,48,50
TransferCal-CP-affine-localsigma,0.2,0.8,0.7221597300337458,0.07784026996625426,27.585870956109854,0.36547258813533556,41.89268263382639,12.127740292556624,9.906771646167703,0.46730759671925737,0.002993345260620117,D1,0,48,50
TransferCal-CP-affine-localsigma,0.3,0.7,0.6872890888638921,0.012710911136107894,25.790701423412372,0.3416892080020599,37.09984196256398,12.127740292556624,9.906771646167703,0.46730759671925737,0.001992464065551758,D1,0,48,50
AdaptiveJackknifeCP,0.05,0.95,0.953880764904387,0.0038807649043870462,46.46547436061245,0.6155998192164341,53.34681976606841,11.88622600848819,9.657753282017383,0.4883126334521076,0.0020079612731933594,D1,0,48,50
AdaptiveJackknifeCP,0.1,0.9,0.890888638920135,0.009111361079864988,37.71634617192477,0.4996866211834646,47.338575826483584,11.88622600848819,9.657753282017383,0.4883126334521076,0.0019989013671875,D1,0,48,50
AdaptiveJackknifeCP,0.2,0.8,0.8065241844769404,0.0065241844769403645,31.272947402677747,0.4143209777230331,41.11297024630821,11.88622600848819,9.657753282017383,0.4883126334521076,0.0030012130737304688,D1,0,48,50
AdaptiveJackknifeCP,0.3,0.7,0.6996625421822272,0.0003374578177727239,25.06534509734456,0.3320792937734999,36.82930324131854,11.88622600848819,9.657753282017383,0.4883126334521076,0.0019986629486083984,D1,0,48,50
AdaptiveSplitCP,0.05,0.95,0.9178852643419573,0.03211473565804268,41.97149981444784,0.5560612057351249,58.61336704321955,12.465818050005474,10.063335822657658,0.43719455017779285,0.001993417739868164,D1,0,48,50
AdaptiveSplitCP,0.1,0.9,0.9178852643419573,0.017885264341957252,41.97149981444784,0.5560612057351249,50.2924334288337,12.465818050005474,10.063335822657658,0.43719455017779285,0.0009996891021728516,D1,0,48,50
AdaptiveSplitCP,0.2,0.8,0.9178852643419573,0.11788526434195723,41.97149981444784,0.5560612057351249,46.13196662164076,12.465818050005474,10.063335822657658,0.43719455017779285,0.0019998550415039062,D1,0,48,50
AdaptiveSplitCP,0.3,0.7,0.9178852643419573,0.21788526434195732,41.97149981444784,0.5560612057351249,44.74514435257645,12.465818050005474,10.063335822657658,0.43719455017779285,0.00200653076171875,D1,0,48,50
SplitCP,0.1,0.9,0.0,0.9,3.286029689778134,0.07948789765319919,335.4054828439083,19.25830285514704,18.248987502595572,-5.164936563968403,0.0,D2,1,48,10
SplitCP,0.2,0.8,0.0,0.8,2.186664012079418,0.0528946301778053,173.74321897763807,19.25830285514704,18.248987502595572,-5.164936563968403,0.0009999275207519531,D2,1,48,10
SplitCP,0.3,0.7,0.0,0.7,1.5666330918971447,0.037896301197827324,118.00443946954384,19.25830285514704,18.248987502595572,-5.164936563968403,0.0009999275207519531,D2,1,48,10
TargetOnlyCP,0.1,0.9,0.9032258064516129,0.003225806451612856,27.56,0.6666666665054023,34.26752688172042,7.7651400502502215,6.100430107526884,-0.002284868472310686,0.0,D2,1,48,10
TargetOnlyCP,0.2,0.8,0.9032258064516129,0.10322580645161283,27.56,0.6666666665054023,30.913763440860215,7.7651400502502215,6.100430107526884,-0.002284868472310686,0.0,D2,1,48,10
TargetOnlyCP,0.3,0.7,0.9032258064516129,0.20322580645161292,27.56,0.6666666665054023,29.79584229390681,7.7651400502502215,6.100430107526884,-0.002284868472310686,0.0,D2,1,48,10
TransferCal-CP-affine-localsigma,0.1,0.9,0.967741935483871,0.06774193548387097,133.6015008753625,3.2317731215056784,138.02340895019947,40.72121567351494,37.33526954599864,-26.563480591202318,0.001003265380859375,D2,1,48,10
TransferCal-CP-affine-localsigma,0.2,0.8,0.9247311827956989,0.12473118279569884,119.13238273195971,2.8817702637431544,124.8913694530314,40.72121567351494,37.33526954599864,-26.563480591202318,0.00099945068359375,D2,1,48,10
TransferCal-CP-affine-localsigma,0.3,0.7,0.8279569892473119,0.12795698924731191,108.60853149212593,2.627202019009528,116.44563117778672,40.72121567351494,37.33526954599864,-26.563480591202318,0.0,D2,1,48,10
AdaptiveJackknifeCP,0.1,0.9,0.989247311827957,0.08924731182795698,31.374760337283988,0.7589443717874829,32.028080107889,5.17979919973376,3.9270092521271964,0.5540168647195355,0.0,D2,1,48,10
AdaptiveJackknifeCP,0.2,0.8,0.8602150537634409,0.06021505376344083,14.428563401871823,0.3490218528877988,18.99450187063598,5.17979919973376,3.9270092521271964,0.5540168647195355,0.0,D2,1,48,10
AdaptiveJackknifeCP,0.3,0.7,0.7204301075268817,0.02043010752688179,9.405357580270788,0.2275122781324544,15.869107361764035,5.17979919973376,3.9270092521271964,0.5540168647195355,0.0,D2,1,48,10
AdaptiveSplitCP,0.1,0.9,0.9032258064516129,0.003225806451612856,27.56,0.6666666665054023,34.26752688172042,7.7651400502502215,6.100430107526884,-0.002284868472310686,0.0,D2,1,48,10
AdaptiveSplitCP,0.2,0.8,0.9032258064516129,0.10322580645161283,27.56,0.6666666665054023,30.913763440860215,7.7651400502502215,6.100430107526884,-0.002284868472310686,0.0009958744049072266,D2,1,48,10
AdaptiveSplitCP,0.3,0.7,0.9032258064516129,0.20322580645161292,27.56,0.6666666665054023,29.79584229390681,7.7651400502502215,6.100430107526884,-0.002284868472310686,0.0009999275207519531,D2,1,48,10
SplitCP,0.1,0.9,0.0,0.9,3.2860296897781325,0.07948789765319916,330.6896650841272,19.05722627769202,18.01319661460652,-5.493723609247799,0.0010001659393310547,D2,1,48,15
SplitCP,0.2,0.8,0.0,0.8,2.1866640120794187,0.052894630177805324,171.38531009774752,19.05722627769202,18.01319661460652,-5.493723609247799,0.0,D2,1,48,15
SplitCP,0.3,0.7,0.0,0.7,1.5666330918971454,0.03789630119782734,116.43250021628347,19.05722627769202,18.01319661460652,-5.493723609247799,0.0,D2,1,48,15
TargetOnlyCP,0.1,0.9,0.9886363636363636,0.08863636363636362,30.760407570421822,0.7440833953309383,32.02123147425479,5.88777621000878,4.566450049816792,0.38016369871669486,0.0,D2,1,48,15
TargetOnlyCP,0.2,0.8,0.9886363636363636,0.1886363636363636,30.760407570421822,0.7440833953309383,31.390819522338305,5.88777621000878,4.566450049816792,0.38016369871669486,0.0,D2,1,48,15
TargetOnlyCP,0.3,0.7,0.9886363636363636,0.2886363636363637,30.760407570421822,0.7440833953309383,31.180682205032813,5.88777621000878,4.566450049816792,0.38016369871669486,0.0010001659393310547,D2,1,48,15
TransferCal-CP-affine-localsigma,0.1,0.9,0.9772727272727273,0.07727272727272727,33.82254119087543,0.818155326141603,35.37965721779519,7.243908472059467,5.718856993857341,0.061746210335179574,0.0,D2,1,48,15
TransferCal-CP-affine-localsigma,0.2,0.8,0.9659090909090909,0.1659090909090909,32.79687632669718,0.793344855316007,33.73923915928673,7.243908472059467,5.718856993857341,0.061746210335179574,0.0,D2,1,48,15
TransferCal-CP-affine-localsigma,0.3,0.7,0.9318181818181818,0.2318181818181818,27.84502529466044,0.6735613277195168,29.38245406032614,7.243908472059467,5.718856993857341,0.061746210335179574,0.0,D2,1,48,15
AdaptiveJackknifeCP,0.1,0.9,0.9772727272727273,0.07727272727272727,26.023377276933925,0.6294963055306957,27.61277208099835,4.82034740124311,3.687450327770701,0.584538201918612,0.0,D2,1,48,15
AdaptiveJackknifeCP,0.2,0.8,0.9090909090909091,0.10909090909090902,13.983976515549159,0.33826745312449163,17.55108087526661,4.82034740124311,3.687450327770701,0.584538201918612,0.0,D2,1,48,15
AdaptiveJackknifeCP,0.3,0.7,0.8295454545454546,0.12954545454545463,11.575777469457323,0.280013968714494,14.978325415497654,4.82034740124311,3.687450327770701,0.584538201918612,0.0,D2,1,48,15
AdaptiveSplitCP,0.1,0.9,0.9772727272727273,0.07727272727272727,29.722013244012604,0.7189650033096989,31.76575466652405,5.187721049905151,3.763980708007995,0.518797749682425,0.0,D2,1,48,15
AdaptiveSplitCP,0.2,0.8,0.9772727272727273,0.17727272727272725,29.722013244012604,0.7189650033096989,30.743883955268327,5.187721049905151,3.763980708007995,0.518797749682425,0.0,D2,1,48,15
AdaptiveSplitCP,0.3,0.7,0.9772727272727273,0.27727272727272734,29.722013244012604,0.7189650033096989,30.40326038484975,5.187721049905151,3.763980708007995,0.518797749682425,0.0,D2,1,48,15
SplitCP,0.05,0.95,0.0,0.95,4.596095161989574,0.11413198810152109,664.6064679110771,19.757530739855245,18.798306899721968,-5.562253396764267,0.0010025501251220703,D2,1,48,20
SplitCP,0.1,0.9,0.0,0.9,3.2860296897781334,0.08159994261142622,346.3918707864363,19.757530739855245,18.798306899721968,-5.562253396764267,0.0009999275207519531,D2,1,48,20
SplitCP,0.2,0.8,0.0,0.8,2.1866640120794183,0.054300074783621,179.23641294890203,19.757530739855245,18.798306899721968,-5.562253396764267,0.0009980201721191406,D2,1,48,20
SplitCP,0.3,0.7,0.0,0.7,1.5666330918971456,0.03890323048194968,121.66656878371981,19.757530739855245,18.798306899721968,-5.562253396764267,0.0,D2,1,48,20
TargetOnlyCP,0.05,0.95,0.8674698795180723,0.08253012048192765,17.039139887313738,0.4231224207370875,34.68152474053607,5.6461101809398695,4.225344692050808,0.4640967861088303,0.0,D2,1,48,20
TargetOnlyCP,0.1,0.9,0.8674698795180723,0.032530120481927716,17.039139887313738,0.4231224207370875,25.860332313924914,5.6461101809398695,4.225344692050808,0.4640967861088303,0.0,D2,1,48,20
TargetOnlyCP,0.2,0.8,0.8674698795180723,0.06746987951807226,17.039139887313738,0.4231224207370875,21.449736100619322,5.6461101809398695,4.225344692050808,0.4640967861088303,0.0,D2,1,48,20
TargetOnlyCP,0.3,0.7,0.8674698795180723,0.16746987951807235,17.039139887313738,0.4231224207370875,19.97953736285079,5.6461101809398695,4.225344692050808,0.4640967861088303,0.0,D2,1,48,20
TransferCal-CP-affine-localsigma,0.05,0.95,0.9518072289156626,0.0018072289156626509,26.630663385269063,0.6613027906296508,33.47225502360747,6.93187174346408,5.527889362087561,0.1922281750132495,0.0010061264038085938,D2,1,48,20
TransferCal-CP-affine-localsigma,0.1,0.9,0.9518072289156626,0.051807228915662584,26.630663385269063,0.6613027906296508,30.051459204438267,6.93187174346408,5.527889362087561,0.1922281750132495,0.0009937286376953125,D2,1,48,20
TransferCal-CP-affine-localsigma,0.2,0.8,0.9518072289156626,0.15180722891566256,26.6224122006187,0.6610978940652527,28.334798347468453,6.93187174346408,5.527889362087561,0.1922281750132495,0.0010075569152832031,D2,1,48,20
TransferCal-CP-affine-localsigma,0.3,0.7,0.9518072289156626,0.25180722891566265,25.226754818848963,0.6264403976306074,26.592547572454773,6.93187174346408,5.527889362087561,0.1922281750132495,0.0,D2,1,48,20
AdaptiveJackknifeCP,0.05,0.95,1.0,0.050000000000000044,63.526565600088624,1.5775159072340073,63.526565600088624,4.839619126559974,3.5553871877941665,0.6062595506618859,0.0,D2,1,48,20
AdaptiveJackknifeCP,0.1,0.9,0.9879518072289156,0.0879518072289156,29.39012336433335,0.7298267533408265,30.411188123928273,4.839619126559974,3.5553871877941665,0.6062595506618859,0.0,D2,1,48,20
AdaptiveJackknifeCP,0.2,0.8,0.8554216867469879,0.055421686746987886,12.41287527291477,0.3082412532861276,17.148741083346003,4.839619126559974,3.5553871877941665,0.6062595506618859,0.0,D2,1,48,20
AdaptiveJackknifeCP,0.3,0.7,0.7349397590361446,0.03493975903614466,9.698736207945926,0.24084271680003722,14.655893192555444,4.839619126559974,3.5553871877941665,0.6062595506618859,0.0,D2,1,48,20
AdaptiveSplitCP,0.05,0.95,1.0,0.050000000000000044,57.35710997412287,1.424313631981121,57.35710997412287,7.569640832547581,5.863156436762932,0.03675179023034769,0.0,D2,1,48,20
AdaptiveSplitCP,0.1,0.9,1.0,0.09999999999999998,57.35710997412287,1.424313631981121,57.35710997412287,7.569640832547581,5.863156436762932,0.03675179023034769,0.0,D2,1,48,20
AdaptiveSplitCP,0.2,0.8,1.0,0.19999999999999996,57.35710997412287,1.424313631981121,57.35710997412287,7.569640832547581,5.863156436762932,0.03675179023034769,0.0,D2,1,48,20
AdaptiveSplitCP,0.3,0.7,1.0,0.30000000000000004,57.35710997412287,1.424313631981121,57.35710997412287,7.569640832547581,5.863156436762932,0.03675179023034769,0.0,D2,1,48,20
SplitCP,0.05,0.95,0.0,0.95,4.596095161989574,0.13364626812018351,609.970845175076,18.366700415219974,17.432416331321946,-5.243273286147377,0.0,D2,1,48,30
SplitCP,0.1,0.9,0.0,0.9,3.2860296897781325,0.09555189557495242,319.07405941843575,18.366700415219974,17.432416331321946,-5.243273286147377,0.0009996891021728516,D2,1,48,30
SplitCP,0.2,0.8,0.0,0.8,2.1866640120794187,0.06358429809373585,165.57750726490178,18.366700415219974,17.432416331321946,-5.243273286147377,0.0010001659393310547,D2,1,48,30
SplitCP,0.3,0.7,0.0,0.7,1.5666330918971454,0.045554902339098466,112.56063166105298,18.366700415219974,17.432416331321946,-5.243273286147377,0.0,D2,1,48,30
TargetOnlyCP,0.05,0.95,0.8082191780821918,0.14178082191780816,14.387196857872285,0.41835408123549706,40.34474746270705,5.684100815382254,4.4477089232306355,0.40203797265810226,0.0,D2,1,48,30
TargetOnlyCP,0.1,0.9,0.8082191780821918,0.09178082191780823,14.387196857872285,0.41835408123549706,27.365972160289665,5.684100815382254,4.4477089232306355,0.40203797265810226,0.0010006427764892578,D2,1,48,30
TargetOnlyCP,0.2,0.8,0.8082191780821918,0.008219178082191747,14.387196857872285,0.41835408123549706,20.876584509080974,5.684100815382254,4.4477089232306355,0.40203797265810226,0.0,D2,1,48,30
TargetOnlyCP,0.3,0.7,0.8082191780821918,0.10821917808219184,14.387196857872285,0.41835408123549706,18.713455292011414,5.684100815382254,4.4477089232306355,0.40203797265810226,0.0,D2,1,48,30
TransferCal-CP-affine-localsigma,0.05,0.95,0.9178082191780822,0.03219178082191776,28.615309906549694,0.8320822884044452,34.66698543027074,7.4116947795586565,5.829383007929897,-0.016681952078698492,0.0,D2,1,48,30
TransferCal-CP-affine-localsigma,0.1,0.9,0.9178082191780822,0.017808219178082174,28.615309906549694,0.8320822884044452,31.64114766841022,7.4116947795586565,5.829383007929897,-0.016681952078698492,0.0009999275207519531,D2,1,48,30
TransferCal-CP-affine-localsigma,0.2,0.8,0.7808219178082192,0.019178082191780854,18.239870520036398,0.530382975130345,26.892201173851806,7.4116947795586565,5.829383007929897,-0.016681952078698492,0.0010082721710205078,D2,1,48,30
TransferCal-CP-affine-localsigma,0.3,0.7,0.7397260273972602,0.03972602739726028,16.010157932273728,0.4655469010647938,23.515342555038437,7.4116947795586565,5.829383007929897,-0.016681952078698492,0.0009984970092773438,D2,1,48,30
AdaptiveJackknifeCP,0.05,0.95,0.9726027397260274,0.022602739726027443,29.1852942637835,0.8486564191711816,30.44335729994514,6.192937598936979,4.9727898724695905,0.2901877839326197,0.0,D2,1,48,30
AdaptiveJackknifeCP,0.1,0.9,0.7123287671232876,0.1876712328767124,13.688680877149366,0.3980424795920018,30.74090921538303,6.192937598936979,4.9727898724695905,0.2901877839326197,0.0,D2,1,48,30
AdaptiveJackknifeCP,0.2,0.8,0.6712328767123288,0.12876712328767126,11.814475098779797,0.3435439108852677,23.250117290875803,6.192937598936979,4.9727898724695905,0.2901877839326197,0.0009999275207519531,D2,1,48,30
AdaptiveJackknifeCP,0.3,0.7,0.6164383561643836,0.08356164383561637,10.45989884522933,0.304155244029886,19.728780691160765,6.192937598936979,4.9727898724695905,0.2901877839326197,0.0010001659393310547,D2,1,48,30
AdaptiveSplitCP,0.05,0.95,0.8356164383561644,0.11438356164383556,18.90611110372788,0.549756065665319,35.87876654725988,6.526623771584069,5.311845717278786,0.21163521235498794,0.0009922981262207031,D2,1,48,30
AdaptiveSplitCP,0.1,0.9,0.8356164383561644,0.06438356164383563,18.90611110372788,0.549756065665319,27.39243882549388,6.526623771584069,5.311845717278786,0.21163521235498794,0.0010077953338623047,D2,1,48,30
AdaptiveSplitCP,0.2,0.8,0.8356164383561644,0.03561643835616435,18.90611110372788,0.549756065665319,23.149274964610882,6.526623771584069,5.311845717278786,0.21163521235498794,0.0009920597076416016,D2,1,48,30
AdaptiveSplitCP,0.3,0.7,0.8356164383561644,0.13561643835616444,18.90611110372788,0.549756065665319,21.734887010983215,6.526623771584069,5.311845717278786,0.21163521235498794,0.0010075569152832031,D2,1,48,30
SplitCP,0.1,0.9,0.0,0.9,3.0080350188097564,0.10640378555874491,194.8757290902825,11.947647678519118,11.097402212978515,-1.8819804981236121,0.0010004043579101562,D3,2,48,10
SplitCP,0.2,0.8,0.0,0.8,1.747293445320949,0.06180733798029273,103.98484834850136,11.947647678519118,11.097402212978515,-1.8819804981236121,0.0,D3,2,48,10
SplitCP,0.3,0.7,0.0,0.7,1.3965188383820077,0.049399322175027044,70.72413746363209,11.947647678519118,11.097402212978515,-1.8819804981236121,0.0,D3,2,48,10
TargetOnlyCP,0.1,0.9,1.0,0.09999999999999998,48.02,1.6986204451013016,48.02,9.05753078934872,7.003200000000001,-0.6563261597551242,0.0,D3,2,48,10
TargetOnlyCP,0.2,0.8,1.0,0.19999999999999996,48.02,1.6986204451013016,48.02,9.05753078934872,7.003200000000001,-0.6563261597551242,0.0,D3,2,48,10
TargetOnlyCP,0.3,0.7,1.0,0.30000000000000004,48.02,1.6986204451013016,48.02,9.05753078934872,7.003200000000001,-0.6563261597551242,0.0,D3,2,48,10
TransferCal-CP-affine-localsigma,0.1,0.9,1.0,0.09999999999999998,23.38790206222653,0.82730463579602,23.38790206222653,4.120598350963873,3.2285865881298075,0.6571952808923571,0.0,D3,2,48,10
TransferCal-CP-affine-localsigma,0.2,0.8,0.88,0.07999999999999996,12.520059336821575,0.44287440157031593,15.07544535021461,4.120598350963873,3.2285865881298075,0.6571952808923571,0.0009927749633789062,D3,2,48,10
TransferCal-CP-affine-localsigma,0.3,0.7,0.88,0.18000000000000005,11.46531168659215,0.4055646155831802,13.590801422279274,4.120598350963873,3.2285865881298075,0.6571952808923571,0.0010035037994384766,D3,2,48,10
AdaptiveJackknifeCP,0.1,0.9,1.0,0.09999999999999998,29.32742472215827,1.0374044821996542,29.32742472215827,5.169574434637312,4.12749247588018,0.4604448912956002,0.0,D3,2,48,10
AdaptiveJackknifeCP,0.2,0.8,0.96,0.15999999999999992,27.098574343155327,0.9585629406993172,27.44588333211342,5.169574434637312,4.12749247588018,0.4604448912956002,0.0,D3,2,48,10
AdaptiveJackknifeCP,0.3,0.7,0.84,0.14,12.196025665841532,0.4314122978962649,15.592452766375311,5.169574434637312,4.12749247588018,0.4604448912956002,0.0,D3,2,48,10
AdaptiveSplitCP,0.1,0.9,1.0,0.09999999999999998,48.02,1.6986204451013016,48.02,9.05753078934872,7.003200000000001,-0.6563261597551242,0.0009999275207519531,D3,2,48,10
AdaptiveSplitCP,0.2,0.8,1.0,0.19999999999999996,48.02,1.6986204451013016,48.02,9.05753078934872,7.003200000000001,-0.6563261597551242,0.0009980201721191406,D3,2,48,10
AdaptiveSplitCP,0.3,0.7,1.0,0.30000000000000004,48.02,1.6986204451013016,48.02,9.05753078934872,7.003200000000001,-0.6563261597551242,0.0009937286376953125,D3,2,48,10
SplitCP,0.1,0.9,0.06936416184971098,0.8306358381502891,3.3341883057273387,0.057542319979215335,232.99001674514147,14.967301978090815,13.099240889519649,-0.43893861077372676,0.0,D4,3,48,10
SplitCP,0.2,0.8,0.05202312138728324,0.7479768786127168,2.0746500588995502,0.03580486960770309,122.8461692069908,14.967301978090815,13.099240889519649,-0.43893861077372676,0.0,D4,3,48,10
SplitCP,0.3,0.7,0.011560693641618497,0.6884393063583815,1.359836159186251,0.023468418762308915,84.17899508889472,14.967301978090815,13.099240889519649,-0.43893861077372676,0.0,D4,3,48,10
TargetOnlyCP,0.1,0.9,0.9421965317919075,0.04219653179190752,47.69083137181572,0.8230612152762551,56.95660912642998,12.617184763882587,10.009238683539829,-0.02253963243976176,0.0,D4,3,48,10
TargetOnlyCP,0.2,0.8,0.9421965317919075,0.1421965317919075,47.69083137181572,0.8230612152762551,52.32372024912284,12.617184763882587,10.009238683539829,-0.02253963243976176,0.0,D4,3,48,10
TargetOnlyCP,0.3,0.7,0.9421965317919075,0.2421965317919076,47.69083137181572,0.8230612152762551,50.77942395668715,12.617184763882587,10.009238683539829,-0.02253963243976176,0.0,D4,3,48,10
TransferCal-CP-affine-localsigma,0.1,0.9,0.9479768786127167,0.04797687861271671,48.985915896334284,0.8454121328839876,56.43205801406804,12.273684510468351,8.973927247842981,0.03237933329844134,0.0,D4,3,48,10
TransferCal-CP-affine-localsigma,0.2,0.8,0.9421965317919075,0.1421965317919075,46.878939132236134,0.8090493602894567,51.1619936565806,12.273684510468351,8.973927247842981,0.03237933329844134,0.0010006427764892578,D4,3,48,10
TransferCal-CP-affine-localsigma,0.3,0.7,0.861271676300578,0.16127167630057804,37.965673088220704,0.6552218137517917,43.6999441429892,12.273684510468351,8.973927247842981,0.03237933329844134,0.0010004043579101562,D4,3,48,10
AdaptiveJackknifeCP,0.1,0.9,0.8786127167630058,0.021387283236994237,17.89161324767672,0.3087782812607507,22.39061071414609,5.642309050715929,4.577563596261735,0.7955114643542447,0.00099945068359375,D4,3,48,10
AdaptiveJackknifeCP,0.2,0.8,0.6936416184971098,0.10635838150289023,12.002362698439697,0.20714000877330607,20.261522046932313,5.642309050715929,4.577563596261735,0.7955114643542447,0.0009999275207519531,D4,3,48,10
AdaptiveJackknifeCP,0.3,0.7,0.6184971098265896,0.08150289017341039,9.55849553532681,0.16496309091747366,17.938752376354856,5.642309050715929,4.577563596261735,0.7955114643542447,0.0,D4,3,48,10
AdaptiveSplitCP,0.1,0.9,0.9421965317919075,0.04219653179190752,47.69083137181572,0.8230612152762551,56.95660912642998,12.617184763882587,10.009238683539829,-0.02253963243976176,0.0,D4,3,48,10
AdaptiveSplitCP,0.2,0.8,0.9421965317919075,0.1421965317919075,47.69083137181572,0.8230612152762551,52.32372024912284,12.617184763882587,10.009238683539829,-0.02253963243976176,0.0,D4,3,48,10
AdaptiveSplitCP,0.3,0.7,0.9421965317919075,0.2421965317919076,47.69083137181572,0.8230612152762551,50.77942395668715,12.617184763882587,10.009238683539829,-0.02253963243976176,0.0010020732879638672,D4,3,48,10
SplitCP,0.1,0.9,0.07738095238095238,0.8226190476190476,3.334188305727338,0.0583384123662274,231.88535549170624,15.001146306004484,13.038262034863626,-0.5454321831063871,0.0,D4,3,48,15
SplitCP,0.2,0.8,0.05952380952380952,0.7404761904761905,2.0746500588995502,0.03630022648804696,122.24581404001773,15.001146306004484,13.038262034863626,-0.5454321831063871,0.0,D4,3,48,15
SplitCP,0.3,0.7,0.011904761904761904,0.6880952380952381,1.3598361591862513,0.023793102047908705,83.77317396053903,15.001146306004484,13.038262034863626,-0.5454321831063871,0.0,D4,3,48,15
TargetOnlyCP,0.1,0.9,1.0,0.09999999999999998,72.70978358282639,1.2722056910906099,72.70978358282639,10.67413426955734,8.356711476416946,0.21753236766837625,0.0,D4,3,48,15
TargetOnlyCP,0.2,0.8,1.0,0.19999999999999996,72.70978358282639,1.2722056910906099,72.70978358282639,10.67413426955734,8.356711476416946,0.21753236766837625,0.0,D4,3,48,15
TargetOnlyCP,0.3,0.7,1.0,0.30000000000000004,72.70978358282639,1.2722056910906099,72.70978358282639,10.67413426955734,8.356711476416946,0.21753236766837625,0.000997304916381836,D4,3,48,15
TransferCal-CP-affine-localsigma,0.1,0.9,1.0,0.09999999999999998,71.47879204459683,1.2506669879966024,71.47879204459683,10.22165324621652,8.099060118312238,0.28246457577990225,0.0,D4,3,48,15
TransferCal-CP-affine-localsigma,0.2,0.8,0.9940476190476191,0.19404761904761902,67.9861065429113,1.1895553445081806,68.06617828115907,10.22165324621652,8.099060118312238,0.28246457577990225,0.0,D4,3,48,15
TransferCal-CP-affine-localsigma,0.3,0.7,0.9583333333333334,0.2583333333333334,41.658803991557136,0.7289055875364363,43.266139168654135,10.22165324621652,8.099060118312238,0.28246457577990225,0.0,D4,3,48,15
AdaptiveJackknifeCP,0.1,0.9,1.0,0.09999999999999998,48.491956870193206,0.8484655085254773,48.491956870193206,3.9808511513629274,3.107857363696609,0.8911689205507461,0.0010004043579101562,D4,3,48,15
AdaptiveJackknifeCP,0.2,0.8,0.9880952380952381,0.1880952380952381,19.292850871368902,0.3375677036358997,19.458336970925405,3.9808511513629274,3.107857363696609,0.8911689205507461,0.0009992122650146484,D4,3,48,15
AdaptiveJackknifeCP,0.3,0.7,0.875,0.17500000000000004,12.31658781780152,0.21550377878342833,13.865782570579597,3.9808511513629274,3.107857363696609,0.8911689205507461,0.0010008811950683594,D4,3,48,15
AdaptiveSplitCP,0.1,0.9,0.9821428571428571,0.08214285714285707,32.95216800925874,0.5765652654900022,33.84956854051603,6.192499356270089,4.809437414786229,0.7366501964215251,0.0,D4,3,48,15
AdaptiveSplitCP,0.2,0.8,0.9821428571428571,0.18214285714285705,32.95216800925874,0.5765652654900022,33.40086827488739,6.192499356270089,4.809437414786229,0.7366501964215251,0.0,D4,3,48,15
AdaptiveSplitCP,0.3,0.7,0.9821428571428571,0.28214285714285714,32.95216800925874,0.5765652654900022,33.25130151967784,6.192499356270089,4.809437414786229,0.7366501964215251,0.0,D4,3,48,15
SplitCP,0.05,0.95,0.08588957055214724,0.8641104294478528,4.085832417665927,0.07051439654890634,440.8474836118903,14.90436599792253,12.867030105970692,-0.47800992840129086,0.0010006427764892578,D4,3,48,20
SplitCP,0.1,0.9,0.08588957055214724,0.8141104294478527,3.3341883057273383,0.05754231997921533,228.5858711224009,14.90436599792253,12.867030105970692,-0.47800992840129086,0.0010001659393310547,D4,3,48,20
SplitCP,0.2,0.8,0.06748466257668712,0.7325153374233129,2.0746500588995502,0.03580486960770309,120.5451010242964,14.90436599792253,12.867030105970692,-0.47800992840129086,0.0009999275207519531,D4,3,48,20
SplitCP,0.3,0.7,0.012269938650306749,0.6877300613496932,1.3598361591862511,0.02346841876230892,82.63237556238415,14.90436599792253,12.867030105970692,-0.47800992840129086,0.0009996891021728516,D4,3,48,20
TargetOnlyCP,0.05,0.95,0.9815950920245399,0.03159509202453992,44.879918130639346,0.7745497173264415,48.153632114343885,7.897339683604854,5.998464853759083,0.5850345156241874,0.0,D4,3,48,20
TargetOnlyCP,0.1,0.9,0.9815950920245399,0.08159509202453985,44.879918130639346,0.7745497173264415,46.516775122491616,7.897339683604854,5.998464853759083,0.5850345156241874,0.0009999275207519531,D4,3,48,20
TargetOnlyCP,0.2,0.8,0.9815950920245399,0.18159509202453983,44.879918130639346,0.7745497173264415,45.69834662656548,7.897339683604854,5.998464853759083,0.5850345156241874,0.0,D4,3,48,20
TargetOnlyCP,0.3,0.7,0.9815950920245399,0.2815950920245399,44.879918130639346,0.7745497173264415,45.425537127923434,7.897339683604854,5.998464853759083,0.5850345156241874,0.0,D4,3,48,20
TransferCal-CP-affine-localsigma,0.05,0.95,0.8773006134969326,0.0726993865030674,35.85033881771219,0.6187148050601972,51.10266083512148,10.449152100843135,8.111753889654961,0.27353877316327146,0.0,D4,3,48,20
TransferCal-CP-affine-localsigma,0.1,0.9,0.8773006134969326,0.022699386503067465,35.85033881771219,0.6187148050601972,43.476499826416834,10.449152100843135,8.111753889654961,0.27353877316327146,0.0010006427764892578,D4,3,48,20
TransferCal-CP-affine-localsigma,0.2,0.8,0.8220858895705522,0.02208588957055213,30.3505913086988,0.5237986809693879,38.16769255308709,10.449152100843135,8.111753889654961,0.27353877316327146,0.0,D4,3,48,20
TransferCal-CP-affine-localsigma,0.3,0.7,0.7852760736196319,0.08527607361963196,27.475077707982205,0.4741722926118999,34.55076159720756,10.449152100843135,8.111753889654961,0.27353877316327146,0.0,D4,3,48,20
AdaptiveJackknifeCP,0.05,0.95,1.0,0.050000000000000044,27.51750595558119,0.47490453073873407,27.51750595558119,3.285477748429565,2.622967712724447,0.928179669667158,0.0,D4,3,48,20
AdaptiveJackknifeCP,0.1,0.9,1.0,0.09999999999999998,21.760317599535057,0.3755454231576907,21.760317599535057,3.285477748429565,2.622967712724447,0.928179669667158,0.0,D4,3,48,20
AdaptiveJackknifeCP,0.2,0.8,0.9693251533742331,0.16932515337423304,16.2429144050123,0.28032459249008523,16.566018139093053,3.285477748429565,2.622967712724447,0.928179669667158,0.0,D4,3,48,20
AdaptiveJackknifeCP,0.3,0.7,0.9263803680981595,0.22638036809815953,11.256992747992356,0.19427621337283113,12.219714757051111,3.285477748429565,2.622967712724447,0.928179669667158,0.0009999275207519531,D4,3,48,20
AdaptiveSplitCP,0.05,0.95,0.950920245398773,0.0009202453987730008,18.073886448038355,0.31192400125527775,22.047536245835264,4.372354859981952,3.2924426658075845,0.8728017483457489,0.0010001659393310547,D4,3,48,20
AdaptiveSplitCP,0.1,0.9,0.950920245398773,0.050920245398772934,18.073886448038355,0.31192400125527775,20.06071134693681,4.372354859981952,3.2924426658075845,0.8728017483457489,0.0,D4,3,48,20
AdaptiveSplitCP,0.2,0.8,0.950920245398773,0.1509202453987729,18.073886448038355,0.31192400125527775,19.067298897487586,4.372354859981952,3.2924426658075845,0.8728017483457489,0.0,D4,3,48,20
AdaptiveSplitCP,0.3,0.7,0.950920245398773,0.250920245398773,18.073886448038355,0.31192400125527775,18.73616141433784,4.372354859981952,3.2924426658075845,0.8728017483457489,0.0,D4,3,48,20
SplitCP,0.05,0.95,0.0784313725490196,0.8715686274509804,4.085832417665927,0.07165575518849367,453.64472162351973,15.135014804275253,13.20078614157593,-0.5311252387193275,0.0010004043579101562,D4,3,48,30
SplitCP,0.1,0.9,0.0784313725490196,0.8215686274509804,3.334188305727338,0.0584737102663693,235.0405492343628,15.135014804275253,13.20078614157593,-0.5311252387193275,0.0009996891021728516,D4,3,48,30
SplitCP,0.2,0.8,0.058823529411764705,0.7411764705882353,2.0746500588995502,0.03638441363369083,123.82514965999952,15.135014804275253,13.20078614157593,-0.5311252387193275,0.0010004043579101562,D4,3,48,30
SplitCP,0.3,0.7,0.006535947712418301,0.6934640522875817,1.3598361591862513,0.023848282787568453,84.84389853134668,15.135014804275253,13.20078614157593,-0.5311252387193275,0.0,D4,3,48,30
TargetOnlyCP,0.05,0.95,0.9803921568627451,0.0303921568627451,38.36119432441445,0.6727638503633867,39.78305216556769,8.400429611722704,6.76184433877503,0.5283194052096468,0.0,D4,3,48,30
TargetOnlyCP,0.1,0.9,0.9803921568627451,0.08039215686274503,38.36119432441445,0.6727638503633867,39.07212324499107,8.400429611722704,6.76184433877503,0.5283194052096468,0.0,D4,3,48,30
TargetOnlyCP,0.2,0.8,0.9803921568627451,0.180392156862745,38.36119432441445,0.6727638503633867,38.71665878470276,8.400429611722704,6.76184433877503,0.5283194052096468,0.0,D4,3,48,30
TargetOnlyCP,0.3,0.7,0.9803921568627451,0.2803921568627451,38.36119432441445,0.6727638503633867,38.59817063127332,8.400429611722704,6.76184433877503,0.5283194052096468,0.0,D4,3,48,30
TransferCal-CP-affine-localsigma,0.05,0.95,0.9869281045751634,0.03692810457516349,44.02422423841159,0.7720798877485683,44.441622815793295,9.096985175315426,7.429263860386304,0.44685372881297936,0.0010004043579101562,D4,3,48,30
TransferCal-CP-affine-localsigma,0.1,0.9,0.9869281045751634,0.08692810457516342,44.02422423841159,0.7720798877485683,44.23292352710245,9.096985175315426,7.429263860386304,0.44685372881297936,0.0,D4,3,48,30
TransferCal-CP-affine-localsigma,0.2,0.8,0.7320261437908496,0.06797385620915042,20.392485220005188,0.3576355511527354,32.11097949592057,9.096985175315426,7.429263860386304,0.44685372881297936,0.0,D4,3,48,30
TransferCal-CP-affine-localsigma,0.3,0.7,0.7058823529411765,0.005882352941176561,19.03711822516596,0.33386564684808334,28.12687130147009,9.096985175315426,7.429263860386304,0.44685372881297936,0.0,D4,3,48,30
AdaptiveJackknifeCP,0.05,0.95,1.0,0.050000000000000044,33.87638183254688,0.5941109363099165,33.87638183254688,3.106677479517774,2.399877249893564,0.9354884682859694,0.0,D4,3,48,30
AdaptiveJackknifeCP,0.1,0.9,0.9607843137254902,0.0607843137254902,14.771349246399826,0.2590542335577282,15.41160780767703,3.106677479517774,2.399877249893564,0.9354884682859694,0.0010001659393310547,D4,3,48,30
AdaptiveJackknifeCP,0.2,0.8,0.9084967320261438,0.10849673202614374,10.624542533471466,0.18632913466457723,12.244127810172982,3.106677479517774,2.399877249893564,0.9354884682859694,0.0020008087158203125,D4,3,48,30
AdaptiveJackknifeCP,0.3,0.7,0.8431372549019608,0.14313725490196083,8.897922275889728,0.15604833363469836,10.71728857193425,3.106677479517774,2.399877249893564,0.9354884682859694,0.0,D4,3,48,30
AdaptiveSplitCP,0.05,0.95,0.9869281045751634,0.03692810457516349,17.4885809741071,0.3067079969938281,17.766228159083926,3.505306624657881,2.7964252154704097,0.9178709040257578,0.0,D4,3,48,30
AdaptiveSplitCP,0.1,0.9,0.9869281045751634,0.08692810457516342,17.4885809741071,0.3067079969938281,17.627404566595516,3.505306624657881,2.7964252154704097,0.9178709040257578,0.0009992122650146484,D4,3,48,30
AdaptiveSplitCP,0.2,0.8,0.9869281045751634,0.1869281045751634,17.4885809741071,0.3067079969938281,17.55799277035131,3.505306624657881,2.7964252154704097,0.9178709040257578,0.00099945068359375,D4,3,48,30
AdaptiveSplitCP,0.3,0.7,0.9869281045751634,0.2869281045751635,17.4885809741071,0.3067079969938281,17.534855504936573,3.505306624657881,2.7964252154704097,0.9178709040257578,0.0,D4,3,48,30
SplitCP,0.05,0.95,0.07518796992481203,0.8748120300751879,4.085832417665927,0.07051439654890634,465.10689855391826,15.324441558064898,13.487731678955127,-0.4420774251044495,0.0,D4,3,48,50
SplitCP,0.1,0.9,0.07518796992481203,0.824812030075188,3.334188305727338,0.05754231997921532,240.79601654441336,15.324441558064898,13.487731678955127,-0.4420774251044495,0.0,D4,3,48,50
SplitCP,0.2,0.8,0.06015037593984962,0.7398496240601504,2.0746500588995502,0.03580486960770309,126.71704749664946,15.324441558064898,13.487731678955127,-0.4420774251044495,0.0,D4,3,48,50
SplitCP,0.3,0.7,0.007518796992481203,0.6924812030075187,1.3598361591862504,0.02346841876230891,86.76269926024285,15.324441558064898,13.487731678955127,-0.4420774251044495,0.0,D4,3,48,50
TargetOnlyCP,0.05,0.95,0.9624060150375939,0.012406015037593976,31.862777239217984,0.5498963931269562,37.871744797918815,7.613352583101623,5.982193115754539,0.6440646276967489,0.0009999275207519531,D4,3,48,50
TargetOnlyCP,0.1,0.9,0.9624060150375939,0.06240601503759391,31.862777239217984,0.5498963931269562,34.8672610185684,7.613352583101623,5.982193115754539,0.6440646276967489,0.0,D4,3,48,50
TargetOnlyCP,0.2,0.8,0.9624060150375939,0.1624060150375939,31.862777239217984,0.5498963931269562,33.365019128893195,7.613352583101623,5.982193115754539,0.6440646276967489,0.0,D4,3,48,50
TargetOnlyCP,0.3,0.7,0.9624060150375939,0.262406015037594,31.862777239217984,0.5498963931269562,32.864271832334786,7.613352583101623,5.982193115754539,0.6440646276967489,0.0,D4,3,48,50
TransferCal-CP-affine-localsigma,0.05,0.95,0.9473684210526315,0.0026315789473684292,39.14253151845458,0.6755323535753612,41.91733402151108,9.741178935896269,7.818720703191007,0.4173036391767133,0.0,D4,3,48,50
TransferCal-CP-affine-localsigma,0.1,0.9,0.9022556390977443,0.0022556390977442886,34.76555584520612,0.5999933282903566,38.8317945891457,9.741178935896269,7.818720703191007,0.4173036391767133,0.0,D4,3,48,50
TransferCal-CP-affine-localsigma,0.2,0.8,0.7293233082706767,0.07067669172932334,21.982572353103933,0.37938115556812274,34.938088854894254,9.741178935896269,7.818720703191007,0.4173036391767133,0.0,D4,3,48,50
TransferCal-CP-affine-localsigma,0.3,0.7,0.6616541353383458,0.03834586466165413,18.204227645556248,0.31417346475473434,30.6521324783864,9.741178935896269,7.818720703191007,0.4173036391767133,0.0,D4,3,48,50
AdaptiveJackknifeCP,0.05,0.95,0.9624060150375939,0.012406015037593976,14.001886966914867,0.2416483372516838,15.830805828525435,3.148541812814164,2.4963977615814765,0.9391251093564427,0.0,D4,3,48,50
AdaptiveJackknifeCP,0.1,0.9,0.9172932330827067,0.017293233082706694,11.052316213913427,0.19074385060976357,13.701423595622344,3.148541812814164,2.4963977615814765,0.9391251093564427,0.0,D4,3,48,50
AdaptiveJackknifeCP,0.2,0.8,0.8872180451127819,0.08721804511278186,9.159960656046504,0.15808506860930574,11.482172456034862,3.148541812814164,2.4963977615814765,0.9391251093564427,0.0,D4,3,48,50
AdaptiveJackknifeCP,0.3,0.7,0.631578947368421,0.06842105263157894,5.342353899647494,0.09219978278001444,9.674101537740667,3.148541812814164,2.4963977615814765,0.9391251093564427,0.0,D4,3,48,50
AdaptiveSplitCP,0.05,0.95,0.9398496240601504,0.010150375939849576,14.544263890865468,0.25100882431646576,16.593615248188883,3.6654421976915876,2.996042260129123,0.9174965680923886,0.0,D4,3,48,50
AdaptiveSplitCP,0.1,0.9,0.9398496240601504,0.03984962406015036,14.544263890865468,0.25100882431646576,15.568939569527174,3.6654421976915876,2.996042260129123,0.9174965680923886,0.0,D4,3,48,50
AdaptiveSplitCP,0.2,0.8,0.9398496240601504,0.13984962406015033,14.544263890865468,0.25100882431646576,15.056601730196322,3.6654421976915876,2.996042260129123,0.9174965680923886,0.0,D4,3,48,50
AdaptiveSplitCP,0.3,0.7,0.9398496240601504,0.23984962406015042,14.544263890865468,0.25100882431646576,14.88582245041937,3.6654421976915876,2.996042260129123,0.9174965680923886,0.0,D4,3,48,50
SplitCP,0.1,0.9,0.07965554359526372,0.8203444564047363,2.784897977310351,0.036484972840894817,176.29052984233132,11.989219148188951,10.020114378062395,0.4757606526894632,0.0010006427764892578,D1,0,49,10
SplitCP,0.2,0.8,0.03552206673842842,0.7644779332615717,1.4485533622369928,0.01897751031111251,94.53045495096622,11.989219148188951,10.020114378062395,0.4757606526894632,0.0019996166229248047,D1,0,49,10
SplitCP,0.3,0.7,0.021528525296017224,0.6784714747039827,0.945136172738998,0.012382237293530404,64.62748436576808,11.989219148188951,10.020114378062395,0.4757606526894632,0.0010001659393310547,D1,0,49,10
TargetOnlyCP,0.1,0.9,0.9989235737351991,0.09892357373519911,103.92,1.3614568319977132,103.93829924650163,17.99647554001109,14.238869752421959,-0.18119809507621,0.0,D1,0,49,10
TargetOnlyCP,0.2,0.8,0.9989235737351991,0.1989235737351991,103.92,1.3614568319977132,103.92914962325082,17.99647554001109,14.238869752421959,-0.18119809507621,0.0,D1,0,49,10
TargetOnlyCP,0.3,0.7,0.9989235737351991,0.2989235737351992,103.92,1.3614568319977132,103.92609974883389,17.99647554001109,14.238869752421959,-0.18119809507621,0.00099945068359375,D1,0,49,10
TransferCal-CP-affine-localsigma,0.1,0.9,0.9989235737351991,0.09892357373519911,86.53701797563225,1.1337222319441247,86.57273101195717,12.55313024399118,9.824356003739895,0.4252858544542011,0.0010004043579101562,D1,0,49,10
TransferCal-CP-affine-localsigma,0.2,0.8,0.9989235737351991,0.1989235737351991,85.85582359041527,1.1247978983252627,85.87734638621615,12.55313024399118,9.824356003739895,0.4252858544542011,0.0019996166229248047,D1,0,49,10
TransferCal-CP-affine-localsigma,0.3,0.7,0.8406889128094726,0.1406889128094726,35.44600952109224,0.4643784818085741,42.153881733907504,12.55313024399118,9.824356003739895,0.4252858544542011,0.0010006427764892578,D1,0,49,10
AdaptiveJackknifeCP,0.1,0.9,1.0,0.09999999999999998,437.9241590016354,5.737248250285117,437.9241590016354,16.034636324168876,13.142668343445512,0.06229540199526051,0.0009999275207519531,D1,0,49,10
AdaptiveJackknifeCP,0.2,0.8,1.0,0.19999999999999996,197.26138215504574,2.5843230987711583,197.26138215504574,16.034636324168876,13.142668343445512,0.06229540199526051,0.0010006427764892578,D1,0,49,10
AdaptiveJackknifeCP,0.3,0.7,1.0,0.30000000000000004,186.2144051004658,2.439596555431283,186.2144051004658,16.034636324168876,13.142668343445512,0.06229540199526051,0.002505779266357422,D1,0,49,10
AdaptiveSplitCP,0.1,0.9,0.9989235737351991,0.09892357373519911,103.92,1.3614568319977132,103.93829924650163,17.99647554001109,14.238869752421959,-0.18119809507621,0.0019998550415039062,D1,0,49,10
AdaptiveSplitCP,0.2,0.8,0.9989235737351991,0.1989235737351991,103.92,1.3614568319977132,103.92914962325082,17.99647554001109,14.238869752421959,-0.18119809507621,0.0019996166229248047,D1,0,49,10
AdaptiveSplitCP,0.3,0.7,0.9989235737351991,0.2989235737351992,103.92,1.3614568319977132,103.92609974883389,17.99647554001109,14.238869752421959,-0.18119809507621,0.0019998550415039062,D1,0,49,10
SplitCP,0.1,0.9,0.08008658008658008,0.8199134199134199,2.7848979773103513,0.03648497284089482,177.23345609198014,12.08414109750128,10.067003027104123,0.469251527188693,0.001001119613647461,D1,0,49,15
SplitCP,0.2,0.8,0.03571428571428571,0.7642857142857143,1.4485533622369926,0.018977510311112507,95.00000986464806,12.08414109750128,10.067003027104123,0.469251527188693,0.0010006427764892578,D1,0,49,15
SplitCP,0.3,0.7,0.021645021645021644,0.6783549783549783,0.9451361727389981,0.012382237293530406,64.9402487337397,12.08414109750128,10.067003027104123,0.469251527188693,0.0010001659393310547,D1,0,49,15
TargetOnlyCP,0.1,0.9,0.8528138528138528,0.04718614718614722,46.52563895295097,0.6095328042297347,126.39351698613382,25.569483116123717,15.845654771046819,-1.3762989487213302,0.0009992122650146484,D1,0,49,15
TargetOnlyCP,0.2,0.8,0.8528138528138528,0.05281385281385276,46.52563895295097,0.6095328042297347,86.4595779695424,25.569483116123717,15.845654771046819,-1.3762989487213302,0.0,D1,0,49,15
TargetOnlyCP,0.3,0.7,0.8528138528138528,0.15281385281385285,46.52563895295097,0.6095328042297347,73.14826496401191,25.569483116123717,15.845654771046819,-1.3762989487213302,0.0009999275207519531,D1,0,49,15
TransferCal-CP-affine-localsigma,0.1,0.9,0.8225108225108225,0.0774891774891775,35.5601714915016,0.4658741187847879,51.10215066319811,13.189566102301717,11.162067048203147,0.3677072594809161,0.0010004043579101562,D1,0,49,15
TransferCal-CP-affine-localsigma,0.2,0.8,0.7748917748917749,0.02510822510822519,33.359668256678674,0.43704530659384544,43.312467039987666,13.189566102301717,11.162067048203147,0.3677072594809161,0.001999378204345703,D1,0,49,15
TransferCal-CP-affine-localsigma,0.3,0.7,0.6439393939393939,0.05606060606060603,26.8475943596404,0.3517305693190501,39.77281883972563,13.189566102301717,11.162067048203147,0.3677072594809161,0.0010001659393310547,D1,0,49,15
AdaptiveJackknifeCP,0.1,0.9,0.9989177489177489,0.09891774891774885,70.7680801988356,0.9271332397427523,70.78170528638218,12.777576001137364,10.654793472812367,0.4065910069625813,0.0009999275207519531,D1,0,49,15
AdaptiveJackknifeCP,0.2,0.8,0.8538961038961039,0.053896103896103886,36.87541972777109,0.4831051974707198,43.044747195652405,12.777576001137364,10.654793472812367,0.4065910069625813,0.0010001659393310547,D1,0,49,15
AdaptiveJackknifeCP,0.3,0.7,0.7662337662337663,0.06623376623376631,32.02456150086378,0.41955406126907174,39.25350489031653,12.777576001137364,10.654793472812367,0.4065910069625813,0.0009996891021728516,D1,0,49,15
AdaptiveSplitCP,0.1,0.9,0.8538961038961039,0.04610389610389609,159.1576943313098,2.0851263501959725,380.5934117175247,76.26822587705732,48.68795164388661,-20.141922002708505,0.0010004043579101562,D1,0,49,15
AdaptiveSplitCP,0.2,0.8,0.8538961038961039,0.053896103896103886,159.1576943313098,2.0851263501959725,269.87555302441734,76.26822587705732,48.68795164388661,-20.141922002708505,0.0010001659393310547,D1,0,49,15
AdaptiveSplitCP,0.3,0.7,0.8538961038961039,0.15389610389610398,159.1576943313098,2.0851263501959725,232.96960012671482,76.26822587705732,48.68795164388661,-20.141922002708505,0.00099945068359375,D1,0,49,15
SplitCP,0.05,0.95,0.09249183895538629,0.8575081610446137,3.2977255437249937,0.04320353128904702,344.71151928099255,12.109767463351673,10.115088875390269,0.4693273252858462,0.0020003318786621094,D1,0,49,20
SplitCP,0.1,0.9,0.07834602829162132,0.8216539717083787,2.7848979773103513,0.03648497284089482,178.17794998741553,12.109767463351673,10.115088875390269,0.4693273252858462,0.0009999275207519531,D1,0,49,20
SplitCP,0.2,0.8,0.03482045701849837,0.7651795429815017,1.4485533622369926,0.018977510311112507,95.47762411855285,12.109767463351673,10.115088875390269,0.4693273252858462,0.002000093460083008,D1,0,49,20
SplitCP,0.3,0.7,0.020674646354733407,0.6793253536452666,0.9451361727389981,0.012382237293530406,65.26020899289384,12.109767463351673,10.115088875390269,0.4693273252858462,0.0010001659393310547,D1,0,49,20
TargetOnlyCP,0.05,0.95,0.8356909684439608,0.11430903155603911,41.13946769430221,0.5389685273013564,83.48041709753494,14.854996623497698,12.046779777203902,0.2014534586633545,0.0009989738464355469,D1,0,49,20
TargetOnlyCP,0.1,0.9,0.8356909684439608,0.06430903155603918,41.13946769430221,0.5389685273013564,62.30994239591858,14.854996623497698,12.046779777203902,0.2014534586633545,0.0,D1,0,49,20
TargetOnlyCP,0.2,0.8,0.8356909684439608,0.0356909684439608,41.13946769430221,0.5389685273013564,51.7247050451104,14.854996623497698,12.046779777203902,0.2014534586633545,0.0,D1,0,49,20
TargetOnlyCP,0.3,0.7,0.8356909684439608,0.1356909684439609,41.13946769430221,0.5389685273013564,48.196292594841,14.854996623497698,12.046779777203902,0.2014534586633545,0.0,D1,0,49,20
TransferCal-CP-affine-localsigma,0.05,0.95,0.8520130576713819,0.09798694232861804,34.86854182674358,0.4568130724770792,63.932904000030994,12.555913097707371,10.470004854000356,0.42950516018600704,0.0010008811950683594,D1,0,49,20
TransferCal-CP-affine-localsigma,0.1,0.9,0.8520130576713819,0.04798694232861811,34.86854182674358,0.4568130724770792,49.40072291338728,12.555913097707371,10.470004854000356,0.42950516018600704,0.0009999275207519531,D1,0,49,20
TransferCal-CP-affine-localsigma,0.2,0.8,0.7323177366702938,0.06768226332970628,29.516964135736377,0.3867020061819646,42.17974025723568,12.555913097707371,10.470004854000356,0.42950516018600704,0.0019998550415039062,D1,0,49,20
TransferCal-CP-affine-localsigma,0.3,0.7,0.6539717083786725,0.04602829162132749,25.019488276405784,0.32778053547920843,38.08379233343529,12.555913097707371,10.470004854000356,0.42950516018600704,0.0010004043579101562,D1,0,49,20
AdaptiveJackknifeCP,0.05,0.95,0.9292709466811752,0.020729053318824797,55.32829722133727,0.7248565074556362,67.11411211346112,15.193410723408839,12.247199995720235,0.16465538997736073,0.0009999275207519531,D1,0,49,20
AdaptiveJackknifeCP,0.1,0.9,0.9075081610446137,0.007508161044613715,52.056538884822835,0.6819931727761419,60.72549988956178,15.193410723408839,12.247199995720235,0.16465538997736073,0.0010001659393310547,D1,0,49,20
AdaptiveJackknifeCP,0.2,0.8,0.749727965179543,0.05027203482045706,36.60516074765371,0.47956453220042017,53.4195609557114,15.193410723408839,12.247199995720235,0.16465538997736073,0.0010004043579101562,D1,0,49,20
AdaptiveJackknifeCP,0.3,0.7,0.7127312295973884,0.012731229597388483,33.399147130326824,0.43756251966397486,47.47372345138635,15.193410723408839,12.247199995720235,0.16465538997736073,0.0019996166229248047,D1,0,49,20
AdaptiveSplitCP,0.05,0.95,0.7007616974972797,0.24923830250272028,41.998162613935754,0.5502182969793472,144.19793809307902,18.89742005646799,15.39082786822001,-0.2922905000097604,0.0019996166229248047,D1,0,49,20
AdaptiveSplitCP,0.1,0.9,0.7007616974972797,0.19923830250272034,41.998162613935754,0.5502182969793472,93.09805035350742,18.89742005646799,15.39082786822001,-0.2922905000097604,0.0010006427764892578,D1,0,49,20
AdaptiveSplitCP,0.2,0.8,0.7007616974972797,0.09923830250272037,41.998162613935754,0.5502182969793472,67.54810648372157,18.89742005646799,15.39082786822001,-0.2922905000097604,0.0010001659393310547,D1,0,49,20
AdaptiveSplitCP,0.3,0.7,0.7007616974972797,0.000761697497279723,41.998162613935754,0.5502182969793472,59.031458527126304,18.89742005646799,15.39082786822001,-0.2922905000097604,0.001999378204345703,D1,0,49,20
SplitCP,0.05,0.95,0.0924092409240924,0.8575907590759075,3.2977255437249933,0.04320353128904701,343.7381928496222,12.088738461220588,10.09193281494158,0.4708891105962866,0.0010006427764892578,D1,0,49,30
SplitCP,0.1,0.9,0.0781078107810781,0.8218921892189219,2.7848979773103513,0.03648497284089482,177.692064626997,12.088738461220588,10.09193281494158,0.4708891105962866,0.0009999275207519531,D1,0,49,30
SplitCP,0.2,0.8,0.034103410341034104,0.7658965896589659,1.4485533622369928,0.01897751031111251,95.24146103979835,12.088738461220588,10.09193281494158,0.4708891105962866,0.0010030269622802734,D1,0,49,30
SplitCP,0.3,0.7,0.019801980198019802,0.6801980198019801,0.9451361727389981,0.012382237293530406,65.10407358594402,12.088738461220588,10.09193281494158,0.4708891105962866,0.0010001659393310547,D1,0,49,30
TargetOnlyCP,0.05,0.95,0.9900990099009901,0.040099009900990135,77.42530648562766,1.0143496197495634,79.67533774081195,14.815074137913598,11.633063163417226,0.20531979638285758,0.0,D1,0,49,30
TargetOnlyCP,0.1,0.9,0.9900990099009901,0.09009900990099007,77.42530648562766,1.0143496197495634,78.5503221132198,14.815074137913598,11.633063163417226,0.20531979638285758,0.0,D1,0,49,30
TargetOnlyCP,0.2,0.8,0.9900990099009901,0.19009900990099005,77.42530648562766,1.0143496197495634,77.98781429942373,14.815074137913598,11.633063163417226,0.20531979638285758,0.0,D1,0,49,30
TargetOnlyCP,0.3,0.7,0.9900990099009901,0.29009900990099013,77.42530648562766,1.0143496197495634,77.80031169482506,14.815074137913598,11.633063163417226,0.20531979638285758,0.0,D1,0,49,30
TransferCal-CP-affine-localsigma,0.05,0.95,0.9702970297029703,0.020297029702970315,50.75561958120861,0.6649498175626768,55.83829612109137,11.588174020363303,9.18057782213837,0.5138002256484059,0.0020003318786621094,D1,0,49,30
TransferCal-CP-affine-localsigma,0.1,0.9,0.9702970297029703,0.07029702970297025,50.75561958120861,0.6649498175626768,53.29695785115,11.588174020363303,9.18057782213837,0.5138002256484059,0.0010006427764892578,D1,0,49,30
TransferCal-CP-affine-localsigma,0.2,0.8,0.9438943894389439,0.14389438943894384,46.14525388108275,0.6045493760649452,48.358658005161224,11.588174020363303,9.18057782213837,0.5138002256484059,0.0009999275207519531,D1,0,49,30
TransferCal-CP-affine-localsigma,0.3,0.7,0.9295929592959296,0.2295929592959296,43.06827159056498,0.5642378040733999,45.160139888688036,11.588174020363303,9.18057782213837,0.5138002256484059,0.0010004043579101562,D1,0,49,30
AdaptiveJackknifeCP,0.05,0.95,0.9966996699669967,0.046699669966996704,66.61960684195458,0.8727840538874196,66.97560259244139,10.835715761936122,8.834882259925354,0.5748913473445043,0.0010004043579101562,D1,0,49,30
AdaptiveJackknifeCP,0.1,0.9,0.9955995599559956,0.09559955995599556,62.489212635747776,0.818671723143732,62.830613618837816,10.835715761936122,8.834882259925354,0.5748913473445043,0.0010004043579101562,D1,0,49,30
AdaptiveJackknifeCP,0.2,0.8,0.9856985698569857,0.18569856985698563,48.84231257673129,0.6398835657059145,49.48986800553464,10.835715761936122,8.834882259925354,0.5748913473445043,0.0019989013671875,D1,0,49,30
AdaptiveJackknifeCP,0.3,0.7,0.9493949394939494,0.24939493949394942,40.57434104141261,0.531564798062321,41.87869821037362,10.835715761936122,8.834882259925354,0.5748913473445043,0.0010001659393310547,D1,0,49,30
AdaptiveSplitCP,0.05,0.95,0.9735973597359736,0.023597359735973655,57.56569145957554,0.7541686290060771,62.77228463782991,12.544137574685086,9.799813258541034,0.43027358869130305,0.0009999275207519531,D1,0,49,30
AdaptiveSplitCP,0.1,0.9,0.9735973597359736,0.07359735973597359,57.56569145957554,0.7541686290060771,60.16898804870272,12.544137574685086,9.799813258541034,0.43027358869130305,0.0010006427764892578,D1,0,49,30
AdaptiveSplitCP,0.2,0.8,0.9735973597359736,0.17359735973597357,57.56569145957554,0.7541686290060771,58.867339754139124,12.544137574685086,9.799813258541034,0.43027358869130305,0.0010004043579101562,D1,0,49,30
AdaptiveSplitCP,0.3,0.7,0.9735973597359736,0.27359735973597366,57.56569145957554,0.7541686290060771,58.4334569892846,12.544137574685086,9.799813258541034,0.43027358869130305,0.002003192901611328,D1,0,49,30
SplitCP,0.05,0.95,0.09448818897637795,0.855511811023622,3.2977255437249937,0.04320353128904702,343.90473249139166,12.101704107655745,10.09483466842219,0.4716475676893793,0.0010004043579101562,D1,0,49,50
SplitCP,0.1,0.9,0.0798650168728909,0.8201349831271091,2.784897977310351,0.036484972840894817,177.76540547898617,12.101704107655745,10.09483466842219,0.4716475676893793,0.0010004043579101562,D1,0,49,50
SplitCP,0.2,0.8,0.03374578177727784,0.7662542182227222,1.448553362236993,0.018977510311112514,95.2745740656493,12.101704107655745,10.09483466842219,0.4716475676893793,0.0009999275207519531,D1,0,49,50
SplitCP,0.3,0.7,0.021372328458942633,0.6786276715410573,0.945136172738998,0.012382237293530404,65.12516536803716,12.101704107655745,10.09483466842219,0.4716475676893793,0.0010004043579101562,D1,0,49,50
TargetOnlyCP,0.05,0.95,0.8728908886389202,0.07710911136107979,50.204905207919225,0.6577349037251655,73.0965360983855,15.941855119014564,13.300046805986497,0.08312872485711775,0.0,D1,0,49,50
TargetOnlyCP,0.1,0.9,0.8728908886389202,0.027109111361079852,50.204905207919225,0.6577349037251655,61.650720653152355,15.941855119014564,13.300046805986497,0.08312872485711775,0.0,D1,0,49,50
TargetOnlyCP,0.2,0.8,0.8728908886389202,0.07289088863892013,50.204905207919225,0.6577349037251655,55.927812930535794,15.941855119014564,13.300046805986497,0.08312872485711775,0.0,D1,0,49,50
TargetOnlyCP,0.3,0.7,0.8728908886389202,0.17289088863892021,50.204905207919225,0.6577349037251655,54.02017702299694,15.941855119014564,13.300046805986497,0.08312872485711775,0.0,D1,0,49,50
TransferCal-CP-affine-localsigma,0.05,0.95,0.9178852643419573,0.03211473565804268,39.30476343353047,0.5149320506796954,52.08829144602221,12.093342239212129,10.05375341837543,0.47237746277565107,0.0020003318786621094,D1,0,49,50
TransferCal-CP-affine-localsigma,0.1,0.9,0.876265466816648,0.023734533183352058,36.922424603309544,0.48372100875766194,45.673142939554765,12.093342239212129,10.05375341837543,0.47237746277565107,0.0010001659393310547,D1,0,49,50
TransferCal-CP-affine-localsigma,0.2,0.8,0.7547806524184477,0.04521934758155233,29.943899821154258,0.39229529434339455,40.62874571917057,12.093342239212129,10.05375341837543,0.47237746277565107,0.0009999275207519531,D1,0,49,50
TransferCal-CP-affine-localsigma,0.3,0.7,0.6310461192350956,0.06895388076490439,23.96148755992059,0.3139196588075645,37.1526529158661,12.093342239212129,10.05375341837543,0.47237746277565107,0.0009999275207519531,D1,0,49,50
AdaptiveJackknifeCP,0.05,0.95,0.9921259842519685,0.04212598425196856,53.719794195479786,0.7037834951977199,55.3912784993005,10.975633464116816,8.880038016474414,0.5653998805565912,0.0010006427764892578,D1,0,49,50
AdaptiveJackknifeCP,0.1,0.9,0.9392575928008999,0.03925759280089991,41.0502960291959,0.5378002885342317,45.518496024659285,10.975633464116816,8.880038016474414,0.5653998805565912,0.0009999275207519531,D1,0,49,50
AdaptiveJackknifeCP,0.2,0.8,0.8335208098987626,0.033520809898762605,30.379445427957812,0.3980013811604586,38.10618697990436,10.975633464116816,8.880038016474414,0.5653998805565912,0.002000093460083008,D1,0,49,50
AdaptiveJackknifeCP,0.3,0.7,0.7739032620922385,0.07390326209223852,26.6505698912144,0.34914935002912234,34.16751472746318,10.975633464116816,8.880038016474414,0.5653998805565912,0.0009999275207519531,D1,0,49,50
AdaptiveSplitCP,0.05,0.95,0.9167604049493814,0.033239595050618576,43.73616432412758,0.572987872637203,55.53703057677985,12.442564643052812,10.22070850406957,0.4414649105406321,0.0009999275207519531,D1,0,49,50
AdaptiveSplitCP,0.1,0.9,0.9167604049493814,0.016760404949381358,43.73616432412758,0.572987872637203,49.636597450453706,12.442564643052812,10.22070850406957,0.4414649105406321,0.0010004043579101562,D1,0,49,50
AdaptiveSplitCP,0.2,0.8,0.9167604049493814,0.11676040494938134,43.73616432412758,0.572987872637203,46.68638088729064,12.442564643052812,10.22070850406957,0.4414649105406321,0.0019996166229248047,D1,0,49,50
AdaptiveSplitCP,0.3,0.7,0.9167604049493814,0.21676040494938142,43.73616432412758,0.572987872637203,45.70297536623628,12.442564643052812,10.22070850406957,0.4414649105406321,0.0010006427764892578,D1,0,49,50
SplitCP,0.1,0.9,0.010752688172043012,0.889247311827957,3.1015809888560852,0.07502614872050856,323.8251788838188,18.883200690508314,17.580183309097915,-5.025460083966796,0.0,D2,1,49,10
SplitCP,0.2,0.8,0.010752688172043012,0.789247311827957,2.0989685539995833,0.050773308018670776,167.4199257814163,18.883200690508314,17.580183309097915,-5.025460083966796,0.0,D2,1,49,10
SplitCP,0.3,0.7,0.0,0.7,1.5966391100245552,0.038622136178963075,113.47573080392881,18.883200690508314,17.580183309097915,-5.025460083966796,0.0009999275207519531,D2,1,49,10
TargetOnlyCP,0.1,0.9,0.9032258064516129,0.003225806451612856,29.179999999999993,0.705853894362396,38.756344086021514,8.800074657552322,6.73010752688172,-0.30861444325185805,0.0,D2,1,49,10
TargetOnlyCP,0.2,0.8,0.9032258064516129,0.10322580645161283,29.179999999999993,0.705853894362396,33.96817204301076,8.800074657552322,6.73010752688172,-0.30861444325185805,0.0,D2,1,49,10
TargetOnlyCP,0.3,0.7,0.9032258064516129,0.20322580645161292,29.179999999999993,0.705853894362396,32.372114695340514,8.800074657552322,6.73010752688172,-0.30861444325185805,0.0,D2,1,49,10
TransferCal-CP-affine-localsigma,0.1,0.9,0.9032258064516129,0.003225806451612856,38.394723320589875,0.9287547970803658,45.56811562754834,12.790102055519549,11.160707558231325,-1.7643117246483637,0.0009999275207519531,D2,1,49,10
TransferCal-CP-affine-localsigma,0.2,0.8,0.7204301075268817,0.0795698924731183,28.885201520618377,0.6987228232615178,40.52039176808694,12.790102055519549,11.160707558231325,-1.7643117246483637,0.0,D2,1,49,10
TransferCal-CP-affine-localsigma,0.3,0.7,0.6129032258064516,0.08709677419354833,26.990269972759663,0.6528850983606872,36.89785590548832,12.790102055519549,11.160707558231325,-1.7643117246483637,0.0,D2,1,49,10
AdaptiveJackknifeCP,0.1,0.9,0.8279569892473119,0.07204301075268815,14.315461108069421,0.34628594834558685,24.06963665445803,5.137369589321942,3.8333607108471917,0.5540146250526321,0.0,D2,1,49,10
AdaptiveJackknifeCP,0.2,0.8,0.8279569892473119,0.027956989247311825,13.801178924162086,0.3338456439483219,19.12065997383581,5.137369589321942,3.8333607108471917,0.5540146250526321,0.0009999275207519531,D2,1,49,10
AdaptiveJackknifeCP,0.3,0.7,0.7419354838709677,0.041935483870967794,10.704465326037708,0.25893723569057414,16.476631920333443,5.137369589321942,3.8333607108471917,0.5540146250526321,0.0010001659393310547,D2,1,49,10
AdaptiveSplitCP,0.1,0.9,0.9032258064516129,0.003225806451612856,29.179999999999993,0.705853894362396,38.756344086021514,8.800074657552322,6.73010752688172,-0.30861444325185805,0.0,D2,1,49,10
AdaptiveSplitCP,0.2,0.8,0.9032258064516129,0.10322580645161283,29.179999999999993,0.705853894362396,33.96817204301076,8.800074657552322,6.73010752688172,-0.30861444325185805,0.0,D2,1,49,10
AdaptiveSplitCP,0.3,0.7,0.9032258064516129,0.20322580645161292,29.179999999999993,0.705853894362396,32.372114695340514,8.800074657552322,6.73010752688172,-0.30861444325185805,0.0,D2,1,49,10
SplitCP,0.1,0.9,0.011363636363636364,0.8886363636363637,3.1015809888560852,0.07502614872050856,316.62291767556326,18.458660838212747,17.21968461913524,-4.901141442367729,0.0010008811950683594,D2,1,49,15
SplitCP,0.2,0.8,0.011363636363636364,0.7886363636363637,2.0989685539995833,0.050773308018670776,163.81573245601885,18.458660838212747,17.21968461913524,-4.901141442367729,0.0,D2,1,49,15
SplitCP,0.3,0.7,0.0,0.7,1.5966391100245545,0.03862213617896306,111.07240620417765,18.458660838212747,17.21968461913524,-4.901141442367729,0.0,D2,1,49,15
TargetOnlyCP,0.1,0.9,0.9659090909090909,0.06590909090909092,34.2543022871771,0.8285994745740469,34.73088159804834,7.780293885090943,6.53183770494351,-0.04840153425637528,0.0,D2,1,49,15
TargetOnlyCP,0.2,0.8,0.9659090909090909,0.1659090909090909,34.2543022871771,0.8285994745740469,34.49259194261272,7.780293885090943,6.53183770494351,-0.04840153425637528,0.0,D2,1,49,15
TargetOnlyCP,0.3,0.7,0.9659090909090909,0.265909090909091,34.2543022871771,0.8285994745740469,34.41316205746751,7.780293885090943,6.53183770494351,-0.04840153425637528,0.0009996891021728516,D2,1,49,15
TransferCal-CP-affine-localsigma,0.1,0.9,0.9886363636363636,0.08863636363636362,42.92343789998551,1.0383028033285553,42.99240733922607,8.664089937839675,7.09033658808362,-0.3001143376469657,0.0,D2,1,49,15
TransferCal-CP-affine-localsigma,0.2,0.8,0.8409090909090909,0.040909090909090895,25.26317879131858,0.6111073726465289,29.50951710742106,8.664089937839675,7.09033658808362,-0.3001143376469657,0.0,D2,1,49,15
TransferCal-CP-affine-localsigma,0.3,0.7,0.8181818181818182,0.11818181818181828,24.437515905059012,0.591134879031148,27.748077599027862,8.664089937839675,7.09033658808362,-0.3001143376469657,0.0010001659393310547,D2,1,49,15
AdaptiveJackknifeCP,0.1,0.9,0.9886363636363636,0.08863636363636362,29.946861554554797,0.724404004530981,30.6214489083531,5.671561584247194,4.188778884925598,0.4428900071871147,0.0,D2,1,49,15
AdaptiveJackknifeCP,0.2,0.8,0.9545454545454546,0.15454545454545454,23.143546567917507,0.5598342177629212,24.52488979202498,5.671561584247194,4.188778884925598,0.4428900071871147,0.0,D2,1,49,15
AdaptiveJackknifeCP,0.3,0.7,0.8522727272727273,0.15227272727272734,17.21734848402943,0.41648157909687017,20.284312610804765,5.671561584247194,4.188778884925598,0.4428900071871147,0.0,D2,1,49,15
AdaptiveSplitCP,0.1,0.9,0.9545454545454546,0.054545454545454564,77.79365921961868,1.881801141770698,87.39268136117795,20.6534299631682,16.52629506146167,-6.38788312857012,0.0,D2,1,49,15
AdaptiveSplitCP,0.2,0.8,0.9545454545454546,0.15454545454545454,77.79365921961868,1.881801141770698,82.5931702903983,20.6534299631682,16.52629506146167,-6.38788312857012,0.0009996891021728516,D2,1,49,15
AdaptiveSplitCP,0.3,0.7,0.9545454545454546,0.25454545454545463,77.79365921961868,1.881801141770698,80.99333326680511,20.6534299631682,16.52629506146167,-6.38788312857012,0.0010001659393310547,D2,1,49,15
SplitCP,0.05,0.95,0.012048192771084338,0.9379518072289156,4.468706487381369,0.11096862394516223,613.903173400294,18.823288507268014,17.454374420169632,-5.132656083734945,0.0010013580322265625,D2,1,49,20
SplitCP,0.1,0.9,0.012048192771084338,0.8879518072289156,3.1015809888560852,0.07701964211785173,321.32535551508033,18.823288507268014,17.454374420169632,-5.132656083734945,0.0,D2,1,49,20
SplitCP,0.2,0.8,0.012048192771084338,0.7879518072289157,2.0989685539995833,0.05212238771985,166.163519651945,18.823288507268014,17.454374420169632,-5.132656083734945,0.0015034675598144531,D2,1,49,20
SplitCP,0.3,0.7,0.0,0.7,1.596639110024555,0.0396483513689613,112.63700487774028,18.823288507268014,17.454374420169632,-5.132656083734945,0.0,D2,1,49,20
TargetOnlyCP,0.05,0.95,0.7710843373493976,0.17891566265060233,13.32824833012688,0.3309721461836891,40.60105912155214,5.4715191272049575,4.106494481841922,0.4818285791429675,0.0,D2,1,49,20
TargetOnlyCP,0.1,0.9,0.7710843373493976,0.1289156626506024,13.32824833012688,0.3309721461836891,26.964653725839508,5.4715191272049575,4.106494481841922,0.4818285791429675,0.0,D2,1,49,20
TargetOnlyCP,0.2,0.8,0.7710843373493976,0.028915662650602414,13.32824833012688,0.3309721461836891,20.146451027983193,5.4715191272049575,4.106494481841922,0.4818285791429675,0.0,D2,1,49,20
TargetOnlyCP,0.3,0.7,0.7710843373493976,0.07108433734939767,13.32824833012688,0.3309721461836891,17.873716795364423,5.4715191272049575,4.106494481841922,0.4818285791429675,0.0006537437438964844,D2,1,49,20
TransferCal-CP-affine-localsigma,0.05,0.95,0.963855421686747,0.013855421686747027,30.555305936100012,0.7587610113859549,33.243593060507216,7.224199108194005,5.797416429909115,0.09668956511566373,0.0,D2,1,49,20
TransferCal-CP-affine-localsigma,0.1,0.9,0.963855421686747,0.06385542168674696,30.555305936100012,0.7587610113859549,31.89944949830361,7.224199108194005,5.797416429909115,0.09668956511566373,0.0,D2,1,49,20
TransferCal-CP-affine-localsigma,0.2,0.8,0.7831325301204819,0.01686746987951815,18.701170440765708,0.46439459737079125,24.831523614435394,7.224199108194005,5.797416429909115,0.09668956511566373,0.0009999275207519531,D2,1,49,20
TransferCal-CP-affine-localsigma,0.3,0.7,0.6506024096385542,0.04939759036144575,13.701387250199463,0.3402380741692844,22.837099939084567,7.224199108194005,5.797416429909115,0.09668956511566373,0.0010001659393310547,D2,1,49,20
AdaptiveJackknifeCP,0.05,0.95,0.927710843373494,0.02228915662650599,20.63805235279202,0.5124919877742017,28.47785795312078,5.260900570876309,3.9013485565641064,0.5209533576629801,0.00099945068359375,D2,1,49,20
AdaptiveJackknifeCP,0.1,0.9,0.9036144578313253,0.0036144578313253017,17.063146025786295,0.4237185503240405,23.936133417567046,5.260900570876309,3.9013485565641064,0.5209533576629801,0.0,D2,1,49,20
AdaptiveJackknifeCP,0.2,0.8,0.8433734939759037,0.04337349397590362,13.17830922759208,0.3272488011998906,19.06550188543561,5.260900570876309,3.9013485565641064,0.5209533576629801,0.0,D2,1,49,20
AdaptiveJackknifeCP,0.3,0.7,0.7469879518072289,0.04698795180722892,11.501027878993495,0.2855979110041599,16.55601892860997,5.260900570876309,3.9013485565641064,0.5209533576629801,0.0,D2,1,49,20
AdaptiveSplitCP,0.05,0.95,0.9156626506024096,0.034337349397590367,17.433878536999686,0.4329247214469938,30.269071688631023,5.337610961320538,4.025263627548843,0.5068813299175379,0.0,D2,1,49,20
AdaptiveSplitCP,0.1,0.9,0.9156626506024096,0.015662650602409567,17.433878536999686,0.4329247214469938,23.851475112815354,5.337610961320538,4.025263627548843,0.5068813299175379,0.0010001659393310547,D2,1,49,20
AdaptiveSplitCP,0.2,0.8,0.9156626506024096,0.11566265060240954,17.433878536999686,0.4329247214469938,20.64267682490752,5.337610961320538,4.025263627548843,0.5068813299175379,0.0009999275207519531,D2,1,49,20
AdaptiveSplitCP,0.3,0.7,0.9156626506024096,0.21566265060240963,17.433878536999686,0.4329247214469938,19.573077395604912,5.337610961320538,4.025263627548843,0.5068813299175379,0.0,D2,1,49,20
SplitCP,0.05,0.95,0.0136986301369863,0.9363013698630136,4.468706487381368,0.108096431695704,609.9450351965163,18.706406302614084,17.35325103406918,-4.92368358793415,0.0010013580322265625,D2,1,49,30
SplitCP,0.1,0.9,0.0136986301369863,0.8863013698630138,3.1015809888560852,0.07502614872050856,319.323722863125,18.706406302614084,17.35325103406918,-4.92368358793415,0.0,D2,1,49,30
SplitCP,0.2,0.8,0.0136986301369863,0.7863013698630137,2.0989685539995833,0.050773308018670776,165.15442958083733,18.706406302614084,17.35325103406918,-4.92368358793415,0.0,D2,1,49,30
SplitCP,0.3,0.7,0.0,0.7,1.5966391100245545,0.03862213617896306,111.96284897040394,18.706406302614084,17.35325103406918,-4.92368358793415,0.0,D2,1,49,30
TargetOnlyCP,0.05,0.95,0.9726027397260274,0.022602739726027443,28.71990640238755,0.6947243927295671,31.92051689141126,5.037100044458953,3.862681366771614,0.5704909884963854,0.0009996891021728516,D2,1,49,30
TargetOnlyCP,0.1,0.9,0.9726027397260274,0.07260273972602738,28.71990640238755,0.6947243927295671,30.320211646899406,5.037100044458953,3.862681366771614,0.5704909884963854,0.0,D2,1,49,30
TargetOnlyCP,0.2,0.8,0.9726027397260274,0.17260273972602735,28.71990640238755,0.6947243927295671,29.520059024643476,5.037100044458953,3.862681366771614,0.5704909884963854,0.0,D2,1,49,30
TargetOnlyCP,0.3,0.7,0.9726027397260274,0.27260273972602744,28.71990640238755,0.6947243927295671,29.253341483891504,5.037100044458953,3.862681366771614,0.5704909884963854,0.0,D2,1,49,30
TransferCal-CP-affine-localsigma,0.05,0.95,0.9726027397260274,0.022602739726027443,28.724870707979502,0.6948444775285693,33.402394165013476,6.904549899988178,5.550465737327134,0.19298450744553464,0.0,D2,1,49,30
TransferCal-CP-affine-localsigma,0.1,0.9,0.9726027397260274,0.07260273972602738,28.724870707979502,0.6948444775285693,31.06363243649649,6.904549899988178,5.550465737327134,0.19298450744553464,0.0,D2,1,49,30
TransferCal-CP-affine-localsigma,0.2,0.8,0.8082191780821918,0.008219178082191747,18.31715911541135,0.44308560984471435,23.20456734275319,6.904549899988178,5.550465737327134,0.19298450744553464,0.0,D2,1,49,30
TransferCal-CP-affine-localsigma,0.3,0.7,0.7397260273972602,0.03972602739726028,17.128415251350617,0.414330315607337,21.282622037312247,6.904549899988178,5.550465737327134,0.19298450744553464,0.0009999275207519531,D2,1,49,30
AdaptiveJackknifeCP,0.05,0.95,1.0,0.050000000000000044,43.568487124433105,1.0539063162528794,43.568487124433105,4.4716268326365,3.533703220552477,0.6615128128543493,0.0,D2,1,49,30
AdaptiveJackknifeCP,0.1,0.9,0.9863013698630136,0.08630136986301362,29.351982249125754,0.7100140842289697,30.029474163489116,4.4716268326365,3.533703220552477,0.6615128128543493,0.0,D2,1,49,30
AdaptiveJackknifeCP,0.2,0.8,0.8904109589041096,0.09041095890410955,12.769570075079884,0.3088913902271642,15.796461107744777,4.4716268326365,3.533703220552477,0.6615128128543493,0.0010001659393310547,D2,1,49,30
AdaptiveJackknifeCP,0.3,0.7,0.8356164383561644,0.13561643835616444,11.55344503641129,0.2794737550463607,14.089145761211013,4.4716268326365,3.533703220552477,0.6615128128543493,0.0009999275207519531,D2,1,49,30
AdaptiveSplitCP,0.05,0.95,0.9863013698630136,0.03630136986301369,37.1022313484985,0.8974898727509336,40.072403133330994,6.156819134600147,4.763595683160474,0.35831199921562096,0.0,D2,1,49,30
AdaptiveSplitCP,0.1,0.9,0.9863013698630136,0.08630136986301362,37.1022313484985,0.8974898727509336,38.58731724091475,6.156819134600147,4.763595683160474,0.35831199921562096,0.0,D2,1,49,30
AdaptiveSplitCP,0.2,0.8,0.9863013698630136,0.1863013698630136,37.1022313484985,0.8974898727509336,37.84477429470662,6.156819134600147,4.763595683160474,0.35831199921562096,0.0009999275207519531,D2,1,49,30
AdaptiveSplitCP,0.3,0.7,0.9863013698630136,0.2863013698630137,37.1022313484985,0.8974898727509336,37.59725997930392,6.156819134600147,4.763595683160474,0.35831199921562096,0.0,D2,1,49,30
SplitCP,0.1,0.9,0.0,0.9,2.8813532731571025,0.10192264846614348,170.25641344731162,10.95021206277284,9.809429645286277,-0.9130737876775641,0.0,D3,2,49,10
SplitCP,0.2,0.8,0.0,0.8,1.9113162694124377,0.06760934802746177,90.44903137521301,10.95021206277284,9.809429645286277,-0.9130737876775641,0.0,D3,2,49,10
SplitCP,0.3,0.7,0.0,0.7,1.5047054459956264,0.05322622728911794,61.885218261252064,10.95021206277284,9.809429645286277,-0.9130737876775641,0.0,D3,2,49,10
TargetOnlyCP,0.1,0.9,1.0,0.09999999999999998,40.41999999999999,1.429784223052782,40.41999999999999,8.0556238740398,6.3164,-0.03534483708416136,0.0009996891021728516,D3,2,49,10
TargetOnlyCP,0.2,0.8,1.0,0.19999999999999996,40.41999999999999,1.429784223052782,40.41999999999999,8.0556238740398,6.3164,-0.03534483708416136,0.0,D3,2,49,10
TargetOnlyCP,0.3,0.7,1.0,0.30000000000000004,40.41999999999999,1.429784223052782,40.41999999999999,8.0556238740398,6.3164,-0.03534483708416136,0.0,D3,2,49,10
TransferCal-CP-affine-localsigma,0.1,0.9,1.0,0.09999999999999998,18.230304047381054,0.6448639561702304,18.230304047381054,4.651056390691373,4.042461071448975,0.654864309842766,0.0009992122650146484,D3,2,49,10
TransferCal-CP-affine-localsigma,0.2,0.8,0.64,0.16000000000000003,10.468083228139108,0.37028946672926116,15.540426692278052,4.651056390691373,4.042461071448975,0.654864309842766,0.0,D3,2,49,10
TransferCal-CP-affine-localsigma,0.3,0.7,0.56,0.1399999999999999,8.724834202542525,0.30862519276463646,14.388700475774728,4.651056390691373,4.042461071448975,0.654864309842766,0.0,D3,2,49,10
AdaptiveJackknifeCP,0.1,0.9,1.0,0.09999999999999998,14.14323073425328,0.5002911471259416,14.14323073425328,4.171998636202049,3.658412240683239,0.7223005771971902,0.0,D3,2,49,10
AdaptiveJackknifeCP,0.2,0.8,0.96,0.15999999999999992,12.19029841536039,0.4312097067933602,12.329145876806887,4.171998636202049,3.658412240683239,0.7223005771971902,0.0,D3,2,49,10
AdaptiveJackknifeCP,0.3,0.7,0.92,0.22000000000000008,12.082711318289611,0.4274040082778766,12.202525518001648,4.171998636202049,3.658412240683239,0.7223005771971902,0.0,D3,2,49,10
AdaptiveSplitCP,0.1,0.9,1.0,0.09999999999999998,40.41999999999999,1.429784223052782,40.41999999999999,8.0556238740398,6.3164,-0.03534483708416136,0.0009999275207519531,D3,2,49,10
AdaptiveSplitCP,0.2,0.8,1.0,0.19999999999999996,40.41999999999999,1.429784223052782,40.41999999999999,8.0556238740398,6.3164,-0.03534483708416136,0.00099945068359375,D3,2,49,10
AdaptiveSplitCP,0.3,0.7,1.0,0.30000000000000004,40.41999999999999,1.429784223052782,40.41999999999999,8.0556238740398,6.3164,-0.03534483708416136,0.0010001659393310547,D3,2,49,10
SplitCP,0.1,0.9,0.06936416184971098,0.8306358381502891,3.7085985529366643,0.06400399288815331,222.19616296738187,14.828588695956535,12.693456852583907,-0.42825959993170626,0.0,D4,3,49,10
SplitCP,0.2,0.8,0.057803468208092484,0.7421965317919076,2.216106462646692,0.0382461623305961,118.46961695166127,14.828588695956535,12.693456852583907,-0.42825959993170626,0.0,D4,3,49,10
SplitCP,0.3,0.7,0.046242774566473986,0.653757225433526,1.519523514606576,0.026224346160424645,81.22400722146055,14.828588695956535,12.693456852583907,-0.42825959993170626,0.0,D4,3,49,10
TargetOnlyCP,0.1,0.9,0.9710982658959537,0.0710982658959537,62.944046604800285,1.0863053128398363,66.49810425775293,12.858296074045521,9.970235889381986,-0.07392599910892317,0.0,D4,3,49,10
TargetOnlyCP,0.2,0.8,0.9710982658959537,0.17109826589595367,62.944046604800285,1.0863053128398363,64.72107543127662,12.858296074045521,9.970235889381986,-0.07392599910892317,0.0,D4,3,49,10
TargetOnlyCP,0.3,0.7,0.9710982658959537,0.27109826589595376,62.944046604800285,1.0863053128398363,64.12873248911785,12.858296074045521,9.970235889381986,-0.07392599910892317,0.0,D4,3,49,10
TransferCal-CP-affine-localsigma,0.1,0.9,0.9653179190751445,0.0653179190751445,52.09798216159527,0.8991210108512458,56.47965561766763,11.528309565009511,8.750888102881616,0.13674565456747123,0.0,D4,3,49,10
TransferCal-CP-affine-localsigma,0.2,0.8,0.953757225433526,0.153757225433526,47.92104470373653,0.8270342989758509,50.91541985109845,11.528309565009511,8.750888102881616,0.13674565456747123,0.0,D4,3,49,10
TransferCal-CP-affine-localsigma,0.3,0.7,0.8786127167630058,0.17861271676300583,35.44968697425605,0.6118002476139924,40.77848733971812,11.528309565009511,8.750888102881616,0.13674565456747123,0.0,D4,3,49,10
AdaptiveJackknifeCP,0.1,0.9,0.9942196531791907,0.09421965317919068,38.00323036274231,0.6558699873130621,38.16340450792586,6.583413429290311,5.251485056094707,0.7184796644543802,0.0009999275207519531,D4,3,49,10
AdaptiveJackknifeCP,0.2,0.8,0.953757225433526,0.153757225433526,24.28005247878057,0.4190316864965892,26.168482647596978,6.583413429290311,5.251485056094707,0.7184796644543802,0.0009999275207519531,D4,3,49,10
AdaptiveJackknifeCP,0.3,0.7,0.6416184971098265,0.05838150289017341,13.177823059925098,0.2274264203497878,20.293650869272014,6.583413429290311,5.251485056094707,0.7184796644543802,0.0009999275207519531,D4,3,49,10
AdaptiveSplitCP,0.1,0.9,0.9710982658959537,0.0710982658959537,62.944046604800285,1.0863053128398363,66.49810425775293,12.858296074045521,9.970235889381986,-0.07392599910892317,0.0009999275207519531,D4,3,49,10
AdaptiveSplitCP,0.2,0.8,0.9710982658959537,0.17109826589595367,62.944046604800285,1.0863053128398363,64.72107543127662,12.858296074045521,9.970235889381986,-0.07392599910892317,0.0,D4,3,49,10
AdaptiveSplitCP,0.3,0.7,0.9710982658959537,0.27109826589595376,62.944046604800285,1.0863053128398363,64.12873248911785,12.858296074045521,9.970235889381986,-0.07392599910892317,0.0009999275207519531,D4,3,49,10
SplitCP,0.1,0.9,0.07738095238095238,0.8226190476190476,3.708598552936664,0.06488948188990086,220.15158589505305,14.750717918848208,12.580347080054388,-0.47323313427944114,0.0,D4,3,49,15
SplitCP,0.2,0.8,0.06547619047619048,0.7345238095238096,2.2161064626466924,0.03877529425775535,117.38943483633176,14.750717918848208,12.580347080054388,-0.47323313427944114,0.0,D4,3,49,15
SplitCP,0.3,0.7,0.05357142857142857,0.6464285714285714,1.5195235146065755,0.026587157432897218,80.48649925138025,14.750717918848208,12.580347080054388,-0.47323313427944114,0.0,D4,3,49,15
TargetOnlyCP,0.1,0.9,0.8630952380952381,0.036904761904761885,64.09863270812885,1.1215360753964485,81.9002814207025,20.150659929797857,16.22844533401897,-1.7493099859647288,0.0,D4,3,49,15
TargetOnlyCP,0.2,0.8,0.8630952380952381,0.0630952380952381,64.09863270812885,1.1215360753964485,72.99945706441568,20.150659929797857,16.22844533401897,-1.7493099859647288,0.0,D4,3,49,15
TargetOnlyCP,0.3,0.7,0.8630952380952381,0.16309523809523818,64.09863270812885,1.1215360753964485,70.03251561232007,20.150659929797857,16.22844533401897,-1.7493099859647288,0.0009996891021728516,D4,3,49,15
TransferCal-CP-affine-localsigma,0.1,0.9,0.9761904761904762,0.07619047619047614,41.8257624892517,0.7318268663585773,42.682361168586304,9.56754026436304,7.641459273250261,0.38020829552134305,0.0,D4,3,49,15
TransferCal-CP-affine-localsigma,0.2,0.8,0.7797619047619048,0.020238095238095277,22.836594373820674,0.39957271079492757,34.35631655767506,9.56754026436304,7.641459273250261,0.38020829552134305,0.0,D4,3,49,15
TransferCal-CP-affine-localsigma,0.3,0.7,0.7380952380952381,0.03809523809523818,20.6844892485036,0.36191725023184135,30.062336577425796,9.56754026436304,7.641459273250261,0.38020829552134305,0.0,D4,3,49,15
AdaptiveJackknifeCP,0.1,0.9,1.0,0.09999999999999998,30.419375844268757,0.5322489101403896,30.419375844268757,4.3664384786320145,3.4811361691467586,0.8709078443368927,0.0,D4,3,49,15
AdaptiveJackknifeCP,0.2,0.8,0.7559523809523809,0.04404761904761911,9.862740872530836,0.1725687307746206,15.430258671060193,4.3664384786320145,3.4811361691467586,0.8709078443368927,0.0,D4,3,49,15
AdaptiveJackknifeCP,0.3,0.7,0.7559523809523809,0.055952380952380976,9.849575689959906,0.17233837910300676,13.571963993848689,4.3664384786320145,3.4811361691467586,0.8709078443368927,0.0,D4,3,49,15
AdaptiveSplitCP,0.1,0.9,0.8452380952380952,0.05476190476190479,16.238258201711016,0.2841213861416982,25.82328980301462,5.473712439559941,3.9702381494871863,0.7971340691019831,0.0,D4,3,49,15
AdaptiveSplitCP,0.2,0.8,0.8452380952380952,0.04523809523809519,16.238258201711016,0.2841213861416982,21.03077400236282,5.473712439559941,3.9702381494871863,0.7971340691019831,0.0,D4,3,49,15
AdaptiveSplitCP,0.3,0.7,0.8452380952380952,0.14523809523809528,16.238258201711016,0.2841213861416982,19.433268735478887,5.473712439559941,3.9702381494871863,0.7971340691019831,0.0,D4,3,49,15
SplitCP,0.05,0.95,0.1165644171779141,0.8334355828220859,5.58833179724212,0.09644493560083477,396.345481552609,14.510110874579814,12.389255866916574,-0.3970965382619651,0.0,D4,3,49,20
SplitCP,0.1,0.9,0.0736196319018405,0.8263803680981595,3.7085985529366643,0.06400399288815331,216.12138669786742,14.510110874579814,12.389255866916574,-0.3970965382619651,0.0,D4,3,49,20
SplitCP,0.2,0.8,0.06134969325153374,0.7386503067484663,2.216106462646692,0.0382461623305961,115.40445383717044,14.510110874579814,12.389255866916574,-0.3970965382619651,0.00099945068359375,D4,3,49,20
SplitCP,0.3,0.7,0.04294478527607362,0.6570552147239264,1.5195235146065755,0.026224346160424638,79.17508999174245,14.510110874579814,12.389255866916574,-0.3970965382619651,0.0,D4,3,49,20
TargetOnlyCP,0.05,0.95,0.9877300613496932,0.037730061349693256,49.5864229673807,0.8557758456870641,50.32944682735934,11.00281400351945,8.73815318361449,0.1966727527267833,0.0,D4,3,49,20
TargetOnlyCP,0.1,0.9,0.9877300613496932,0.08773006134969319,49.5864229673807,0.8557758456870641,49.95793489737002,11.00281400351945,8.73815318361449,0.1966727527267833,0.0009996891021728516,D4,3,49,20
TargetOnlyCP,0.2,0.8,0.9877300613496932,0.18773006134969317,49.5864229673807,0.8557758456870641,49.77217893237536,11.00281400351945,8.73815318361449,0.1966727527267833,0.0,D4,3,49,20
TargetOnlyCP,0.3,0.7,0.9877300613496932,0.28773006134969326,49.5864229673807,0.8557758456870641,49.710260277377145,11.00281400351945,8.73815318361449,0.1966727527267833,0.0,D4,3,49,20
TransferCal-CP-affine-localsigma,0.05,0.95,0.9325153374233128,0.017484662576687127,35.73102206857177,0.6166556044607217,42.2441497312302,9.346477065277544,7.430911860097943,0.4203299743875144,0.0,D4,3,49,20
TransferCal-CP-affine-localsigma,0.1,0.9,0.9325153374233128,0.03251533742331281,35.73102206857177,0.6166556044607217,38.987585899900985,9.346477065277544,7.430911860097943,0.4203299743875144,0.0010006427764892578,D4,3,49,20
TransferCal-CP-affine-localsigma,0.2,0.8,0.6993865030674846,0.10061349693251542,19.28085290205965,0.33275415346418896,34.5065431077434,9.346477065277544,7.430911860097943,0.4203299743875144,0.0009999275207519531,D4,3,49,20
TransferCal-CP-affine-localsigma,0.3,0.7,0.6748466257668712,0.0251533742331288,18.16297607126836,0.31346153397288784,29.473321634105766,9.346477065277544,7.430911860097943,0.4203299743875144,0.0010001659393310547,D4,3,49,20
AdaptiveJackknifeCP,0.05,0.95,1.0,0.050000000000000044,29.81140648657236,0.5144932840578096,29.81140648657236,3.7336502936066616,2.8061923661182364,0.9074977640354638,0.0009999275207519531,D4,3,49,20
AdaptiveJackknifeCP,0.1,0.9,1.0,0.09999999999999998,26.603254754281856,0.4591261372160347,26.603254754281856,3.7336502936066616,2.8061923661182364,0.9074977640354638,0.0,D4,3,49,20
AdaptiveJackknifeCP,0.2,0.8,0.9877300613496932,0.18773006134969317,22.87774011653819,0.394830201979248,23.000259311211344,3.7336502936066616,2.8061923661182364,0.9074977640354638,0.0,D4,3,49,20
AdaptiveJackknifeCP,0.3,0.7,0.8957055214723927,0.19570552147239273,12.406621314328676,0.21411681286978732,13.792556330027676,3.7336502936066616,2.8061923661182364,0.9074977640354638,0.0,D4,3,49,20
AdaptiveSplitCP,0.05,0.95,0.9938650306748467,0.043865030674846706,27.77766401440634,0.4793944086020729,27.849313200383918,5.511195119105757,4.577710963411372,0.798452911494254,0.0,D4,3,49,20
AdaptiveSplitCP,0.1,0.9,0.9938650306748467,0.09386503067484664,27.77766401440634,0.4793944086020729,27.813488607395126,5.511195119105757,4.577710963411372,0.798452911494254,0.0010004043579101562,D4,3,49,20
AdaptiveSplitCP,0.2,0.8,0.9938650306748467,0.19386503067484662,27.77766401440634,0.4793944086020729,27.795576310900735,5.511195119105757,4.577710963411372,0.798452911494254,0.0010001659393310547,D4,3,49,20
AdaptiveSplitCP,0.3,0.7,0.9938650306748467,0.2938650306748467,27.77766401440634,0.4793944086020729,27.78960554540261,5.511195119105757,4.577710963411372,0.798452911494254,0.0009996891021728516,D4,3,49,20
SplitCP,0.05,0.95,0.10457516339869281,0.8454248366013072,5.58833179724212,0.09644493560083477,412.1004826060824,14.937529219469639,12.786836903174695,-0.394526723287038,0.0010018348693847656,D4,3,49,30
SplitCP,0.1,0.9,0.06535947712418301,0.834640522875817,3.708598552936664,0.0640039928881533,224.1373124732299,14.937529219469639,12.786836903174695,-0.394526723287038,0.0009992122650146484,D4,3,49,30
SplitCP,0.2,0.8,0.058823529411764705,0.7411764705882353,2.2161064626466924,0.038246162330596106,119.44367973819342,14.937529219469639,12.786836903174695,-0.394526723287038,0.0009999275207519531,D4,3,49,30
SplitCP,0.3,0.7,0.0457516339869281,0.6542483660130719,1.5195235146065755,0.026224346160424638,81.86910110381946,14.937529219469639,12.786836903174695,-0.394526723287038,0.0010035037994384766,D4,3,49,30
TargetOnlyCP,0.05,0.95,0.9869281045751634,0.03692810457516349,54.35675089565175,0.9381034501546468,56.063038425391994,9.24696041686715,7.060242503322927,0.4655989502881669,0.0009992122650146484,D4,3,49,30
TargetOnlyCP,0.1,0.9,0.9869281045751634,0.08692810457516342,54.35675089565175,0.9381034501546468,55.209894660521876,9.24696041686715,7.060242503322927,0.4655989502881669,0.0,D4,3,49,30
TargetOnlyCP,0.2,0.8,0.9869281045751634,0.1869281045751634,54.35675089565175,0.9381034501546468,54.78332277808682,9.24696041686715,7.060242503322927,0.4655989502881669,0.0,D4,3,49,30
TargetOnlyCP,0.3,0.7,0.9869281045751634,0.2869281045751635,54.35675089565175,0.9381034501546468,54.641132150608456,9.24696041686715,7.060242503322927,0.4655989502881669,0.0,D4,3,49,30
TransferCal-CP-affine-localsigma,0.05,0.95,0.9084967320261438,0.04150326797385617,31.687161534577562,0.5468655699870526,52.770718587380195,9.956537042740342,7.716073062519906,0.38043634503338564,0.0,D4,3,49,30
TransferCal-CP-affine-localsigma,0.1,0.9,0.9084967320261438,0.00849673202614376,31.687161534577562,0.5468655699870526,42.22894006097888,9.956537042740342,7.716073062519906,0.38043634503338564,0.0,D4,3,49,30
TransferCal-CP-affine-localsigma,0.2,0.8,0.8104575163398693,0.010457516339869244,26.965109575304496,0.4653711251975291,35.1440927053425,9.956537042740342,7.716073062519906,0.38043634503338564,0.0,D4,3,49,30
TransferCal-CP-affine-localsigma,0.3,0.7,0.7712418300653595,0.07124183006535956,23.560803410759917,0.40661869232175407,31.42807803575829,9.956537042740342,7.716073062519906,0.38043634503338564,0.0,D4,3,49,30
AdaptiveJackknifeCP,0.05,0.95,0.9411764705882353,0.008823529411764675,14.516775142388864,0.25053441609004623,16.423008460197735,3.5904888537994486,2.893055845556472,0.9194294235001885,0.0,D4,3,49,30
AdaptiveJackknifeCP,0.1,0.9,0.869281045751634,0.030718954248366015,11.113035123232962,0.19179175390390324,14.977076232423647,3.5904888537994486,2.893055845556472,0.9194294235001885,0.0,D4,3,49,30
AdaptiveJackknifeCP,0.2,0.8,0.8431372549019608,0.04313725490196074,10.422317264087344,0.17987115901787282,12.875272914334845,3.5904888537994486,2.893055845556472,0.9194294235001885,0.0,D4,3,49,30
AdaptiveJackknifeCP,0.3,0.7,0.7777777777777778,0.07777777777777783,8.37441171343407,0.14452785333820295,11.309936694913393,3.5904888537994486,2.893055845556472,0.9194294235001885,0.0,D4,3,49,30
AdaptiveSplitCP,0.05,0.95,0.9869281045751634,0.03692810457516349,24.749520390864983,0.4271338901935824,25.160002971163685,3.604213957321954,2.6706341974612804,0.9188122634671053,0.0,D4,3,49,30
AdaptiveSplitCP,0.1,0.9,0.9869281045751634,0.08692810457516342,24.749520390864983,0.4271338901935824,24.954761681014336,3.604213957321954,2.6706341974612804,0.9188122634671053,0.0,D4,3,49,30
AdaptiveSplitCP,0.2,0.8,0.9869281045751634,0.1869281045751634,24.749520390864983,0.4271338901935824,24.852141035939663,3.604213957321954,2.6706341974612804,0.9188122634671053,0.0,D4,3,49,30
AdaptiveSplitCP,0.3,0.7,0.9869281045751634,0.2869281045751635,24.749520390864983,0.4271338901935824,24.8179341542481,3.604213957321954,2.6706341974612804,0.9188122634671053,0.0,D4,3,49,30
SplitCP,0.05,0.95,0.12781954887218044,0.8221804511278195,5.58833179724212,0.09777924188228863,399.90103213147455,14.552167756023344,12.475138160808422,-0.3369069966319236,0.0,D4,3,49,50
SplitCP,0.1,0.9,0.07518796992481203,0.824812030075188,3.7085985529366643,0.06488948188990087,217.78413258588586,14.552167756023344,12.475138160808422,-0.3369069966319236,0.0,D4,3,49,50
SplitCP,0.2,0.8,0.06015037593984962,0.7398496240601504,2.216106462646692,0.03877529425775534,116.2396591602861,14.552167756023344,12.475138160808422,-0.3369069966319236,0.00099945068359375,D4,3,49,50
SplitCP,0.3,0.7,0.045112781954887216,0.6548872180451127,1.5195235146065755,0.026587157432897218,79.73188679424534,14.552167756023344,12.475138160808422,-0.3369069966319236,0.0009999275207519531,D4,3,49,50
TargetOnlyCP,0.05,0.95,0.9097744360902256,0.04022556390977439,25.277499442859636,0.44228131433114753,36.76004309019115,7.559302226672366,6.086920729105702,0.6392475998630724,0.0,D4,3,49,50
TargetOnlyCP,0.1,0.9,0.9097744360902256,0.009774436090225547,25.277499442859636,0.44228131433114753,31.01877126652539,7.559302226672366,6.086920729105702,0.6392475998630724,0.0,D4,3,49,50
TargetOnlyCP,0.2,0.8,0.9097744360902256,0.10977443609022552,25.277499442859636,0.44228131433114753,28.148135354692517,7.559302226672366,6.086920729105702,0.6392475998630724,0.0,D4,3,49,50
TargetOnlyCP,0.3,0.7,0.9097744360902256,0.2097744360902256,25.277499442859636,0.44228131433114753,27.19125671741489,7.559302226672366,6.086920729105702,0.6392475998630724,0.0,D4,3,49,50
TransferCal-CP-affine-localsigma,0.05,0.95,0.9774436090225563,0.02744360902255638,42.79305044933599,0.7487515384880281,46.140248219306045,9.383819742008804,7.451684907625754,0.44408918358709426,0.0,D4,3,49,50
TransferCal-CP-affine-localsigma,0.1,0.9,0.9398496240601504,0.03984962406015036,34.15873058371856,0.5976765341287837,38.59501352738582,9.383819742008804,7.451684907625754,0.44408918358709426,0.0,D4,3,49,50
TransferCal-CP-affine-localsigma,0.2,0.8,0.9097744360902256,0.10977443609022552,30.988709737867335,0.5422105656958871,34.38974027965346,9.383819742008804,7.451684907625754,0.44408918358709426,0.0,D4,3,49,50
TransferCal-CP-affine-localsigma,0.3,0.7,0.8195488721804511,0.11954887218045118,26.29584518028421,0.4600993462219123,30.76488104055005,9.383819742008804,7.451684907625754,0.44408918358709426,0.0010001659393310547,D4,3,49,50
AdaptiveJackknifeCP,0.05,0.95,0.9849624060150376,0.03496240601503764,18.057457556049023,0.315951982490273,18.82530457604327,3.393806893539168,2.7044485665923217,0.9272856601049779,0.0009999275207519531,D4,3,49,50
AdaptiveJackknifeCP,0.1,0.9,0.9172932330827067,0.017293233082706694,10.921946636390702,0.19110169201337163,14.112835842317978,3.393806893539168,2.7044485665923217,0.9272856601049779,0.0009999275207519531,D4,3,49,50
AdaptiveJackknifeCP,0.2,0.8,0.7593984962406015,0.04060150375939853,8.284086114747211,0.14494695185910803,11.766792239915691,3.393806893539168,2.7044485665923217,0.9272856601049779,0.0009999275207519531,D4,3,49,50
AdaptiveJackknifeCP,0.3,0.7,0.6842105263157895,0.015789473684210464,6.694377014994161,0.11713175472569162,10.48468906834733,3.393806893539168,2.7044485665923217,0.9272856601049779,0.0010013580322265625,D4,3,49,50
AdaptiveSplitCP,0.05,0.95,0.9548872180451128,0.004887218045112829,13.514768434265688,0.23646838800254047,16.317970043644998,3.3467079752144313,2.7023803480340027,0.9292899005195422,0.0009987354278564453,D4,3,49,50
AdaptiveSplitCP,0.1,0.9,0.9548872180451128,0.05488721804511276,13.514768434265688,0.23646838800254047,14.916369238955342,3.3467079752144313,2.7023803480340027,0.9292899005195422,0.0009996891021728516,D4,3,49,50
AdaptiveSplitCP,0.2,0.8,0.9548872180451128,0.15488721804511274,13.514768434265688,0.23646838800254047,14.215568836610515,3.3467079752144313,2.7023803480340027,0.9292899005195422,0.0010001659393310547,D4,3,49,50
AdaptiveSplitCP,0.3,0.7,0.9548872180451128,0.25488721804511283,13.514768434265688,0.23646838800254047,13.981968702495573,3.3467079752144313,2.7023803480340027,0.9292899005195422,0.0,D4,3,49,50
SplitCP,0.1,0.9,0.09580193756727665,0.8041980624327234,3.77294093539345,0.0494293323057665,168.3153382265907,12.057579128610614,10.015558038879707,0.47286551450961645,0.0010006427764892578,D1,0,50,10
SplitCP,0.2,0.8,0.04843918191603875,0.7515608180839612,1.7072433695190485,0.022366610366767754,93.53538890507102,12.057579128610614,10.015558038879707,0.47286551450961645,0.0009999275207519531,D1,0,50,10
SplitCP,0.3,0.7,0.04520990312163617,0.6547900968783638,1.5100922400294792,0.019783731689134575,63.35531597911462,12.057579128610614,10.015558038879707,0.47286551450961645,0.0009999275207519531,D1,0,50,10
TargetOnlyCP,0.1,0.9,0.9278794402583423,0.027879440258342325,80.6,1.0559413073423372,91.08417653390741,21.00876093330202,16.507104413347683,-0.6003024340242094,0.0015025138854980469,D1,0,50,10
TargetOnlyCP,0.2,0.8,0.9278794402583423,0.1278794402583423,80.6,1.0559413073423372,85.8420882669537,21.00876093330202,16.507104413347683,-0.6003024340242094,0.0,D1,0,50,10
TargetOnlyCP,0.3,0.7,0.9278794402583423,0.2278794402583424,80.6,1.0559413073423372,84.09472551130247,21.00876093330202,16.507104413347683,-0.6003024340242094,0.0,D1,0,50,10
TransferCal-CP-affine-localsigma,0.1,0.9,0.8858988159311088,0.01410118406889127,56.42608353811681,0.7392386156258933,70.34851980891023,17.19149564315314,13.774723368074739,-0.07158965085318969,0.0010008811950683594,D1,0,50,10
TransferCal-CP-affine-localsigma,0.2,0.8,0.8805166846071044,0.08051668460710437,55.88899962333967,0.7322022745449712,63.15985730187977,17.19149564315314,13.774723368074739,-0.07158965085318969,0.0019998550415039062,D1,0,50,10
TransferCal-CP-affine-localsigma,0.3,0.7,0.8708288482238966,0.17082884822389666,54.47221169007935,0.7136409233976542,59.90519935087952,17.19149564315314,13.774723368074739,-0.07158965085318969,0.0010001659393310547,D1,0,50,10
AdaptiveJackknifeCP,0.1,0.9,1.0,0.09999999999999998,214.6929666734368,2.81269444052548,214.6929666734368,17.69689502472613,13.46476427442624,-0.13552143589221766,0.0019998550415039062,D1,0,50,10
AdaptiveJackknifeCP,0.2,0.8,1.0,0.19999999999999996,164.75201630498287,2.1584176114686064,164.75201630498287,17.69689502472613,13.46476427442624,-0.13552143589221766,0.002000093460083008,D1,0,50,10
AdaptiveJackknifeCP,0.3,0.7,0.9515608180839612,0.25156081808396125,72.85791249159399,0.9545121509504635,75.59251369500453,17.69689502472613,13.46476427442624,-0.13552143589221766,0.0010008811950683594,D1,0,50,10
AdaptiveSplitCP,0.1,0.9,0.9278794402583423,0.027879440258342325,80.6,1.0559413073423372,91.08417653390741,21.00876093330202,16.507104413347683,-0.6003024340242094,0.0010001659393310547,D1,0,50,10
AdaptiveSplitCP,0.2,0.8,0.9278794402583423,0.1278794402583423,80.6,1.0559413073423372,85.8420882669537,21.00876093330202,16.507104413347683,-0.6003024340242094,0.0009999275207519531,D1,0,50,10
AdaptiveSplitCP,0.3,0.7,0.9278794402583423,0.2278794402583424,80.6,1.0559413073423372,84.09472551130247,21.00876093330202,16.507104413347683,-0.6003024340242094,0.0010001659393310547,D1,0,50,10
SplitCP,0.1,0.9,0.09848484848484848,0.8015151515151515,3.7729409353934495,0.049429332305766495,166.5970786370378,11.942252031178429,9.92677009096178,0.4802519391990657,0.0010004043579101562,D1,0,50,15
SplitCP,0.2,0.8,0.049783549783549784,0.7502164502164502,1.7072433695190485,0.022366610366767754,92.6521247975945,11.942252031178429,9.92677009096178,0.4802519391990657,0.0010001659393310547,D1,0,50,15
SplitCP,0.3,0.7,0.046536796536796536,0.6534632034632034,1.510092240029479,0.01978373168913457,62.765595835660356,11.942252031178429,9.92677009096178,0.4802519391990657,0.0010001659393310547,D1,0,50,15
TargetOnlyCP,0.1,0.9,0.9404761904761905,0.04047619047619044,74.6587974213842,0.9781055602201382,133.48880261331217,26.028193536413195,15.217929079144554,-1.4689282419347043,0.0009996891021728516,D1,0,50,15
TargetOnlyCP,0.2,0.8,0.9404761904761905,0.14047619047619042,74.6587974213842,0.9781055602201382,104.07380001734816,26.028193536413195,15.217929079144554,-1.4689282419347043,0.0,D1,0,50,15
TargetOnlyCP,0.3,0.7,0.9404761904761905,0.2404761904761905,74.6587974213842,0.9781055602201382,94.26879915202686,26.028193536413195,15.217929079144554,-1.4689282419347043,0.0009996891021728516,D1,0,50,15
TransferCal-CP-affine-localsigma,0.1,0.9,0.9967532467532467,0.0967532467532467,67.53474727419984,0.8847733167215003,67.64683765658754,12.435237169618352,10.229326767609935,0.43645505521747907,0.0010006427764892578,D1,0,50,15
TransferCal-CP-affine-localsigma,0.2,0.8,0.9902597402597403,0.19025974025974024,55.974193581238524,0.7333184013350629,56.39096134247963,12.435237169618352,10.229326767609935,0.43645505521747907,0.002002716064453125,D1,0,50,15
TransferCal-CP-affine-localsigma,0.3,0.7,0.8084415584415584,0.10844155844155845,33.56374933308437,0.4397189745668437,39.32648519967224,12.435237169618352,10.229326767609935,0.43645505521747907,0.0009999275207519531,D1,0,50,15
AdaptiveJackknifeCP,0.1,0.9,1.0,0.09999999999999998,126.3351595253041,1.6551180336532547,126.3351595253041,16.52717589254415,13.311116525507282,0.004553987612850863,0.002000093460083008,D1,0,50,15
AdaptiveJackknifeCP,0.2,0.8,0.9696969696969697,0.16969696969696968,73.36043221385879,0.9610956662419473,74.61807848063583,16.52717589254415,13.311116525507282,0.004553987612850863,0.0009999275207519531,D1,0,50,15
AdaptiveJackknifeCP,0.3,0.7,0.9372294372294372,0.23722943722943723,61.88926779062842,0.8108118404627317,64.47571225604527,16.52717589254415,13.311116525507282,0.004553987612850863,0.0010001659393310547,D1,0,50,15
AdaptiveSplitCP,0.1,0.9,0.9426406926406926,0.04264069264069259,193.96866745631087,2.541185214606302,228.58328860617485,48.18015300297632,35.84448471203565,-7.459735068811758,0.0010004043579101562,D1,0,50,15
AdaptiveSplitCP,0.2,0.8,0.9426406926406926,0.14264069264069257,193.96866745631087,2.541185214606302,211.2759780312429,48.18015300297632,35.84448471203565,-7.459735068811758,0.001003265380859375,D1,0,50,15
AdaptiveSplitCP,0.3,0.7,0.9426406926406926,0.24264069264069266,193.96866745631087,2.541185214606302,205.50687450626555,48.18015300297632,35.84448471203565,-7.459735068811758,0.0009999275207519531,D1,0,50,15
SplitCP,0.05,0.95,0.16974972796517954,0.7802502720348204,6.060615720903583,0.07940017974727606,293.1034623111029,11.99931543210787,9.947164600710696,0.48031124605800435,0.0010008811950683594,D1,0,50,20
SplitCP,0.1,0.9,0.09902067464635474,0.8009793253536452,3.7729409353934495,0.049429332305766495,167.01594894755664,11.99931543210787,9.947164600710696,0.48031124605800435,0.0010004043579101562,D1,0,50,20
SplitCP,0.2,0.8,0.05005440696409141,0.7499455930359087,1.7072433695190488,0.022366610366767757,92.85723092536686,11.99931543210787,9.947164600710696,0.48031124605800435,0.0009999275207519531,D1,0,50,20
SplitCP,0.3,0.7,0.046789989118607184,0.6532100108813927,1.5100922400294792,0.019783731689134575,62.90216139461025,11.99931543210787,9.947164600710696,0.48031124605800435,0.002001523971557617,D1,0,50,20
TargetOnlyCP,0.05,0.95,0.911860718171926,0.03813928182807391,56.60318672050121,0.7415588459725616,126.34475069814005,19.701376596694857,14.37033278323641,-0.40095286676255437,0.0,D1,0,50,20
TargetOnlyCP,0.1,0.9,0.911860718171926,0.011860718171926021,56.60318672050121,0.7415588459725616,91.47396870932064,19.701376596694857,14.37033278323641,-0.40095286676255437,0.0009992122650146484,D1,0,50,20
TargetOnlyCP,0.2,0.8,0.911860718171926,0.111860718171926,56.60318672050121,0.7415588459725616,74.03857771491093,19.701376596694857,14.37033278323641,-0.40095286676255437,0.0,D1,0,50,20
TargetOnlyCP,0.3,0.7,0.911860718171926,0.2118607181719261,56.60318672050121,0.7415588459725616,68.22678071677436,19.701376596694857,14.37033278323641,-0.40095286676255437,0.0,D1,0,50,20
TransferCal-CP-affine-localsigma,0.05,0.95,0.9477693144722524,0.0022306855277475224,49.604262538390415,0.6498658788404528,58.25793523564407,13.097489584306643,10.811814399116782,0.3808348522842482,0.0010004043579101562,D1,0,50,20
TransferCal-CP-affine-localsigma,0.1,0.9,0.9477693144722524,0.04776931447225241,49.604262538390415,0.6498658788404528,53.931098887017235,13.097489584306643,10.811814399116782,0.3808348522842482,0.002000093460083008,D1,0,50,20
TransferCal-CP-affine-localsigma,0.2,0.8,0.9270946681175191,0.12709466811751902,45.04721325582604,0.5901639361970968,48.57875671299056,13.097489584306643,10.811814399116782,0.3808348522842482,0.0019996166229248047,D1,0,50,20
TransferCal-CP-affine-localsigma,0.3,0.7,0.9042437431991295,0.20424374319912952,41.36370664917751,0.5419062838170896,44.755841117630524,13.097489584306643,10.811814399116782,0.3808348522842482,0.0010006427764892578,D1,0,50,20
AdaptiveJackknifeCP,0.05,0.95,0.9162132752992383,0.033786724700761606,52.83456621965709,0.6921861157177418,183.2605703157395,23.702958572675172,13.474413030284946,-1.0278484434027249,0.0010001659393310547,D1,0,50,20
AdaptiveJackknifeCP,0.1,0.9,0.9129488574537541,0.01294885745375407,52.50833227542468,0.6879121219513371,117.9996106826754,23.702958572675172,13.474413030284946,-1.0278484434027249,0.0010006427764892578,D1,0,50,20
AdaptiveJackknifeCP,0.2,0.8,0.9042437431991295,0.10424374319912943,49.13411153404213,0.6437064264064597,83.43336250605174,23.702958572675172,13.474413030284946,-1.0278484434027249,0.002998828887939453,D1,0,50,20
AdaptiveJackknifeCP,0.3,0.7,0.8770402611534276,0.17704026115342764,42.8547069569099,0.5614398919336501,68.05410920288836,23.702958572675172,13.474413030284946,-1.0278484434027249,0.0010001659393310547,D1,0,50,20
AdaptiveSplitCP,0.05,0.95,0.8389553862894451,0.11104461371055485,98.06547810304603,1.284756689246672,532.8477276329097,60.638220723590656,34.342705603559516,-12.271599818955966,0.0010004043579101562,D1,0,50,20
AdaptiveSplitCP,0.1,0.9,0.8389553862894451,0.06104461371055492,98.06547810304603,1.284756689246672,315.45660286797784,60.638220723590656,34.342705603559516,-12.271599818955966,0.0010042190551757812,D1,0,50,20
AdaptiveSplitCP,0.2,0.8,0.8389553862894451,0.03895538628944506,98.06547810304603,1.284756689246672,206.76104048551198,60.638220723590656,34.342705603559516,-12.271599818955966,0.0010001659393310547,D1,0,50,20
AdaptiveSplitCP,0.3,0.7,0.8389553862894451,0.13895538628944515,98.06547810304603,1.284756689246672,170.52918635802334,60.638220723590656,34.342705603559516,-12.271599818955966,0.0010004043579101562,D1,0,50,20
SplitCP,0.05,0.95,0.16831683168316833,0.7816831683168316,6.060615720903584,0.08050764771650516,293.03439647981924,11.978988173081088,9.949297118183205,0.47723753178218753,0.0010006427764892578,D1,0,50,30
SplitCP,0.1,0.9,0.0968096809680968,0.8031903190319032,3.77294093539345,0.05011876906073675,167.01190289260936,11.978988173081088,9.949297118183205,0.47723753178218753,0.0019991397857666016,D1,0,50,30
SplitCP,0.2,0.8,0.0484048404840484,0.7515951595159517,1.7072433695190485,0.022678578231831333,92.87563117193025,11.978988173081088,9.949297118183205,0.47723753178218753,0.0010025501251220703,D1,0,50,30
SplitCP,0.3,0.7,0.045104510451045104,0.6548954895489548,1.5100922400294794,0.020059673749055297,62.91552475413117,11.978988173081088,9.949297118183205,0.47723753178218753,0.00099945068359375,D1,0,50,30
TargetOnlyCP,0.05,0.95,0.9053905390539054,0.044609460946094526,48.081856461429375,0.6387069135898288,86.77424378607915,15.395117667411897,11.899040334206964,0.13656399861247492,0.0009989738464355469,D1,0,50,30
TargetOnlyCP,0.1,0.9,0.9053905390539054,0.005390539053905408,48.081856461429375,0.6387069135898288,67.42805012375426,15.395117667411897,11.899040334206964,0.13656399861247492,0.0,D1,0,50,30
TargetOnlyCP,0.2,0.8,0.9053905390539054,0.10539053905390539,48.081856461429375,0.6387069135898288,57.75495329259183,15.395117667411897,11.899040334206964,0.13656399861247492,0.0009999275207519531,D1,0,50,30
TargetOnlyCP,0.3,0.7,0.9053905390539054,0.20539053905390547,48.081856461429375,0.6387069135898288,54.530587682204334,15.395117667411897,11.899040334206964,0.13656399861247492,0.0,D1,0,50,30
TransferCal-CP-affine-localsigma,0.05,0.95,0.933993399339934,0.016006600660065984,41.53609129033639,0.5517546663764459,53.387786205391386,11.45816661505741,9.192372542456688,0.5217065937201866,0.0010008811950683594,D1,0,50,30
TransferCal-CP-affine-localsigma,0.1,0.9,0.933993399339934,0.03399339933993395,41.53609129033639,0.5517546663764459,47.4619387478639,11.45816661505741,9.192372542456688,0.5217065937201866,0.002003908157348633,D1,0,50,30
TransferCal-CP-affine-localsigma,0.2,0.8,0.735973597359736,0.06402640264026405,25.697545961403637,0.34135953716777423,40.26555540207854,11.45816661505741,9.192372542456688,0.5217065937201866,0.0010006427764892578,D1,0,50,30
TransferCal-CP-affine-localsigma,0.3,0.7,0.6919691969196919,0.008030803080308013,24.034207072563454,0.3192641746728323,35.3269056509331,11.45816661505741,9.192372542456688,0.5217065937201866,0.0020003318786621094,D1,0,50,30
AdaptiveJackknifeCP,0.05,0.95,0.9944994499449945,0.04449944994499455,69.76545249182547,0.9267461806928535,70.37630514964609,11.89409400190187,9.439963931429746,0.4846208314088699,0.001999378204345703,D1,0,50,30
AdaptiveJackknifeCP,0.1,0.9,0.9416941694169417,0.041694169416941707,44.45222611847396,0.5904918452785474,51.23891193836556,11.89409400190187,9.439963931429746,0.4846208314088699,0.0019991397857666016,D1,0,50,30
AdaptiveJackknifeCP,0.2,0.8,0.7524752475247525,0.04752475247524757,27.42863914625201,0.3643549301621741,42.20917926864627,11.89409400190187,9.439963931429746,0.4846208314088699,0.0009999275207519531,D1,0,50,30
AdaptiveJackknifeCP,0.3,0.7,0.7117711771177118,0.011771177117711806,24.660768715010295,0.32758725706342223,36.9960028995691,11.89409400190187,9.439963931429746,0.4846208314088699,0.0009999275207519531,D1,0,50,30
AdaptiveSplitCP,0.05,0.95,0.9922992299229924,0.0422992299229924,68.49970755011351,0.9099323530953002,69.86826652380365,12.890550088106554,10.17978703425806,0.39464932781287254,0.001999378204345703,D1,0,50,30
AdaptiveSplitCP,0.1,0.9,0.9922992299229924,0.09229922992299233,68.49970755011351,0.9099323530953002,69.18398703695858,12.890550088106554,10.17978703425806,0.39464932781287254,0.0010018348693847656,D1,0,50,30
AdaptiveSplitCP,0.2,0.8,0.9922992299229924,0.1922992299229923,68.49970755011351,0.9099323530953002,68.84184729353605,12.890550088106554,10.17978703425806,0.39464932781287254,0.0009996891021728516,D1,0,50,30
AdaptiveSplitCP,0.3,0.7,0.9922992299229924,0.2922992299229924,68.49970755011351,0.9099323530953002,68.72780071239521,12.890550088106554,10.17978703425806,0.39464932781287254,0.0009999275207519531,D1,0,50,30
SplitCP,0.05,0.95,0.16985376827896512,0.7801462317210348,6.060615720903585,0.07940017974727609,291.9882569773646,11.922169132595153,9.92020526858485,0.4763951707543428,0.0009999275207519531,D1,0,50,50
SplitCP,0.1,0.9,0.09786276715410573,0.8021372328458943,3.77294093539345,0.0494293323057665,166.44312173793796,11.922169132595153,9.92020526858485,0.4763951707543428,0.0010004043579101562,D1,0,50,50
SplitCP,0.2,0.8,0.048368953880764905,0.7516310461192351,1.7072433695190485,0.022366610366767754,92.58263776335417,11.922169132595153,9.92020526858485,0.4763951707543428,0.0009999275207519531,D1,0,50,50
SplitCP,0.3,0.7,0.04611923509561305,0.653880764904387,1.5100922400294792,0.019783731689134575,62.72020169355365,11.922169132595153,9.92020526858485,0.4763951707543428,0.0010001659393310547,D1,0,50,50
TargetOnlyCP,0.05,0.95,1.0,0.050000000000000044,82.29014094985847,1.0780838587590416,82.29014094985847,13.650367845354017,11.199768946202392,0.3135928547565423,0.00099945068359375,D1,0,50,50
TargetOnlyCP,0.1,0.9,1.0,0.09999999999999998,82.29014094985847,1.0780838587590416,82.29014094985847,13.650367845354017,11.199768946202392,0.3135928547565423,0.0,D1,0,50,50
TargetOnlyCP,0.2,0.8,1.0,0.19999999999999996,82.29014094985847,1.0780838587590416,82.29014094985847,13.650367845354017,11.199768946202392,0.3135928547565423,0.0,D1,0,50,50
TargetOnlyCP,0.3,0.7,1.0,0.30000000000000004,82.29014094985847,1.0780838587590416,82.29014094985847,13.650367845354017,11.199768946202392,0.3135928547565423,0.0,D1,0,50,50
TransferCal-CP-affine-localsigma,0.05,0.95,1.0,0.050000000000000044,73.18006175115866,0.9587326312271891,73.18006175115866,11.683956694985808,9.668326441106627,0.49711004194704,0.0010013580322265625,D1,0,50,50
TransferCal-CP-affine-localsigma,0.1,0.9,0.9977502812148481,0.09775028121484808,67.90024398723335,0.8895616923665367,67.9470391880045,11.683956694985808,9.668326441106627,0.49711004194704,0.0009999275207519531,D1,0,50,50
TransferCal-CP-affine-localsigma,0.2,0.8,0.9313835770528683,0.1313835770528683,39.99720368411439,0.524003716479423,42.28862417434451,11.683956694985808,9.668326441106627,0.49711004194704,0.0020003318786621094,D1,0,50,50
TransferCal-CP-affine-localsigma,0.3,0.7,0.8481439820022497,0.14814398200224976,34.245971795274045,0.44865677703114737,37.79331610542313,11.683956694985808,9.668326441106627,0.49711004194704,0.0009999275207519531,D1,0,50,50
AdaptiveJackknifeCP,0.05,0.95,0.9977502812148481,0.047750281214848145,70.54660287264569,0.9242316633486621,70.61736141663458,11.233973320069355,9.306487003992892,0.5350996614458362,0.001999378204345703,D1,0,50,50
AdaptiveJackknifeCP,0.1,0.9,0.9887514060742407,0.0887514060742407,49.741869972524114,0.6516686750426757,50.68958298650953,11.233973320069355,9.306487003992892,0.5350996614458362,0.0010001659393310547,D1,0,50,50
AdaptiveJackknifeCP,0.2,0.8,0.8661417322834646,0.06614173228346454,33.4749251165356,0.43855528772632063,38.36154842436914,11.233973320069355,9.306487003992892,0.5350996614458362,0.0019996166229248047,D1,0,50,50
AdaptiveJackknifeCP,0.3,0.7,0.8526434195725534,0.15264341957255345,32.3083991933746,0.42327262136960403,36.109781986802076,11.233973320069355,9.306487003992892,0.5350996614458362,0.0010008811950683594,D1,0,50,50
AdaptiveSplitCP,0.05,0.95,0.9977502812148481,0.047750281214848145,68.21853713147809,0.8937316536426146,68.42160002201105,11.19589372420943,9.220510388863163,0.5382460482791953,0.0009999275207519531,D1,0,50,50
AdaptiveSplitCP,0.1,0.9,0.9977502812148481,0.09775028121484808,68.21853713147809,0.8937316536426146,68.32006857674457,11.19589372420943,9.220510388863163,0.5382460482791953,0.0009999275207519531,D1,0,50,50
AdaptiveSplitCP,0.2,0.8,0.9977502812148481,0.19775028121484806,68.21853713147809,0.8937316536426146,68.26930285411133,11.19589372420943,9.220510388863163,0.5382460482791953,0.002000093460083008,D1,0,50,50
AdaptiveSplitCP,0.3,0.7,0.9977502812148481,0.29775028121484814,68.21853713147809,0.8937316536426146,68.2523809465669,11.19589372420943,9.220510388863163,0.5382460482791953,0.0010008811950683594,D1,0,50,50
SplitCP,0.1,0.9,0.0,0.9,3.323085833355833,0.08038427267905153,343.6650003062917,19.919270726423125,18.678638640324706,-5.301876297904605,0.0,D2,1,50,10
SplitCP,0.2,0.8,0.0,0.8,2.1491373636201274,0.0519868738050377,178.18983694876653,19.919270726423125,18.678638640324706,-5.301876297904605,0.0,D2,1,50,10
SplitCP,0.3,0.7,0.0,0.7,1.638888120827545,0.039644124829005895,120.7001853202338,19.919270726423125,18.678638640324706,-5.301876297904605,0.0010006427764892578,D2,1,50,10
TargetOnlyCP,0.1,0.9,0.8924731182795699,0.007526881720430145,34.239999999999995,0.8282535072984387,44.97763440860215,10.714486977116342,8.52010752688172,-0.8233320593557867,0.0,D2,1,50,10
TargetOnlyCP,0.2,0.8,0.8924731182795699,0.09247311827956983,34.239999999999995,0.8282535072984387,39.608817204301076,10.714486977116342,8.52010752688172,-0.8233320593557867,0.0,D2,1,50,10
TargetOnlyCP,0.3,0.7,0.8924731182795699,0.19247311827956992,34.239999999999995,0.8282535072984387,37.81921146953405,10.714486977116342,8.52010752688172,-0.8233320593557867,0.0,D2,1,50,10
TransferCal-CP-affine-localsigma,0.1,0.9,0.7419354838709677,0.15806451612903227,42.44122582002671,1.0266382634194562,71.02420439490419,16.388901278654465,13.18977473889889,-3.2660180033927295,0.0010001659393310547,D2,1,50,10
TransferCal-CP-affine-localsigma,0.2,0.8,0.6129032258064516,0.18709677419354842,32.85044830894821,0.7946407426463908,62.084807847484036,16.388901278654465,13.18977473889889,-3.2660180033927295,0.0,D2,1,50,10
TransferCal-CP-affine-localsigma,0.3,0.7,0.5806451612903226,0.11935483870967734,28.787948811030468,0.6963703145637823,53.650629739711306,16.388901278654465,13.18977473889889,-3.2660180033927295,0.0,D2,1,50,10
AdaptiveJackknifeCP,0.1,0.9,1.0,0.09999999999999998,90.51332751267094,2.1894854255146607,90.51332751267094,7.781903797764365,6.130386875694705,0.038177968563357756,0.0,D2,1,50,10
AdaptiveJackknifeCP,0.2,0.8,1.0,0.19999999999999996,60.99527268804287,1.4754541043369211,60.99527268804287,7.781903797764365,6.130386875694705,0.038177968563357756,0.0009999275207519531,D2,1,50,10
AdaptiveJackknifeCP,0.3,0.7,0.946236559139785,0.24623655913978504,33.953841147202205,0.8213314257133257,34.55584311559747,7.781903797764365,6.130386875694705,0.038177968563357756,0.0009999275207519531,D2,1,50,10
AdaptiveSplitCP,0.1,0.9,0.8924731182795699,0.007526881720430145,34.239999999999995,0.8282535072984387,44.97763440860215,10.714486977116342,8.52010752688172,-0.8233320593557867,0.0009999275207519531,D2,1,50,10
AdaptiveSplitCP,0.2,0.8,0.8924731182795699,0.09247311827956983,34.239999999999995,0.8282535072984387,39.608817204301076,10.714486977116342,8.52010752688172,-0.8233320593557867,0.0010004043579101562,D2,1,50,10
AdaptiveSplitCP,0.3,0.7,0.8924731182795699,0.19247311827956992,34.239999999999995,0.8282535072984387,37.81921146953405,10.714486977116342,8.52010752688172,-0.8233320593557867,0.0,D2,1,50,10
SplitCP,0.1,0.9,0.0,0.9,3.323085833355833,0.08038427267905153,342.53277620315424,19.89312897744219,18.622027435167837,-5.363398104370973,0.0,D2,1,50,15
SplitCP,0.2,0.8,0.0,0.8,2.1491373636201274,0.0519868738050377,177.62372489719783,19.89312897744219,18.622027435167837,-5.363398104370973,0.0,D2,1,50,15
SplitCP,0.3,0.7,0.0,0.7,1.638888120827545,0.039644124829005895,120.32277728585464,19.89312897744219,18.622027435167837,-5.363398104370973,0.0010004043579101562,D2,1,50,15
TargetOnlyCP,0.1,0.9,0.9772727272727273,0.07727272727272727,20.685809750723056,0.5003824321654385,23.391411712556717,4.853339505533374,3.8651756804274062,0.6212398825171425,0.0,D2,1,50,15
TargetOnlyCP,0.2,0.8,0.9772727272727273,0.17727272727272725,20.685809750723056,0.5003824321654385,22.03861073163989,4.853339505533374,3.8651756804274062,0.6212398825171425,0.0,D2,1,50,15
TargetOnlyCP,0.3,0.7,0.9772727272727273,0.27727272727272734,20.685809750723056,0.5003824321654385,21.587677071334276,4.853339505533374,3.8651756804274062,0.6212398825171425,0.0,D2,1,50,15
TransferCal-CP-affine-localsigma,0.1,0.9,0.6931818181818182,0.2068181818181818,14.755486588806063,0.3569300093187412,46.89483480980425,7.7755812577925365,5.909923322195708,0.027815649159252276,0.0010004043579101562,D2,1,50,15
TransferCal-CP-affine-localsigma,0.2,0.8,0.5454545454545454,0.25454545454545463,9.805328087787359,0.2371874234498182,34.75827970677803,7.7755812577925365,5.909923322195708,0.027815649159252276,0.0,D2,1,50,15
TransferCal-CP-affine-localsigma,0.3,0.7,0.5227272727272727,0.17727272727272725,9.335843934711065,0.22583076759682524,26.696532348941762,7.7755812577925365,5.909923322195708,0.027815649159252276,0.0,D2,1,50,15
AdaptiveJackknifeCP,0.1,0.9,1.0,0.09999999999999998,43.87844370778737,1.0614040565353973,43.87844370778737,5.690370151058364,4.616831517860661,0.4793283485832325,0.0,D2,1,50,15
AdaptiveJackknifeCP,0.2,0.8,0.9886363636363636,0.1886363636363636,27.5136947038549,0.6655465577455112,27.906524568592918,5.690370151058364,4.616831517860661,0.4793283485832325,0.00099945068359375,D2,1,50,15
AdaptiveJackknifeCP,0.3,0.7,0.9090909090909091,0.2090909090909091,18.441337970553537,0.4460894524937746,19.81255108277814,5.690370151058364,4.616831517860661,0.4793283485832325,0.0010004043579101562,D2,1,50,15
AdaptiveSplitCP,0.1,0.9,0.9886363636363636,0.08863636363636362,23.737458565501957,0.5742007392298003,24.32600723006935,4.9231222680531825,4.184097527096004,0.6102697275642767,0.0009996891021728516,D2,1,50,15
AdaptiveSplitCP,0.2,0.8,0.9886363636363636,0.1886363636363636,23.737458565501957,0.5742007392298003,24.031732897785652,4.9231222680531825,4.184097527096004,0.6102697275642767,0.0,D2,1,50,15
AdaptiveSplitCP,0.3,0.7,0.9886363636363636,0.2886363636363637,23.737458565501957,0.5742007392298003,23.933641453691088,4.9231222680531825,4.184097527096004,0.6102697275642767,0.0,D2,1,50,15
SplitCP,0.05,0.95,0.0,0.95,4.201112656006103,0.10162343142210616,682.4823381354053,20.296416627432638,19.05758696498803,-6.073726894917814,0.0,D2,1,50,20
SplitCP,0.1,0.9,0.0,0.9,3.323085833355833,0.08038427267905153,351.24396679955817,20.296416627432638,19.05758696498803,-6.073726894917814,0.0,D2,1,50,20
SplitCP,0.2,0.8,0.0,0.8,2.1491373636201274,0.0519868738050377,181.97932019539977,20.296416627432638,19.05758696498803,-6.073726894917814,0.0,D2,1,50,20
SplitCP,0.3,0.7,0.0,0.7,1.638888120827545,0.039644124829005895,123.22650748465595,20.296416627432638,19.05758696498803,-6.073726894917814,0.0,D2,1,50,20
TargetOnlyCP,0.05,0.95,0.8795180722891566,0.07048192771084338,15.337310316927315,0.3710041198165765,30.52983828737339,5.320477041158673,4.188397606184227,0.5139167039389738,0.0010008811950683594,D2,1,50,20
TargetOnlyCP,0.1,0.9,0.8795180722891566,0.02048192771084345,15.337310316927315,0.3710041198165765,22.93357430215035,5.320477041158673,4.188397606184227,0.5139167039389738,0.0,D2,1,50,20
TargetOnlyCP,0.2,0.8,0.8795180722891566,0.07951807228915653,15.337310316927315,0.3710041198165765,19.13544230953883,5.320477041158673,4.188397606184227,0.5139167039389738,0.0,D2,1,50,20
TargetOnlyCP,0.3,0.7,0.8795180722891566,0.17951807228915662,15.337310316927315,0.3710041198165765,17.869398312001664,5.320477041158673,4.188397606184227,0.5139167039389738,0.0,D2,1,50,20
TransferCal-CP-affine-localsigma,0.05,0.95,0.927710843373494,0.02228915662650599,26.68797042868824,0.6455725791541488,33.983940533810916,7.077728663182534,5.481841535619332,0.13980409936897897,0.0010006427764892578,D2,1,50,20
TransferCal-CP-affine-localsigma,0.1,0.9,0.927710843373494,0.027710843373493943,26.68797042868824,0.6455725791541488,30.335955481249574,7.077728663182534,5.481841535619332,0.13980409936897897,0.0010001659393310547,D2,1,50,20
TransferCal-CP-affine-localsigma,0.2,0.8,0.8674698795180723,0.06746987951807226,21.52084668981886,0.5205816808082496,25.96524517499063,7.077728663182534,5.481841535619332,0.13980409936897897,0.0009999275207519531,D2,1,50,20
TransferCal-CP-affine-localsigma,0.3,0.7,0.7469879518072289,0.04698795180722892,16.035535545097833,0.38789394149053924,22.72317676214632,7.077728663182534,5.481841535619332,0.13980409936897897,0.00099945068359375,D2,1,50,20
AdaptiveJackknifeCP,0.05,0.95,0.9759036144578314,0.025903614457831403,24.684973229305978,0.5971207843090172,25.979573826583234,5.089488308190725,3.968817213299743,0.5552071553356344,0.0,D2,1,50,20
AdaptiveJackknifeCP,0.1,0.9,0.9518072289156626,0.051807228915662584,20.915908590460216,0.5059484418335929,22.722735389991623,5.089488308190725,3.968817213299743,0.5552071553356344,0.0009992122650146484,D2,1,50,20
AdaptiveJackknifeCP,0.2,0.8,0.8795180722891566,0.07951807228915653,16.994382455607532,0.41108810961530357,19.440706468261205,5.089488308190725,3.968817213299743,0.5552071553356344,0.0009999275207519531,D2,1,50,20
AdaptiveJackknifeCP,0.3,0.7,0.7831325301204819,0.08313253012048194,12.519699882179637,0.30284711850873647,16.532891785029594,5.089488308190725,3.968817213299743,0.5552071553356344,0.0010006427764892578,D2,1,50,20
AdaptiveSplitCP,0.05,0.95,0.7469879518072289,0.20301204819277108,11.981910634722594,0.28983818654630406,42.00477903680893,5.3649020122094155,4.1027435957120035,0.505765408455279,0.0009996891021728516,D2,1,50,20
AdaptiveSplitCP,0.1,0.9,0.7469879518072289,0.15301204819277114,11.981910634722594,0.28983818654630406,26.993344835765765,5.3649020122094155,4.1027435957120035,0.505765408455279,0.0,D2,1,50,20
AdaptiveSplitCP,0.2,0.8,0.7469879518072289,0.053012048192771166,11.981910634722594,0.28983818654630406,19.487627735244182,5.3649020122094155,4.1027435957120035,0.505765408455279,0.0,D2,1,50,20
AdaptiveSplitCP,0.3,0.7,0.7469879518072289,0.04698795180722892,11.981910634722594,0.28983818654630406,16.98572203507032,5.3649020122094155,4.1027435957120035,0.505765408455279,0.0,D2,1,50,20
SplitCP,0.05,0.95,0.0,0.95,4.201112656006103,0.11847469415739867,654.9708128735675,19.52433909858883,18.369798833442083,-5.700153704234258,0.0,D2,1,50,30
SplitCP,0.1,0.9,0.0,0.9,3.323085833355833,0.09371364445625203,337.4882041686392,19.52433909858883,18.369798833442083,-5.700153704234258,0.0,D2,1,50,30
SplitCP,0.2,0.8,0.0,0.8,2.1491373636201274,0.06060737064337434,175.10143887994033,19.52433909858883,18.369798833442083,-5.700153704234258,0.0010001659393310547,D2,1,50,30
SplitCP,0.3,0.7,0.0,0.7,1.638888120827545,0.04621793909659802,118.64125327434962,19.52433909858883,18.369798833442083,-5.700153704234258,0.0,D2,1,50,30
TargetOnlyCP,0.05,0.95,1.0,0.050000000000000044,35.28914225551184,0.9951816764117324,35.28914225551184,5.152738492570376,4.199509171885646,0.533331715989315,0.0,D2,1,50,30
TargetOnlyCP,0.1,0.9,1.0,0.09999999999999998,35.28914225551184,0.9951816764117324,35.28914225551184,5.152738492570376,4.199509171885646,0.533331715989315,0.0,D2,1,50,30
TargetOnlyCP,0.2,0.8,1.0,0.19999999999999996,35.28914225551184,0.9951816764117324,35.28914225551184,5.152738492570376,4.199509171885646,0.533331715989315,0.0009999275207519531,D2,1,50,30
TargetOnlyCP,0.3,0.7,1.0,0.30000000000000004,35.28914225551184,0.9951816764117324,35.28914225551184,5.152738492570376,4.199509171885646,0.533331715989315,0.0,D2,1,50,30
TransferCal-CP-affine-localsigma,0.05,0.95,0.9863013698630136,0.03630136986301369,37.7298311757113,1.0640110311638802,37.75800358055163,7.035117871003138,5.498273927012612,0.1300889679216698,0.0,D2,1,50,30
TransferCal-CP-affine-localsigma,0.1,0.9,0.9863013698630136,0.08630136986301362,37.7298311757113,1.0640110311638802,37.743917378131464,7.035117871003138,5.498273927012612,0.1300889679216698,0.0,D2,1,50,30
TransferCal-CP-affine-localsigma,0.2,0.8,0.8767123287671232,0.0767123287671232,20.855354648980324,0.5881374687845164,25.77146301136405,7.035117871003138,5.498273927012612,0.1300889679216698,0.0,D2,1,50,30
TransferCal-CP-affine-localsigma,0.3,0.7,0.8767123287671232,0.17671232876712328,19.264185662971656,0.5432652469695152,23.19549630063743,7.035117871003138,5.498273927012612,0.1300889679216698,0.0,D2,1,50,30
AdaptiveJackknifeCP,0.05,0.95,1.0,0.050000000000000044,35.284500534221735,0.9950507762061825,35.284500534221735,4.475915511936403,3.7209937687079226,0.6478758252170886,0.001003265380859375,D2,1,50,30
AdaptiveJackknifeCP,0.1,0.9,0.9726027397260274,0.07260273972602738,21.49506421381156,0.6061777836364858,22.02080690864463,4.475915511936403,3.7209937687079226,0.6478758252170886,0.0,D2,1,50,30
AdaptiveJackknifeCP,0.2,0.8,0.958904109589041,0.158904109589041,16.852583051494744,0.4752561490903041,17.81714174036394,4.475915511936403,3.7209937687079226,0.6478758252170886,0.0,D2,1,50,30
AdaptiveJackknifeCP,0.3,0.7,0.8904109589041096,0.19041095890410964,13.798549734500568,0.38912999804312665,15.225067110625211,4.475915511936403,3.7209937687079226,0.6478758252170886,0.0,D2,1,50,30
AdaptiveSplitCP,0.05,0.95,1.0,0.050000000000000044,35.934084087972906,1.0133695453423355,35.934084087972906,4.5623627429590865,3.6469700377885155,0.6341427159195919,0.0,D2,1,50,30
AdaptiveSplitCP,0.1,0.9,1.0,0.09999999999999998,35.934084087972906,1.0133695453423355,35.934084087972906,4.5623627429590865,3.6469700377885155,0.6341427159195919,0.0010001659393310547,D2,1,50,30
AdaptiveSplitCP,0.2,0.8,1.0,0.19999999999999996,35.934084087972906,1.0133695453423355,35.934084087972906,4.5623627429590865,3.6469700377885155,0.6341427159195919,0.0009996891021728516,D2,1,50,30
AdaptiveSplitCP,0.3,0.7,1.0,0.30000000000000004,35.934084087972906,1.0133695453423355,35.934084087972906,4.5623627429590865,3.6469700377885155,0.6341427159195919,0.0,D2,1,50,30
SplitCP,0.1,0.9,0.04,0.86,3.640435973201562,0.12179444536579517,169.20362918338324,11.10523177373579,10.076334369609302,-0.9947340922799388,0.0,D3,2,50,10
SplitCP,0.2,0.8,0.0,0.8,2.1549335427735485,0.07209546811818648,92.14360952499882,11.10523177373579,10.076334369609302,-0.9947340922799388,0.0,D3,2,50,10
SplitCP,0.3,0.7,0.0,0.7,1.5350750360185828,0.051357478605052125,63.59372071335199,11.10523177373579,10.076334369609302,-0.9947340922799388,0.0009996891021728516,D3,2,50,10
TargetOnlyCP,0.1,0.9,1.0,0.09999999999999998,40.67999999999999,1.3609902973031145,40.67999999999999,9.424884296372026,8.5204,-0.4367520021275546,0.0,D3,2,50,10
TargetOnlyCP,0.2,0.8,1.0,0.19999999999999996,40.67999999999999,1.3609902973031145,40.67999999999999,9.424884296372026,8.5204,-0.4367520021275546,0.0,D3,2,50,10
TargetOnlyCP,0.3,0.7,1.0,0.30000000000000004,40.67999999999999,1.3609902973031145,40.67999999999999,9.424884296372026,8.5204,-0.4367520021275546,0.0,D3,2,50,10
TransferCal-CP-affine-localsigma,0.1,0.9,1.0,0.09999999999999998,24.103908740684645,0.8064204995858294,24.103908740684645,4.109491099422643,3.4002550116487043,0.7268470817773387,0.0,D3,2,50,10
TransferCal-CP-affine-localsigma,0.2,0.8,1.0,0.19999999999999996,20.90950125940448,0.6995483858283371,20.90950125940448,4.109491099422643,3.4002550116487043,0.7268470817773387,0.0,D3,2,50,10
TransferCal-CP-affine-localsigma,0.3,0.7,0.88,0.18000000000000005,13.835371425302304,0.4628762603102557,14.73533245216965,4.109491099422643,3.4002550116487043,0.7268470817773387,0.0,D3,2,50,10
AdaptiveJackknifeCP,0.1,0.9,0.84,0.06000000000000005,28.121797382039826,0.9408430034336366,41.018073194769755,8.291970450292581,5.921614385220814,-0.1121036031023519,0.0,D3,2,50,10
AdaptiveJackknifeCP,0.2,0.8,0.84,0.039999999999999925,22.837475211369213,0.7640506926640585,33.51307085427067,8.291970450292581,5.921614385220814,-0.1121036031023519,0.0009999275207519531,D3,2,50,10
AdaptiveJackknifeCP,0.3,0.7,0.84,0.14,15.230509765107513,0.5095520160592838,26.40462176504806,8.291970450292581,5.921614385220814,-0.1121036031023519,0.0,D3,2,50,10
AdaptiveSplitCP,0.1,0.9,1.0,0.09999999999999998,40.67999999999999,1.3609902973031145,40.67999999999999,9.424884296372026,8.5204,-0.4367520021275546,0.0,D3,2,50,10
AdaptiveSplitCP,0.2,0.8,1.0,0.19999999999999996,40.67999999999999,1.3609902973031145,40.67999999999999,9.424884296372026,8.5204,-0.4367520021275546,0.0010001659393310547,D3,2,50,10
AdaptiveSplitCP,0.3,0.7,1.0,0.30000000000000004,40.67999999999999,1.3609902973031145,40.67999999999999,9.424884296372026,8.5204,-0.4367520021275546,0.0009999275207519531,D3,2,50,10
SplitCP,0.1,0.9,0.028901734104046242,0.8710982658959537,2.815638125563538,0.04859304127740668,231.64428497564828,14.437061684147185,12.83217317858173,-0.3128403355806417,0.0,D4,3,50,10
SplitCP,0.2,0.8,0.017341040462427744,0.7826589595375723,1.9785711814607159,0.03414671445811769,120.48682824579132,14.437061684147185,12.83217317858173,-0.3128403355806417,0.0,D4,3,50,10
SplitCP,0.3,0.7,0.017341040462427744,0.6826589595375722,1.3902910656930836,0.023994017743069234,82.32272486350304,14.437061684147185,12.83217317858173,-0.3128403355806417,0.0,D4,3,50,10
TargetOnlyCP,0.1,0.9,0.930635838150289,0.03063583815028903,65.10120063649032,1.123534058235752,74.58692699985212,16.611042641186756,12.258988099068546,-0.7379932024608782,0.0,D4,3,50,10
TargetOnlyCP,0.2,0.8,0.930635838150289,0.130635838150289,65.10120063649032,1.123534058235752,69.84406381817122,16.611042641186756,12.258988099068546,-0.7379932024608782,0.0,D4,3,50,10
TargetOnlyCP,0.3,0.7,0.930635838150289,0.2306358381502891,65.10120063649032,1.123534058235752,68.26310942427759,16.611042641186756,12.258988099068546,-0.7379932024608782,0.0,D4,3,50,10
TransferCal-CP-affine-localsigma,0.1,0.9,0.9248554913294798,0.02485549132947973,57.68932100452665,0.9956178428566558,67.61974300429833,15.937384540674428,12.455347282030163,-0.599883614045118,0.0009999275207519531,D4,3,50,10
TransferCal-CP-affine-localsigma,0.2,0.8,0.861271676300578,0.06127167630057795,49.980723053674794,0.8625807827970626,58.714813139493934,15.937384540674428,12.455347282030163,-0.599883614045118,0.0010001659393310547,D4,3,50,10
TransferCal-CP-affine-localsigma,0.3,0.7,0.838150289017341,0.13815028901734105,45.89020557464952,0.7919855301971052,53.79952567758285,15.937384540674428,12.455347282030163,-0.599883614045118,0.0010001659393310547,D4,3,50,10
AdaptiveJackknifeCP,0.1,0.9,0.9942196531791907,0.09421965317919068,40.842208158496305,0.7048658309061033,41.13738211135152,6.667024124270204,5.271839232211659,0.7200255884233684,0.0010004043579101562,D4,3,50,10
AdaptiveJackknifeCP,0.2,0.8,0.9826589595375722,0.18265895953757216,36.79942931753759,0.6350944645822387,37.16279775750816,6.667024124270204,5.271839232211659,0.7200255884233684,0.0010001659393310547,D4,3,50,10
AdaptiveJackknifeCP,0.3,0.7,0.5028901734104047,0.1971098265895953,9.549081166106692,0.16480061519733036,21.571039876465,6.667024124270204,5.271839232211659,0.7200255884233684,0.00099945068359375,D4,3,50,10
AdaptiveSplitCP,0.1,0.9,0.930635838150289,0.03063583815028903,65.10120063649032,1.123534058235752,74.58692699985212,16.611042641186756,12.258988099068546,-0.7379932024608782,0.0,D4,3,50,10
AdaptiveSplitCP,0.2,0.8,0.930635838150289,0.130635838150289,65.10120063649032,1.123534058235752,69.84406381817122,16.611042641186756,12.258988099068546,-0.7379932024608782,0.0009996891021728516,D4,3,50,10
AdaptiveSplitCP,0.3,0.7,0.930635838150289,0.2306358381502891,65.10120063649032,1.123534058235752,68.26310942427759,16.611042641186756,12.258988099068546,-0.7379932024608782,0.0010004043579101562,D4,3,50,10
SplitCP,0.1,0.9,0.023809523809523808,0.8761904761904762,2.815638125563538,0.04859304127740668,230.41612206990223,14.341075242604846,12.766199351495938,-0.31784970854858186,0.0,D4,3,50,15
SplitCP,0.2,0.8,0.023809523809523808,0.7761904761904762,1.9785711814607159,0.03414671445811769,119.86449704746524,14.341075242604846,12.766199351495938,-0.31784970854858186,0.0,D4,3,50,15
SplitCP,0.3,0.7,0.023809523809523808,0.6761904761904761,1.3902910656930838,0.023994017743069238,81.89515313084476,14.341075242604846,12.766199351495938,-0.31784970854858186,0.0,D4,3,50,15
TargetOnlyCP,0.1,0.9,0.9880952380952381,0.08809523809523812,59.602011495337095,1.0286275706078927,61.25929594433336,12.82046316179814,10.50672879948728,-0.05319766189246722,0.0,D4,3,50,15
TargetOnlyCP,0.2,0.8,0.9880952380952381,0.1880952380952381,59.602011495337095,1.0286275706078927,60.43065371983523,12.82046316179814,10.50672879948728,-0.05319766189246722,0.00099945068359375,D4,3,50,15
TargetOnlyCP,0.3,0.7,0.9880952380952381,0.2880952380952382,59.602011495337095,1.0286275706078927,60.15443964500252,12.82046316179814,10.50672879948728,-0.05319766189246722,0.0,D4,3,50,15
TransferCal-CP-affine-localsigma,0.1,0.9,0.9702380952380952,0.07023809523809521,56.44600161104596,0.9741603018254142,57.653986901849784,13.12588855368089,10.882396388679727,-0.10397663298022075,0.0010001659393310547,D4,3,50,15
TransferCal-CP-affine-localsigma,0.2,0.8,0.9285714285714286,0.12857142857142856,47.935385600494435,0.8272817980354016,50.62194853158646,13.12588855368089,10.882396388679727,-0.10397663298022075,0.0009999275207519531,D4,3,50,15
TransferCal-CP-affine-localsigma,0.3,0.7,0.6369047619047619,0.0630952380952381,25.188331624258428,0.4347070126711059,40.497980748350905,13.12588855368089,10.882396388679727,-0.10397663298022075,0.0010006427764892578,D4,3,50,15
AdaptiveJackknifeCP,0.1,0.9,1.0,0.09999999999999998,47.15127050369903,0.8137493284616737,47.15127050369903,3.3174198561480175,2.603916381594499,0.9294814561997207,0.0010001659393310547,D4,3,50,15
AdaptiveJackknifeCP,0.2,0.8,0.9940476190476191,0.19404761904761902,17.73165084372997,0.3060176070010704,17.806272298152376,3.3174198561480175,2.603916381594499,0.9294814561997207,0.0009999275207519531,D4,3,50,15
AdaptiveJackknifeCP,0.3,0.7,0.9642857142857143,0.26428571428571435,14.273635259034197,0.24633824248351344,14.486509211178051,3.3174198561480175,2.603916381594499,0.9294814561997207,0.0009999275207519531,D4,3,50,15
AdaptiveSplitCP,0.1,0.9,1.0,0.09999999999999998,34.891915157548,0.602174071342763,34.891915157548,6.7413556212338985,5.217138128520438,0.708796271341481,0.00099945068359375,D4,3,50,15
AdaptiveSplitCP,0.2,0.8,1.0,0.19999999999999996,34.891915157548,0.602174071342763,34.891915157548,6.7413556212338985,5.217138128520438,0.708796271341481,0.0009999275207519531,D4,3,50,15
AdaptiveSplitCP,0.3,0.7,1.0,0.30000000000000004,34.891915157548,0.602174071342763,34.891915157548,6.7413556212338985,5.217138128520438,0.708796271341481,0.0009999275207519531,D4,3,50,15
SplitCP,0.05,0.95,0.049079754601226995,0.9009202453987729,4.330809499738778,0.07474227702584162,423.90440901128846,14.30019723583824,12.598417959519837,-0.3292696148278451,0.0,D4,3,50,20
SplitCP,0.1,0.9,0.03680981595092025,0.8631901840490798,2.815638125563538,0.04859304127740668,227.11372832014297,14.30019723583824,12.598417959519837,-0.3292696148278451,0.0,D4,3,50,20
SplitCP,0.2,0.8,0.024539877300613498,0.7754601226993866,1.9785711814607163,0.0341467144581177,118.19026558961676,14.30019723583824,12.598417959519837,-0.3292696148278451,0.0,D4,3,50,20
SplitCP,0.3,0.7,0.024539877300613498,0.6754601226993865,1.3902910656930834,0.023994017743069227,80.77756665082478,14.30019723583824,12.598417959519837,-0.3292696148278451,0.0,D4,3,50,20
TargetOnlyCP,0.05,0.95,0.9877300613496932,0.037730061349693256,51.34025308840045,0.8860439183809635,51.63796082808957,8.851601702878401,6.908907413484461,0.49070108635380927,0.0,D4,3,50,20
TargetOnlyCP,0.1,0.9,0.9877300613496932,0.08773006134969319,51.34025308840045,0.8860439183809635,51.48910695824501,8.851601702878401,6.908907413484461,0.49070108635380927,0.0,D4,3,50,20
TargetOnlyCP,0.2,0.8,0.9877300613496932,0.18773006134969317,51.34025308840045,0.8860439183809635,51.41468002332273,8.851601702878401,6.908907413484461,0.49070108635380927,0.0009996891021728516,D4,3,50,20
TargetOnlyCP,0.3,0.7,0.9877300613496932,0.28773006134969326,51.34025308840045,0.8860439183809635,51.389871045015305,8.851601702878401,6.908907413484461,0.49070108635380927,0.0,D4,3,50,20
TransferCal-CP-affine-localsigma,0.05,0.95,0.9877300613496932,0.037730061349693256,52.479107972483455,0.9056985827672633,53.476899310146536,9.208262765277887,7.448659446071245,0.44883144815109455,0.001001596450805664,D4,3,50,20
TransferCal-CP-affine-localsigma,0.1,0.9,0.9877300613496932,0.08773006134969319,52.479107972483455,0.9056985827672633,52.97800364131499,9.208262765277887,7.448659446071245,0.44883144815109455,0.0009992122650146484,D4,3,50,20
TransferCal-CP-affine-localsigma,0.2,0.8,0.8650306748466258,0.06503067484662572,26.71031756020783,0.4609738559624182,32.11390014363906,9.208262765277887,7.448659446071245,0.44883144815109455,0.0010013580322265625,D4,3,50,20
TransferCal-CP-affine-localsigma,0.3,0.7,0.7361963190184049,0.03619631901840492,20.10732224487033,0.347017584025484,28.19744785818214,9.208262765277887,7.448659446071245,0.44883144815109455,0.0009992122650146484,D4,3,50,20
AdaptiveJackknifeCP,0.05,0.95,0.852760736196319,0.09723926380368098,10.638702836583306,0.18360559952024635,21.74034400556518,3.7950050582085044,3.027624988968475,0.9063832110773886,0.0009996891021728516,D4,3,50,20
AdaptiveJackknifeCP,0.1,0.9,0.7914110429447853,0.10858895705521476,8.811435948501416,0.1520701353172141,17.571138756948876,3.7950050582085044,3.027624988968475,0.9063832110773886,0.0009999275207519531,D4,3,50,20
AdaptiveJackknifeCP,0.2,0.8,0.7423312883435583,0.05766871165644172,8.339263362915034,0.14392125363631036,13.276532099707374,3.7950050582085044,3.027624988968475,0.9063832110773886,0.0010018348693847656,D4,3,50,20
AdaptiveJackknifeCP,0.3,0.7,0.49693251533742333,0.20306748466257662,5.4558950496844725,0.09415930653427061,12.252403823339357,3.7950050582085044,3.027624988968475,0.9063832110773886,0.0009996891021728516,D4,3,50,20
AdaptiveSplitCP,0.05,0.95,0.901840490797546,0.04815950920245393,11.90558416282849,0.20546977873450054,17.0142028997929,3.4498238971161617,2.732118389405074,0.9226388574987145,0.0009989738464355469,D4,3,50,20
AdaptiveSplitCP,0.1,0.9,0.901840490797546,0.0018404907975460016,11.90558416282849,0.20546977873450054,14.459893531310694,3.4498238971161617,2.732118389405074,0.9226388574987145,0.00099945068359375,D4,3,50,20
AdaptiveSplitCP,0.2,0.8,0.901840490797546,0.10184049079754598,11.90558416282849,0.20546977873450054,13.182738847069594,3.4498238971161617,2.732118389405074,0.9226388574987145,0.0009999275207519531,D4,3,50,20
AdaptiveSplitCP,0.3,0.7,0.901840490797546,0.20184049079754607,11.90558416282849,0.20546977873450054,12.757020618989225,3.4498238971161617,2.732118389405074,0.9226388574987145,0.0009996891021728516,D4,3,50,20
SplitCP,0.05,0.95,0.05228758169934641,0.8977124183006535,4.330809499738778,0.07474227702584162,427.15060428740077,14.312153857871571,12.675891352655434,-0.3195635577637359,0.0,D4,3,50,30
SplitCP,0.1,0.9,0.0392156862745098,0.8607843137254902,2.815638125563538,0.04859304127740668,228.69496822598032,14.312153857871571,12.675891352655434,-0.3195635577637359,0.0010013580322265625,D4,3,50,30
SplitCP,0.2,0.8,0.026143790849673203,0.7738562091503268,1.9785711814607159,0.03414671445811769,118.97286688831005,14.312153857871571,12.675891352655434,-0.3195635577637359,0.0009996891021728516,D4,3,50,30
SplitCP,0.3,0.7,0.026143790849673203,0.6738562091503267,1.3902910656930838,0.023994017743069238,81.29615568179261,14.312153857871571,12.675891352655434,-0.3195635577637359,0.0009996891021728516,D4,3,50,30
TargetOnlyCP,0.05,0.95,0.9934640522875817,0.04346405228758177,47.840285642640985,0.8256405373437326,48.484072734485835,8.379905662171923,6.654864911270817,0.547625017192914,0.0,D4,3,50,30
TargetOnlyCP,0.1,0.9,0.9934640522875817,0.0934640522875817,47.840285642640985,0.8256405373437326,48.16217918856341,8.379905662171923,6.654864911270817,0.547625017192914,0.0,D4,3,50,30
TargetOnlyCP,0.2,0.8,0.9934640522875817,0.19346405228758168,47.840285642640985,0.8256405373437326,48.001232415602196,8.379905662171923,6.654864911270817,0.547625017192914,0.0,D4,3,50,30
TargetOnlyCP,0.3,0.7,0.9934640522875817,0.29346405228758177,47.840285642640985,0.8256405373437326,47.94758349128179,8.379905662171923,6.654864911270817,0.547625017192914,0.0,D4,3,50,30
TransferCal-CP-affine-localsigma,0.05,0.95,0.9738562091503268,0.023856209150326824,43.89720590806455,0.7575898050558149,46.988385069100566,9.013048637745115,7.264830805702775,0.476684317222267,0.0,D4,3,50,30
TransferCal-CP-affine-localsigma,0.1,0.9,0.9738562091503268,0.07385620915032676,43.89720590806455,0.7575898050558149,45.44279548858256,9.013048637745115,7.264830805702775,0.476684317222267,0.0,D4,3,50,30
TransferCal-CP-affine-localsigma,0.2,0.8,0.8823529411764706,0.08235294117647052,27.242028250481805,0.47015026229302587,32.06064383074481,9.013048637745115,7.264830805702775,0.476684317222267,0.0,D4,3,50,30
TransferCal-CP-affine-localsigma,0.3,0.7,0.8300653594771242,0.13006535947712428,24.19512389719507,0.4175659661566255,28.84085432725781,9.013048637745115,7.264830805702775,0.476684317222267,0.0,D4,3,50,30
AdaptiveJackknifeCP,0.05,0.95,0.9869281045751634,0.03692810457516349,15.313263954595914,0.2642804345777109,16.14103744329913,3.2207584728996337,2.5316912620865466,0.9331753586619295,0.0,D4,3,50,30
AdaptiveJackknifeCP,0.1,0.9,0.9150326797385621,0.015032679738562038,10.79288779504219,0.18626656506930755,13.881601902455282,3.2207584728996337,2.5316912620865466,0.9331753586619295,0.0,D4,3,50,30
AdaptiveJackknifeCP,0.2,0.8,0.8300653594771242,0.030065359477124187,8.554962877418452,0.147643853965031,11.453332725658848,3.2207584728996337,2.5316912620865466,0.9331753586619295,0.0,D4,3,50,30
AdaptiveJackknifeCP,0.3,0.7,0.7058823529411765,0.005882352941176561,6.473396334977448,0.11171961782113388,9.972482411588777,3.2207584728996337,2.5316912620865466,0.9331753586619295,0.0010006427764892578,D4,3,50,30
AdaptiveSplitCP,0.05,0.95,0.9607843137254902,0.010784313725490269,15.337644006145139,0.26470119207510395,16.603340327110736,3.3302346271146877,2.5776128512855467,0.9285553052626049,0.00099945068359375,D4,3,50,30
AdaptiveSplitCP,0.1,0.9,0.9607843137254902,0.0607843137254902,15.337644006145139,0.26470119207510395,15.970492166627938,3.3302346271146877,2.5776128512855467,0.9285553052626049,0.0010001659393310547,D4,3,50,30
AdaptiveSplitCP,0.2,0.8,0.9607843137254902,0.16078431372549018,15.337644006145139,0.26470119207510395,15.654068086386538,3.3302346271146877,2.5776128512855467,0.9285553052626049,0.0,D4,3,50,30
AdaptiveSplitCP,0.3,0.7,0.9607843137254902,0.26078431372549027,15.337644006145139,0.26470119207510395,15.54859339297274,3.3302346271146877,2.5776128512855467,0.9285553052626049,0.0,D4,3,50,30
SplitCP,0.05,0.95,0.03759398496240601,0.9124060150375939,4.330809499738777,0.0747422770258416,419.7384027631643,13.93395583178238,12.513713366746972,-0.19100853695383568,0.0,D4,3,50,50
SplitCP,0.1,0.9,0.022556390977443608,0.8774436090225564,2.815638125563538,0.04859304127740668,225.22803679109455,13.93395583178238,12.513713366746972,-0.19100853695383568,0.0,D4,3,50,50
SplitCP,0.2,0.8,0.015037593984962405,0.7849624060150376,1.978571181460716,0.0341467144581177,117.30058530581856,13.93395583178238,12.513713366746972,-0.19100853695383568,0.0010004043579101562,D4,3,50,50
SplitCP,0.3,0.7,0.015037593984962405,0.6849624060150376,1.3902910656930836,0.023994017743069234,80.20307980938927,13.93395583178238,12.513713366746972,-0.19100853695383568,0.0010013580322265625,D4,3,50,50
TargetOnlyCP,0.05,0.95,0.9473684210526315,0.0026315789473684292,27.1401848790074,0.4683926219524741,40.47173875400966,7.610879269020204,5.969817707590276,0.6446668867911827,0.0,D4,3,50,50
TargetOnlyCP,0.1,0.9,0.9473684210526315,0.047368421052631504,27.1401848790074,0.4683926219524741,33.80596181650853,7.610879269020204,5.969817707590276,0.6446668867911827,0.0,D4,3,50,50
TargetOnlyCP,0.2,0.8,0.9473684210526315,0.14736842105263148,27.1401848790074,0.4683926219524741,30.47307334775796,7.610879269020204,5.969817707590276,0.6446668867911827,0.0,D4,3,50,50
TargetOnlyCP,0.3,0.7,0.9473684210526315,0.24736842105263157,27.1401848790074,0.4683926219524741,29.36211052484111,7.610879269020204,5.969817707590276,0.6446668867911827,0.0,D4,3,50,50
TransferCal-CP-affine-localsigma,0.05,0.95,0.9699248120300752,0.019924812030075234,49.00867981310562,0.8458049986920125,51.99601900264639,8.802370488504506,6.482454375352461,0.5247027482574771,0.0009999275207519531,D4,3,50,50
TransferCal-CP-affine-localsigma,0.1,0.9,0.9624060150375939,0.06240601503759391,43.73813742161144,0.7548445582650529,46.82309994020532,8.802370488504506,6.482454375352461,0.5247027482574771,0.0,D4,3,50,50
TransferCal-CP-affine-localsigma,0.2,0.8,0.8646616541353384,0.06466165413533831,26.631210786205802,0.4596086099460702,33.9709725199224,8.802370488504506,6.482454375352461,0.5247027482574771,0.0,D4,3,50,50
TransferCal-CP-affine-localsigma,0.3,0.7,0.8571428571428571,0.15714285714285714,25.172032100266467,0.43442571109511413,30.756378503276274,8.802370488504506,6.482454375352461,0.5247027482574771,0.0,D4,3,50,50
AdaptiveJackknifeCP,0.05,0.95,0.9398496240601504,0.010150375939849576,13.761189941992512,0.23749432315405897,15.998835516651729,3.454091868116218,2.7236797233371948,0.926813027223992,0.0,D4,3,50,50
AdaptiveJackknifeCP,0.1,0.9,0.8721804511278195,0.027819548872180522,10.880829143918918,0.18778428055879445,14.239418037539805,3.454091868116218,2.7236797233371948,0.926813027223992,0.0,D4,3,50,50
AdaptiveJackknifeCP,0.2,0.8,0.7218045112781954,0.0781954887218046,7.720105388673418,0.13323565852151323,12.410337176402741,3.454091868116218,2.7236797233371948,0.926813027223992,0.0009999275207519531,D4,3,50,50
AdaptiveJackknifeCP,0.3,0.7,0.6165413533834586,0.08345864661654134,5.949552512710581,0.1026789800178531,11.001278437498854,3.454091868116218,2.7236797233371948,0.926813027223992,0.0009999275207519531,D4,3,50,50
AdaptiveSplitCP,0.05,0.95,0.8421052631578947,0.10789473684210527,10.539536697687426,0.18189416358075605,20.348453632633536,3.638592013301201,2.871771809655281,0.9187856562922041,0.0009996891021728516,D4,3,50,50
AdaptiveSplitCP,0.1,0.9,0.8421052631578947,0.05789473684210533,10.539536697687426,0.18189416358075605,15.443995165160482,3.638592013301201,2.871771809655281,0.9187856562922041,0.0,D4,3,50,50
AdaptiveSplitCP,0.2,0.8,0.8421052631578947,0.042105263157894646,10.539536697687426,0.18189416358075605,12.991765931423952,3.638592013301201,2.871771809655281,0.9187856562922041,0.0,D4,3,50,50
AdaptiveSplitCP,0.3,0.7,0.8421052631578947,0.14210526315789473,10.539536697687426,0.18189416358075605,12.174356186845111,3.638592013301201,2.871771809655281,0.9187856562922041,0.0010001659393310547,D4,3,50,50
SplitCP,0.1,0.9,0.08503767491926803,0.814962325080732,2.534763381860458,0.033207957310734684,173.05635970216417,11.73237273156736,9.743081975988348,0.49980448812140554,0.0010001659393310547,D1,0,51,10
SplitCP,0.2,0.8,0.038751345532831,0.761248654467169,1.3758218839416398,0.01802465457567658,92.07161735258266,11.73237273156736,9.743081975988348,0.49980448812140554,0.0015025138854980469,D1,0,51,10
SplitCP,0.3,0.7,0.02798708288482239,0.6720129171151775,0.9816730997694378,0.012860907895202788,62.71889744835568,11.73237273156736,9.743081975988348,0.49980448812140554,0.0010004043579101562,D1,0,51,10
TargetOnlyCP,0.1,0.9,0.9106566200215285,0.010656620021528451,86.64000000000001,1.135071400349133,92.22966630785793,26.809003253309374,23.252583423035524,-1.611736880108896,0.0,D1,0,51,10
TargetOnlyCP,0.2,0.8,0.9106566200215285,0.11065662002152843,86.64000000000001,1.135071400349133,89.43483315392898,26.809003253309374,23.252583423035524,-1.611736880108896,0.0,D1,0,51,10
TargetOnlyCP,0.3,0.7,0.9106566200215285,0.21065662002152852,86.64000000000001,1.135071400349133,88.50322210261932,26.809003253309374,23.252583423035524,-1.611736880108896,0.0,D1,0,51,10
TransferCal-CP-affine-localsigma,0.1,0.9,0.790096878363832,0.109903121636168,33.53996324948031,0.4394073528768012,53.84257387408353,13.262423698208721,11.206986295363462,0.36083367823053414,0.0010006427764892578,D1,0,51,10
TransferCal-CP-affine-localsigma,0.2,0.8,0.6480086114101185,0.1519913885898816,26.798848101090627,0.3510919441579944,46.501276813111936,13.262423698208721,11.206986295363462,0.36083367823053414,0.0009996891021728516,D1,0,51,10
TransferCal-CP-affine-localsigma,0.3,0.7,0.5532831001076426,0.14671689989235737,23.518708541921153,0.3081188070069431,41.015906546944684,13.262423698208721,11.206986295363462,0.36083367823053414,0.0010004043579101562,D1,0,51,10
AdaptiveJackknifeCP,0.1,0.9,1.0,0.09999999999999998,244.85293801114324,3.2078204897034595,244.85293801114324,12.291622343429937,9.646786960072175,0.4509821011757995,0.0009999275207519531,D1,0,51,10
AdaptiveJackknifeCP,0.2,0.8,0.9881593110871906,0.18815931108719053,63.829059035997005,0.8362250625918349,64.31319512179734,12.291622343429937,9.646786960072175,0.4509821011757995,0.0020003318786621094,D1,0,51,10
AdaptiveJackknifeCP,0.3,0.7,0.8568353067814855,0.1568353067814855,36.59633136032779,0.4794488583195769,41.849126156039766,12.291622343429937,9.646786960072175,0.4509821011757995,0.0010006427764892578,D1,0,51,10
AdaptiveSplitCP,0.1,0.9,0.9106566200215285,0.010656620021528451,86.64000000000001,1.135071400349133,92.22966630785793,26.809003253309374,23.252583423035524,-1.611736880108896,0.0009999275207519531,D1,0,51,10
AdaptiveSplitCP,0.2,0.8,0.9106566200215285,0.11065662002152843,86.64000000000001,1.135071400349133,89.43483315392898,26.809003253309374,23.252583423035524,-1.611736880108896,0.002000093460083008,D1,0,51,10
AdaptiveSplitCP,0.3,0.7,0.9106566200215285,0.21065662002152852,86.64000000000001,1.135071400349133,88.50322210261932,26.809003253309374,23.252583423035524,-1.611736880108896,0.0019998550415039062,D1,0,51,10
SplitCP,0.1,0.9,0.08658008658008658,0.8134199134199135,2.5347633818604574,0.03320795731073468,172.39207567281292,11.706103102281709,9.709310197025264,0.5006662978307954,0.0010001659393310547,D1,0,51,15
SplitCP,0.2,0.8,0.03787878787878788,0.7621212121212122,1.3758218839416398,0.01802465457567658,91.73785351516487,11.706103102281709,9.709310197025264,0.5006662978307954,0.0010001659393310547,D1,0,51,15
SplitCP,0.3,0.7,0.02813852813852814,0.6718614718614718,0.9816730997694378,0.012860907895202788,62.497187711336345,11.706103102281709,9.709310197025264,0.5006662978307954,0.0009996891021728516,D1,0,51,15
TargetOnlyCP,0.1,0.9,0.9978354978354979,0.09783549783549783,364.08340497927145,4.769859883814658,364.42520059171517,42.79671696834228,29.970765252797253,-5.674013777836308,0.0,D1,0,51,15
TargetOnlyCP,0.2,0.8,0.9978354978354979,0.1978354978354978,364.08340497927145,4.769859883814658,364.2543027854933,42.79671696834228,29.970765252797253,-5.674013777836308,0.0,D1,0,51,15
TargetOnlyCP,0.3,0.7,0.9978354978354979,0.2978354978354979,364.08340497927145,4.769859883814658,364.197336850086,42.79671696834228,29.970765252797253,-5.674013777836308,0.0,D1,0,51,15
TransferCal-CP-affine-localsigma,0.1,0.9,0.9729437229437229,0.07294372294372287,56.723849507765784,0.7431396502074465,58.96180724579089,12.554950919394786,9.863598461545527,0.42562407484474274,0.002000093460083008,D1,0,51,15
TransferCal-CP-affine-localsigma,0.2,0.8,0.9307359307359307,0.1307359307359307,45.69682374260215,0.598674488885306,49.26211195036095,12.554950919394786,9.863598461545527,0.42562407484474274,0.0009999275207519531,D1,0,51,15
TransferCal-CP-affine-localsigma,0.3,0.7,0.8906926406926406,0.1906926406926407,41.006547635160246,0.5372271404400364,44.7895412314427,12.554950919394786,9.863598461545527,0.42562407484474274,0.0009999275207519531,D1,0,51,15
AdaptiveJackknifeCP,0.1,0.9,0.9989177489177489,0.09891774891774885,78.98723508819147,1.034812460079174,79.13284094997539,13.150285743229306,10.700875279972964,0.36986069566264346,0.0019991397857666016,D1,0,51,15
AdaptiveJackknifeCP,0.2,0.8,0.9891774891774892,0.1891774891774891,62.21273720050519,0.8150496160402817,62.58648510796769,13.150285743229306,10.700875279972964,0.36986069566264346,0.001505136489868164,D1,0,51,15
AdaptiveJackknifeCP,0.3,0.7,0.922077922077922,0.2220779220779221,46.02916083225045,0.6030284400133652,48.14760261262639,13.150285743229306,10.700875279972964,0.36986069566264346,0.0009999275207519531,D1,0,51,15
AdaptiveSplitCP,0.1,0.9,0.9945887445887446,0.09458874458874456,1123.2284139313101,14.715425308321183,1125.950786700986,102.76821370042762,56.12351061065336,-37.484318939495715,0.002000093460083008,D1,0,51,15
AdaptiveSplitCP,0.2,0.8,0.9945887445887446,0.19458874458874453,1123.2284139313101,14.715425308321183,1124.589600316148,102.76821370042762,56.12351061065336,-37.484318939495715,0.001001119613647461,D1,0,51,15
AdaptiveSplitCP,0.3,0.7,0.9945887445887446,0.2945887445887446,1123.2284139313101,14.715425308321183,1124.135871521202,102.76821370042762,56.12351061065336,-37.484318939495715,0.0009999275207519531,D1,0,51,15
SplitCP,0.05,0.95,0.1305767138193689,0.8194232861806311,4.528257125830507,0.059324736345306696,308.5077794905059,11.681010040200876,9.705724571441777,0.5037514989086965,0.0010013580322265625,D1,0,51,20
SplitCP,0.1,0.9,0.08378672470076169,0.8162132752992384,2.5347633818604574,0.03320795731073468,172.30207825575826,11.681010040200876,9.705724571441777,0.5037514989086965,0.0010001659393310547,D1,0,51,20
SplitCP,0.2,0.8,0.03808487486398259,0.7619151251360174,1.3758218839416396,0.018024654575676577,91.70022677440909,11.681010040200876,9.705724571441777,0.5037514989086965,0.0019996166229248047,D1,0,51,20
SplitCP,0.3,0.7,0.028291621327529923,0.67170837867247,0.9816730997694378,0.012860907895202788,62.470873436481405,11.681010040200876,9.705724571441777,0.5037514989086965,0.0010030269622802734,D1,0,51,20
TargetOnlyCP,0.05,0.95,0.9270946681175191,0.022905331882480895,69.72950507625592,0.9135268579473426,120.90674429818209,19.819483552796047,13.55831056727798,-0.4286409053665259,0.0,D1,0,51,20
TargetOnlyCP,0.1,0.9,0.9270946681175191,0.02709466811751904,69.72950507625592,0.9135268579473426,95.318124687219,19.819483552796047,13.55831056727798,-0.4286409053665259,0.0,D1,0,51,20
TargetOnlyCP,0.2,0.8,0.9270946681175191,0.12709466811751902,69.72950507625592,0.9135268579473426,82.52381488173745,19.819483552796047,13.55831056727798,-0.4286409053665259,0.0009999275207519531,D1,0,51,20
TargetOnlyCP,0.3,0.7,0.9270946681175191,0.2270946681175191,69.72950507625592,0.9135268579473426,78.25904494657694,19.819483552796047,13.55831056727798,-0.4286409053665259,0.0,D1,0,51,20
TransferCal-CP-affine-localsigma,0.05,0.95,0.9956474428726877,0.04564744287268774,74.43901903779093,0.9752262416879166,75.8093274911498,13.231183782010978,10.389921598421038,0.3632985817262607,0.002000093460083008,D1,0,51,20
TransferCal-CP-affine-localsigma,0.1,0.9,0.9956474428726877,0.09564744287268767,74.43901903779093,0.9752262416879166,75.12417326447036,13.231183782010978,10.389921598421038,0.3632985817262607,0.0009996891021728516,D1,0,51,20
TransferCal-CP-affine-localsigma,0.2,0.8,0.9912948857453754,0.19129488574537534,68.29256993022443,0.8947015579886993,68.83734696745307,13.231183782010978,10.389921598421038,0.3632985817262607,0.0009996891021728516,D1,0,51,20
TransferCal-CP-affine-localsigma,0.3,0.7,0.8541893362350381,0.15418933623503817,38.65955666830225,0.506479191186132,44.94588585036751,13.231183782010978,10.389921598421038,0.3632985817262607,0.0010001659393310547,D1,0,51,20
AdaptiveJackknifeCP,0.05,0.95,0.985854189336235,0.035854189336235076,107.89184812257437,1.4134920491083383,113.29845986349227,15.540515801768537,11.227353961235787,0.12164662960106609,0.002506256103515625,D1,0,51,20
AdaptiveJackknifeCP,0.1,0.9,0.9205658324265505,0.020565832426550523,49.95978389891797,0.6545235673047654,72.16592235054362,15.540515801768537,11.227353961235787,0.12164662960106609,0.0010004043579101562,D1,0,51,20
AdaptiveJackknifeCP,0.2,0.8,0.8792165397170838,0.07921653971708376,42.15373873286277,0.5522565010787398,57.092203063718166,15.540515801768537,11.227353961235787,0.12164662960106609,0.0010004043579101562,D1,0,51,20
AdaptiveJackknifeCP,0.3,0.7,0.7105549510337323,0.010554951033732385,27.22422631408648,0.356664827859555,46.627322375644034,15.540515801768537,11.227353961235787,0.12164662960106609,0.0009996891021728516,D1,0,51,20
AdaptiveSplitCP,0.05,0.95,0.9270946681175191,0.022905331882480895,69.72950507625592,0.9135268579473426,120.90674429818209,19.819483552796047,13.55831056727798,-0.4286409053665259,0.0010001659393310547,D1,0,51,20
AdaptiveSplitCP,0.1,0.9,0.9270946681175191,0.02709466811751904,69.72950507625592,0.9135268579473426,95.318124687219,19.819483552796047,13.55831056727798,-0.4286409053665259,0.0010001659393310547,D1,0,51,20
AdaptiveSplitCP,0.2,0.8,0.9270946681175191,0.12709466811751902,69.72950507625592,0.9135268579473426,82.52381488173745,19.819483552796047,13.55831056727798,-0.4286409053665259,0.0009999275207519531,D1,0,51,20
AdaptiveSplitCP,0.3,0.7,0.9270946681175191,0.2270946681175191,69.72950507625592,0.9135268579473426,78.25904494657694,19.819483552796047,13.55831056727798,-0.4286409053665259,0.0010001659393310547,D1,0,51,20
SplitCP,0.05,0.95,0.132013201320132,0.8179867986798679,4.528257125830507,0.059324736345306696,309.7745176010346,11.724086115679315,9.736383749704183,0.503418365005788,0.002000093460083008,D1,0,51,30
SplitCP,0.1,0.9,0.0858085808580858,0.8141914191419142,2.534763381860458,0.033207957310734684,172.9085405664933,11.724086115679315,9.736383749704183,0.503418365005788,0.0009999275207519531,D1,0,51,30
SplitCP,0.2,0.8,0.036303630363036306,0.7636963696369637,1.3758218839416398,0.01802465457567658,92.00287301912438,11.724086115679315,9.736383749704183,0.503418365005788,0.0010004043579101562,D1,0,51,30
SplitCP,0.3,0.7,0.026402640264026403,0.6735973597359736,0.9816730997694378,0.012860907895202788,62.67527358260237,11.724086115679315,9.736383749704183,0.503418365005788,0.0010001659393310547,D1,0,51,30
TargetOnlyCP,0.05,0.95,0.944994499449945,0.005005500550054998,77.98512578077805,1.02168381724828,128.77474347642433,20.243915286101657,13.167386268870722,-0.4805452220102695,0.00099945068359375,D1,0,51,30
TargetOnlyCP,0.1,0.9,0.944994499449945,0.044994499449944936,77.98512578077805,1.02168381724828,103.37993462860122,20.243915286101657,13.167386268870722,-0.4805452220102695,0.0,D1,0,51,30
TargetOnlyCP,0.2,0.8,0.944994499449945,0.1449944994499449,77.98512578077805,1.02168381724828,90.68253020468961,20.243915286101657,13.167386268870722,-0.4805452220102695,0.0009999275207519531,D1,0,51,30
TargetOnlyCP,0.3,0.7,0.944994499449945,0.244994499449945,77.98512578077805,1.02168381724828,86.45006206338577,20.243915286101657,13.167386268870722,-0.4805452220102695,0.0,D1,0,51,30
TransferCal-CP-affine-localsigma,0.05,0.95,0.9691969196919692,0.01919691969196924,51.066404158784174,0.6690214090409271,57.345108397883415,11.740023768398204,9.115785192267023,0.5020673471227566,0.0020034313201904297,D1,0,51,30
TransferCal-CP-affine-localsigma,0.1,0.9,0.9691969196919692,0.06919691969196917,51.066404158784174,0.6690214090409271,54.20575627833379,11.740023768398204,9.115785192267023,0.5020673471227566,0.0009999275207519531,D1,0,51,30
TransferCal-CP-affine-localsigma,0.2,0.8,0.8690869086908691,0.06908690869086909,36.104042072011225,0.4729993720330307,43.46088534256067,11.740023768398204,9.115785192267023,0.5020673471227566,0.0019996166229248047,D1,0,51,30
TransferCal-CP-affine-localsigma,0.3,0.7,0.8327832783278328,0.13278327832783288,31.59824890949323,0.41396893626822406,38.71717413814727,11.740023768398204,9.115785192267023,0.5020673471227566,0.0010004043579101562,D1,0,51,30
AdaptiveJackknifeCP,0.05,0.95,0.9823982398239824,0.03239823982398249,54.43503252603768,0.7131538388432614,58.18172165712495,11.845406996279895,9.337362246321925,0.49308793377079263,0.0009999275207519531,D1,0,51,30
AdaptiveJackknifeCP,0.1,0.9,0.9097909790979097,0.009790979097909713,39.400270635751596,0.5161832913741617,49.18371841821239,11.845406996279895,9.337362246321925,0.49308793377079263,0.0010004043579101562,D1,0,51,30
AdaptiveJackknifeCP,0.2,0.8,0.7854785478547854,0.014521452145214608,28.799436260367468,0.377301667189761,41.305270206186634,11.845406996279895,9.337362246321925,0.49308793377079263,0.0010030269622802734,D1,0,51,30
AdaptiveJackknifeCP,0.3,0.7,0.7062706270627063,0.006270627062706313,24.90803732566269,0.3263204155954341,36.605810481160475,11.845406996279895,9.337362246321925,0.49308793377079263,0.0019996166229248047,D1,0,51,30
AdaptiveSplitCP,0.05,0.95,0.9548954895489549,0.004895489548954912,110.7283602112215,1.4506532188748196,194.91668544653012,29.582088730021148,18.35364716785173,-2.161479174246941,0.0010001659393310547,D1,0,51,30
AdaptiveSplitCP,0.1,0.9,0.9548954895489549,0.054895489548954846,110.7283602112215,1.4506532188748196,152.82252282887583,29.582088730021148,18.35364716785173,-2.161479174246941,0.0020003318786621094,D1,0,51,30
AdaptiveSplitCP,0.2,0.8,0.9548954895489549,0.15489548954895482,110.7283602112215,1.4506532188748196,131.77544152004867,29.582088730021148,18.35364716785173,-2.161479174246941,0.0010001659393310547,D1,0,51,30
AdaptiveSplitCP,0.3,0.7,0.9548954895489549,0.2548954895489549,110.7283602112215,1.4506532188748196,124.75974775043963,29.582088730021148,18.35364716785173,-2.161479174246941,0.0010001659393310547,D1,0,51,30
SplitCP,0.05,0.95,0.13048368953880765,0.8195163104611923,4.528257125830507,0.059324736345306696,310.49446763086416,11.755238471342135,9.753772103837939,0.5027073611316282,0.0010001659393310547,D1,0,51,50
SplitCP,0.1,0.9,0.08661417322834646,0.8133858267716536,2.5347633818604574,0.03320795731073468,173.27288094782062,11.755238471342135,9.753772103837939,0.5027073611316282,0.0010004043579101562,D1,0,51,50
SplitCP,0.2,0.8,0.03824521934758155,0.7617547806524185,1.3758218839416398,0.01802465457567658,92.17912264410543,11.755238471342135,9.753772103837939,0.5027073611316282,0.0010001659393310547,D1,0,51,50
SplitCP,0.3,0.7,0.0281214848143982,0.6718785151856017,0.9816730997694378,0.012860907895202788,62.79043465200724,11.755238471342135,9.753772103837939,0.5027073611316282,0.0009999275207519531,D1,0,51,50
TargetOnlyCP,0.05,0.95,0.8110236220472441,0.13897637795275586,35.87512081167885,0.47000027259241256,93.15641707983664,14.237223505566106,11.348174201744902,0.2705429114717962,0.0,D1,0,51,50
TargetOnlyCP,0.1,0.9,0.8110236220472441,0.08897637795275593,35.87512081167885,0.47000027259241256,64.51576894575774,14.237223505566106,11.348174201744902,0.2705429114717962,0.0,D1,0,51,50
TargetOnlyCP,0.2,0.8,0.8110236220472441,0.011023622047244053,35.87512081167885,0.47000027259241256,50.19544487871829,14.237223505566106,11.348174201744902,0.2705429114717962,0.0,D1,0,51,50
TargetOnlyCP,0.3,0.7,0.8110236220472441,0.11102362204724414,35.87512081167885,0.47000027259241256,45.42200352303848,14.237223505566106,11.348174201744902,0.2705429114717962,0.0,D1,0,51,50
TransferCal-CP-affine-localsigma,0.05,0.95,0.9415073115860517,0.008492688413948235,40.31530065377877,0.5281711076706022,52.048846864925586,11.190566751361827,9.015335245743367,0.5493355432020726,0.0,D1,0,51,50
TransferCal-CP-affine-localsigma,0.1,0.9,0.843644544431946,0.05635545556805399,31.736555783309466,0.41578089583586614,46.62956148476281,11.190566751361827,9.015335245743367,0.5493355432020726,0.0009999275207519531,D1,0,51,50
TransferCal-CP-affine-localsigma,0.2,0.8,0.7064116985376828,0.09358830146231722,24.079813316682873,0.3154698455853292,39.71179353818065,11.190566751361827,9.015335245743367,0.5493355432020726,0.0010001659393310547,D1,0,51,50
TransferCal-CP-affine-localsigma,0.3,0.7,0.6591676040494938,0.04083239595050614,21.816810648301896,0.2858222277668502,34.621997941745946,11.190566751361827,9.015335245743367,0.5493355432020726,0.0010004043579101562,D1,0,51,50
AdaptiveJackknifeCP,0.05,0.95,0.953880764904387,0.0038807649043870462,46.23387009640437,0.605710337879566,53.10259746959786,11.456156940165378,9.221429275261492,0.5276900965393393,0.0009999275207519531,D1,0,51,50
AdaptiveJackknifeCP,0.1,0.9,0.8965129358830146,0.0034870641169854055,36.93055421875046,0.48382751492089854,46.78417096819878,11.456156940165378,9.221429275261492,0.5276900965393393,0.0019998550415039062,D1,0,51,50
AdaptiveJackknifeCP,0.2,0.8,0.7930258717660292,0.006974128233970811,28.452575389283986,0.3727574398736593,39.879675034249125,11.456156940165378,9.221429275261492,0.5276900965393393,0.0009999275207519531,D1,0,51,50
AdaptiveJackknifeCP,0.3,0.7,0.6445444319460067,0.05545556805399321,21.24692264276735,0.278356120005028,35.6793325695964,11.456156940165378,9.221429275261492,0.5276900965393393,0.0,D1,0,51,50
AdaptiveSplitCP,0.05,0.95,0.78177727784027,0.16822272215973,26.965803748475825,0.35327923155958385,68.30862579226311,10.821455467524904,8.733353498500774,0.5785748052453019,0.0010001659393310547,D1,0,51,50
AdaptiveSplitCP,0.1,0.9,0.78177727784027,0.11822272215973006,26.965803748475825,0.35327923155958385,47.637214770369475,10.821455467524904,8.733353498500774,0.5785748052453019,0.0009996891021728516,D1,0,51,50
AdaptiveSplitCP,0.2,0.8,0.78177727784027,0.018222722159730087,26.965803748475825,0.35327923155958385,37.30150925942266,10.821455467524904,8.733353498500774,0.5785748052453019,0.0009996891021728516,D1,0,51,50
AdaptiveSplitCP,0.3,0.7,0.78177727784027,0.08177727784027,26.965803748475825,0.35327923155958385,33.85627408910704,10.821455467524904,8.733353498500774,0.5785748052453019,0.0009999275207519531,D1,0,51,50
SplitCP,0.1,0.9,0.0,0.9,3.622800990289925,0.10216584854112429,338.6014622798036,19.348297364886342,18.560333559620645,-5.9611999638912865,0.0,D2,1,51,10
SplitCP,0.2,0.8,0.0,0.8,2.2671920574978666,0.06393660622838412,176.53456736621501,19.348297364886342,18.560333559620645,-5.9611999638912865,0.0010004043579101562,D2,1,51,10
SplitCP,0.3,0.7,0.0,0.7,1.773167945071193,0.05000473616951906,119.59816519230489,19.348297364886342,18.560333559620645,-5.9611999638912865,0.0,D2,1,51,10
TargetOnlyCP,0.1,0.9,0.989247311827957,0.08924731182795698,46.56000000000002,1.3130287644351308,46.79010752688175,9.31853806199788,7.703548387096774,-0.6147086404767765,0.0,D2,1,51,10
TargetOnlyCP,0.2,0.8,0.989247311827957,0.18924731182795695,46.56000000000002,1.3130287644351308,46.67505376344088,9.31853806199788,7.703548387096774,-0.6147086404767765,0.0,D2,1,51,10
TargetOnlyCP,0.3,0.7,0.989247311827957,0.28924731182795704,46.56000000000002,1.3130287644351308,46.6367025089606,9.31853806199788,7.703548387096774,-0.6147086404767765,0.0,D2,1,51,10
TransferCal-CP-affine-localsigma,0.1,0.9,0.989247311827957,0.08924731182795698,44.29827565069916,1.249246351895282,44.620173163509676,9.567472172467472,7.96171665471206,-0.7021311428237409,0.0,D2,1,51,10
TransferCal-CP-affine-localsigma,0.2,0.8,0.978494623655914,0.17849462365591395,38.022725444821226,1.0722708808262416,38.69720916749735,9.567472172467472,7.96171665471206,-0.7021311428237409,0.0,D2,1,51,10
TransferCal-CP-affine-localsigma,0.3,0.7,0.8387096774193549,0.13870967741935492,27.557642855381594,0.7771472884266815,30.42905786123088,9.567472172467472,7.96171665471206,-0.7021311428237409,0.0010001659393310547,D2,1,51,10
AdaptiveJackknifeCP,0.1,0.9,0.978494623655914,0.07849462365591398,48.93169044705343,1.379912307762389,54.538757970993295,12.04397562576695,9.58909679934063,-1.697356430443635,0.0010001659393310547,D2,1,51,10
AdaptiveJackknifeCP,0.2,0.8,0.8709677419354839,0.07096774193548383,35.92234707021416,1.0130385521738234,42.59102258868185,12.04397562576695,9.58909679934063,-1.697356430443635,0.0,D2,1,51,10
AdaptiveJackknifeCP,0.3,0.7,0.8602150537634409,0.16021505376344092,35.23152824286444,0.9935569157622357,39.98542187286235,12.04397562576695,9.58909679934063,-1.697356430443635,0.0,D2,1,51,10
AdaptiveSplitCP,0.1,0.9,0.989247311827957,0.08924731182795698,46.56000000000002,1.3130287644351308,46.79010752688175,9.31853806199788,7.703548387096774,-0.6147086404767765,0.0,D2,1,51,10
AdaptiveSplitCP,0.2,0.8,0.989247311827957,0.18924731182795695,46.56000000000002,1.3130287644351308,46.67505376344088,9.31853806199788,7.703548387096774,-0.6147086404767765,0.0,D2,1,51,10
AdaptiveSplitCP,0.3,0.7,0.989247311827957,0.28924731182795704,46.56000000000002,1.3130287644351308,46.6367025089606,9.31853806199788,7.703548387096774,-0.6147086404767765,0.0,D2,1,51,10
SplitCP,0.1,0.9,0.0,0.9,3.6228009902899245,0.08763427647347802,341.08944833750996,19.5748808863476,18.684732862505964,-5.26808950155054,0.0,D2,1,51,15
SplitCP,0.2,0.8,0.0,0.8,2.2671920574978657,0.05484257515600967,177.7785603950682,19.5748808863476,18.684732862505964,-5.26808950155054,0.0,D2,1,51,15
SplitCP,0.3,0.7,0.0,0.7,1.7731679450711937,0.04289230635322377,120.42749387820699,19.5748808863476,18.684732862505964,-5.26808950155054,0.0009999275207519531,D2,1,51,15
TargetOnlyCP,0.1,0.9,0.9659090909090909,0.06590909090909092,22.274280654725004,0.5388069823255184,25.49310521931225,5.326664112388268,4.112661615078817,0.535861539925452,0.0,D2,1,51,15
TargetOnlyCP,0.2,0.8,0.9659090909090909,0.1659090909090909,22.274280654725004,0.5388069823255184,23.883692937018626,5.326664112388268,4.112661615078817,0.535861539925452,0.0,D2,1,51,15
TargetOnlyCP,0.3,0.7,0.9659090909090909,0.265909090909091,22.274280654725004,0.5388069823255184,23.34722217625409,5.326664112388268,4.112661615078817,0.535861539925452,0.0,D2,1,51,15
TransferCal-CP-affine-localsigma,0.1,0.9,0.9431818181818182,0.04318181818181821,21.639215270357912,0.523444974966702,25.045838325880144,6.209982787954693,5.147186456575159,0.3691621746968893,0.0009996891021728516,D2,1,51,15
TransferCal-CP-affine-localsigma,0.2,0.8,0.875,0.07499999999999996,17.95872883185309,0.43441530787394617,21.56515232055276,6.209982787954693,5.147186456575159,0.3691621746968893,0.0,D2,1,51,15
TransferCal-CP-affine-localsigma,0.3,0.7,0.8295454545454546,0.12954545454545463,16.64223039564995,0.40256967565612606,19.66147671529599,6.209982787954693,5.147186456575159,0.3691621746968893,0.0,D2,1,51,15
AdaptiveJackknifeCP,0.1,0.9,1.0,0.09999999999999998,168.32441106688103,4.071708055785291,168.32441106688103,5.594550073917409,4.131742528655242,0.4880031798717127,0.0,D2,1,51,15
AdaptiveJackknifeCP,0.2,0.8,0.9545454545454546,0.15454545454545454,26.12414050879505,0.6319337325223926,27.365246455537633,5.594550073917409,4.131742528655242,0.4880031798717127,0.0010001659393310547,D2,1,51,15
AdaptiveJackknifeCP,0.3,0.7,0.8636363636363636,0.1636363636363637,16.07653060852465,0.3888855975964149,19.320832124250966,5.594550073917409,4.131742528655242,0.4880031798717127,0.0009996891021728516,D2,1,51,15
AdaptiveSplitCP,0.1,0.9,0.9659090909090909,0.06590909090909092,27.254667156262773,0.6592807728512328,29.497832395969464,6.043495875430901,4.7086155634754725,0.4025337287433781,0.0,D2,1,51,15
AdaptiveSplitCP,0.2,0.8,0.9659090909090909,0.1659090909090909,27.254667156262773,0.6592807728512328,28.37624977611612,6.043495875430901,4.7086155634754725,0.4025337287433781,0.0,D2,1,51,15
AdaptiveSplitCP,0.3,0.7,0.9659090909090909,0.265909090909091,27.254667156262773,0.6592807728512328,28.00238890283167,6.043495875430901,4.7086155634754725,0.4025337287433781,0.0,D2,1,51,15
SplitCP,0.05,0.95,0.0,0.95,5.257552755043462,0.1305575553448693,664.6662227127009,19.98677255639341,19.11399312646317,-5.778841314196674,0.0010008811950683594,D2,1,51,20
SplitCP,0.1,0.9,0.0,0.9,3.622800990289925,0.08996277599677918,349.6746536166541,19.98677255639341,19.11399312646317,-5.778841314196674,0.0,D2,1,51,20
SplitCP,0.2,0.8,0.0,0.8,2.267192057497866,0.056299777922395544,182.07116303464022,19.98677255639341,19.11399312646317,-5.778841314196674,0.0,D2,1,51,20
SplitCP,0.3,0.7,0.0,0.7,1.7731679450711932,0.04403198273232862,123.28922897125501,19.98677255639341,19.11399312646317,-5.778841314196674,0.0,D2,1,51,20
TargetOnlyCP,0.05,0.95,0.8674698795180723,0.08253012048192765,15.319484895544038,0.3804192920720101,33.98135603412939,5.304459822204,3.9911655024773207,0.522523001163807,0.0009996891021728516,D2,1,51,20
TargetOnlyCP,0.1,0.9,0.8674698795180723,0.032530120481927716,15.319484895544038,0.3804192920720101,24.650420464836714,5.304459822204,3.9911655024773207,0.522523001163807,0.0,D2,1,51,20
TargetOnlyCP,0.2,0.8,0.8674698795180723,0.06746987951807226,15.319484895544038,0.3804192920720101,19.984952680190375,5.304459822204,3.9911655024773207,0.522523001163807,0.0009996891021728516,D2,1,51,20
TargetOnlyCP,0.3,0.7,0.8674698795180723,0.16746987951807235,15.319484895544038,0.3804192920720101,18.429796751974926,5.304459822204,3.9911655024773207,0.522523001163807,0.0,D2,1,51,20
TransferCal-CP-affine-localsigma,0.05,0.95,0.891566265060241,0.05843373493975901,22.677525068328368,0.5631369521404768,34.46341524122951,7.199934421278347,5.953377511869581,0.12031495568043116,0.0,D2,1,51,20
TransferCal-CP-affine-localsigma,0.1,0.9,0.891566265060241,0.008433734939759074,22.677525068328368,0.5631369521404768,28.570470154778945,7.199934421278347,5.953377511869581,0.12031495568043116,0.0,D2,1,51,20
TransferCal-CP-affine-localsigma,0.2,0.8,0.7951807228915663,0.004819277108433773,18.787547647536808,0.46653954911525736,24.36344402359924,7.199934421278347,5.953377511869581,0.12031495568043116,0.0,D2,1,51,20
TransferCal-CP-affine-localsigma,0.3,0.7,0.6506024096385542,0.04939759036144575,13.95636897271851,0.3465698775578051,22.231782738277634,7.199934421278347,5.953377511869581,0.12031495568043116,0.0010027885437011719,D2,1,51,20
AdaptiveJackknifeCP,0.05,0.95,0.9879518072289156,0.03795180722891567,25.28281238757759,0.6278324405587103,27.528904437302923,4.7298463357135505,3.6634651799743314,0.6203667962775621,0.0010001659393310547,D2,1,51,20
AdaptiveJackknifeCP,0.1,0.9,0.9397590361445783,0.03975903614457832,16.98006177053425,0.4216553704076905,20.696897405560303,4.7298463357135505,3.6634651799743314,0.6203667962775621,0.0,D2,1,51,20
AdaptiveJackknifeCP,0.2,0.8,0.7349397590361446,0.06506024096385543,10.298531401920059,0.2557370598302133,16.57551489058054,4.7298463357135505,3.6634651799743314,0.6203667962775621,0.0,D2,1,51,20
AdaptiveJackknifeCP,0.3,0.7,0.6265060240963856,0.0734939759036144,8.308166153787166,0.2063115508250323,14.623691777799264,4.7298463357135505,3.6634651799743314,0.6203667962775621,0.0,D2,1,51,20
AdaptiveSplitCP,0.05,0.95,0.8795180722891566,0.07048192771084338,16.492191812600797,0.409540397529312,29.180007950323194,5.485750585723239,4.2249127972304015,0.489327768386419,0.0,D2,1,51,20
AdaptiveSplitCP,0.1,0.9,0.8795180722891566,0.02048192771084345,16.492191812600797,0.409540397529312,22.836099881461994,5.485750585723239,4.2249127972304015,0.489327768386419,0.0,D2,1,51,20
AdaptiveSplitCP,0.2,0.8,0.8795180722891566,0.07951807228915653,16.492191812600797,0.409540397529312,19.6641458470314,5.485750585723239,4.2249127972304015,0.489327768386419,0.0009996891021728516,D2,1,51,20
AdaptiveSplitCP,0.3,0.7,0.8795180722891566,0.17951807228915662,16.492191812600797,0.409540397529312,18.60682783555453,5.485750585723239,4.2249127972304015,0.489327768386419,0.0,D2,1,51,20
SplitCP,0.05,0.95,0.0,0.95,5.257552755043463,0.152880277799205,637.9488164323297,19.273061492931184,18.44605796945389,-6.114312944791367,0.0,D2,1,51,30
SplitCP,0.1,0.9,0.0,0.9,3.6228009902899245,0.10534460567712935,336.31595047646846,19.273061492931184,18.44605796945389,-6.114312944791367,0.0010006427764892578,D2,1,51,30
SplitCP,0.2,0.8,0.0,0.8,2.2671920574978657,0.06592591034715344,175.39181146454743,19.273061492931184,18.44605796945389,-6.114312944791367,0.0,D2,1,51,30
SplitCP,0.3,0.7,0.0,0.7,1.7731679450711935,0.05156056832089525,118.83632792452647,19.273061492931184,18.44605796945389,-6.114312944791367,0.0,D2,1,51,30
TargetOnlyCP,0.05,0.95,1.0,0.050000000000000044,39.545118091662516,1.1499016597895755,39.545118091662516,4.668993533522631,3.665891066980186,0.5824792194314266,0.0,D2,1,51,30
TargetOnlyCP,0.1,0.9,1.0,0.09999999999999998,39.545118091662516,1.1499016597895755,39.545118091662516,4.668993533522631,3.665891066980186,0.5824792194314266,0.0,D2,1,51,30
TargetOnlyCP,0.2,0.8,1.0,0.19999999999999996,39.545118091662516,1.1499016597895755,39.545118091662516,4.668993533522631,3.665891066980186,0.5824792194314266,0.0,D2,1,51,30
TargetOnlyCP,0.3,0.7,1.0,0.30000000000000004,39.545118091662516,1.1499016597895755,39.545118091662516,4.668993533522631,3.665891066980186,0.5824792194314266,0.0,D2,1,51,30
TransferCal-CP-affine-localsigma,0.05,0.95,1.0,0.050000000000000044,38.47064078103444,1.1186577717315458,38.47064078103444,5.622374260285034,4.593048076390006,0.3945600785243515,0.0,D2,1,51,30
TransferCal-CP-affine-localsigma,0.1,0.9,1.0,0.09999999999999998,38.47064078103444,1.1186577717315458,38.47064078103444,5.622374260285034,4.593048076390006,0.3945600785243515,0.0010001659393310547,D2,1,51,30
TransferCal-CP-affine-localsigma,0.2,0.8,0.9178082191780822,0.11780821917808215,18.069535903996734,0.5254299476226355,20.011835489406824,5.622374260285034,4.593048076390006,0.3945600785243515,0.0010004043579101562,D2,1,51,30
TransferCal-CP-affine-localsigma,0.3,0.7,0.8904109589041096,0.19041095890410964,16.55251423788576,0.48131765725712655,18.333261868394388,5.622374260285034,4.593048076390006,0.3945600785243515,0.0,D2,1,51,30
AdaptiveJackknifeCP,0.05,0.95,1.0,0.050000000000000044,33.90465211802335,0.9858869470242652,33.90465211802335,4.269475432293439,3.326160899154598,0.6508752894878898,0.0,D2,1,51,30
AdaptiveJackknifeCP,0.1,0.9,1.0,0.09999999999999998,24.62790852900862,0.7161357523072772,24.62790852900862,4.269475432293439,3.326160899154598,0.6508752894878898,0.0,D2,1,51,30
AdaptiveJackknifeCP,0.2,0.8,0.8493150684931506,0.04931506849315059,12.901028235708452,0.37513894248203145,15.619829155364584,4.269475432293439,3.326160899154598,0.6508752894878898,0.0,D2,1,51,30
AdaptiveJackknifeCP,0.3,0.7,0.8082191780821918,0.10821917808219184,11.18289463216022,0.32517867487375496,13.969010312856406,4.269475432293439,3.326160899154598,0.6508752894878898,0.0,D2,1,51,30
AdaptiveSplitCP,0.05,0.95,1.0,0.050000000000000044,39.214745904307335,1.1402950245101595,39.214745904307335,4.1135125165972335,3.2274490315593303,0.6759162935325159,0.0010006427764892578,D2,1,51,30
AdaptiveSplitCP,0.1,0.9,1.0,0.09999999999999998,39.214745904307335,1.1402950245101595,39.214745904307335,4.1135125165972335,3.2274490315593303,0.6759162935325159,0.0009996891021728516,D2,1,51,30
AdaptiveSplitCP,0.2,0.8,1.0,0.19999999999999996,39.214745904307335,1.1402950245101595,39.214745904307335,4.1135125165972335,3.2274490315593303,0.6759162935325159,0.0,D2,1,51,30
AdaptiveSplitCP,0.3,0.7,1.0,0.30000000000000004,39.214745904307335,1.1402950245101595,39.214745904307335,4.1135125165972335,3.2274490315593303,0.6759162935325159,0.0,D2,1,51,30
SplitCP,0.1,0.9,0.04,0.86,2.9404020649216847,0.11728767705420057,122.22205942190273,8.206807095599641,7.379054670840889,-0.41051365644814597,0.0010006427764892578,D3,2,51,10
SplitCP,0.2,0.8,0.04,0.76,1.8900566985690264,0.07539117262924272,66.5725431355523,8.206807095599641,7.379054670840889,-0.41051365644814597,0.0,D3,2,51,10
SplitCP,0.3,0.7,0.04,0.6599999999999999,1.314895917485359,0.05244897953573471,46.277068041608615,8.206807095599641,7.379054670840889,-0.41051365644814597,0.0,D3,2,51,10
TargetOnlyCP,0.1,0.9,1.0,0.09999999999999998,52.29999999999999,2.086158754652509,52.29999999999999,10.540635085230871,8.326,-1.3268179291280755,0.0010008811950683594,D3,2,51,10
TargetOnlyCP,0.2,0.8,1.0,0.19999999999999996,52.29999999999999,2.086158754652509,52.29999999999999,10.540635085230871,8.326,-1.3268179291280755,0.0,D3,2,51,10
TargetOnlyCP,0.3,0.7,1.0,0.30000000000000004,52.29999999999999,2.086158754652509,52.29999999999999,10.540635085230871,8.326,-1.3268179291280755,0.0,D3,2,51,10
TransferCal-CP-affine-localsigma,0.1,0.9,0.96,0.05999999999999994,17.073055802191888,0.6810153887268343,18.238871794278595,4.094971352305872,3.2346102009591693,0.6488193482623308,0.0,D3,2,51,10
TransferCal-CP-affine-localsigma,0.2,0.8,0.96,0.15999999999999992,15.016512361070951,0.598983340848868,16.010729045338493,4.094971352305872,3.2346102009591693,0.6488193482623308,0.0,D3,2,51,10
TransferCal-CP-affine-localsigma,0.3,0.7,0.88,0.18000000000000005,13.146008673011082,0.5243721048172063,14.417984554062503,4.094971352305872,3.2346102009591693,0.6488193482623308,0.000995635986328125,D3,2,51,10
AdaptiveJackknifeCP,0.1,0.9,1.0,0.09999999999999998,148.2586030190343,5.913785518942818,148.2586030190343,6.285521139151996,4.732568115679279,0.17260779043332986,0.0,D3,2,51,10
AdaptiveJackknifeCP,0.2,0.8,0.96,0.15999999999999992,27.134505497207023,1.0823496404620474,28.048576749343948,6.285521139151996,4.732568115679279,0.17260779043332986,0.0,D3,2,51,10
AdaptiveJackknifeCP,0.3,0.7,0.8,0.10000000000000009,17.08936555601477,0.6816659572875194,20.59661471112244,6.285521139151996,4.732568115679279,0.17260779043332986,0.0,D3,2,51,10
AdaptiveSplitCP,0.1,0.9,1.0,0.09999999999999998,52.29999999999999,2.086158754652509,52.29999999999999,10.540635085230871,8.326,-1.3268179291280755,0.0009996891021728516,D3,2,51,10
AdaptiveSplitCP,0.2,0.8,1.0,0.19999999999999996,52.29999999999999,2.086158754652509,52.29999999999999,10.540635085230871,8.326,-1.3268179291280755,0.0010027885437011719,D3,2,51,10
AdaptiveSplitCP,0.3,0.7,1.0,0.30000000000000004,52.29999999999999,2.086158754652509,52.29999999999999,10.540635085230871,8.326,-1.3268179291280755,0.00099945068359375,D3,2,51,10
SplitCP,0.1,0.9,0.05202312138728324,0.8479768786127168,2.859361408451534,0.04964578461765318,235.11561846818196,14.859478009709171,13.003892790075241,-0.38642611851476216,0.0010023117065429688,D4,3,51,10
SplitCP,0.2,0.8,0.028901734104046242,0.7710982658959538,1.7453965920141878,0.03030452289920488,123.24230911663231,14.859478009709171,13.003892790075241,-0.38642611851476216,0.0009984970092773438,D4,3,51,10
SplitCP,0.3,0.7,0.028901734104046242,0.6710982658959537,1.1743213539909116,0.020389204680395977,84.02083028153807,14.859478009709171,13.003892790075241,-0.38642611851476216,0.0,D4,3,51,10
TargetOnlyCP,0.1,0.9,0.9826589595375722,0.08265895953757219,55.48765276976904,0.9634067418706903,56.14119187718683,15.199784405957363,13.192445780122107,-0.4506561383184262,0.0,D4,3,51,10
TargetOnlyCP,0.2,0.8,0.9826589595375722,0.18265895953757216,55.48765276976904,0.9634067418706903,55.814422323477935,15.199784405957363,13.192445780122107,-0.4506561383184262,0.0,D4,3,51,10
TargetOnlyCP,0.3,0.7,0.9826589595375722,0.28265895953757225,55.48765276976904,0.9634067418706903,55.7054991389083,15.199784405957363,13.192445780122107,-0.4506561383184262,0.0,D4,3,51,10
TransferCal-CP-affine-localsigma,0.1,0.9,0.8670520231213873,0.03294797687861273,31.304112156375727,0.543518984752581,41.54377547869069,10.84443044659913,9.25035943760741,0.2615805637361207,0.0010001659393310547,D4,3,51,10
TransferCal-CP-affine-localsigma,0.2,0.8,0.8439306358381503,0.04393063583815027,29.915001840151948,0.5194004975387689,36.03949328191703,10.84443044659913,9.25035943760741,0.2615805637361207,0.0009999275207519531,D4,3,51,10
TransferCal-CP-affine-localsigma,0.3,0.7,0.5953757225433526,0.10462427745664737,20.782055905943533,0.3608293335599125,33.03736267408298,10.84443044659913,9.25035943760741,0.2615805637361207,0.0010006427764892578,D4,3,51,10
AdaptiveJackknifeCP,0.1,0.9,1.0,0.09999999999999998,51.923294206000634,0.9015204140235354,51.923294206000634,3.8790772950910264,3.0568900022924512,0.9055185627485771,0.0009996891021728516,D4,3,51,10
AdaptiveJackknifeCP,0.2,0.8,1.0,0.19999999999999996,26.59022736563889,0.4616739586773055,26.59022736563889,3.8790772950910264,3.0568900022924512,0.9055185627485771,0.0010037422180175781,D4,3,51,10
AdaptiveJackknifeCP,0.3,0.7,0.9884393063583815,0.28843930635838155,18.36333886350045,0.3188342555731796,18.51560519224346,3.8790772950910264,3.0568900022924512,0.9055185627485771,0.0010001659393310547,D4,3,51,10
AdaptiveSplitCP,0.1,0.9,0.9826589595375722,0.08265895953757219,55.48765276976904,0.9634067418706903,56.14119187718683,15.199784405957363,13.192445780122107,-0.4506561383184262,0.0009999275207519531,D4,3,51,10
AdaptiveSplitCP,0.2,0.8,0.9826589595375722,0.18265895953757216,55.48765276976904,0.9634067418706903,55.814422323477935,15.199784405957363,13.192445780122107,-0.4506561383184262,0.0,D4,3,51,10
AdaptiveSplitCP,0.3,0.7,0.9826589595375722,0.28265895953757225,55.48765276976904,0.9634067418706903,55.7054991389083,15.199784405957363,13.192445780122107,-0.4506561383184262,0.0009999275207519531,D4,3,51,10
SplitCP,0.1,0.9,0.05357142857142857,0.8464285714285714,2.8593614084515337,0.049347629472128916,236.42089983534984,14.961604564029688,13.068008026078363,-0.42260846203800906,0.0010018348693847656,D4,3,51,15
SplitCP,0.2,0.8,0.02976190476190476,0.7702380952380953,1.7453965920141883,0.03012252457840803,123.88896646428073,14.961604564029688,13.068008026078363,-0.42260846203800906,0.0,D4,3,51,15
SplitCP,0.3,0.7,0.02976190476190476,0.6702380952380952,1.174321353990912,0.02026675427830393,84.45029777275974,14.961604564029688,13.068008026078363,-0.42260846203800906,0.0,D4,3,51,15
TargetOnlyCP,0.1,0.9,0.9285714285714286,0.02857142857142858,44.40427633142041,0.7663409630220936,54.071956927438954,12.794555702590523,10.27611981781713,-0.04034997764658277,0.0,D4,3,51,15
TargetOnlyCP,0.2,0.8,0.9285714285714286,0.12857142857142856,44.40427633142041,0.7663409630220936,49.23811662942968,12.794555702590523,10.27611981781713,-0.04034997764658277,0.0,D4,3,51,15
TargetOnlyCP,0.3,0.7,0.9285714285714286,0.22857142857142865,44.40427633142041,0.7663409630220936,47.62683653009326,12.794555702590523,10.27611981781713,-0.04034997764658277,0.0,D4,3,51,15
TransferCal-CP-affine-localsigma,0.1,0.9,0.9345238095238095,0.03452380952380951,34.42389766327353,0.5940968993470628,41.07169739679127,9.42977806593244,7.432894092839281,0.43489130904302187,0.0010027885437011719,D4,3,51,15
TransferCal-CP-affine-localsigma,0.2,0.8,0.75,0.050000000000000044,21.712555354214544,0.3747211294612496,33.723683336772304,9.42977806593244,7.432894092839281,0.43489130904302187,0.0,D4,3,51,15
TransferCal-CP-affine-localsigma,0.3,0.7,0.7261904761904762,0.02619047619047621,19.98878989232735,0.34497192075379624,29.49861554482631,9.42977806593244,7.432894092839281,0.43489130904302187,0.0,D4,3,51,15
AdaptiveJackknifeCP,0.1,0.9,1.0,0.09999999999999998,22.206412703390857,0.38324425263385975,22.206412703390857,3.4219986493911105,2.6684311937525593,0.9255801635952022,0.0009996891021728516,D4,3,51,15
AdaptiveJackknifeCP,0.2,0.8,0.8571428571428571,0.05714285714285705,9.981988998877416,0.17227185519658633,12.279751399831174,3.4219986493911105,2.6684311937525593,0.9255801635952022,0.0010001659393310547,D4,3,51,15
AdaptiveJackknifeCP,0.3,0.7,0.8154761904761905,0.11547619047619051,9.370890287307049,0.16172534900805915,11.224233683155667,3.4219986493911105,2.6684311937525593,0.9255801635952022,0.0009996891021728516,D4,3,51,15
AdaptiveSplitCP,0.1,0.9,1.0,0.09999999999999998,126.66538835830376,2.1860253947519954,126.66538835830376,19.97038446196418,15.486724754492933,-1.5345560221928305,0.0010006427764892578,D4,3,51,15
AdaptiveSplitCP,0.2,0.8,1.0,0.19999999999999996,126.66538835830376,2.1860253947519954,126.66538835830376,19.97038446196418,15.486724754492933,-1.5345560221928305,0.0009996891021728516,D4,3,51,15
AdaptiveSplitCP,0.3,0.7,1.0,0.30000000000000004,126.66538835830376,2.1860253947519954,126.66538835830376,19.97038446196418,15.486724754492933,-1.5345560221928305,0.0009999275207519531,D4,3,51,15
SplitCP,0.05,0.95,0.09202453987730061,0.8579754601226993,4.890859560726547,0.08440777185058793,438.8635611065721,15.040452869789206,13.178745827405384,-0.3971296251555396,0.0,D4,3,51,20
SplitCP,0.1,0.9,0.05521472392638037,0.8447852760736196,2.859361408451534,0.04934762947212892,238.6600421192475,15.040452869789206,13.178745827405384,-0.3971296251555396,0.0,D4,3,51,20
SplitCP,0.2,0.8,0.03067484662576687,0.7693251533742331,1.745396592014188,0.030122524578408028,125.00218719446976,15.040452869789206,13.178745827405384,-0.3971296251555396,0.0,D4,3,51,20
SplitCP,0.3,0.7,0.03067484662576687,0.669325153374233,1.1743213539909119,0.020266754278303923,85.19070706457842,15.040452869789206,13.178745827405384,-0.3971296251555396,0.0,D4,3,51,20
TargetOnlyCP,0.05,0.95,0.8220858895705522,0.12791411042944778,29.674501995031335,0.5121305494620121,80.43763881459009,11.251425029215742,8.156454330978498,0.2181383046149329,0.0,D4,3,51,20
TargetOnlyCP,0.1,0.9,0.8220858895705522,0.07791411042944785,29.674501995031335,0.5121305494620121,55.05607040481071,11.251425029215742,8.156454330978498,0.2181383046149329,0.0,D4,3,51,20
TargetOnlyCP,0.2,0.8,0.8220858895705522,0.02208588957055213,29.674501995031335,0.5121305494620121,42.36528619992102,11.251425029215742,8.156454330978498,0.2181383046149329,0.0,D4,3,51,20
TargetOnlyCP,0.3,0.7,0.8220858895705522,0.12208588957055222,29.674501995031335,0.5121305494620121,38.13502479829113,11.251425029215742,8.156454330978498,0.2181383046149329,0.0,D4,3,51,20
TransferCal-CP-affine-localsigma,0.05,0.95,1.0,0.050000000000000044,53.53444616588213,0.923911893607122,53.53444616588213,10.067599417536151,8.183719016437719,0.3740109602371219,0.0009999275207519531,D4,3,51,20
TransferCal-CP-affine-localsigma,0.1,0.9,1.0,0.09999999999999998,53.53444616588213,0.923911893607122,53.53444616588213,10.067599417536151,8.183719016437719,0.3740109602371219,0.0,D4,3,51,20
TransferCal-CP-affine-localsigma,0.2,0.8,0.803680981595092,0.0036809815950920033,24.693691978563493,0.426170388414434,35.74464919939692,10.067599417536151,8.183719016437719,0.3740109602371219,0.0,D4,3,51,20
TransferCal-CP-affine-localsigma,0.3,0.7,0.50920245398773,0.19079754601226995,14.206974784885958,0.2451877980629583,33.08054139845661,10.067599417536151,8.183719016437719,0.3740109602371219,0.0,D4,3,51,20
AdaptiveJackknifeCP,0.05,0.95,0.9754601226993865,0.025460122699386578,20.680849307472183,0.35691566857466367,21.962914300301488,4.018458494940023,3.166244176514064,0.9002681558927361,0.0009999275207519531,D4,3,51,20
AdaptiveJackknifeCP,0.1,0.9,0.8773006134969326,0.022699386503067465,11.168206693082437,0.19274391971906754,17.639388656408332,4.018458494940023,3.166244176514064,0.9002681558927361,0.0009999275207519531,D4,3,51,20
AdaptiveJackknifeCP,0.2,0.8,0.7423312883435583,0.05766871165644172,8.428111337559,0.14545461591752473,14.41820752819934,4.018458494940023,3.166244176514064,0.9002681558927361,0.0009999275207519531,D4,3,51,20
AdaptiveJackknifeCP,0.3,0.7,0.6257668711656442,0.07423312883435573,6.558839613467043,0.11319422093892298,12.446439269936873,4.018458494940023,3.166244176514064,0.9002681558927361,0.0,D4,3,51,20
AdaptiveSplitCP,0.05,0.95,0.8895705521472392,0.06042944785276072,12.245961235701131,0.2113440979525189,27.1197270462468,3.993159569643043,2.8653923580988727,0.9015199623435337,0.0,D4,3,51,20
AdaptiveSplitCP,0.1,0.9,0.8895705521472392,0.010429447852760787,12.245961235701131,0.2113440979525189,19.682844140973966,3.993159569643043,2.8653923580988727,0.9015199623435337,0.0,D4,3,51,20
AdaptiveSplitCP,0.2,0.8,0.8895705521472392,0.08957055214723919,12.245961235701131,0.2113440979525189,15.96440268833755,3.993159569643043,2.8653923580988727,0.9015199623435337,0.0,D4,3,51,20
AdaptiveSplitCP,0.3,0.7,0.8895705521472392,0.18957055214723928,12.245961235701131,0.2113440979525189,14.724922204125411,3.993159569643043,2.8653923580988727,0.9015199623435337,0.0,D4,3,51,20
SplitCP,0.05,0.95,0.0915032679738562,0.8584967320261437,4.890859560726547,0.08491775808029535,423.26508690280775,14.6965358769704,12.789953938818218,-0.4135328078734153,0.0,D4,3,51,30
SplitCP,0.1,0.9,0.0457516339869281,0.854248366013072,2.8593614084515337,0.04964578461765317,230.9250014559224,14.6965358769704,12.789953938818218,-0.4135328078734153,0.0,D4,3,51,30
SplitCP,0.2,0.8,0.032679738562091505,0.7673202614379085,1.7453965920141883,0.03030452289920489,121.12709937320415,14.6965358769704,12.789953938818218,-0.4135328078734153,0.0,D4,3,51,30
SplitCP,0.3,0.7,0.032679738562091505,0.6673202614379085,1.1743213539909119,0.02038920468039598,82.60349870326885,14.6965358769704,12.789953938818218,-0.4135328078734153,0.0,D4,3,51,30
TargetOnlyCP,0.05,0.95,1.0,0.050000000000000044,52.93904697327822,0.9191564648424339,52.93904697327822,8.892904356637265,6.917237549571338,0.48243705252020497,0.0,D4,3,51,30
TargetOnlyCP,0.1,0.9,1.0,0.09999999999999998,52.93904697327822,0.9191564648424339,52.93904697327822,8.892904356637265,6.917237549571338,0.48243705252020497,0.0,D4,3,51,30
TargetOnlyCP,0.2,0.8,1.0,0.19999999999999996,52.93904697327822,0.9191564648424339,52.93904697327822,8.892904356637265,6.917237549571338,0.48243705252020497,0.00099945068359375,D4,3,51,30
TargetOnlyCP,0.3,0.7,1.0,0.30000000000000004,52.93904697327822,0.9191564648424339,52.93904697327822,8.892904356637265,6.917237549571338,0.48243705252020497,0.0,D4,3,51,30
TransferCal-CP-affine-localsigma,0.05,0.95,0.9869281045751634,0.03692810457516349,54.59708390739093,0.9479442019489687,55.8750443790531,9.465106349761342,7.2920903925186416,0.41369050074008207,0.0010001659393310547,D4,3,51,30
TransferCal-CP-affine-localsigma,0.1,0.9,0.9869281045751634,0.08692810457516342,54.59708390739093,0.9479442019489687,55.23606414322202,9.465106349761342,7.2920903925186416,0.41369050074008207,0.0,D4,3,51,30
TransferCal-CP-affine-localsigma,0.2,0.8,0.9019607843137255,0.10196078431372546,30.551378008481088,0.5304496059499316,35.61878518103454,9.465106349761342,7.2920903925186416,0.41369050074008207,0.0,D4,3,51,30
TransferCal-CP-affine-localsigma,0.3,0.7,0.803921568627451,0.10392156862745106,24.15477228744071,0.41938826582965866,30.68464292897929,9.465106349761342,7.2920903925186416,0.41369050074008207,0.0,D4,3,51,30
AdaptiveJackknifeCP,0.05,0.95,0.9934640522875817,0.04346405228758177,20.642020778867508,0.35839796768319143,20.720944342250114,3.7674935128662748,2.964948504306237,0.9071074337506609,0.0,D4,3,51,30
AdaptiveJackknifeCP,0.1,0.9,0.9477124183006536,0.047712418300653536,14.110344191117703,0.24499145386890564,15.891678854807378,3.7674935128662748,2.964948504306237,0.9071074337506609,0.0,D4,3,51,30
AdaptiveJackknifeCP,0.2,0.8,0.8562091503267973,0.0562091503267973,11.459170399897626,0.19896033565004553,13.639209479325295,3.7674935128662748,2.964948504306237,0.9071074337506609,0.0,D4,3,51,30
AdaptiveJackknifeCP,0.3,0.7,0.7777777777777778,0.07777777777777783,9.174115957217989,0.15928598026230908,11.972135812834495,3.7674935128662748,2.964948504306237,0.9071074337506609,0.0,D4,3,51,30
AdaptiveSplitCP,0.05,0.95,0.9803921568627451,0.0303921568627451,16.952251215136915,0.29433418599113115,18.471138787163696,3.5867076027600473,2.8754204543243578,0.9158085709516557,0.0009996891021728516,D4,3,51,30
AdaptiveSplitCP,0.1,0.9,0.9803921568627451,0.08039215686274503,16.952251215136915,0.29433418599113115,17.7116950011503,3.5867076027600473,2.8754204543243578,0.9158085709516557,0.0,D4,3,51,30
AdaptiveSplitCP,0.2,0.8,0.9803921568627451,0.180392156862745,16.952251215136915,0.29433418599113115,17.331973108143607,3.5867076027600473,2.8754204543243578,0.9158085709516557,0.0010004043579101562,D4,3,51,30
AdaptiveSplitCP,0.3,0.7,0.9803921568627451,0.2803921568627451,16.952251215136915,0.29433418599113115,17.20539914380804,3.5867076027600473,2.8754204543243578,0.9158085709516557,0.0,D4,3,51,30
SplitCP,0.05,0.95,0.09022556390977443,0.8597744360902255,4.890859560726547,0.08491775808029535,430.00353879624925,14.811853590888429,12.969074287008658,-0.36406878826796385,0.0,D4,3,51,50
SplitCP,0.1,0.9,0.045112781954887216,0.8548872180451128,2.859361408451534,0.04964578461765318,234.36280099662488,14.811853590888429,12.969074287008658,-0.36406878826796385,0.0,D4,3,51,50
SplitCP,0.2,0.8,0.03007518796992481,0.7699248120300752,1.7453965920141883,0.03030452289920489,122.88521580039836,14.811853590888429,12.969074287008658,-0.36406878826796385,0.0,D4,3,51,50
SplitCP,0.3,0.7,0.03007518796992481,0.6699248120300751,1.1743213539909116,0.020389204680395977,83.78053430256288,14.811853590888429,12.969074287008658,-0.36406878826796385,0.0,D4,3,51,50
TargetOnlyCP,0.05,0.95,0.9097744360902256,0.04022556390977439,21.585041119721073,0.37477119864088115,36.11216724987143,6.595499758737626,5.167234093644921,0.7295338816379026,0.0009996891021728516,D4,3,51,50
TargetOnlyCP,0.1,0.9,0.9097744360902256,0.009774436090225547,21.585041119721073,0.37477119864088115,28.84860418479625,6.595499758737626,5.167234093644921,0.7295338816379026,0.0,D4,3,51,50
TargetOnlyCP,0.2,0.8,0.9097744360902256,0.10977443609022552,21.585041119721073,0.37477119864088115,25.21682265225866,6.595499758737626,5.167234093644921,0.7295338816379026,0.0,D4,3,51,50
TargetOnlyCP,0.3,0.7,0.9097744360902256,0.2097744360902256,21.585041119721073,0.37477119864088115,24.006228808079463,6.595499758737626,5.167234093644921,0.7295338816379026,0.0,D4,3,51,50
TransferCal-CP-affine-localsigma,0.05,0.95,0.9548872180451128,0.004887218045112829,39.26609014348563,0.6817591677214817,45.094196111373094,9.486362592583985,7.49490280632751,0.4404783553052868,0.0,D4,3,51,50
TransferCal-CP-affine-localsigma,0.1,0.9,0.8646616541353384,0.03533834586466167,29.118800225213334,0.5055764129824637,41.837349854754486,9.486362592583985,7.49490280632751,0.4404783553052868,0.0,D4,3,51,50
TransferCal-CP-affine-localsigma,0.2,0.8,0.7969924812030075,0.00300751879699257,21.1252443514106,0.3667879576067244,34.66994712793061,9.486362592583985,7.49490280632751,0.4404783553052868,0.0009999275207519531,D4,3,51,50
TransferCal-CP-affine-localsigma,0.3,0.7,0.7894736842105263,0.08947368421052637,20.304015081427547,0.352529329320428,29.896113517156547,9.486362592583985,7.49490280632751,0.4404783553052868,0.0,D4,3,51,50
AdaptiveJackknifeCP,0.05,0.95,0.9849624060150376,0.03496240601503764,15.46042210088872,0.26843223925806026,15.90947322402893,3.2951413045405715,2.7122758147986783,0.9324903996931763,0.0,D4,3,51,50
AdaptiveJackknifeCP,0.1,0.9,0.8345864661654135,0.06541353383458648,9.539488334360229,0.16562977377061788,13.493508024011863,3.2951413045405715,2.7122758147986783,0.9324903996931763,0.0009996891021728516,D4,3,51,50
AdaptiveJackknifeCP,0.2,0.8,0.6842105263157895,0.11578947368421055,6.54977500585514,0.11372074837187686,11.951484890825025,3.2951413045405715,2.7122758147986783,0.9324903996931763,0.0,D4,3,51,50
AdaptiveJackknifeCP,0.3,0.7,0.5714285714285714,0.12857142857142856,5.2252921900004345,0.0907243588943695,10.499487751923482,3.2951413045405715,2.7122758147986783,0.9324903996931763,0.0,D4,3,51,50
AdaptiveSplitCP,0.05,0.95,0.7593984962406015,0.19060150375939844,8.454419033365665,0.1467902116735775,21.85568806619224,3.41610739847678,2.809801246102841,0.9274428053967535,0.0,D4,3,51,50
AdaptiveSplitCP,0.1,0.9,0.7593984962406015,0.1406015037593985,8.454419033365665,0.1467902116735775,15.155053549778952,3.41610739847678,2.809801246102841,0.9274428053967535,0.0010004043579101562,D4,3,51,50
AdaptiveSplitCP,0.2,0.8,0.7593984962406015,0.04060150375939853,8.454419033365665,0.1467902116735775,11.80473629157231,3.41610739847678,2.809801246102841,0.9274428053967535,0.0,D4,3,51,50
AdaptiveSplitCP,0.3,0.7,0.7593984962406015,0.05939849624060156,8.454419033365665,0.1467902116735775,10.687963872170096,3.41610739847678,2.809801246102841,0.9274428053967535,0.0,D4,3,51,50
