method,alpha,nominal_coverage,empirical_coverage,coverage_error,mean_interval_width,normalized_width,winkler_score,rmse,mae,r_squared,inference_time_sec,fold,fold_idx,seed,K
SplitCP,0.1,0.9,0.07642626480086114,0.8235737351991389,2.5501457504384177,0.03340948185646958,177.36467607928373,12.02398621948964,9.97531374120897,0.4774717529483157,0.0010006427764892578,D1,0,42,10
SplitCP,0.2,0.8,0.038751345532831,0.761248654467169,1.5812349834664303,0.020715773395247907,93.55781024056311,12.02398621948964,9.97531374120897,0.4774717529483157,0.0009999275207519531,D1,0,42,10
SplitCP,0.3,0.7,0.02583423035522067,0.6741657696447793,1.1269110279790624,0.014763671267279259,63.90905578158808,12.02398621948964,9.97531374120897,0.4774717529483157,0.0009999275207519531,D1,0,42,10
TargetOnlyCP,0.1,0.9,0.8977395048439182,0.002260495156081843,52.600000000000016,0.6891130616154708,68.57847147470399,16.76729624151751,13.429041980624326,-0.016105747436716555,0.0,D1,0,42,10
TargetOnlyCP,0.2,0.8,0.8127018299246501,0.012701829924650077,43.7,0.572514083509431,57.905166846071054,16.76729624151751,13.429041980624326,-0.016105747436716555,0.0,D1,0,42,10
TargetOnlyCP,0.3,0.7,0.7524219590958019,0.05242195909580194,40.25999999999999,0.5274466133201301,52.23653390742734,16.76729624151751,13.429041980624326,-0.016105747436716555,0.0,D1,0,42,10
TransferCal-CP-affine-localsigma,0.1,0.9,0.9321851453175457,0.03218514531754568,57.88538087631048,0.7583568828603028,65.79249198771109,15.619229624574249,12.312109241550889,0.1182772380331284,0.0010001659393310547,D1,0,42,10
TransferCal-CP-affine-localsigma,0.2,0.8,0.7771797631862217,0.022820236813778316,38.19652063263516,0.500412952019272,56.22430167796497,15.619229624574249,12.312109241550889,0.1182772380331284,0.0009999275207519531,D1,0,42,10
TransferCal-CP-affine-localsigma,0.3,0.7,0.7771797631862217,0.07717976318622177,38.08241761260184,0.49891808735245197,50.18568651597168,15.619229624574249,12.312109241550889,0.1182772380331284,0.0009999275207519531,D1,0,42,10
AdaptiveJackknifeCP,0.1,0.9,0.8266953713670614,0.07330462863293863,57.58256443712704,0.7543896820330558,97.06279814621733,21.714979179116984,17.167752640655046,-0.7042435836265935,0.0009999275207519531,D1,0,42,10
AdaptiveJackknifeCP,0.2,0.8,0.7265877287405813,0.07341227125941874,44.03514883098594,0.5769048712854303,78.85264586203745,21.714979179116984,17.167752640655046,-0.7042435836265935,0.0010001659393310547,D1,0,42,10
AdaptiveJackknifeCP,0.3,0.7,0.7233584499461787,0.02335844994617875,43.86067369490484,0.574619070996445,67.23210234195138,21.714979179116984,17.167752640655046,-0.7042435836265935,0.002000093460083008,D1,0,42,10
AdaptiveSplitCP,0.1,0.9,0.8977395048439182,0.002260495156081843,52.600000000000016,0.6891130616154708,68.57847147470399,16.76729624151751,13.429041980624326,-0.016105747436716555,0.0009999275207519531,D1,0,42,10
AdaptiveSplitCP,0.2,0.8,0.8127018299246501,0.012701829924650077,43.7,0.572514083509431,57.905166846071054,16.76729624151751,13.429041980624326,-0.016105747436716555,0.0010001659393310547,D1,0,42,10
AdaptiveSplitCP,0.3,0.7,0.7524219590958019,0.05242195909580194,40.25999999999999,0.5274466133201301,52.23653390742734,16.76729624151751,13.429041980624326,-0.016105747436716555,0.0009999275207519531,D1,0,42,10
SplitCP,0.1,0.9,0.07683982683982683,0.8231601731601732,2.550145750438418,0.03340948185646959,177.77213221365972,12.068898847903464,9.996106627070652,0.47306232288410444,0.0010004043579101562,D1,0,42,15
SplitCP,0.2,0.8,0.03787878787878788,0.7621212121212122,1.5812349834664305,0.02071577339524791,93.76418841519119,12.068898847903464,9.996106627070652,0.47306232288410444,0.0009999275207519531,D1,0,42,15
SplitCP,0.3,0.7,0.025974025974025976,0.674025974025974,1.1269110279790624,0.014763671267279259,64.04787211611408,12.068898847903464,9.996106627070652,0.47306232288410444,0.0010004043579101562,D1,0,42,15
TargetOnlyCP,0.1,0.9,0.9642857142857143,0.06428571428571428,145.26949879222005,1.9031769785561155,179.99909432144702,28.406143124512496,15.588084198656038,-1.9190968190113153,0.0,D1,0,42,15
TargetOnlyCP,0.2,0.8,0.7987012987012987,0.0012987012987013546,39.8669599150961,0.5222973917185004,94.51231004517861,28.406143124512496,15.588084198656038,-1.9190968190113153,0.0009992122650146484,D1,0,42,15
TargetOnlyCP,0.3,0.7,0.7121212121212122,0.0121212121212122,30.3161600250192,0.39717227854116965,74.42367893569651,28.406143124512496,15.588084198656038,-1.9190968190113153,0.0,D1,0,42,15
TransferCal-CP-affine-localsigma,0.1,0.9,0.908008658008658,0.00800865800865802,39.98689927080444,0.5238687182702183,47.07611010909583,12.323513155482862,10.25759730370046,0.4505944732266989,0.0010004043579101562,D1,0,42,15
TransferCal-CP-affine-localsigma,0.2,0.8,0.7175324675324676,0.08246753246753247,28.171560899456615,0.3690758665762591,41.84402954263566,12.323513155482862,10.25759730370046,0.4505944732266989,0.0010001659393310547,D1,0,42,15
TransferCal-CP-affine-localsigma,0.3,0.7,0.685064935064935,0.014935064935064912,26.545938459955003,0.3477785727299518,37.28701368773259,12.323513155482862,10.25759730370046,0.4505944732266989,0.0009999275207519531,D1,0,42,15
AdaptiveJackknifeCP,0.1,0.9,1.0,0.09999999999999998,102.17880335405313,1.338645399458492,102.17880335405313,11.79142446862148,9.48292994925895,0.49701329640486436,0.0009996891021728516,D1,0,42,15
AdaptiveJackknifeCP,0.2,0.8,0.974025974025974,0.17402597402597397,50.59076425787675,0.6627900465249424,51.583597731336795,11.79142446862148,9.48292994925895,0.49701329640486436,0.0009999275207519531,D1,0,42,15
AdaptiveJackknifeCP,0.3,0.7,0.9318181818181818,0.2318181818181818,43.46030600129755,0.5693738503288853,45.118200336258575,11.79142446862148,9.48292994925895,0.49701329640486436,0.0010004043579101562,D1,0,42,15
AdaptiveSplitCP,0.1,0.9,0.922077922077922,0.02207792207792203,70.56471701310784,0.9244689768618257,81.23449260260962,19.703122832161313,15.602738562759045,-0.40441056361382133,0.0019996166229248047,D1,0,42,15
AdaptiveSplitCP,0.2,0.8,0.8398268398268398,0.039826839826839766,55.80633403336322,0.7311192719252199,69.79664826451237,19.703122832161313,15.602738562759045,-0.40441056361382133,0.0010001659393310547,D1,0,42,15
AdaptiveSplitCP,0.3,0.7,0.7056277056277056,0.005627705627705648,42.62273740981881,0.5584008568614544,61.75708126738821,19.703122832161313,15.602738562759045,-0.40441056361382133,0.0010001659393310547,D1,0,42,15
SplitCP,0.05,0.95,0.1088139281828074,0.8411860718171925,3.772643309051475,0.04942543310044833,333.6620211014799,12.099058927671967,10.034672010131601,0.47347519646245795,0.0010004043579101562,D1,0,42,20
SplitCP,0.1,0.9,0.07616974972796518,0.8238302502720348,2.550145750438418,0.03340948185646959,178.54482044696397,12.099058927671967,10.034672010131601,0.47347519646245795,0.0010004043579101562,D1,0,42,20
SplitCP,0.2,0.8,0.03808487486398259,0.7619151251360174,1.5812349834664303,0.020715773395247907,94.1504568458881,12.099058927671967,10.034672010131601,0.47347519646245795,0.0009996891021728516,D1,0,42,20
SplitCP,0.3,0.7,0.026115342763873776,0.6738846572361262,1.1269110279790624,0.014763671267279259,64.30517390997484,12.099058927671967,10.034672010131601,0.47347519646245795,0.0010001659393310547,D1,0,42,20
TargetOnlyCP,0.1,0.9,0.941240478781284,0.04124047878128401,57.92021560909586,0.7588132530002324,68.46290868588932,15.19773749196928,11.815361526455046,0.16924392007369815,0.0,D1,0,42,20
TargetOnlyCP,0.2,0.8,0.7116430903155604,0.08835690968443966,29.741167385957578,0.3896392949307112,55.52200279659253,15.19773749196928,11.815361526455046,0.16924392007369815,0.0,D1,0,42,20
TargetOnlyCP,0.3,0.7,0.7040261153427638,0.00402611534276387,29.28834395771934,0.38370685122340203,46.91509903767643,15.19773749196928,11.815361526455046,0.16924392007369815,0.0,D1,0,42,20
TransferCal-CP-affine-localsigma,0.1,0.9,0.8541893362350381,0.0458106637649619,35.01508545909007,0.45873294189051156,46.967681333005515,12.05944502760266,9.980430787829288,0.4769173741816509,0.0,D1,0,42,20
TransferCal-CP-affine-localsigma,0.2,0.8,0.7018498367791077,0.09815016322089232,26.677643127607386,0.3495040367367005,41.66805174214028,12.05944502760266,9.980430787829288,0.4769173741816509,0.0009999275207519531,D1,0,42,20
TransferCal-CP-affine-localsigma,0.3,0.7,0.6006528835690969,0.0993471164309031,22.382221297317763,0.29322967764162805,37.324553478886195,12.05944502760266,9.980430787829288,0.4769173741816509,0.0010001659393310547,D1,0,42,20
AdaptiveJackknifeCP,0.05,0.95,0.8182807399347116,0.13171926006528833,36.34116272315143,0.47610589176457974,87.02099209373148,13.58918040835182,10.557505936377664,0.3357949403974866,0.002000093460083008,D1,0,42,20
AdaptiveJackknifeCP,0.1,0.9,0.8171926006528836,0.08280739934711645,36.211379768523784,0.47440560413703303,61.788307153756904,13.58918040835182,10.557505936377664,0.3357949403974866,0.0010001659393310547,D1,0,42,20
AdaptiveJackknifeCP,0.2,0.8,0.6833514689880305,0.11664853101196959,25.835011770437795,0.338464715931523,51.56049102743493,13.58918040835182,10.557505936377664,0.3357949403974866,0.0009999275207519531,D1,0,42,20
AdaptiveJackknifeCP,0.3,0.7,0.5658324265505985,0.13416757344940144,20.116703751665575,0.26354911239394846,44.345181212162565,13.58918040835182,10.557505936377664,0.3357949403974866,0.0020003318786621094,D1,0,42,20
AdaptiveSplitCP,0.1,0.9,0.7225244831338411,0.17747551686615892,34.319226160066705,0.4496164831071734,97.01268537483061,17.42656975271818,13.057441645975327,-0.09229380066141779,0.0009999275207519531,D1,0,42,20
AdaptiveSplitCP,0.2,0.8,0.6724700761697497,0.1275299238302503,29.841081302746822,0.3909482680314076,68.04650239998338,17.42656975271818,13.057441645975327,-0.09229380066141779,0.0009992122650146484,D1,0,42,20
AdaptiveSplitCP,0.3,0.7,0.6387377584330794,0.061262241566920506,27.14111274375426,0.35557595624523125,55.72189698212518,17.42656975271818,13.057441645975327,-0.09229380066141779,0.00099945068359375,D1,0,42,20
SplitCP,0.05,0.95,0.1078107810781078,0.8421892189218921,3.7726433090514746,0.04942543310044833,332.00156493949265,12.045677994100053,9.994236689165017,0.4785444541256092,0.0010006427764892578,D1,0,42,30
SplitCP,0.1,0.9,0.07590759075907591,0.8240924092409241,2.550145750438418,0.03340948185646959,177.72607013775075,12.045677994100053,9.994236689165017,0.4785444541256092,0.0009999275207519531,D1,0,42,30
SplitCP,0.2,0.8,0.0374037403740374,0.7625962596259627,1.5812349834664303,0.020715773395247907,93.74541483866655,12.045677994100053,9.994236689165017,0.4785444541256092,0.0,D1,0,42,30
SplitCP,0.3,0.7,0.025302530253025302,0.6746974697469746,1.1269110279790626,0.014763671267279262,64.0349621634996,12.045677994100053,9.994236689165017,0.4785444541256092,0.0009996891021728516,D1,0,42,30
TargetOnlyCP,0.1,0.9,0.9372937293729373,0.03729372937293729,60.68668770992341,0.7950568282716213,70.5464183964103,15.421134982529436,11.762172735906073,0.14535162915218003,0.0,D1,0,42,30
TargetOnlyCP,0.2,0.8,0.6732673267326733,0.12673267326732673,27.683175740105614,0.3626775283175533,58.9397231761959,15.421134982529436,11.762172735906073,0.14535162915218003,0.0009996891021728516,D1,0,42,30
TargetOnlyCP,0.3,0.7,0.671067106710671,0.02893289328932891,27.307886812082877,0.35776086477800695,48.55518835332515,15.421134982529436,11.762172735906073,0.14535162915218003,0.0,D1,0,42,30
TransferCal-CP-affine-localsigma,0.1,0.9,0.9020902090209021,0.0020902090209020674,38.90035734124234,0.5096339229155772,48.75307774440338,12.37713041419976,10.01350132672892,0.4494525874358346,0.0010004043579101562,D1,0,42,30
TransferCal-CP-affine-localsigma,0.2,0.8,0.6325632563256326,0.16743674367436745,23.056267035409114,0.30206035677176096,46.80286628378247,12.37713041419976,10.01350132672892,0.4494525874358346,0.0009999275207519531,D1,0,42,30
TransferCal-CP-affine-localsigma,0.3,0.7,0.581958195819582,0.11804180418041799,20.75769866821434,0.27194679242099923,39.603477350094096,12.37713041419976,10.01350132672892,0.4494525874358346,0.0,D1,0,42,30
AdaptiveJackknifeCP,0.05,0.95,0.9735973597359736,0.023597359735973655,55.56202056829865,0.7279185190753239,59.732416460551356,12.626290241202245,9.770829024079575,0.42706371406394716,0.0019998550415039062,D1,0,42,30
AdaptiveJackknifeCP,0.1,0.9,0.856985698569857,0.043014301430143065,39.4178620863408,0.5164137571227128,54.06398194101338,12.626290241202245,9.770829024079575,0.42706371406394716,0.0009996891021728516,D1,0,42,30
AdaptiveJackknifeCP,0.2,0.8,0.735973597359736,0.06402640264026405,28.583474571609933,0.3744723512100775,46.60019278569286,12.626290241202245,9.770829024079575,0.42706371406394716,0.0010001659393310547,D1,0,42,30
AdaptiveJackknifeCP,0.3,0.7,0.7095709570957096,0.009570957095709653,25.68174372005251,0.33645674985835117,40.373960785438086,12.626290241202245,9.770829024079575,0.42706371406394716,0.0009996891021728516,D1,0,42,30
AdaptiveSplitCP,0.1,0.9,0.8833883388338833,0.016611661166116676,48.35287372504356,0.6334714230146581,62.81414191646396,14.81396370053118,11.534983885157517,0.2113263261673758,0.0010001659393310547,D1,0,42,30
AdaptiveSplitCP,0.2,0.8,0.7238723872387238,0.07612761276127622,32.260848559499756,0.4226496600979073,54.875467552572196,14.81396370053118,11.534983885157517,0.2113263261673758,0.0010004043579101562,D1,0,42,30
AdaptiveSplitCP,0.3,0.7,0.6468646864686468,0.053135313531353145,26.04988641334637,0.3412797905139994,47.62049945178519,14.81396370053118,11.534983885157517,0.2113263261673758,0.0009999275207519531,D1,0,42,30
SplitCP,0.05,0.95,0.10911136107986502,0.8408886389201349,3.7726433090514746,0.04942543310044833,330.29402676675926,11.992641700808516,9.952507443729267,0.47723449104092075,0.00099945068359375,D1,0,42,50
SplitCP,0.1,0.9,0.07536557930258718,0.8246344206974129,2.5501457504384177,0.03340948185646958,176.86242646653704,11.992641700808516,9.952507443729267,0.47723449104092075,0.0010001659393310547,D1,0,42,50
SplitCP,0.2,0.8,0.0359955005624297,0.7640044994375703,1.5812349834664303,0.020715773395247907,93.31802319288295,11.992641700808516,9.952507443729267,0.47723449104092075,0.0010001659393310547,D1,0,42,50
SplitCP,0.3,0.7,0.023622047244094488,0.6763779527559055,1.1269110279790622,0.014763671267279255,63.75336262159909,11.992641700808516,9.952507443729267,0.47723449104092075,0.0010004043579101562,D1,0,42,50
TargetOnlyCP,0.05,0.95,0.9921259842519685,0.04212598425196856,158.74525307419876,2.079722953666993,160.05914675413447,17.88659764222281,12.426024500453702,-0.16287406301368268,0.0,D1,0,42,50
TargetOnlyCP,0.1,0.9,0.9392575928008999,0.03925759280089991,60.79601757970996,0.7964891598551693,87.2485002030518,17.88659764222281,12.426024500453702,-0.16287406301368268,0.0,D1,0,42,50
TargetOnlyCP,0.2,0.8,0.8537682789651294,0.05376827896512937,38.91712171081566,0.5098535530684806,62.10400075583213,17.88659764222281,12.426024500453702,-0.16287406301368268,0.0,D1,0,42,50
TargetOnlyCP,0.3,0.7,0.7457817772778402,0.045781777277840274,31.853374802349386,0.4173113428295071,51.86213604983615,17.88659764222281,12.426024500453702,-0.16287406301368268,0.0,D1,0,42,50
TransferCal-CP-affine-localsigma,0.05,0.95,0.984251968503937,0.03425196850393708,49.98364915148716,0.6548362261881148,53.84630730214262,11.474532556615248,9.346766962327578,0.521428079204143,0.0,D1,0,42,50
TransferCal-CP-affine-localsigma,0.1,0.9,0.9730033745781778,0.07300337457817774,47.81993770279212,0.6264894235101169,50.23736478263947,11.474532556615248,9.346766962327578,0.521428079204143,0.0010001659393310547,D1,0,42,50
TransferCal-CP-affine-localsigma,0.2,0.8,0.7727784026996626,0.027221597300337463,28.821396580460085,0.37758936953601724,39.41818937253938,11.474532556615248,9.346766962327578,0.521428079204143,0.0009999275207519531,D1,0,42,50
TransferCal-CP-affine-localsigma,0.3,0.7,0.7412823397075365,0.041282339707536586,27.15224051896627,0.3557217413259407,35.59111209037237,11.474532556615248,9.346766962327578,0.521428079204143,0.0,D1,0,42,50
AdaptiveJackknifeCP,0.05,0.95,1.0,0.050000000000000044,80.92449153382277,1.060192473774674,80.92449153382277,11.059975846770577,9.150188265438736,0.5553835100790917,0.0010001659393310547,D1,0,42,50
AdaptiveJackknifeCP,0.1,0.9,0.9887514060742407,0.0887514060742407,51.92628668731678,0.6802867375935271,52.937636697364795,11.059975846770577,9.150188265438736,0.5553835100790917,0.0010004043579101562,D1,0,42,50
AdaptiveJackknifeCP,0.2,0.8,0.9325084364454443,0.1325084364454443,37.76946069077787,0.4948180359731389,40.48557530881129,11.059975846770577,9.150188265438736,0.5553835100790917,0.0010001659393310547,D1,0,42,50
AdaptiveJackknifeCP,0.3,0.7,0.8346456692913385,0.1346456692913386,30.432945605300063,0.39870228745333475,35.01249898238506,11.059975846770577,9.150188265438736,0.5553835100790917,0.0009999275207519531,D1,0,42,50
AdaptiveSplitCP,0.05,0.95,0.9932508436445444,0.04325084364454446,159.24996579781913,2.0863351994884813,159.8580849439375,17.62559443397736,12.350284074631132,-0.12918409990647794,0.0010001659393310547,D1,0,42,50
AdaptiveSplitCP,0.1,0.9,0.9313835770528683,0.03138357705286832,54.85297470007478,0.7186293029331652,82.99848590554127,17.62559443397736,12.350284074631132,-0.12918409990647794,0.0009999275207519531,D1,0,42,50
AdaptiveSplitCP,0.2,0.8,0.8278965129358831,0.027896512935883022,38.38430241750208,0.5028730828307788,61.50331475340305,17.62559443397736,12.350284074631132,-0.12918409990647794,0.0,D1,0,42,50
AdaptiveSplitCP,0.3,0.7,0.7952755905511811,0.09527559055118118,36.231614022194435,0.4746706932719472,52.97298792663381,17.62559443397736,12.350284074631132,-0.12918409990647794,0.002000093460083008,D1,0,42,50
SplitCP,0.1,0.9,0.0,0.9,2.8899245601185592,0.06990625446104248,350.00175649908596,20.043579721513243,18.800553877007648,-5.650602600843609,0.0010004043579101562,D2,1,42,10
SplitCP,0.2,0.8,0.0,0.8,2.3083414290242388,0.05583796392031589,178.7721730539795,20.043579721513243,18.800553877007648,-5.650602600843609,0.0,D2,1,42,10
SplitCP,0.3,0.7,0.0,0.7,1.7050986468875775,0.041245734070515724,121.3584623373133,20.043579721513243,18.800553877007648,-5.650602600843609,0.0,D2,1,42,10
TargetOnlyCP,0.1,0.9,0.9139784946236559,0.013978494623655857,31.039999999999985,0.7508466374574628,35.29806451612902,8.037420479046077,6.213010752688171,-0.06940891570843744,0.0,D2,1,42,10
TargetOnlyCP,0.2,0.8,0.9139784946236559,0.11397849462365583,30.780000000000005,0.7445573292828841,33.020860215053766,8.037420479046077,6.213010752688171,-0.06940891570843744,0.0,D2,1,42,10
TargetOnlyCP,0.3,0.7,0.8602150537634409,0.16021505376344092,23.820000000000004,0.5761973873787621,28.020000000000003,8.037420479046077,6.213010752688171,-0.06940891570843744,0.0,D2,1,42,10
TransferCal-CP-affine-localsigma,0.1,0.9,0.8279569892473119,0.07204301075268815,39.35584947339455,0.9520040992712749,61.49937950685502,13.8553034377581,10.478941239312313,-2.1779166708026625,0.0010001659393310547,D2,1,42,10
TransferCal-CP-affine-localsigma,0.2,0.8,0.7311827956989247,0.0688172043010753,29.439488754047538,0.7121308356779446,52.05863880666296,13.8553034377581,10.478941239312313,-2.1779166708026625,0.0,D2,1,42,10
TransferCal-CP-affine-localsigma,0.3,0.7,0.6881720430107527,0.011827956989247213,25.551774728178664,0.6180884064343923,44.386849585054286,13.8553034377581,10.478941239312313,-2.1779166708026625,0.0,D2,1,42,10
AdaptiveJackknifeCP,0.1,0.9,0.7311827956989247,0.16881720430107527,37.47500602436153,0.9065071605054777,108.90768190917633,18.091921285602005,13.311276495054015,-4.418509029002678,0.0,D2,1,42,10
AdaptiveJackknifeCP,0.2,0.8,0.7311827956989247,0.0688172043010753,34.17511488812938,0.8266839593580682,74.32679037923589,18.091921285602005,13.311276495054015,-4.418509029002678,0.0,D2,1,42,10
AdaptiveJackknifeCP,0.3,0.7,0.7204301075268817,0.02043010752688179,32.23331677123631,0.7797125487043828,60.759614145006324,18.091921285602005,13.311276495054015,-4.418509029002678,0.0,D2,1,42,10
AdaptiveSplitCP,0.1,0.9,0.9139784946236559,0.013978494623655857,31.039999999999985,0.7508466374574628,35.29806451612902,8.037420479046077,6.213010752688171,-0.06940891570843744,0.0010001659393310547,D2,1,42,10
AdaptiveSplitCP,0.2,0.8,0.9139784946236559,0.11397849462365583,30.780000000000005,0.7445573292828841,33.020860215053766,8.037420479046077,6.213010752688171,-0.06940891570843744,0.0009999275207519531,D2,1,42,10
AdaptiveSplitCP,0.3,0.7,0.8602150537634409,0.16021505376344092,23.820000000000004,0.5761973873787621,28.020000000000003,8.037420479046077,6.213010752688171,-0.06940891570843744,0.0009999275207519531,D2,1,42,10
SplitCP,0.1,0.9,0.0,0.9,2.8899245601185584,0.06990625446104247,351.09340747653073,20.0277418584496,18.855136425879888,-5.859067283332383,0.0010008811950683594,D2,1,42,15
SplitCP,0.2,0.8,0.0,0.8,2.3083414290242388,0.05583796392031589,179.3179985427019,20.0277418584496,18.855136425879888,-5.859067283332383,0.0,D2,1,42,15
SplitCP,0.3,0.7,0.0,0.7,1.7050986468875777,0.04124573407051573,121.72234599646157,20.0277418584496,18.855136425879888,-5.859067283332383,0.0,D2,1,42,15
TargetOnlyCP,0.1,0.9,0.9318181818181818,0.031818181818181746,22.347916005572927,0.5405881954563871,24.51493319215242,5.609162805377303,4.462321468065041,0.46198153134150355,0.0,D2,1,42,15
TargetOnlyCP,0.2,0.8,0.8863636363636364,0.08636363636363631,15.976062659772724,0.386455313398843,19.98732745847759,5.609162805377303,4.462321468065041,0.46198153134150355,0.0,D2,1,42,15
TargetOnlyCP,0.3,0.7,0.8522727272727273,0.15227272727272734,15.241374303801996,0.3686834615412472,18.239262385442352,5.609162805377303,4.462321468065041,0.46198153134150355,0.0,D2,1,42,15
TransferCal-CP-affine-localsigma,0.1,0.9,0.9545454545454546,0.054545454545454564,39.18591273754151,0.9478933896483447,40.74564765924385,9.064678554534973,6.912870462596486,-0.40509571397776023,0.0,D2,1,42,15
TransferCal-CP-affine-localsigma,0.2,0.8,0.9431818181818182,0.1431818181818182,36.37784948070617,0.8799673312023825,37.871232729206106,9.064678554534973,6.912870462596486,-0.40509571397776023,0.0009999275207519531,D2,1,42,15
TransferCal-CP-affine-localsigma,0.3,0.7,0.8068181818181818,0.10681818181818181,26.441426452508896,0.6396087674434641,31.594674285229054,9.064678554534973,6.912870462596486,-0.40509571397776023,0.0,D2,1,42,15
AdaptiveJackknifeCP,0.1,0.9,0.9772727272727273,0.07727272727272727,29.127418817272886,0.7045819741225705,31.154428599102722,6.116084183731825,4.627932491726056,0.3603417552159225,0.0,D2,1,42,15
AdaptiveJackknifeCP,0.2,0.8,0.9659090909090909,0.1659090909090909,24.52942585367067,0.593358148227796,26.15561572965731,6.116084183731825,4.627932491726056,0.3603417552159225,0.0009996891021728516,D2,1,42,15
AdaptiveJackknifeCP,0.3,0.7,0.8977272727272727,0.19772727272727275,20.15448811792251,0.48752994951734907,22.245857329642373,6.116084183731825,4.627932491726056,0.3603417552159225,0.0,D2,1,42,15
AdaptiveSplitCP,0.1,0.9,0.9431818181818182,0.04318181818181821,182.17959338288554,4.40686002270965,195.68375403732986,41.3750861005191,29.27318259673788,-28.27378737049147,0.0,D2,1,42,15
AdaptiveSplitCP,0.2,0.8,0.9431818181818182,0.1431818181818182,181.809341671942,4.397903764585461,188.66660714431862,41.3750861005191,29.27318259673788,-28.27378737049147,0.0010030269622802734,D2,1,42,15
AdaptiveSplitCP,0.3,0.7,0.875,0.17500000000000004,137.48643128659683,3.3257482160943233,155.9213875563324,41.3750861005191,29.27318259673788,-28.27378737049147,0.0,D2,1,42,15
SplitCP,0.05,0.95,0.0,0.95,3.6790688632874686,0.10375264698956409,697.408559038356,20.18039884642397,19.18277168602045,-6.355340721682619,0.0,D2,1,42,20
SplitCP,0.1,0.9,0.0,0.9,2.889924560118559,0.08149815452068747,357.64611267934197,20.18039884642397,19.18277168602045,-6.355340721682619,0.0,D2,1,42,20
SplitCP,0.2,0.8,0.0,0.8,2.3083414290242388,0.06509705099755411,182.5943511441075,20.18039884642397,19.18277168602045,-6.355340721682619,0.0009982585906982422,D2,1,42,20
SplitCP,0.3,0.7,0.0,0.7,1.7050986468875773,0.048085128212259624,123.9065810640653,20.18039884642397,19.18277168602045,-6.355340721682619,0.0,D2,1,42,20
TargetOnlyCP,0.1,0.9,0.9397590361445783,0.03975903614457832,18.546997047328237,0.5230399617060869,20.33598354421956,4.65674598427373,3.760996947994607,0.6083407373072468,0.0,D2,1,42,20
TargetOnlyCP,0.2,0.8,0.8795180722891566,0.07951807228915653,13.54792739155232,0.3820622500770361,16.605719615946576,4.65674598427373,3.760996947994607,0.6083407373072468,0.0,D2,1,42,20
TargetOnlyCP,0.3,0.7,0.8795180722891566,0.17951807228915662,13.546843290097671,0.3820316775599931,15.585806821804145,4.65674598427373,3.760996947994607,0.6083407373072468,0.0,D2,1,42,20
TransferCal-CP-affine-localsigma,0.1,0.9,0.963855421686747,0.06385542168674696,38.533623888172976,1.0866786203414043,39.196443459317706,7.668077326826434,6.205822862151687,-0.06197983915023553,0.0010001659393310547,D2,1,42,20
TransferCal-CP-affine-localsigma,0.2,0.8,0.9518072289156626,0.15180722891566256,25.407580287448237,0.7165138262911196,28.1620801306221,7.668077326826434,6.205822862151687,-0.06197983915023553,0.0,D2,1,42,20
TransferCal-CP-affine-localsigma,0.3,0.7,0.8674698795180723,0.16746987951807235,22.27444558062319,0.6281569535911343,24.852433955841786,7.668077326826434,6.205822862151687,-0.06197983915023553,0.0,D2,1,42,20
AdaptiveJackknifeCP,0.05,0.95,1.0,0.050000000000000044,40.494904122525,1.1419882716047693,40.494904122525,6.254943735904398,5.165804957867267,0.29337317588726775,0.0,D2,1,42,20
AdaptiveJackknifeCP,0.1,0.9,0.9879518072289156,0.0879518072289156,33.96470496320423,0.9578314989742222,34.354697172108985,6.254943735904398,5.165804957867267,0.29337317588726775,0.0,D2,1,42,20
AdaptiveJackknifeCP,0.2,0.8,0.963855421686747,0.16385542168674694,26.831463253448927,0.7566684502504863,27.580174352058982,6.254943735904398,5.165804957867267,0.29337317588726775,0.0,D2,1,42,20
AdaptiveJackknifeCP,0.3,0.7,0.9397590361445783,0.23975903614457839,21.236046806908192,0.5988732882379995,22.50193330761764,6.254943735904398,5.165804957867267,0.29337317588726775,0.0,D2,1,42,20
AdaptiveSplitCP,0.1,0.9,0.891566265060241,0.008433734939759074,32.53023383780896,0.9173782805593678,40.961269785005925,10.319162932901605,8.614436618974812,-0.9232345134381379,0.0,D2,1,42,20
AdaptiveSplitCP,0.2,0.8,0.8674698795180723,0.06746987951807226,30.589866310246233,0.8626583841404302,35.99778600527126,10.319162932901605,8.614436618974812,-0.9232345134381379,0.0010001659393310547,D2,1,42,20
AdaptiveSplitCP,0.3,0.7,0.5783132530120482,0.12168674698795179,17.241822495754658,0.4862330087674092,32.15501128172811,10.319162932901605,8.614436618974812,-0.9232345134381379,0.0,D2,1,42,20
SplitCP,0.05,0.95,0.0,0.95,3.679068863287469,0.08899537644889974,687.070295028188,20.221006517542996,18.924315085766246,-5.978011363606713,0.001001596450805664,D2,1,42,30
SplitCP,0.1,0.9,0.0,0.9,2.8899245601185584,0.06990625446104247,352.4769806742579,20.221006517542996,18.924315085766246,-5.978011363606713,0.0,D2,1,42,30
SplitCP,0.2,0.8,0.0,0.8,2.3083414290242388,0.05583796392031589,180.00978514156552,20.221006517542996,18.924315085766246,-5.978011363606713,0.0,D2,1,42,30
SplitCP,0.3,0.7,0.0,0.7,1.7050986468875777,0.04124573407051573,122.18353706237063,20.221006517542996,18.924315085766246,-5.978011363606713,0.0009999275207519531,D2,1,42,30
TargetOnlyCP,0.1,0.9,0.9726027397260274,0.07260273972602738,27.266310138531658,0.6595624124803103,28.691498550372003,4.972761917348051,3.8841971531400996,0.5779912383773702,0.0,D2,1,42,30
TargetOnlyCP,0.2,0.8,0.9178082191780822,0.11780821917808215,15.811704701646333,0.38247955243883736,18.590478714366238,4.972761917348051,3.8841971531400996,0.5779912383773702,0.0,D2,1,42,30
TargetOnlyCP,0.3,0.7,0.863013698630137,0.16301369863013704,13.635321734745133,0.32983361711288817,16.3068315230646,4.972761917348051,3.8841971531400996,0.5779912383773702,0.0,D2,1,42,30
TransferCal-CP-affine-localsigma,0.1,0.9,0.9452054794520548,0.045205479452054775,27.29694922343832,0.6603035611232531,31.04680890705492,7.068240833905349,5.278172637266167,0.14739316211915332,0.0,D2,1,42,30
TransferCal-CP-affine-localsigma,0.2,0.8,0.8356164383561644,0.03561643835616435,19.298870467443344,0.4668328607347608,25.849687308603134,7.068240833905349,5.278172637266167,0.14739316211915332,0.0,D2,1,42,30
TransferCal-CP-affine-localsigma,0.3,0.7,0.8082191780821918,0.10821917808219184,17.351316836005523,0.41972222621694,22.85071080871508,7.068240833905349,5.278172637266167,0.14739316211915332,0.0,D2,1,42,30
AdaptiveJackknifeCP,0.05,0.95,0.9726027397260274,0.022602739726027443,25.078953191587303,0.6066510204528492,29.14959695398181,5.0269235267159775,3.8412350844543703,0.568748428210315,0.0,D2,1,42,30
AdaptiveJackknifeCP,0.1,0.9,0.958904109589041,0.05890410958904102,22.560776795677548,0.5457372227919732,25.4275265457451,5.0269235267159775,3.8412350844543703,0.568748428210315,0.0,D2,1,42,30
AdaptiveJackknifeCP,0.2,0.8,0.863013698630137,0.06301369863013695,13.01535062069634,0.314836734822157,17.639763109480185,5.0269235267159775,3.8412350844543703,0.568748428210315,0.0010001659393310547,D2,1,42,30
AdaptiveJackknifeCP,0.3,0.7,0.6301369863013698,0.06986301369863013,8.636743178195033,0.208919767201399,14.93001457495059,5.0269235267159775,3.8412350844543703,0.568748428210315,0.0,D2,1,42,30
AdaptiveSplitCP,0.1,0.9,0.9726027397260274,0.07260273972602738,23.595795445234657,0.5707739583823637,26.151419659510836,4.827882213369665,3.589285644044864,0.6022231850109364,0.0,D2,1,42,30
AdaptiveSplitCP,0.2,0.8,0.7945205479452054,0.005479452054794609,11.34189213275232,0.27435636502198246,17.07512256075196,4.827882213369665,3.589285644044864,0.6022231850109364,0.0010001659393310547,D2,1,42,30
AdaptiveSplitCP,0.3,0.7,0.7945205479452054,0.09452054794520548,10.456498820201162,0.2529390134898832,14.885086214587561,4.827882213369665,3.589285644044864,0.6022231850109364,0.0,D2,1,42,30
SplitCP,0.1,0.9,0.04,0.86,2.5995588220186368,0.07856025449480308,171.7249911060921,10.708803578554056,9.70785507619845,-0.916664370093788,0.0010008811950683594,D3,2,42,10
SplitCP,0.2,0.8,0.04,0.76,1.8654861435866508,0.05637613003997852,89.9517511420969,10.708803578554056,9.70785507619845,-0.916664370093788,0.0,D3,2,42,10
SplitCP,0.3,0.7,0.04,0.6599999999999999,1.2600017029957085,0.03807802062903983,61.92172857856022,10.708803578554056,9.70785507619845,-0.916664370093788,0.0,D3,2,42,10
TargetOnlyCP,0.1,0.9,0.96,0.05999999999999994,34.75999999999999,1.0504684191446148,34.80799999999999,8.152923156757948,7.224399999999998,-0.11094065993936075,0.0,D3,2,42,10
TargetOnlyCP,0.2,0.8,0.92,0.12,28.47999999999999,0.860682985536209,30.323999999999998,8.152923156757948,7.224399999999998,-0.11094065993936075,0.0,D3,2,42,10
TargetOnlyCP,0.3,0.7,0.92,0.22000000000000008,26.94,0.8141432454475239,28.58,8.152923156757948,7.224399999999998,-0.11094065993936075,0.0,D3,2,42,10
TransferCal-CP-affine-localsigma,0.1,0.9,0.8,0.09999999999999998,14.085885448183744,0.425684056933421,19.066256629295854,5.317910056527754,4.574402340899184,0.5273429507151021,0.0,D3,2,42,10
TransferCal-CP-affine-localsigma,0.2,0.8,0.64,0.16000000000000003,11.326913890728392,0.3423062522606627,17.51803123103577,5.317910056527754,4.574402340899184,0.5273429507151021,0.0,D3,2,42,10
TransferCal-CP-affine-localsigma,0.3,0.7,0.44,0.25999999999999995,8.788390963065119,0.2655905397524694,17.384776338400034,5.317910056527754,4.574402340899184,0.5273429507151021,0.0,D3,2,42,10
AdaptiveJackknifeCP,0.1,0.9,0.88,0.020000000000000018,13.743561675199969,0.4153388235432632,26.03450648997766,5.7269891823641315,4.311486900008484,0.45182794815308935,0.0,D3,2,42,10
AdaptiveJackknifeCP,0.2,0.8,0.88,0.07999999999999996,13.660440357189941,0.41282684657182445,19.8557855553848,5.7269891823641315,4.311486900008484,0.45182794815308935,0.0,D3,2,42,10
AdaptiveJackknifeCP,0.3,0.7,0.68,0.019999999999999907,11.037088227225752,0.3335475437863486,17.28327198505747,5.7269891823641315,4.311486900008484,0.45182794815308935,0.0010030269622802734,D3,2,42,10
AdaptiveSplitCP,0.1,0.9,0.96,0.05999999999999994,34.75999999999999,1.0504684191446148,34.80799999999999,8.152923156757948,7.224399999999998,-0.11094065993936075,0.0,D3,2,42,10
AdaptiveSplitCP,0.2,0.8,0.92,0.12,28.47999999999999,0.860682985536209,30.323999999999998,8.152923156757948,7.224399999999998,-0.11094065993936075,0.0,D3,2,42,10
AdaptiveSplitCP,0.3,0.7,0.92,0.22000000000000008,26.94,0.8141432454475239,28.58,8.152923156757948,7.224399999999998,-0.11094065993936075,0.0,D3,2,42,10
SplitCP,0.1,0.9,0.057803468208092484,0.8421965317919076,3.0629230265443814,0.05286075071476078,174.56084745291645,11.79133061991768,10.06924445788048,0.11034924586529204,0.0,D4,3,42,10
SplitCP,0.2,0.8,0.03468208092485549,0.7653179190751446,1.9457663604841573,0.03358056002039399,93.0607131636304,11.79133061991768,10.06924445788048,0.11034924586529204,0.0,D4,3,42,10
SplitCP,0.3,0.7,0.017341040462427744,0.6826589595375722,1.3180050498873044,0.022746486209120256,64.08863615072367,11.79133061991768,10.06924445788048,0.11034924586529204,0.0010001659393310547,D4,3,42,10
TargetOnlyCP,0.1,0.9,0.953757225433526,0.05375722543352601,58.74647375088955,1.0138624697403944,66.95482360291162,14.10303563638252,10.41653145331368,-0.2726797213731993,0.0,D4,3,42,10
TargetOnlyCP,0.2,0.8,0.9421965317919075,0.1421965317919075,56.61323515302392,0.9770464633440135,61.27427502972373,14.10303563638252,10.41653145331368,-0.2726797213731993,0.0009996891021728516,D4,3,42,10
TargetOnlyCP,0.3,0.7,0.8208092485549133,0.12080924855491337,36.087421900835,0.6228064487766835,47.07489421011504,14.10303563638252,10.41653145331368,-0.2726797213731993,0.0,D4,3,42,10
TransferCal-CP-affine-localsigma,0.1,0.9,0.9364161849710982,0.03641618497109822,51.76124660998079,0.8933095379880924,60.05524291229929,13.362639005944333,10.121156736157083,-0.14255835283123042,0.0,D4,3,42,10
TransferCal-CP-affine-localsigma,0.2,0.8,0.930635838150289,0.130635838150289,47.67713823646167,0.822824895457513,53.17030586190545,13.362639005944333,10.121156736157083,-0.14255835283123042,0.0,D4,3,42,10
TransferCal-CP-affine-localsigma,0.3,0.7,0.8497109826589595,0.14971098265895955,40.14386404451724,0.6928136200597159,46.391805146182094,13.362639005944333,10.121156736157083,-0.14255835283123042,0.0,D4,3,42,10
AdaptiveJackknifeCP,0.1,0.9,0.9653179190751445,0.0653179190751445,18.841423769023038,0.3251703671081673,20.015644859341574,4.7855189318375055,3.7168473854967408,0.8534614145576538,0.0,D4,3,42,10
AdaptiveJackknifeCP,0.2,0.8,0.9017341040462428,0.10173410404624272,16.495198314848892,0.2846785761689578,17.933788629271714,4.7855189318375055,3.7168473854967408,0.8534614145576538,0.0,D4,3,42,10
AdaptiveJackknifeCP,0.3,0.7,0.8323699421965318,0.13236994219653186,13.687001664191857,0.23621396187015092,15.92996439430295,4.7855189318375055,3.7168473854967408,0.8534614145576538,0.0,D4,3,42,10
AdaptiveSplitCP,0.1,0.9,0.953757225433526,0.05375722543352601,58.74647375088955,1.0138624697403944,66.95482360291162,14.10303563638252,10.41653145331368,-0.2726797213731993,0.0,D4,3,42,10
AdaptiveSplitCP,0.2,0.8,0.9421965317919075,0.1421965317919075,56.61323515302392,0.9770464633440135,61.27427502972373,14.10303563638252,10.41653145331368,-0.2726797213731993,0.0,D4,3,42,10
AdaptiveSplitCP,0.3,0.7,0.8208092485549133,0.12080924855491337,36.087421900835,0.6228064487766835,47.07489421011504,14.10303563638252,10.41653145331368,-0.2726797213731993,0.0,D4,3,42,10
SplitCP,0.1,0.9,0.06547619047619048,0.8345238095238096,3.0629230265443823,0.053592074047413445,170.5771725475392,11.617857944267339,9.86693407980448,0.08807041207040689,0.0,D4,3,42,15
SplitCP,0.2,0.8,0.03571428571428571,0.7642857142857143,1.945766360484157,0.03404514379444922,91.04211337176214,11.617857944267339,9.86693407980448,0.08807041207040689,0.0,D4,3,42,15
SplitCP,0.3,0.7,0.017857142857142856,0.682142857142857,1.3180050498873044,0.02306118162822913,62.74096234692111,11.617857944267339,9.86693407980448,0.08807041207040689,0.0010001659393310547,D4,3,42,15
TargetOnlyCP,0.1,0.9,0.9761904761904762,0.07619047619047614,53.76554641652941,0.9407376939554104,55.39135406001547,11.27558099989429,8.958360925736224,0.1410121098454391,0.0,D4,3,42,15
TargetOnlyCP,0.2,0.8,0.7440476190476191,0.055952380952380976,25.876253682453644,0.45275773873569003,39.845018244229536,11.27558099989429,8.958360925736224,0.1410121098454391,0.0,D4,3,42,15
TargetOnlyCP,0.3,0.7,0.6964285714285714,0.0035714285714285587,23.007698232545263,0.40256652114768454,34.89488400178246,11.27558099989429,8.958360925736224,0.1410121098454391,0.0,D4,3,42,15
TransferCal-CP-affine-localsigma,0.1,0.9,0.9464285714285714,0.046428571428571375,85.6151256958608,1.4980109248934455,91.22178487985022,23.37646576766137,19.14181560983972,-2.6920441579754946,0.0009999275207519531,D4,3,42,15
TransferCal-CP-affine-localsigma,0.2,0.8,0.875,0.07499999999999996,75.46195957800337,1.3203606131852221,82.50601285125389,23.37646576766137,19.14181560983972,-2.6920441579754946,0.0009999275207519531,D4,3,42,15
TransferCal-CP-affine-localsigma,0.3,0.7,0.8154761904761905,0.11547619047619051,66.20543060612727,1.158398793778193,75.92860022564726,23.37646576766137,19.14181560983972,-2.6920441579754946,0.0,D4,3,42,15
AdaptiveJackknifeCP,0.1,0.9,0.9523809523809523,0.052380952380952306,17.10289600927923,0.2992499848710197,18.81214998794771,4.345244527306617,3.559575738476958,0.8724332105462009,0.0,D4,3,42,15
AdaptiveJackknifeCP,0.2,0.8,0.9345238095238095,0.1345238095238095,14.57603408897074,0.2550373912252879,16.140819675449226,4.345244527306617,3.559575738476958,0.8724332105462009,0.0,D4,3,42,15
AdaptiveJackknifeCP,0.3,0.7,0.9107142857142857,0.21071428571428574,14.074210676132436,0.24625696897292135,15.240240756120219,4.345244527306617,3.559575738476958,0.8724332105462009,0.0010001659393310547,D4,3,42,15
AdaptiveSplitCP,0.1,0.9,0.9166666666666666,0.016666666666666607,68.65236059483311,1.2012128155499087,73.95446458616004,18.477100289073398,14.415159046928125,-1.3066240459437743,0.0,D4,3,42,15
AdaptiveSplitCP,0.2,0.8,0.8392857142857143,0.03928571428571426,54.72829851585857,0.9575830019665497,65.56806957663495,18.477100289073398,14.415159046928125,-1.3066240459437743,0.0,D4,3,42,15
AdaptiveSplitCP,0.3,0.7,0.8154761904761905,0.11547619047619051,50.839889969883174,0.8895473781795511,60.274118350954005,18.477100289073398,14.415159046928125,-1.3066240459437743,0.0009996891021728516,D4,3,42,15
SplitCP,0.05,0.95,0.12883435582822086,0.8211656441717791,5.188648491774657,0.08954709344415367,301.6693309402329,11.647404142959703,9.879154514051608,0.15166293120555718,0.0010020732879638672,D4,3,42,20
SplitCP,0.1,0.9,0.05521472392638037,0.8447852760736196,3.0629230265443823,0.0528607507147608,170.62080397099885,11.647404142959703,9.879154514051608,0.15166293120555718,0.0009984970092773438,D4,3,42,20
SplitCP,0.2,0.8,0.024539877300613498,0.7754601226993866,1.9457663604841569,0.03358056002039398,91.12490307897048,11.647404142959703,9.879154514051608,0.15166293120555718,0.0,D4,3,42,20
SplitCP,0.3,0.7,0.012269938650306749,0.6877300613496932,1.3180050498873044,0.022746486209120256,62.81810529093859,11.647404142959703,9.879154514051608,0.15166293120555718,0.0,D4,3,42,20
TargetOnlyCP,0.1,0.9,0.9693251533742331,0.06932515337423306,39.36840161814724,0.6794304806031377,42.27403514054857,9.076871264883223,7.263850752326503,0.48479210867232747,0.0,D4,3,42,20
TargetOnlyCP,0.2,0.8,0.9202453987730062,0.1202453987730061,31.337374646165188,0.5408288536375336,34.86698401252694,9.076871264883223,7.263850752326503,0.48479210867232747,0.0,D4,3,42,20
TargetOnlyCP,0.3,0.7,0.901840490797546,0.20184049079754607,29.010138368149956,0.5006647830159802,32.092142700204185,9.076871264883223,7.263850752326503,0.48479210867232747,0.0,D4,3,42,20
TransferCal-CP-affine-localsigma,0.1,0.9,0.9079754601226994,0.00797546012269934,31.071128982381655,0.5362339142478796,40.81465866288323,9.273919380252769,7.032190261528962,0.4621802001149893,0.0,D4,3,42,20
TransferCal-CP-affine-localsigma,0.2,0.8,0.8957055214723927,0.09570552147239264,28.49307232572242,0.4917411179630367,34.65706546877933,9.273919380252769,7.032190261528962,0.4621802001149893,0.0,D4,3,42,20
TransferCal-CP-affine-localsigma,0.3,0.7,0.7975460122699386,0.09754601226993864,22.463706759201227,0.38768470276163397,29.778401484082103,9.273919380252769,7.032190261528962,0.4621802001149893,0.0,D4,3,42,20
AdaptiveJackknifeCP,0.05,0.95,1.0,0.050000000000000044,23.25726658973589,0.4013801720945565,23.25726658973589,3.269207747499501,2.4600840124014707,0.9331663479474815,0.0,D4,3,42,20
AdaptiveJackknifeCP,0.1,0.9,0.9877300613496932,0.08773006134969319,21.214017333466217,0.36611722599772073,21.29657030278355,3.269207747499501,2.4600840124014707,0.9331663479474815,0.0009989738464355469,D4,3,42,20
AdaptiveJackknifeCP,0.2,0.8,0.9447852760736196,0.14478527607361957,14.204906947223035,0.24515211076351556,15.114496345292933,3.269207747499501,2.4600840124014707,0.9331663479474815,0.0009996891021728516,D4,3,42,20
AdaptiveJackknifeCP,0.3,0.7,0.8957055214723927,0.19570552147239273,9.498599318128425,0.16392938586558634,11.39677776712132,3.269207747499501,2.4600840124014707,0.9331663479474815,0.0010001659393310547,D4,3,42,20
AdaptiveSplitCP,0.1,0.9,0.9447852760736196,0.044785276073619595,22.351616044617884,0.38575021101317036,24.117535175764214,4.77413164174848,3.4124107055893926,0.8574724123585477,0.0010001659393310547,D4,3,42,20
AdaptiveSplitCP,0.2,0.8,0.8834355828220859,0.08343558282208585,15.79858787760263,0.27265628558266136,19.193993841863144,4.77413164174848,3.4124107055893926,0.8574724123585477,0.0010001659393310547,D4,3,42,20
AdaptiveSplitCP,0.3,0.7,0.8588957055214724,0.15889570552147247,14.804312144792322,0.2554968071372894,17.48572926425527,4.77413164174848,3.4124107055893926,0.8574724123585477,0.0009996891021728516,D4,3,42,20
SplitCP,0.05,0.95,0.12418300653594772,0.8258169934640522,5.188648491774657,0.08954709344415367,299.4749608720975,11.485405355608387,9.829888430840187,0.17809260061082988,0.0,D4,3,42,30
SplitCP,0.1,0.9,0.05228758169934641,0.8477124183006536,3.0629230265443823,0.0528607507147608,169.56359799177898,11.485405355608387,9.829888430840187,0.17809260061082988,0.0,D4,3,42,30
SplitCP,0.2,0.8,0.0196078431372549,0.7803921568627451,1.9457663604841573,0.03358056002039399,90.62067860236628,11.485405355608387,9.829888430840187,0.17809260061082988,0.0009989738464355469,D4,3,42,30
SplitCP,0.3,0.7,0.013071895424836602,0.6869281045751634,1.3180050498873044,0.022746486209120256,62.48789547877925,11.485405355608387,9.829888430840187,0.17809260061082988,0.0,D4,3,42,30
TargetOnlyCP,0.1,0.9,0.8431372549019608,0.056862745098039236,26.73668347809383,0.46142888607602506,38.52254230763838,8.656052331882071,6.635731617950487,0.5331579341068404,0.0,D4,3,42,30
TargetOnlyCP,0.2,0.8,0.7843137254901961,0.015686274509803977,21.46341331134751,0.370421368968927,32.065343549623215,8.656052331882071,6.635731617950487,0.5331579341068404,0.0,D4,3,42,30
TargetOnlyCP,0.3,0.7,0.7843137254901961,0.08431372549019611,20.9942223777721,0.36232394544165764,28.399502684944753,8.656052331882071,6.635731617950487,0.5331579341068404,0.0,D4,3,42,30
TransferCal-CP-affine-localsigma,0.1,0.9,0.9477124183006536,0.047712418300653536,33.05012287265467,0.5703879239285536,39.118214017657635,8.861578919302556,7.001059042264836,0.5107256432767482,0.0,D4,3,42,30
TransferCal-CP-affine-localsigma,0.2,0.8,0.8235294117647058,0.0235294117647058,22.280886992150016,0.38452954997193833,31.060131958938715,8.861578919302556,7.001059042264836,0.5107256432767482,0.0,D4,3,42,30
TransferCal-CP-affine-localsigma,0.3,0.7,0.7124183006535948,0.012418300653594838,18.422101253032952,0.31793358616566814,27.167781511007263,8.861578919302556,7.001059042264836,0.5107256432767482,0.0009999275207519531,D4,3,42,30
AdaptiveJackknifeCP,0.05,0.95,0.9607843137254902,0.010784313725490269,14.88460121014532,0.25688245745627053,16.490343098849937,3.137035667047314,2.4093452966439313,0.9386846589143139,0.0,D4,3,42,30
AdaptiveJackknifeCP,0.1,0.9,0.9281045751633987,0.028104575163398704,12.751275224435233,0.22006494289692835,14.669685209513455,3.137035667047314,2.4093452966439313,0.9386846589143139,0.0,D4,3,42,30
AdaptiveJackknifeCP,0.2,0.8,0.9084967320261438,0.10849673202614374,10.908851045796924,0.1882678900902419,12.583789897147152,3.137035667047314,2.4093452966439313,0.9386846589143139,0.0,D4,3,42,30
AdaptiveJackknifeCP,0.3,0.7,0.8169934640522876,0.11699346405228761,7.526730690112217,0.12989834588041882,10.138021086550758,3.137035667047314,2.4093452966439313,0.9386846589143139,0.0,D4,3,42,30
AdaptiveSplitCP,0.1,0.9,0.9150326797385621,0.015032679738562038,13.73182758411359,0.23698757967184145,17.605239852657398,3.8952703279061787,2.936063400386869,0.9054622110491368,0.0,D4,3,42,30
AdaptiveSplitCP,0.2,0.8,0.8496732026143791,0.04967320261437902,10.747068063711481,0.18547579580259746,14.462742034443895,3.8952703279061787,2.936063400386869,0.9054622110491368,0.0,D4,3,42,30
AdaptiveSplitCP,0.3,0.7,0.8300653594771242,0.13006535947712428,10.184957469376386,0.17577473973825467,12.972177684296385,3.8952703279061787,2.936063400386869,0.9054622110491368,0.0,D4,3,42,30
SplitCP,0.05,0.95,0.12781954887218044,0.8221804511278195,5.188648491774656,0.08954709344415365,297.68905973510533,11.453052020567142,9.76767265192069,0.14216249136622272,0.0,D4,3,42,50
SplitCP,0.1,0.9,0.06015037593984962,0.8398496240601504,3.0629230265443823,0.0528607507147608,168.63526832772106,11.453052020567142,9.76767265192069,0.14216249136622272,0.0,D4,3,42,50
SplitCP,0.2,0.8,0.03759398496240601,0.762406015037594,1.9457663604841573,0.03358056002039399,90.07643021439512,11.453052020567142,9.76767265192069,0.14216249136622272,0.0009987354278564453,D4,3,42,50
SplitCP,0.3,0.7,0.022556390977443608,0.6774436090225564,1.3180050498873044,0.022746486209120256,62.08888973944012,11.453052020567142,9.76767265192069,0.14216249136622272,0.0,D4,3,42,50
TargetOnlyCP,0.05,0.95,1.0,0.050000000000000044,39.56736514883275,0.6828642468146123,39.56736514883275,7.742693194025089,6.245521745756072,0.6079452985348688,0.0,D4,3,42,50
TargetOnlyCP,0.1,0.9,0.9924812030075187,0.09248120300751872,38.039266656436574,0.6564919113774763,38.05886604701359,7.742693194025089,6.245521745756072,0.6079452985348688,0.0,D4,3,42,50
TargetOnlyCP,0.2,0.8,0.6992481203007519,0.10075187969924815,16.12858975721177,0.27835154692035874,28.40339315131328,7.742693194025089,6.245521745756072,0.6079452985348688,0.0,D4,3,42,50
TargetOnlyCP,0.3,0.7,0.6842105263157895,0.015789473684210464,14.942444138970274,0.2578807263042726,24.34476011173464,7.742693194025089,6.245521745756072,0.6079452985348688,0.0,D4,3,42,50
TransferCal-CP-affine-localsigma,0.05,0.95,0.9849624060150376,0.03496240601503764,44.24008846239818,0.7635073645478401,46.16299093028635,8.629210677392853,6.8920765115521085,0.5130271942264643,0.0,D4,3,42,50
TransferCal-CP-affine-localsigma,0.1,0.9,0.9548872180451128,0.05488721804511276,33.51179926605774,0.5783556594971825,37.708762030518685,8.629210677392853,6.8920765115521085,0.5130271942264643,0.0,D4,3,42,50
TransferCal-CP-affine-localsigma,0.2,0.8,0.8120300751879699,0.012030075187969835,22.329649176446352,0.38537110088459836,30.005912625864894,8.629210677392853,6.8920765115521085,0.5130271942264643,0.0,D4,3,42,50
TransferCal-CP-affine-localsigma,0.3,0.7,0.7593984962406015,0.05939849624060156,19.69045812697974,0.33982323077965526,26.63864347044531,8.629210677392853,6.8920765115521085,0.5130271942264643,0.0,D4,3,42,50
AdaptiveJackknifeCP,0.05,0.95,0.9774436090225563,0.02744360902255638,14.545408252081126,0.25102857401060574,15.730471879985307,3.29986871388034,2.66832728911467,0.9287875564078376,0.0,D4,3,42,50
AdaptiveJackknifeCP,0.1,0.9,0.8947368421052632,0.0052631578947368585,10.997888197439325,0.18980451723905775,13.697113113816014,3.29986871388034,2.66832728911467,0.9287875564078376,0.0009999275207519531,D4,3,42,50
AdaptiveJackknifeCP,0.2,0.8,0.7894736842105263,0.010526315789473717,8.056589278509453,0.13904278813789894,11.452830390612727,3.29986871388034,2.66832728911467,0.9287875564078376,0.0,D4,3,42,50
AdaptiveJackknifeCP,0.3,0.7,0.7819548872180451,0.08195488721804511,7.666866664614133,0.1323168502796865,10.208979176670713,3.29986871388034,2.66832728911467,0.9287875564078376,0.0,D4,3,42,50
AdaptiveSplitCP,0.05,0.95,0.9624060150375939,0.012406015037593976,13.262584222544119,0.22888925132812693,15.33000251590241,3.088145874387621,2.482483976305287,0.9376325225367302,0.0,D4,3,42,50
AdaptiveSplitCP,0.1,0.9,0.9624060150375939,0.06240601503759391,13.168181128367472,0.22726001729752063,14.237380160075432,3.088145874387621,2.482483976305287,0.9376325225367302,0.0,D4,3,42,50
AdaptiveSplitCP,0.2,0.8,0.8571428571428571,0.05714285714285705,8.521680557911884,0.14706945872904278,11.0879857014764,3.088145874387621,2.482483976305287,0.9376325225367302,0.0,D4,3,42,50
AdaptiveSplitCP,0.3,0.7,0.7894736842105263,0.08947368421052637,7.251123268009464,0.12514183874372198,9.70265607237663,3.088145874387621,2.482483976305287,0.9376325225367302,0.0,D4,3,42,50
SplitCP,0.1,0.9,0.0721205597416577,0.8278794402583424,2.6396976585030245,0.034582702189927914,174.79873501725345,11.951293292174714,9.880794868643715,0.48109766682917954,0.00099945068359375,D1,0,43,10
SplitCP,0.2,0.8,0.0527448869752422,0.7472551130247579,1.9891160112600519,0.026059426319919532,91.1201644730111,11.951293292174714,9.880794868643715,0.48109766682917954,0.0009996891021728516,D1,0,43,10
SplitCP,0.3,0.7,0.02691065662002153,0.6730893433799784,1.016299132857256,0.013314543858562958,63.54820096215356,11.951293292174714,9.880794868643715,0.48109766682917954,0.0009999275207519531,D1,0,43,10
TargetOnlyCP,0.1,0.9,0.9666307857911733,0.06663078579117332,75.79999999999998,0.9930564652177313,79.11517761033367,16.947445308239836,13.495909580193757,-0.04343234894405246,0.0,D1,0,43,10
TargetOnlyCP,0.2,0.8,0.9515608180839612,0.15156081808396116,68.34,0.8953229397490735,71.50533907427341,16.947445308239836,13.495909580193757,-0.04343234894405246,0.0,D1,0,43,10
TargetOnlyCP,0.3,0.7,0.7922497308934338,0.0922497308934338,42.39999999999999,0.5554827721006834,53.39555077143881,16.947445308239836,13.495909580193757,-0.04343234894405246,0.0,D1,0,43,10
TransferCal-CP-affine-localsigma,0.1,0.9,0.9795479009687836,0.07954790096878361,76.38581798330759,1.0007312717581591,78.21030388988561,16.82480236295569,13.452583529880823,-0.028385056837760825,0.0019998550415039062,D1,0,43,10
TransferCal-CP-affine-localsigma,0.2,0.8,0.9192680301399354,0.11926803013993537,59.01859793429841,0.7732031694820698,63.99453751212615,16.82480236295569,13.452583529880823,-0.028385056837760825,0.0010004043579101562,D1,0,43,10
TransferCal-CP-affine-localsigma,0.3,0.7,0.9192680301399354,0.21926803013993545,59.01246299441538,0.7731227955808222,62.3314069989063,16.82480236295569,13.452583529880823,-0.028385056837760825,0.0009999275207519531,D1,0,43,10
AdaptiveJackknifeCP,0.1,0.9,1.0,0.09999999999999998,260.4037749211852,3.411552140535434,260.4037749211852,18.682450827246893,14.435955689590855,-0.2680124286444896,0.0009982585906982422,D1,0,43,10
AdaptiveJackknifeCP,0.2,0.8,0.9321851453175457,0.13218514531754566,69.89306489917965,0.9156696566228607,76.94440324348827,18.682450827246893,14.435955689590855,-0.2680124286444896,0.0019996166229248047,D1,0,43,10
AdaptiveJackknifeCP,0.3,0.7,0.9138858988159311,0.21388589881593112,65.13044654038798,0.8532745517077851,71.07857008495728,18.682450827246893,14.435955689590855,-0.2680124286444896,0.0009999275207519531,D1,0,43,10
AdaptiveSplitCP,0.1,0.9,0.9666307857911733,0.06663078579117332,75.79999999999998,0.9930564652177313,79.11517761033367,16.947445308239836,13.495909580193757,-0.04343234894405246,0.0010001659393310547,D1,0,43,10
AdaptiveSplitCP,0.2,0.8,0.9515608180839612,0.15156081808396116,68.34,0.8953229397490735,71.50533907427341,16.947445308239836,13.495909580193757,-0.04343234894405246,0.0009999275207519531,D1,0,43,10
AdaptiveSplitCP,0.3,0.7,0.7922497308934338,0.0922497308934338,42.39999999999999,0.5554827721006834,53.39555077143881,16.947445308239836,13.495909580193757,-0.04343234894405246,0.0010001659393310547,D1,0,43,10
SplitCP,0.1,0.9,0.06818181818181818,0.8318181818181818,2.639697658503024,0.03458270218992791,175.63830768457973,11.973295014717394,9.925828892369198,0.4759199505264613,0.0009989738464355469,D1,0,43,15
SplitCP,0.2,0.8,0.049783549783549784,0.7502164502164502,1.9891160112600514,0.026059426319919525,91.55045630420818,11.973295014717394,9.925828892369198,0.4759199505264613,0.001999378204345703,D1,0,43,15
SplitCP,0.3,0.7,0.024891774891774892,0.6751082251082251,1.016299132857256,0.013314543858562958,63.844421259331334,11.973295014717394,9.925828892369198,0.4759199505264613,0.0009996891021728516,D1,0,43,15
TargetOnlyCP,0.1,0.9,0.9231601731601732,0.02316017316017316,63.00471081795128,0.8254252693527713,129.14413402787775,25.66393853906377,14.718502004702982,-1.4077803937558229,0.0,D1,0,43,15
TargetOnlyCP,0.2,0.8,0.8777056277056277,0.07770562770562761,48.3466046438874,0.6333892917274141,88.18795677306431,25.66393853906377,14.718502004702982,-1.4077803937558229,0.0,D1,0,43,15
TargetOnlyCP,0.3,0.7,0.7727272727272727,0.07272727272727275,34.073203701377224,0.44639334071679937,68.65487385279692,25.66393853906377,14.718502004702982,-1.4077803937558229,0.0,D1,0,43,15
TransferCal-CP-affine-localsigma,0.1,0.9,0.9761904761904762,0.07619047619047614,53.20806464171734,0.6970793218229603,55.40816249614557,13.429105073469634,11.248332730224918,0.34072834420036224,0.0010001659393310547,D1,0,43,15
TransferCal-CP-affine-localsigma,0.2,0.8,0.7965367965367965,0.0034632034632035014,34.94741876033106,0.4578464398762295,44.73098461030938,13.429105073469634,11.248332730224918,0.34072834420036224,0.0010001659393310547,D1,0,43,15
TransferCal-CP-affine-localsigma,0.3,0.7,0.7683982683982684,0.06839826839826846,33.279366329263496,0.43599327033805274,41.011772721611884,13.429105073469634,11.248332730224918,0.34072834420036224,0.0009999275207519531,D1,0,43,15
AdaptiveJackknifeCP,0.1,0.9,0.9794372294372294,0.07943722943722942,64.4980030841408,0.8449889044371928,67.0929025087913,14.590726903514065,11.800954778685648,0.22174105995647386,0.0010008811950683594,D1,0,43,15
AdaptiveJackknifeCP,0.2,0.8,0.8831168831168831,0.08311688311688303,46.098524125209636,0.603937169123153,52.68177942160248,14.590726903514065,11.800954778685648,0.22174105995647386,0.00099945068359375,D1,0,43,15
AdaptiveJackknifeCP,0.3,0.7,0.7619047619047619,0.06190476190476191,34.70686767179774,0.45469497795428787,45.48118396211136,14.590726903514065,11.800954778685648,0.22174105995647386,0.0009999275207519531,D1,0,43,15
AdaptiveSplitCP,0.1,0.9,0.8127705627705628,0.08722943722943721,45.70978052471161,0.5988442358014303,79.39723681451852,17.34331745403815,13.349870387780234,-0.09959968745947112,0.0010006427764892578,D1,0,43,15
AdaptiveSplitCP,0.2,0.8,0.7932900432900433,0.006709956709956777,43.488547102999995,0.5697438372501318,62.49438434453097,17.34331745403815,13.349870387780234,-0.09959968745947112,0.0010001659393310547,D1,0,43,15
AdaptiveSplitCP,0.3,0.7,0.7316017316017316,0.03160173160173163,35.87148562393083,0.4699526479658235,54.389212138540735,17.34331745403815,13.349870387780234,-0.09959968745947112,0.0,D1,0,43,15
SplitCP,0.05,0.95,0.10010881392818281,0.8498911860718171,3.4092418383080703,0.04466450724304239,334.47556349408507,11.977313193867916,9.899783334831268,0.47659475063098233,0.0009989738464355469,D1,0,43,20
SplitCP,0.1,0.9,0.07290533188248095,0.8270946681175191,2.6396976585030245,0.034582702189927914,175.1887341187075,11.977313193867916,9.899783334831268,0.47659475063098233,0.0009999275207519531,D1,0,43,20
SplitCP,0.2,0.8,0.05331882480957562,0.7466811751904244,1.9891160112600517,0.02605942631991953,91.31297274567676,11.977313193867916,9.899783334831268,0.47659475063098233,0.0020003318786621094,D1,0,43,20
SplitCP,0.3,0.7,0.02720348204570185,0.6727965179542981,1.016299132857256,0.013314543858562958,63.67530868901721,11.977313193867916,9.899783334831268,0.47659475063098233,0.0010004043579101562,D1,0,43,20
TargetOnlyCP,0.1,0.9,0.9912948857453754,0.09129488574537536,241.8144926300952,3.1680137901010754,242.65423369540747,23.649052341286936,13.588471087207799,-1.040547679078176,0.00099945068359375,D1,0,43,20
TargetOnlyCP,0.2,0.8,0.9499455930359086,0.1499455930359086,97.95197528323418,1.2832696878082208,116.08532256728316,23.649052341286936,13.588471087207799,-1.040547679078176,0.0,D1,0,43,20
TargetOnlyCP,0.3,0.7,0.9009793253536452,0.20097932535364527,51.608575474219116,0.6761244002025137,73.56782107972087,23.649052341286936,13.588471087207799,-1.040547679078176,0.0,D1,0,43,20
TransferCal-CP-affine-localsigma,0.1,0.9,0.940152339499456,0.04015233949945596,44.237985212614795,0.5795622325012338,50.05263910171142,11.735199705080788,9.297280745592428,0.4975414610057469,0.0010001659393310547,D1,0,43,20
TransferCal-CP-affine-localsigma,0.2,0.8,0.7366702937976061,0.06332970620239398,25.658031659776043,0.3361460979485731,42.002748155356656,11.735199705080788,9.297280745592428,0.4975414610057469,0.0010004043579101562,D1,0,43,20
TransferCal-CP-affine-localsigma,0.3,0.7,0.7105549510337323,0.010554951033732385,23.847484273231295,0.3124261007481598,36.41595680344141,11.735199705080788,9.297280745592428,0.4975414610057469,0.0010025501251220703,D1,0,43,20
AdaptiveJackknifeCP,0.05,0.95,0.9902067464635473,0.04020674646354738,61.691097022397145,0.8082156034889951,64.41626113971591,11.840699170779976,9.175979540123917,0.4884666459669267,0.0009996891021728516,D1,0,43,20
AdaptiveJackknifeCP,0.1,0.9,0.9075081610446137,0.007508161044613715,41.33161473055349,0.541485847309559,50.80361101469621,11.840699170779976,9.175979540123917,0.4884666459669267,0.0009999275207519531,D1,0,43,20
AdaptiveJackknifeCP,0.2,0.8,0.8846572361262242,0.08465723612622411,37.440219859528774,0.4905046489535403,44.17372251133984,11.840699170779976,9.175979540123917,0.4884666459669267,0.0010008811950683594,D1,0,43,20
AdaptiveJackknifeCP,0.3,0.7,0.8509249183895539,0.1509249183895539,33.866317456254535,0.44368292220382166,39.94975016753682,11.840699170779976,9.175979540123917,0.4884666459669267,0.0009996891021728516,D1,0,43,20
AdaptiveSplitCP,0.1,0.9,0.9978237214363439,0.09782372143634388,272.47680341252317,3.5697209927528624,272.614938589733,24.425571333160345,14.141048035408915,-1.176750855898586,0.0010001659393310547,D1,0,43,20
AdaptiveSplitCP,0.2,0.8,0.9488574537540805,0.14885745375408044,83.51504360774562,1.0941313192297173,106.72483458988704,24.425571333160345,14.141048035408915,-1.176750855898586,0.0019998550415039062,D1,0,43,20
AdaptiveSplitCP,0.3,0.7,0.9303590859630033,0.23035908596300336,64.58118289878072,0.8460786439187731,83.71648685278322,24.425571333160345,14.141048035408915,-1.176750855898586,0.0019998550415039062,D1,0,43,20
SplitCP,0.05,0.95,0.09900990099009901,0.850990099009901,3.40924183830807,0.044664507243042384,333.98908495173686,11.940855226783562,9.88723246578215,0.48334049209428676,0.0009987354278564453,D1,0,43,30
SplitCP,0.1,0.9,0.0737073707370737,0.8262926292629263,2.6396976585030245,0.034582702189927914,174.94817159304534,11.940855226783562,9.88723246578215,0.48334049209428676,0.0010006427764892578,D1,0,43,30
SplitCP,0.2,0.8,0.0539053905390539,0.7460946094609462,1.9891160112600517,0.02605942631991953,91.19045199184568,11.940855226783562,9.88723246578215,0.48334049209428676,0.0019996166229248047,D1,0,43,30
SplitCP,0.3,0.7,0.027502750275027504,0.6724972497249725,1.016299132857256,0.013314543858562958,63.59216557705948,11.940855226783562,9.88723246578215,0.48334049209428676,0.0009992122650146484,D1,0,43,30
TargetOnlyCP,0.1,0.9,0.9988998899889989,0.0988998899889989,130.72143714645182,1.7125826952617058,130.80633667196003,18.870033163353597,15.122768044978933,-0.29026491185938563,0.0,D1,0,43,30
TargetOnlyCP,0.2,0.8,0.8162816281628162,0.016281628162816197,50.58545781742659,0.6627205268020357,65.04885469975005,18.870033163353597,15.122768044978933,-0.29026491185938563,0.0,D1,0,43,30
TargetOnlyCP,0.3,0.7,0.7909790979097909,0.09097909790979097,48.374828492563886,0.633759052616616,59.46039856158161,18.870033163353597,15.122768044978933,-0.29026491185938563,0.0,D1,0,43,30
TransferCal-CP-affine-localsigma,0.1,0.9,0.9537953795379538,0.05379537953795377,45.949086990357614,0.6019793919080024,50.243581966667016,12.52364622205842,10.430900269256227,0.4316771183916194,0.0010004043579101562,D1,0,43,30
TransferCal-CP-affine-localsigma,0.2,0.8,0.8734873487348734,0.07348734873487339,37.107820121448505,0.48614987706782403,42.73759370671307,12.52364622205842,10.430900269256227,0.4316771183916194,0.0009996891021728516,D1,0,43,30
TransferCal-CP-affine-localsigma,0.3,0.7,0.8041804180418042,0.10418041804180422,32.848246818216516,0.4303451698403389,38.77840157346298,12.52364622205842,10.430900269256227,0.4316771183916194,0.0010008811950683594,D1,0,43,30
AdaptiveJackknifeCP,0.05,0.95,1.0,0.050000000000000044,89.14248781130127,1.1678565151267222,89.14248781130127,11.82805733921771,9.739194735403942,0.4930555152412366,0.0010008811950683594,D1,0,43,30
AdaptiveJackknifeCP,0.1,0.9,0.9900990099009901,0.09009900990099007,56.605581189073035,0.7415902159263349,57.43042802582784,11.82805733921771,9.739194735403942,0.4930555152412366,0.0009999275207519531,D1,0,43,30
AdaptiveJackknifeCP,0.2,0.8,0.9746974697469747,0.17469746974697464,48.85296378799251,0.6400231073181224,49.90545205322136,11.82805733921771,9.739194735403942,0.4930555152412366,0.002000093460083008,D1,0,43,30
AdaptiveJackknifeCP,0.3,0.7,0.9185918591859186,0.2185918591859186,40.28637128883095,0.5277921038065378,42.215555978963025,11.82805733921771,9.739194735403942,0.4930555152412366,0.0009999275207519531,D1,0,43,30
AdaptiveSplitCP,0.1,0.9,0.9867986798679867,0.08679867986798673,89.80282088563638,1.1765075445286428,90.5926450161348,18.178992568204563,14.928774303511307,-0.19749355408906832,0.0010001659393310547,D1,0,43,30
AdaptiveSplitCP,0.2,0.8,0.9306930693069307,0.1306930693069307,64.7696437525982,0.8485476712185606,69.09076577569978,18.178992568204563,14.928774303511307,-0.19749355408906832,0.0010004043579101562,D1,0,43,30
AdaptiveSplitCP,0.3,0.7,0.8052805280528053,0.1052805280528053,46.715043046768294,0.6120141889250381,56.97127219371406,18.178992568204563,14.928774303511307,-0.19749355408906832,0.0019996166229248047,D1,0,43,30
SplitCP,0.05,0.95,0.09561304836895389,0.854386951631046,3.4092418383080703,0.045167485928145144,337.4964461885023,12.048000176752442,9.978577541089091,0.4745866782531707,0.0010001659393310547,D1,0,43,50
SplitCP,0.1,0.9,0.06974128233970754,0.8302587176602925,2.6396976585030245,0.034972147034357484,176.7331193080593,12.048000176752442,9.978577541089091,0.4745866782531707,0.0009999275207519531,D1,0,43,50
SplitCP,0.2,0.8,0.05061867266591676,0.7493813273340832,1.9891160112600517,0.02635288832798785,92.09482168906676,12.048000176752442,9.978577541089091,0.4745866782531707,0.0010001659393310547,D1,0,43,50
SplitCP,0.3,0.7,0.02699662542182227,0.6730033745781777,1.016299132857256,0.013464482415508891,64.20005285536874,12.048000176752442,9.978577541089091,0.4745866782531707,0.001001119613647461,D1,0,43,50
TargetOnlyCP,0.05,0.95,1.0,0.050000000000000044,259.56960793528015,3.43891902359421,259.56960793528015,23.32532867116248,13.487013595459327,-0.9693671688876346,0.0,D1,0,43,50
TargetOnlyCP,0.1,0.9,0.9437570303712036,0.0437570303712036,78.98093703131913,1.0463823134718508,124.66140010852315,23.32532867116248,13.487013595459327,-0.9693671688876346,0.0,D1,0,43,50
TargetOnlyCP,0.2,0.8,0.8571428571428571,0.05714285714285705,42.08967266755484,0.5576268238205958,80.23642524636904,23.32532867116248,13.487013595459327,-0.9693671688876346,0.0,D1,0,43,50
TargetOnlyCP,0.3,0.7,0.8188976377952756,0.11889763779527562,35.22570441873171,0.46668924766911524,64.35391416824636,23.32532867116248,13.487013595459327,-0.9693671688876346,0.0,D1,0,43,50
TransferCal-CP-affine-localsigma,0.05,0.95,0.9583802024746907,0.008380202474690734,48.794241593649545,0.6464525912451645,56.2613632242489,12.03174844754431,9.677038982692892,0.4760031981392119,0.0010006427764892578,D1,0,43,50
TransferCal-CP-affine-localsigma,0.1,0.9,0.9381327334083239,0.038132733408323904,43.54793538607527,0.5769466796542899,50.02885739649862,12.03174844754431,9.677038982692892,0.4760031981392119,0.002000093460083008,D1,0,43,50
TransferCal-CP-affine-localsigma,0.2,0.8,0.7840269966254219,0.015973003374578187,29.31465516243617,0.388376459440281,41.93444269556585,12.03174844754431,9.677038982692892,0.4760031981392119,0.0010001659393310547,D1,0,43,50
TransferCal-CP-affine-localsigma,0.3,0.7,0.7334083239595051,0.033408323959505104,26.45240356659088,0.3504557970732157,37.12837364050949,12.03174844754431,9.677038982692892,0.4760031981392119,0.0010001659393310547,D1,0,43,50
AdaptiveJackknifeCP,0.05,0.95,0.9617547806524185,0.011754780652418528,45.20419165787586,0.5988896615247346,51.48800854806664,11.595941375331439,9.594411738467906,0.5132755402882145,0.0010001659393310547,D1,0,43,50
AdaptiveJackknifeCP,0.1,0.9,0.8672665916760405,0.032733408323959545,33.58975356176844,0.4450152829533425,45.901253204597936,11.595941375331439,9.594411738467906,0.5132755402882145,0.0010008811950683594,D1,0,43,50
AdaptiveJackknifeCP,0.2,0.8,0.7851518560179978,0.014848143982002293,29.353986373273752,0.3888975406648752,39.16943290667487,11.595941375331439,9.594411738467906,0.5132755402882145,0.00099945068359375,D1,0,43,50
AdaptiveJackknifeCP,0.3,0.7,0.6490438695163104,0.05095613048368952,23.553330929448567,0.3120473095697946,35.37944949165021,11.595941375331439,9.594411738467906,0.5132755402882145,0.0009996891021728516,D1,0,43,50
AdaptiveSplitCP,0.05,0.95,0.9955005624296963,0.045500562429696356,62.61207897808742,0.829518799281826,63.623435441992456,11.38412964190337,9.210333151034824,0.5308941863222523,0.0010006427764892578,D1,0,43,50
AdaptiveSplitCP,0.1,0.9,0.9775028121484814,0.07750281214848143,50.00511370365672,0.6624948820486456,51.858150929581015,11.38412964190337,9.210333151034824,0.5308941863222523,0.0010001659393310547,D1,0,43,50
AdaptiveSplitCP,0.2,0.8,0.7412823397075365,0.0587176602924635,26.83070442664541,0.35546773215541516,39.67529090897028,11.38412964190337,9.210333151034824,0.5308941863222523,0.0010001659393310547,D1,0,43,50
AdaptiveSplitCP,0.3,0.7,0.703037120359955,0.00303712035995507,25.052724658800173,0.3319120913550749,35.25315736643883,11.38412964190337,9.210333151034824,0.5308941863222523,0.0010001659393310547,D1,0,43,50
SplitCP,0.1,0.9,0.0,0.9,3.320816521230597,0.08032937882020569,331.75586404682247,18.98277990586202,18.082160636894894,-5.031168609674407,0.0010004043579101562,D2,1,43,10
SplitCP,0.2,0.8,0.0,0.8,2.10552399617751,0.050931881849738535,172.39951038423888,18.98277990586202,18.082160636894894,-5.031168609674407,0.0,D2,1,43,10
SplitCP,0.3,0.7,0.0,0.7,1.3468016056763332,0.03257865518506402,117.40520049938786,18.98277990586202,18.082160636894894,-5.031168609674407,0.0,D2,1,43,10
TargetOnlyCP,0.1,0.9,0.967741935483871,0.06774193548387097,35.579999999999984,0.860667634044347,38.231612903225795,8.290931306884882,6.418709677419355,-0.15050491666615295,0.0,D2,1,43,10
TargetOnlyCP,0.2,0.8,0.967741935483871,0.16774193548387095,35.039999999999985,0.8476052247586824,36.45290322580644,8.290931306884882,6.418709677419355,-0.15050491666615295,0.0,D2,1,43,10
TargetOnlyCP,0.3,0.7,0.8709677419354839,0.17096774193548392,26.219999999999985,0.6342525397594934,29.523225806451613,8.290931306884882,6.418709677419355,-0.15050491666615295,0.00099945068359375,D2,1,43,10
TransferCal-CP-affine-localsigma,0.1,0.9,0.8709677419354839,0.029032258064516148,64.4647230171047,1.5593788824748647,77.53488624894543,22.161955009338016,19.038640610206887,-7.220495254365037,0.0,D2,1,43,10
TransferCal-CP-affine-localsigma,0.2,0.8,0.7741935483870968,0.02580645161290329,56.26266138303103,1.3609739083072396,69.86154588585454,22.161955009338016,19.038640610206887,-7.220495254365037,0.0010001659393310547,D2,1,43,10
TransferCal-CP-affine-localsigma,0.3,0.7,0.7204301075268817,0.02043010752688179,54.372097067281565,1.315241825208736,64.99531070166697,22.161955009338016,19.038640610206887,-7.220495254365037,0.0,D2,1,43,10
AdaptiveJackknifeCP,0.1,0.9,0.7741935483870968,0.12580645161290327,12.203838784053914,0.29520655009922225,25.772134593213192,5.480125569178004,4.367801396515848,0.49735326620555675,0.0,D2,1,43,10
AdaptiveJackknifeCP,0.2,0.8,0.7526881720430108,0.047311827956989294,11.760141650956069,0.2844736731521851,19.074358607053476,5.480125569178004,4.367801396515848,0.49735326620555675,0.0,D2,1,43,10
AdaptiveJackknifeCP,0.3,0.7,0.5161290322580645,0.18387096774193545,8.064547480809452,0.19507855536668275,17.84380092270712,5.480125569178004,4.367801396515848,0.49735326620555675,0.0009999275207519531,D2,1,43,10
AdaptiveSplitCP,0.1,0.9,0.967741935483871,0.06774193548387097,35.579999999999984,0.860667634044347,38.231612903225795,8.290931306884882,6.418709677419355,-0.15050491666615295,0.0010006427764892578,D2,1,43,10
AdaptiveSplitCP,0.2,0.8,0.967741935483871,0.16774193548387095,35.039999999999985,0.8476052247586824,36.45290322580644,8.290931306884882,6.418709677419355,-0.15050491666615295,0.0,D2,1,43,10
AdaptiveSplitCP,0.3,0.7,0.8709677419354839,0.17096774193548392,26.219999999999985,0.6342525397594934,29.523225806451613,8.290931306884882,6.418709677419355,-0.15050491666615295,0.0,D2,1,43,10
SplitCP,0.1,0.9,0.0,0.9,3.320816521230597,0.08032937882020569,330.91986594033875,18.953577719137098,18.040360731570708,-4.74329476472964,0.0009996891021728516,D2,1,43,15
SplitCP,0.2,0.8,0.0,0.8,2.10552399617751,0.050931881849738535,171.98151133099702,18.953577719137098,18.040360731570708,-4.74329476472964,0.0,D2,1,43,15
SplitCP,0.3,0.7,0.0,0.7,1.3468016056763332,0.03257865518506402,117.12653446389326,18.953577719137098,18.040360731570708,-4.74329476472964,0.0,D2,1,43,15
TargetOnlyCP,0.1,0.9,0.8977272727272727,0.002272727272727315,19.15397138456864,0.46332780309471117,24.37025247092137,6.139986440846001,4.969127324664977,0.39728287733919776,0.0010001659393310547,D2,1,43,15
TargetOnlyCP,0.2,0.8,0.75,0.050000000000000044,14.57664043312797,0.3526037839768246,21.07089954571658,6.139986440846001,4.969127324664977,0.39728287733919776,0.0,D2,1,43,15
TargetOnlyCP,0.3,0.7,0.6931818181818182,0.006818181818181723,13.140948175857675,0.31787489532363145,18.859517440000026,6.139986440846001,4.969127324664977,0.39728287733919776,0.0,D2,1,43,15
TransferCal-CP-affine-localsigma,0.1,0.9,0.8181818181818182,0.08181818181818179,17.365095746113024,0.4200555331860781,27.58709756092687,6.137497890703172,4.776800866975669,0.39777134350810384,0.0010001659393310547,D2,1,43,15
TransferCal-CP-affine-localsigma,0.2,0.8,0.8181818181818182,0.018181818181818188,16.837492979388376,0.4072930085949551,22.42813276563589,6.137497890703172,4.776800866975669,0.39777134350810384,0.0,D2,1,43,15
TransferCal-CP-affine-localsigma,0.3,0.7,0.7045454545454546,0.00454545454545463,12.44065683645137,0.3009350951485732,19.648226923477317,6.137497890703172,4.776800866975669,0.39777134350810384,0.0,D2,1,43,15
AdaptiveJackknifeCP,0.1,0.9,0.9431818181818182,0.04318181818181821,19.517815222901508,0.4721290570435466,23.24311696263496,5.077789179457232,3.894625643173167,0.5877809700017961,0.0,D2,1,43,15
AdaptiveJackknifeCP,0.2,0.8,0.8863636363636364,0.08636363636363631,15.695891821754127,0.3796780797764234,19.10712156897784,5.077789179457232,3.894625643173167,0.5877809700017961,0.0,D2,1,43,15
AdaptiveJackknifeCP,0.3,0.7,0.7727272727272727,0.07272727272727275,10.945704734461685,0.2647727317806956,16.022252760377988,5.077789179457232,3.894625643173167,0.5877809700017961,0.0,D2,1,43,15
AdaptiveSplitCP,0.1,0.9,0.9204545454545454,0.020454545454545392,22.159605692024087,0.5360330354780782,26.661668425849815,6.364511179818007,4.929053511570871,0.3523970583424967,0.0,D2,1,43,15
AdaptiveSplitCP,0.2,0.8,0.9090909090909091,0.10909090909090902,21.36427370534986,0.5167942356115606,23.957211930002792,6.364511179818007,4.929053511570871,0.3523970583424967,0.0009996891021728516,D2,1,43,15
AdaptiveSplitCP,0.3,0.7,0.6477272727272727,0.05227272727272725,11.735282931141187,0.2838723494993339,20.285219600572862,6.364511179818007,4.929053511570871,0.3523970583424967,0.0,D2,1,43,15
SplitCP,0.05,0.95,0.0,0.95,4.014748259940164,0.11321907103237376,645.5672794560594,18.78823890588028,18.046187409873063,-5.644329243178673,0.0,D2,1,43,20
SplitCP,0.1,0.9,0.0,0.9,3.320816521230597,0.0936496480624394,331.03639950638586,18.78823890588028,18.046187409873063,-5.644329243178673,0.0,D2,1,43,20
SplitCP,0.2,0.8,0.0,0.8,2.10552399617751,0.05937743924376018,172.03977811402055,18.78823890588028,18.046187409873063,-5.644329243178673,0.0009996891021728516,D2,1,43,20
SplitCP,0.3,0.7,0.0,0.7,1.3468016056763332,0.03798086873368654,117.16537898590897,18.78823890588028,18.046187409873063,-5.644329243178673,0.0,D2,1,43,20
TargetOnlyCP,0.1,0.9,0.9879518072289156,0.0879518072289156,29.515965838624542,0.8323735428736834,30.11250246871445,6.01945947252693,5.018796895460868,0.31798490577419936,0.0,D2,1,43,20
TargetOnlyCP,0.2,0.8,0.9879518072289156,0.18795180722891558,26.642858440559557,0.7513496456019759,27.114205514524087,6.01945947252693,5.018796895460868,0.31798490577419936,0.00099945068359375,D2,1,43,20
TargetOnlyCP,0.3,0.7,0.9518072289156626,0.25180722891566265,22.649987136150727,0.6387475219899396,23.317713395910076,6.01945947252693,5.018796895460868,0.31798490577419936,0.0,D2,1,43,20
TransferCal-CP-affine-localsigma,0.1,0.9,1.0,0.09999999999999998,31.328435998303444,0.8834866325287248,31.328435998303444,6.534026520836937,5.156981084890101,0.19639841871876507,0.0009999275207519531,D2,1,43,20
TransferCal-CP-affine-localsigma,0.2,0.8,0.8433734939759037,0.04337349397590362,20.453703538816615,0.5768105903284972,23.6109677239068,6.534026520836937,5.156981084890101,0.19639841871876507,0.0,D2,1,43,20
TransferCal-CP-affine-localsigma,0.3,0.7,0.7228915662650602,0.02289156626506028,15.321841857302989,0.43208803871917967,20.99470534557303,6.534026520836937,5.156981084890101,0.19639841871876507,0.0,D2,1,43,20
AdaptiveJackknifeCP,0.05,0.95,1.0,0.050000000000000044,35.56646744162919,1.0030024656401346,35.56646744162919,4.569698084259792,3.4964239119773604,0.6069443784290028,0.0009992122650146484,D2,1,43,20
AdaptiveJackknifeCP,0.1,0.9,0.9759036144578314,0.07590361445783134,23.916791938906243,0.6744724177146509,24.426534226477024,4.569698084259792,3.4964239119773604,0.6069443784290028,0.0,D2,1,43,20
AdaptiveJackknifeCP,0.2,0.8,0.9397590361445783,0.1397590361445783,18.459352873872657,0.5205683268095594,19.852164164355653,4.569698084259792,3.4964239119773604,0.6069443784290028,0.0010006427764892578,D2,1,43,20
AdaptiveJackknifeCP,0.3,0.7,0.9156626506024096,0.21566265060240963,16.652269109085594,0.46960713774364143,17.955487960000386,4.569698084259792,3.4964239119773604,0.6069443784290028,0.00099945068359375,D2,1,43,20
AdaptiveSplitCP,0.1,0.9,0.963855421686747,0.06385542168674696,36.42091850116002,1.0270986602055565,43.76499694308884,9.45454050504478,7.251904662461193,-0.6825185087898658,0.0,D2,1,43,20
AdaptiveSplitCP,0.2,0.8,0.891566265060241,0.0915662650602409,27.2273454465404,0.7678326406898499,34.6589340871187,9.45454050504478,7.251904662461193,-0.6825185087898658,0.0,D2,1,43,20
AdaptiveSplitCP,0.3,0.7,0.8433734939759037,0.1433734939759037,25.42077520367301,0.7168859333475509,31.178208170981737,9.45454050504478,7.251904662461193,-0.6825185087898658,0.00099945068359375,D2,1,43,20
SplitCP,0.05,0.95,0.0,0.95,4.014748259940163,0.09969576009295271,655.6538455216441,19.181384550454435,18.298351561512682,-5.493662053647242,0.0,D2,1,43,30
SplitCP,0.1,0.9,0.0,0.9,3.320816521230597,0.08246378247841965,336.0796825391782,19.181384550454435,18.298351561512682,-5.493662053647242,0.0,D2,1,43,30
SplitCP,0.2,0.8,0.0,0.8,2.10552399617751,0.05228517496038387,174.56141963041676,19.181384550454435,18.298351561512682,-5.493662053647242,0.0,D2,1,43,30
SplitCP,0.3,0.7,0.0,0.7,1.3468016056763332,0.033444291168162166,118.8464733301731,19.181384550454435,18.298351561512682,-5.493662053647242,0.0,D2,1,43,30
TargetOnlyCP,0.1,0.9,0.7945205479452054,0.10547945205479459,14.128487406168572,0.35084398814651435,28.16028287565838,5.769340224523374,4.338665494073943,0.41253488841377006,0.0,D2,1,43,30
TargetOnlyCP,0.2,0.8,0.7397260273972602,0.06027397260273981,10.812825475822507,0.2685082064349994,21.61781200215629,5.769340224523374,4.338665494073943,0.41253488841377006,0.0,D2,1,43,30
TargetOnlyCP,0.3,0.7,0.6575342465753424,0.042465753424657526,9.330962822436902,0.2317100278152422,18.01881363539687,5.769340224523374,4.338665494073943,0.41253488841377006,0.0,D2,1,43,30
TransferCal-CP-affine-localsigma,0.1,0.9,0.958904109589041,0.05890410958904102,24.335918253288348,0.6043188042524251,26.23365222009161,6.163687202650898,5.094618633366807,0.32948119799682607,0.0,D2,1,43,30
TransferCal-CP-affine-localsigma,0.2,0.8,0.9452054794520548,0.14520547945205475,21.46188953891088,0.5329498270072358,23.051334114396713,6.163687202650898,5.094618633366807,0.32948119799682607,0.0,D2,1,43,30
TransferCal-CP-affine-localsigma,0.3,0.7,0.821917808219178,0.12191780821917808,15.238282002563603,0.37840283086117643,18.825668912269208,6.163687202650898,5.094618633366807,0.32948119799682607,0.0,D2,1,43,30
AdaptiveJackknifeCP,0.05,0.95,0.8493150684931506,0.10068493150684932,13.780180840712815,0.3421947066623012,33.64401560260947,5.124320664440097,3.7834812726087845,0.5365505445418073,0.0,D2,1,43,30
AdaptiveJackknifeCP,0.1,0.9,0.7945205479452054,0.10547945205479459,12.01989782729875,0.2984826874674429,25.223160234340046,5.124320664440097,3.7834812726087845,0.5365505445418073,0.0,D2,1,43,30
AdaptiveJackknifeCP,0.2,0.8,0.7397260273972602,0.06027397260273981,11.45192578197596,0.28437858900253726,18.691626909711957,5.124320664440097,3.7834812726087845,0.5365505445418073,0.0,D2,1,43,30
AdaptiveJackknifeCP,0.3,0.7,0.6027397260273972,0.09726027397260273,8.096581283741147,0.2010573946295151,16.759360833097524,5.124320664440097,3.7834812726087845,0.5365505445418073,0.0,D2,1,43,30
AdaptiveSplitCP,0.1,0.9,0.8493150684931506,0.050684931506849384,14.281183579373906,0.3546357977608033,23.279405323888138,5.06528824201362,3.7805270180079447,0.5471669598415223,0.0,D2,1,43,30
AdaptiveSplitCP,0.2,0.8,0.7397260273972602,0.06027397260273981,11.271523444283403,0.2798987693440381,18.676204952571606,5.06528824201362,3.7805270180079447,0.5471669598415223,0.0,D2,1,43,30
AdaptiveSplitCP,0.3,0.7,0.6575342465753424,0.042465753424657526,9.084916360949293,0.22560010823673438,16.12168551495361,5.06528824201362,3.7805270180079447,0.5471669598415223,0.0,D2,1,43,30
SplitCP,0.1,0.9,0.04,0.86,3.367527507675703,0.1247694518869214,180.5898527784416,11.421708408086877,10.480121163745103,-1.5173644684958396,0.0,D3,2,43,10
SplitCP,0.2,0.8,0.04,0.76,1.732412800713064,0.06418721008044431,98.19212602951667,11.421708408086877,10.480121163745103,-1.5173644684958396,0.0010008811950683594,D3,2,43,10
SplitCP,0.3,0.7,0.04,0.6599999999999999,1.243158147732892,0.04605995358548694,67.11524852313852,11.421708408086877,10.480121163745103,-1.5173644684958396,0.0,D3,2,43,10
TargetOnlyCP,0.1,0.9,0.96,0.05999999999999994,30.779999999999994,1.140422378236227,34.635999999999996,7.63920179076322,5.690000000000001,-0.12610769234958674,0.0009989738464355469,D3,2,43,10
TargetOnlyCP,0.2,0.8,0.88,0.07999999999999996,25.760000000000005,0.9544275654114758,29.608,7.63920179076322,5.690000000000001,-0.12610769234958674,0.0,D3,2,43,10
TargetOnlyCP,0.3,0.7,0.88,0.18000000000000005,25.64,0.9499814742682544,28.253333333333334,7.63920179076322,5.690000000000001,-0.12610769234958674,0.0,D3,2,43,10
TransferCal-CP-affine-localsigma,0.1,0.9,1.0,0.09999999999999998,27.413738884385793,1.015699847137043,27.413738884385793,4.229116890163459,3.273167679279063,0.6548695015097941,0.0,D3,2,43,10
TransferCal-CP-affine-localsigma,0.2,0.8,1.0,0.19999999999999996,24.810800827840755,0.9192590151407249,24.810800827840755,4.229116890163459,3.273167679279063,0.6548695015097941,0.0,D3,2,43,10
TransferCal-CP-affine-localsigma,0.3,0.7,1.0,0.30000000000000004,20.62072531703649,0.7640135349906023,20.62072531703649,4.229116890163459,3.273167679279063,0.6548695015097941,0.0,D3,2,43,10
AdaptiveJackknifeCP,0.1,0.9,1.0,0.09999999999999998,67.82698243975277,2.5130412158066826,67.82698243975277,6.6475654516547,4.882430972538063,0.1472745891289895,0.0009999275207519531,D3,2,43,10
AdaptiveJackknifeCP,0.2,0.8,0.96,0.15999999999999992,28.694142813179077,1.0631397851999882,30.22606169570697,6.6475654516547,4.882430972538063,0.1472745891289895,0.0,D3,2,43,10
AdaptiveJackknifeCP,0.3,0.7,0.96,0.26,27.050203245401985,1.0022305755976169,28.29067444279086,6.6475654516547,4.882430972538063,0.1472745891289895,0.0,D3,2,43,10
AdaptiveSplitCP,0.1,0.9,0.96,0.05999999999999994,30.779999999999994,1.140422378236227,34.635999999999996,7.63920179076322,5.690000000000001,-0.12610769234958674,0.0010004043579101562,D3,2,43,10
AdaptiveSplitCP,0.2,0.8,0.88,0.07999999999999996,25.760000000000005,0.9544275654114758,29.608,7.63920179076322,5.690000000000001,-0.12610769234958674,0.0010001659393310547,D3,2,43,10
AdaptiveSplitCP,0.3,0.7,0.88,0.18000000000000005,25.64,0.9499814742682544,28.253333333333334,7.63920179076322,5.690000000000001,-0.12610769234958674,0.0010006427764892578,D3,2,43,10
SplitCP,0.1,0.9,0.04046242774566474,0.8595375722543352,2.7112874757758334,0.04679212965228679,222.47567768015648,14.003224091340831,12.316183908414867,-0.25240659813329236,0.0009999275207519531,D4,3,43,10
SplitCP,0.2,0.8,0.028901734104046242,0.7710982658959538,1.9980572525912952,0.03448301032305354,115.31573491418516,14.003224091340831,12.316183908414867,-0.25240659813329236,0.0009996891021728516,D4,3,43,10
SplitCP,0.3,0.7,0.017341040462427744,0.6826589595375722,1.5612592934606369,0.026944633475114343,78.52288861407935,14.003224091340831,12.316183908414867,-0.25240659813329236,0.0009999275207519531,D4,3,43,10
TargetOnlyCP,0.1,0.9,0.930635838150289,0.03063583815028903,62.587476003308225,1.08015152134252,72.07320236667003,15.710433878105315,11.565150948846556,-0.5763971018131315,0.0,D4,3,43,10
TargetOnlyCP,0.2,0.8,0.9190751445086706,0.11907514450867052,57.87123421730029,0.9987573500884119,64.3074088113607,15.710433878105315,11.565150948846556,-0.5763971018131315,0.0009999275207519531,D4,3,43,10
TargetOnlyCP,0.3,0.7,0.884393063583815,0.18439306358381502,50.76961130764694,0.8761956288031904,57.488465288836025,15.710433878105315,11.565150948846556,-0.5763971018131315,0.0,D4,3,43,10
TransferCal-CP-affine-localsigma,0.1,0.9,0.9595375722543352,0.0595375722543352,42.42598638208977,0.732199102143838,48.55576849223319,10.080059849645556,7.397660280501158,0.3510436433768206,0.0009999275207519531,D4,3,43,10
TransferCal-CP-affine-localsigma,0.2,0.8,0.9479768786127167,0.1479768786127167,41.20721243066646,0.7111651729639341,44.52711823520827,10.080059849645556,7.397660280501158,0.3510436433768206,0.0,D4,3,43,10
TransferCal-CP-affine-localsigma,0.3,0.7,0.9248554913294798,0.2248554913294798,38.83786968865913,0.6702744176437196,41.51142116922185,10.080059849645556,7.397660280501158,0.3510436433768206,0.0,D4,3,43,10
AdaptiveJackknifeCP,0.1,0.9,0.976878612716763,0.076878612716763,22.332972921242863,0.38542846296768213,23.162663017416204,4.222526174717453,3.25153886505853,0.8861235368489746,0.0,D4,3,43,10
AdaptiveJackknifeCP,0.2,0.8,0.9479768786127167,0.1479768786127167,16.7655790693736,0.28934488006857767,18.04636237321069,4.222526174717453,3.25153886505853,0.8861235368489746,0.0,D4,3,43,10
AdaptiveJackknifeCP,0.3,0.7,0.9421965317919075,0.2421965317919076,15.312237753154522,0.2642627241167863,16.438676889751548,4.222526174717453,3.25153886505853,0.8861235368489746,0.0,D4,3,43,10
AdaptiveSplitCP,0.1,0.9,0.930635838150289,0.03063583815028903,62.587476003308225,1.08015152134252,72.07320236667003,15.710433878105315,11.565150948846556,-0.5763971018131315,0.0,D4,3,43,10
AdaptiveSplitCP,0.2,0.8,0.9190751445086706,0.11907514450867052,57.87123421730029,0.9987573500884119,64.3074088113607,15.710433878105315,11.565150948846556,-0.5763971018131315,0.0009999275207519531,D4,3,43,10
AdaptiveSplitCP,0.3,0.7,0.884393063583815,0.18439306358381502,50.76961130764694,0.8761956288031904,57.488465288836025,15.710433878105315,11.565150948846556,-0.5763971018131315,0.0010008811950683594,D4,3,43,10
SplitCP,0.1,0.9,0.041666666666666664,0.8583333333333334,2.7112874757758334,0.04679212965228679,223.87852304142177,14.148053169116775,12.385502386606348,-0.26543852521662337,0.0,D4,3,43,15
SplitCP,0.2,0.8,0.02976190476190476,0.7702380952380953,1.9980572525912947,0.03448301032305352,116.01326864968331,14.148053169116775,12.385502386606348,-0.26543852521662337,0.0,D4,3,43,15
SplitCP,0.3,0.7,0.017857142857142856,0.682142857142857,1.5612592934606369,0.026944633475114343,78.98673603543686,14.148053169116775,12.385502386606348,-0.26543852521662337,0.0,D4,3,43,15
TargetOnlyCP,0.1,0.9,0.9702380952380952,0.07023809523809521,42.4629537705224,0.7328370952920751,44.502497509121,8.426558629627138,6.515645852449923,0.5511014741396876,0.0,D4,3,43,15
TargetOnlyCP,0.2,0.8,0.8452380952380952,0.04523809523809519,24.429730594835394,0.4216148717453402,31.104435600172376,8.426558629627138,6.515645852449923,0.5511014741396876,0.0,D4,3,43,15
TargetOnlyCP,0.3,0.7,0.8392857142857143,0.13928571428571435,22.121922176937257,0.3817860923673703,27.77979748117983,8.426558629627138,6.515645852449923,0.5511014741396876,0.0009992122650146484,D4,3,43,15
TransferCal-CP-affine-localsigma,0.1,0.9,0.9702380952380952,0.07023809523809521,35.762792250369685,0.6172039028167783,37.74811243230171,9.191321124910928,7.455927529373438,0.46592338193607996,0.0,D4,3,43,15
TransferCal-CP-affine-localsigma,0.2,0.8,0.8690476190476191,0.06904761904761902,29.200170399043692,0.5039444069979863,33.05045812728061,9.191321124910928,7.455927529373438,0.46592338193607996,0.0,D4,3,43,15
TransferCal-CP-affine-localsigma,0.3,0.7,0.75,0.050000000000000044,21.764492420292555,0.37561747333898104,29.005432646632418,9.191321124910928,7.455927529373438,0.46592338193607996,0.0,D4,3,43,15
AdaptiveJackknifeCP,0.1,0.9,0.9821428571428571,0.08214285714285707,17.770910682117186,0.30669516386818824,18.52588104580979,4.06101184005761,3.262118342597427,0.8957403657747943,0.0,D4,3,43,15
AdaptiveJackknifeCP,0.2,0.8,0.8035714285714286,0.0035714285714285587,10.692281485158915,0.18453027427094826,14.07975462237233,4.06101184005761,3.262118342597427,0.8957403657747943,0.0,D4,3,43,15
AdaptiveJackknifeCP,0.3,0.7,0.8035714285714286,0.10357142857142865,10.679822017850569,0.1843152454276775,12.946295427206646,4.06101184005761,3.262118342597427,0.8957403657747943,0.0,D4,3,43,15
AdaptiveSplitCP,0.1,0.9,0.9821428571428571,0.08214285714285707,93.7988207110244,1.6188053163510203,94.91474318298613,17.154130285401372,13.095273276329833,-0.8603090293222526,0.0,D4,3,43,15
AdaptiveSplitCP,0.2,0.8,0.8392857142857143,0.03928571428571426,46.19147347639836,0.797184892804226,62.194097830330485,17.154130285401372,13.095273276329833,-0.8603090293222526,0.0005030632019042969,D4,3,43,15
AdaptiveSplitCP,0.3,0.7,0.6785714285714286,0.021428571428571352,32.73434938897441,0.564938220080793,54.19442971258583,17.154130285401372,13.095273276329833,-0.8603090293222526,0.0010037422180175781,D4,3,43,15
SplitCP,0.05,0.95,0.05521472392638037,0.8947852760736196,3.5722249197936553,0.06165041998959703,415.6605975080849,13.779582056423006,12.036462458284106,-0.16953715357435706,0.0,D4,3,43,20
SplitCP,0.1,0.9,0.04294478527607362,0.8570552147239264,2.7112874757758334,0.04679212965228679,216.91521105753148,13.779582056423006,12.036462458284106,-0.16953715357435706,0.0,D4,3,43,20
SplitCP,0.2,0.8,0.03067484662576687,0.7693251533742331,1.998057252591295,0.03448301032305353,112.52748512701262,13.779582056423006,12.036462458284106,-0.16953715357435706,0.0,D4,3,43,20
SplitCP,0.3,0.7,0.018404907975460124,0.6815950920245398,1.5612592934606369,0.026944633475114343,76.66163319456066,13.779582056423006,12.036462458284106,-0.16953715357435706,0.0,D4,3,43,20
TargetOnlyCP,0.1,0.9,0.9754601226993865,0.07546012269938651,38.09265410252157,0.6574132863040871,40.85525203775135,8.70356322414543,6.8831812595603825,0.5334092668151873,0.0,D4,3,43,20
TargetOnlyCP,0.2,0.8,0.7852760736196319,0.014723926380368124,20.892448652640613,0.3605675070764541,30.58960550155081,8.70356322414543,6.8831812595603825,0.5334092668151873,0.0009989738464355469,D4,3,43,20
TargetOnlyCP,0.3,0.7,0.6748466257668712,0.0251533742331288,16.904202779306775,0.29173728539852817,26.792434126871484,8.70356322414543,6.8831812595603825,0.5334092668151873,0.0,D4,3,43,20
TransferCal-CP-affine-localsigma,0.1,0.9,0.950920245398773,0.050920245398772934,33.77186886528659,0.5828440107009781,39.811422151870744,9.016811033203936,6.967461153081875,0.49921897052523245,0.0010013580322265625,D4,3,43,20
TransferCal-CP-affine-localsigma,0.2,0.8,0.8711656441717791,0.07116564417177906,27.313618171382252,0.4713857804335772,32.846374300968954,9.016811033203936,6.967461153081875,0.49921897052523245,0.0010004043579101562,D4,3,43,20
TransferCal-CP-affine-localsigma,0.3,0.7,0.8220858895705522,0.12208588957055222,24.137778906736447,0.41657629086308945,29.522340513219667,9.016811033203936,6.967461153081875,0.49921897052523245,0.00099945068359375,D4,3,43,20
AdaptiveJackknifeCP,0.05,0.95,1.0,0.050000000000000044,20.067468949700178,0.3463297851213346,20.067468949700178,3.590109863096746,2.764531861508959,0.9206115340479551,0.0009989738464355469,D4,3,43,20
AdaptiveJackknifeCP,0.1,0.9,0.9631901840490797,0.06319018404907972,16.433210362639457,0.283608771390756,17.289218409245684,3.590109863096746,2.764531861508959,0.9206115340479551,0.0009999275207519531,D4,3,43,20
AdaptiveJackknifeCP,0.2,0.8,0.8773006134969326,0.07730061349693251,11.321853607663536,0.19539559956194194,13.359757376902541,3.590109863096746,2.764531861508959,0.9206115340479551,0.0010001659393310547,D4,3,43,20
AdaptiveJackknifeCP,0.3,0.7,0.6380368098159509,0.061963190184049055,6.220974140199953,0.10736324758349852,11.478223562430188,3.590109863096746,2.764531861508959,0.9206115340479551,0.0009999275207519531,D4,3,43,20
AdaptiveSplitCP,0.1,0.9,0.9263803680981595,0.026380368098159468,14.64301489347835,0.2527130957221503,16.453190772397058,3.586262518692359,2.7161913339229162,0.9207815963146678,0.0010004043579101562,D4,3,43,20
AdaptiveSplitCP,0.2,0.8,0.9079754601226994,0.10797546012269932,13.070538418124196,0.22557487310011431,14.621316329566291,3.586262518692359,2.7161913339229162,0.9207815963146678,0.0009999275207519531,D4,3,43,20
AdaptiveSplitCP,0.3,0.7,0.7791411042944786,0.07914110429447863,8.362335126439149,0.14431943234652564,11.52294397151335,3.586262518692359,2.7161913339229162,0.9207815963146678,0.0009999275207519531,D4,3,43,20
SplitCP,0.05,0.95,0.0457516339869281,0.9042483660130719,3.5722249197936544,0.061650419989597006,423.8754383912779,13.926296958747812,12.249787038346279,-0.19335201133717006,0.001001596450805664,D4,3,43,30
SplitCP,0.1,0.9,0.032679738562091505,0.8673202614379085,2.7112874757758334,0.04679212965228679,221.1079479945824,13.926296958747812,12.249787038346279,-0.19335201133717006,0.00099945068359375,D4,3,43,30
SplitCP,0.2,0.8,0.026143790849673203,0.7738562091503268,1.9980572525912947,0.03448301032305352,114.66058196157331,13.926296958747812,12.249787038346279,-0.19335201133717006,0.00099945068359375,D4,3,43,30
SplitCP,0.3,0.7,0.0196078431372549,0.680392156862745,1.5612592934606369,0.026944633475114343,78.08781591724585,13.926296958747812,12.249787038346279,-0.19335201133717006,0.0009999275207519531,D4,3,43,30
TargetOnlyCP,0.1,0.9,0.8562091503267973,0.04379084967320268,27.168103948652394,0.4688744567775422,39.098284115766305,9.22504298494252,7.323264426225156,0.4763584942076452,0.0,D4,3,43,30
TargetOnlyCP,0.2,0.8,0.477124183006536,0.32287581699346407,11.686056429304786,0.20168110997064162,41.11264730679677,9.22504298494252,7.323264426225156,0.4763584942076452,0.0,D4,3,43,30
TargetOnlyCP,0.3,0.7,0.41830065359477125,0.2816993464052287,10.237596191748835,0.17668319298933519,32.51930228068491,9.22504298494252,7.323264426225156,0.4763584942076452,0.0,D4,3,43,30
TransferCal-CP-affine-localsigma,0.1,0.9,0.9477124183006536,0.047712418300653536,33.00546252152362,0.5696171635576555,37.024836052363945,8.889711390196203,6.911743385631355,0.5137354726519036,0.0009999275207519531,D4,3,43,30
TransferCal-CP-affine-localsigma,0.2,0.8,0.9215686274509803,0.1215686274509803,31.674094957142586,0.5466400634736667,34.14943092054787,8.889711390196203,6.911743385631355,0.5137354726519036,0.0010004043579101562,D4,3,43,30
TransferCal-CP-affine-localsigma,0.3,0.7,0.8169934640522876,0.11699346405228761,27.039807843593252,0.4666602880346674,30.64848102326053,8.889711390196203,6.911743385631355,0.5137354726519036,0.0,D4,3,43,30
AdaptiveJackknifeCP,0.05,0.95,0.9477124183006536,0.002287581699346397,14.193279927995855,0.24495144853348325,18.049864861108645,3.5858061748911156,2.7401631757816407,0.9208828038844932,0.0,D4,3,43,30
AdaptiveJackknifeCP,0.1,0.9,0.8431372549019608,0.056862745098039236,9.966935378553089,0.17201205576172535,15.874059120711982,3.5858061748911156,2.7401631757816407,0.9208828038844932,0.0,D4,3,43,30
AdaptiveJackknifeCP,0.2,0.8,0.7450980392156863,0.05490196078431375,7.987633630403665,0.13785273298688616,13.006765739234057,3.5858061748911156,2.7401631757816407,0.9208828038844932,0.0,D4,3,43,30
AdaptiveJackknifeCP,0.3,0.7,0.6078431372549019,0.09215686274509804,5.989030040163442,0.1033602938215092,11.494174797830828,3.5858061748911156,2.7401631757816407,0.9208828038844932,0.0,D4,3,43,30
AdaptiveSplitCP,0.1,0.9,0.8169934640522876,0.08300653594771246,9.665026750453512,0.16680163532663778,15.231668305072638,3.5256756086133856,2.802187207210224,0.9235139966224774,0.0,D4,3,43,30
AdaptiveSplitCP,0.2,0.8,0.673202614379085,0.12679738562091503,7.0942282263142715,0.12243410184809764,13.003337914536937,3.5256756086133856,2.802187207210224,0.9235139966224774,0.0,D4,3,43,30
AdaptiveSplitCP,0.3,0.7,0.6666666666666666,0.033333333333333326,6.9334631655500525,0.1196595751208333,11.048797092943454,3.5256756086133856,2.802187207210224,0.9235139966224774,0.0,D4,3,43,30
SplitCP,0.05,0.95,0.06766917293233082,0.8823308270676691,3.572224919793655,0.06362940944302597,432.5868499192463,14.360859685950688,12.457150790189411,-0.34535461318418736,0.0,D4,3,43,50
SplitCP,0.1,0.9,0.045112781954887216,0.8548872180451128,2.7112874757758334,0.048294165341597285,225.2796696281029,14.360859685950688,12.457150790189411,-0.34535461318418736,0.0,D4,3,43,50
SplitCP,0.2,0.8,0.03007518796992481,0.7699248120300752,1.9980572525912952,0.03558992109127409,116.7052452404528,14.360859685950688,12.457150790189411,-0.34535461318418736,0.0,D4,3,43,50
SplitCP,0.3,0.7,0.015037593984962405,0.6849624060150376,1.5612592934606369,0.027809561004930976,79.4483017676457,14.360859685950688,12.457150790189411,-0.34535461318418736,0.0,D4,3,43,50
TargetOnlyCP,0.05,0.95,0.9924812030075187,0.042481203007518786,48.212558030482626,0.8587747591756997,48.35465959621065,7.84934764533326,5.952200686208628,0.5980768485462362,0.0,D4,3,43,50
TargetOnlyCP,0.1,0.9,0.9473684210526315,0.047368421052631504,30.579731714312395,0.5446942209955428,35.69899147939419,7.84934764533326,5.952200686208628,0.5980768485462362,0.0,D4,3,43,50
TargetOnlyCP,0.2,0.8,0.8421052631578947,0.042105263157894646,21.84850957817268,0.38917139678587986,29.127373391043555,7.84934764533326,5.952200686208628,0.5980768485462362,0.0009996891021728516,D4,3,43,50
TargetOnlyCP,0.3,0.7,0.7593984962406015,0.05939849624060156,17.302699319551426,0.3082002293228782,25.059964403886298,7.84934764533326,5.952200686208628,0.5980768485462362,0.0,D4,3,43,50
TransferCal-CP-affine-localsigma,0.05,0.95,1.0,0.050000000000000044,43.19509827950597,0.7694024469537587,43.19509827950597,9.227417566499973,7.795373413760544,0.4445611633485673,0.0010006427764892578,D4,3,43,50
TransferCal-CP-affine-localsigma,0.1,0.9,0.924812030075188,0.024812030075187952,33.087730347517194,0.5893673520267085,34.84058739275673,9.227417566499973,7.795373413760544,0.4445611633485673,0.0,D4,3,43,50
TransferCal-CP-affine-localsigma,0.2,0.8,0.8646616541353384,0.06466165413533831,27.732608191867456,0.4939805082780961,31.496227951481195,9.227417566499973,7.795373413760544,0.4445611633485673,0.0,D4,3,43,50
TransferCal-CP-affine-localsigma,0.3,0.7,0.7744360902255639,0.07443609022556397,23.514600613391714,0.41884824833626616,28.599316500681514,9.227417566499973,7.795373413760544,0.4445611633485673,0.0,D4,3,43,50
AdaptiveJackknifeCP,0.05,0.95,0.9774436090225563,0.02744360902255638,16.35447907462324,0.29131028102416157,17.099490616690392,3.1559152722356902,2.458246290468692,0.9350279507907637,0.0,D4,3,43,50
AdaptiveJackknifeCP,0.1,0.9,0.9172932330827067,0.017293233082706694,11.366953529869647,0.20247116475345123,13.650264626104713,3.1559152722356902,2.458246290468692,0.9350279507907637,0.0,D4,3,43,50
AdaptiveJackknifeCP,0.2,0.8,0.7969924812030075,0.00300751879699257,7.818868828375658,0.13927174722547023,11.212916954957995,3.1559152722356902,2.458246290468692,0.9350279507907637,0.0,D4,3,43,50
AdaptiveJackknifeCP,0.3,0.7,0.706766917293233,0.006766917293233088,6.454618776794234,0.1149713666324817,9.80351452326058,3.1559152722356902,2.458246290468692,0.9350279507907637,0.0,D4,3,43,50
AdaptiveSplitCP,0.05,0.95,0.9849624060150376,0.03496240601503764,16.97744960388029,0.3024067958761226,17.464674377031805,3.2907435878286635,2.607145437079925,0.9293578380725098,0.0010001659393310547,D4,3,43,50
AdaptiveSplitCP,0.1,0.9,0.9548872180451128,0.05488721804511276,13.331371436239301,0.2374618929657237,14.664062959833984,3.2907435878286635,2.607145437079925,0.9293578380725098,0.00099945068359375,D4,3,43,50
AdaptiveSplitCP,0.2,0.8,0.7969924812030075,0.00300751879699257,8.772344661575431,0.15625530944422414,11.56580319725883,3.2907435878286635,2.607145437079925,0.9293578380725098,0.0010001659393310547,D4,3,43,50
AdaptiveSplitCP,0.3,0.7,0.7142857142857143,0.014285714285714346,7.211935576853045,0.12846089258086676,10.2765013199378,3.2907435878286635,2.607145437079925,0.9293578380725098,0.0010001659393310547,D4,3,43,50
SplitCP,0.1,0.9,0.07427341227125941,0.8257265877287406,3.040831218898333,0.03983795648499874,170.70616919346205,11.902537692151459,9.851143594059593,0.4856126793586363,0.0010004043579101562,D1,0,44,10
SplitCP,0.2,0.8,0.021528525296017224,0.7784714747039828,1.1508245001497668,0.01507696187605132,93.97313288383131,11.902537692151459,9.851143594059593,0.4856126793586363,0.0009996891021728516,D1,0,44,10
SplitCP,0.3,0.7,0.016146393972012917,0.6838536060279871,0.8662518666992582,0.011348773307818296,63.678451964196526,11.902537692151459,9.851143594059593,0.4856126793586363,0.002001047134399414,D1,0,44,10
TargetOnlyCP,0.1,0.9,0.9870828848223897,0.08708288482238968,115.78,1.516834796080593,116.13500538213131,34.30973455213076,30.739354144241123,-3.274111426529907,0.0,D1,0,44,10
TargetOnlyCP,0.2,0.8,0.7933261571582346,0.0066738428417654205,89.16000000000005,1.1680859424645513,103.5538643702907,34.30973455213076,30.739354144241123,-3.274111426529907,0.0,D1,0,44,10
TargetOnlyCP,0.3,0.7,0.6458557588805167,0.05414424111948324,74.5,0.9760251538089841,98.05794761392178,34.30973455213076,30.739354144241123,-3.274111426529907,0.0,D1,0,44,10
TransferCal-CP-affine-localsigma,0.1,0.9,0.9795479009687836,0.07954790096878361,56.447950090367435,0.7395250895188287,57.90916679771092,13.221675274225127,11.101559178165843,0.36527720241184036,0.0010061264038085938,D1,0,44,10
TransferCal-CP-affine-localsigma,0.2,0.8,0.946178686759957,0.14617868675995693,46.31021406148902,0.6067105208361315,48.684331591759545,13.221675274225127,11.101559178165843,0.36527720241184036,0.0009996891021728516,D1,0,44,10
TransferCal-CP-affine-localsigma,0.3,0.7,0.9063509149623251,0.20635091496232516,41.795973016722634,0.5475694092918505,44.4767184285306,13.221675274225127,11.101559178165843,0.36527720241184036,0.0019996166229248047,D1,0,44,10
AdaptiveJackknifeCP,0.1,0.9,1.0,0.09999999999999998,544.0397940228977,7.127470115965191,544.0397940228977,17.958852642133103,14.241132264939894,-0.1710307462654055,0.0010001659393310547,D1,0,44,10
AdaptiveJackknifeCP,0.2,0.8,0.9946178686759957,0.19461786867599562,98.53400737721321,1.2908948953793302,99.15837299287935,17.958852642133103,14.241132264939894,-0.1710307462654055,0.0009999275207519531,D1,0,44,10
AdaptiveJackknifeCP,0.3,0.7,0.9666307857911733,0.2666307857911734,73.87527683857607,0.967840650188624,75.46669235409536,17.958852642133103,14.241132264939894,-0.1710307462654055,0.0010018348693847656,D1,0,44,10
AdaptiveSplitCP,0.1,0.9,0.9870828848223897,0.08708288482238968,115.78,1.516834796080593,116.13500538213131,34.30973455213076,30.739354144241123,-3.274111426529907,0.0012917518615722656,D1,0,44,10
AdaptiveSplitCP,0.2,0.8,0.7933261571582346,0.0066738428417654205,89.16000000000005,1.1680859424645513,103.5538643702907,34.30973455213076,30.739354144241123,-3.274111426529907,0.001003265380859375,D1,0,44,10
AdaptiveSplitCP,0.3,0.7,0.6458557588805167,0.05414424111948324,74.5,0.9760251538089841,98.05794761392178,34.30973455213076,30.739354144241123,-3.274111426529907,0.0009999275207519531,D1,0,44,10
SplitCP,0.1,0.9,0.0735930735930736,0.8264069264069265,3.040831218898333,0.03983795648499874,171.96513817016015,11.96899155414782,9.91435204069249,0.47929036608068587,0.0019986629486083984,D1,0,44,15
SplitCP,0.2,0.8,0.020562770562770564,0.7794372294372295,1.1508245001497672,0.015076961876051327,94.60518716541728,11.96899155414782,9.91435204069249,0.47929036608068587,0.00099945068359375,D1,0,44,15
SplitCP,0.3,0.7,0.016233766233766232,0.6837662337662337,0.8662518666992582,0.011348773307818296,64.09997913922086,11.96899155414782,9.91435204069249,0.47929036608068587,0.002000093460083008,D1,0,44,15
TargetOnlyCP,0.1,0.9,0.9978354978354979,0.09783549783549783,312.997430415866,4.100582082731039,313.45100432459327,29.12352130639204,15.861236612765534,-2.082962626500513,0.0,D1,0,44,15
TargetOnlyCP,0.2,0.8,0.6190476190476191,0.18095238095238098,25.927396241885784,0.3396750457027255,102.90247907085356,29.12352130639204,15.861236612765534,-2.082962626500513,0.0,D1,0,44,15
TargetOnlyCP,0.3,0.7,0.5064935064935064,0.19350649350649352,17.777776727497233,0.23290680892399013,80.69424839015173,29.12352130639204,15.861236612765534,-2.082962626500513,0.0,D1,0,44,15
TransferCal-CP-affine-localsigma,0.1,0.9,0.5703463203463204,0.32965367965367964,24.367087449428812,0.3192334265195399,99.4788772056239,15.28547347005056,12.406489877771133,0.15074466644024298,0.0020003318786621094,D1,0,44,15
TransferCal-CP-affine-localsigma,0.2,0.8,0.564935064935065,0.2350649350649351,24.191776169656965,0.31693667190472424,62.12606050025569,15.28547347005056,12.406489877771133,0.15074466644024298,0.0010001659393310547,D1,0,44,15
TransferCal-CP-affine-localsigma,0.3,0.7,0.5,0.19999999999999996,20.928210380014573,0.274180667853698,51.27548034074238,15.28547347005056,12.406489877771133,0.15074466644024298,0.0010056495666503906,D1,0,44,15
AdaptiveJackknifeCP,0.1,0.9,0.7608225108225108,0.13917748917748918,28.46047897645741,0.3728609848385799,58.66971332411044,12.235987165307558,9.760078467827789,0.4558000251775921,0.0009999275207519531,D1,0,44,15
AdaptiveJackknifeCP,0.2,0.8,0.5616883116883117,0.23831168831168836,19.131929378339642,0.2506475746866654,49.829169404506125,12.235987165307558,9.760078467827789,0.4558000251775921,0.0019996166229248047,D1,0,44,15
AdaptiveJackknifeCP,0.3,0.7,0.4707792207792208,0.22922077922077916,15.306391496915948,0.20052916932936798,41.964821732099885,12.235987165307558,9.760078467827789,0.4558000251775921,0.0009999275207519531,D1,0,44,15
AdaptiveSplitCP,0.1,0.9,0.9826839826839827,0.08268398268398269,594.828232892865,7.7928498993179165,612.3567349203948,96.8152818658887,67.54591197869627,-33.069700845776545,0.0009992122650146484,D1,0,44,15
AdaptiveSplitCP,0.2,0.8,0.922077922077922,0.12207792207792201,369.047284887576,4.8348917180561655,425.2905974844489,96.8152818658887,67.54591197869627,-33.069700845776545,0.0009999275207519531,D1,0,44,15
AdaptiveSplitCP,0.3,0.7,0.7608225108225108,0.06082251082251089,177.8068599218156,2.329449232261511,300.3418054920711,96.8152818658887,67.54591197869627,-33.069700845776545,0.0010004043579101562,D1,0,44,15
SplitCP,0.05,0.95,0.16648531011969533,0.7835146898803046,5.964301451387939,0.07901830220717748,292.0394219666965,11.961247620623721,9.90481310581963,0.4791515694060796,0.0009999275207519531,D1,0,44,20
SplitCP,0.1,0.9,0.07399347116430903,0.826006528835691,3.0408312188983335,0.04028658212103164,171.79064633313638,11.961247620623721,9.90481310581963,0.4791515694060796,0.0009996891021728516,D1,0,44,20
SplitCP,0.2,0.8,0.02176278563656148,0.7782372143634385,1.150824500149767,0.015246747482741118,94.51053523694674,11.961247620623721,9.90481310581963,0.4791515694060796,0.0010004043579101562,D1,0,44,20
SplitCP,0.3,0.7,0.01632208922742111,0.6836779107725789,0.8662518666992582,0.011476574809015535,64.03652526740017,11.961247620623721,9.90481310581963,0.4791515694060796,0.0009999275207519531,D1,0,44,20
TargetOnlyCP,0.1,0.9,0.9684439608269858,0.06844396082698578,73.51733746881179,0.9739975815987257,77.51072779748642,16.488980469416475,12.878922907245213,0.010203292778813378,0.0,D1,0,44,20
TargetOnlyCP,0.2,0.8,0.8933623503808488,0.09336235038084872,52.20735869313235,0.6916714187362962,60.95106672947348,16.488980469416475,12.878922907245213,0.010203292778813378,0.0,D1,0,44,20
TargetOnlyCP,0.3,0.7,0.6224156692056583,0.07758433079434168,28.83797795572235,0.38206118113277343,51.88036634509229,16.488980469416475,12.878922907245213,0.010203292778813378,0.0009996891021728516,D1,0,44,20
TransferCal-CP-affine-localsigma,0.1,0.9,0.9804134929270947,0.08041349292709465,53.26401706328419,0.7056706022287691,54.689818730689204,12.235350893250198,10.144852576572813,0.4550065845846445,0.001001596450805664,D1,0,44,20
TransferCal-CP-affine-localsigma,0.2,0.8,0.8411316648531012,0.04113166485310116,35.04275861500378,0.4642654823842226,41.48023796640609,12.235350893250198,10.144852576572813,0.4550065845846445,0.0016117095947265625,D1,0,44,20
TransferCal-CP-affine-localsigma,0.3,0.7,0.6985854189336235,0.0014145810663764857,26.49777518569644,0.3510569049044233,37.366846611722664,12.235350893250198,10.144852576572813,0.4550065845846445,0.0010004043579101562,D1,0,44,20
AdaptiveJackknifeCP,0.05,0.95,0.9967355821545157,0.04673558215451579,79.61446521527401,1.0547756386423721,80.10344567538709,13.247289413623315,10.40730827363424,0.3611300715648723,0.0009992122650146484,D1,0,44,20
AdaptiveJackknifeCP,0.1,0.9,0.9662676822633297,0.06626768226332969,58.180991417927544,0.7708133467172683,60.80159801356797,13.247289413623315,10.40730827363424,0.3611300715648723,0.0010001659393310547,D1,0,44,20
AdaptiveJackknifeCP,0.2,0.8,0.7616974972796517,0.0383025027203483,31.838013048150405,0.4218072740319599,47.15461757656833,13.247289413623315,10.40730827363424,0.3611300715648723,0.0009999275207519531,D1,0,44,20
AdaptiveJackknifeCP,0.3,0.7,0.7486398258977149,0.04863982589771498,31.020015381565578,0.41096999705161474,41.89768335235763,13.247289413623315,10.40730827363424,0.3611300715648723,0.0009996891021728516,D1,0,44,20
AdaptiveSplitCP,0.1,0.9,0.8563656147986942,0.0436343852013058,54.37995713662578,0.7204551818948228,77.04218462673164,18.08121109352295,14.074130730196678,-0.19018214432554115,0.0024454593658447266,D1,0,44,20
AdaptiveSplitCP,0.2,0.8,0.5832426550598476,0.21675734494015242,27.63599783325019,0.3661366962054693,74.8995414088246,18.08121109352295,14.074130730196678,-0.19018214432554115,0.0010004043579101562,D1,0,44,20
AdaptiveSplitCP,0.3,0.7,0.5625680087051143,0.1374319912948857,25.767807803481897,0.3413859009018023,59.93100766068444,18.08121109352295,14.074130730196678,-0.19018214432554115,0.00099945068359375,D1,0,44,20
SplitCP,0.05,0.95,0.1694169416941694,0.7805830583058305,5.964301451387939,0.07813836565710149,290.7405083112364,11.928622576113698,9.872307755540977,0.4870462599585633,0.0010001659393310547,D1,0,44,30
SplitCP,0.1,0.9,0.0737073707370737,0.8262926292629263,3.040831218898333,0.03983795648499874,171.131294882306,11.928622576113698,9.872307755540977,0.4870462599585633,0.0009999275207519531,D1,0,44,30
SplitCP,0.2,0.8,0.020902090209020903,0.7790979097909791,1.150824500149767,0.015076961876051323,94.1858163396297,11.928622576113698,9.872307755540977,0.4870462599585633,0.0009999275207519531,D1,0,44,30
SplitCP,0.3,0.7,0.0165016501650165,0.6834983498349835,0.8662518666992582,0.011348773307818296,63.820105575233356,11.928622576113698,9.872307755540977,0.4870462599585633,0.0010018348693847656,D1,0,44,30
TargetOnlyCP,0.1,0.9,0.9966996699669967,0.09669966996699664,373.9488370066585,4.899106995384089,374.3914813551413,35.46194066926224,19.035143665391356,-3.5333849981176098,0.0015048980712890625,D1,0,44,30
TargetOnlyCP,0.2,0.8,0.7051705170517052,0.09482948294829485,33.352693633371494,0.4369539319926891,119.83599511381573,35.46194066926224,19.035143665391356,-3.5333849981176098,0.0,D1,0,44,30
TargetOnlyCP,0.3,0.7,0.6842684268426843,0.01573157315731566,31.853016082262457,0.4173066432345001,91.02775939395956,35.46194066926224,19.035143665391356,-3.5333849981176098,0.0010066032409667969,D1,0,44,30
TransferCal-CP-affine-localsigma,0.1,0.9,0.8217821782178217,0.07821782178217829,33.01204156761088,0.43249104628961055,49.41898574692596,12.32699835591343,10.25492356749758,0.45221229354000936,0.0010004043579101562,D1,0,44,30
TransferCal-CP-affine-localsigma,0.2,0.8,0.7612761276127613,0.038723872387238734,30.74460030173543,0.40278527836640354,41.28887433054065,12.32699835591343,10.25492356749758,0.45221229354000936,0.0019974708557128906,D1,0,44,30
TransferCal-CP-affine-localsigma,0.3,0.7,0.6875687568756875,0.01243124312431243,26.329974286121793,0.34494922419327007,37.40136751289962,12.32699835591343,10.25492356749758,0.45221229354000936,0.0009999275207519531,D1,0,44,30
AdaptiveJackknifeCP,0.05,0.95,1.0,0.050000000000000044,313.3718200781018,4.105486964981619,313.3718200781018,12.038510319341617,9.884885863129403,0.4775519601038364,0.001999378204345703,D1,0,44,30
AdaptiveJackknifeCP,0.1,0.9,0.9801980198019802,0.08019801980198016,51.81626207171792,0.6788453041389948,53.218434114844946,12.038510319341617,9.884885863129403,0.4775519601038364,0.0009987354278564453,D1,0,44,30
AdaptiveJackknifeCP,0.2,0.8,0.9207920792079208,0.12079207920792079,40.852310380636276,0.5352064768149379,44.05354286403183,12.038510319341617,9.884885863129403,0.4775519601038364,0.0009989738464355469,D1,0,44,30
AdaptiveJackknifeCP,0.3,0.7,0.7612761276127613,0.061276127612761355,29.174522459944626,0.3822156747821626,37.41641496603551,12.038510319341617,9.884885863129403,0.4775519601038364,0.0009999275207519531,D1,0,44,30
AdaptiveSplitCP,0.1,0.9,0.9867986798679867,0.08679867986798673,241.04675743861344,3.1579556846198598,246.56331089390545,30.75761091996517,20.190241132953112,-2.4103802385434108,0.002000093460083008,D1,0,44,30
AdaptiveSplitCP,0.2,0.8,0.8866886688668867,0.08668866886688664,81.76820355527774,1.0712459523721378,116.47859362456022,30.75761091996517,20.190241132953112,-2.4103802385434108,0.0010001659393310547,D1,0,44,30
AdaptiveSplitCP,0.3,0.7,0.7733773377337734,0.07337733773377342,51.7808716202754,0.6783816535240611,91.85443671987841,30.75761091996517,20.190241132953112,-2.4103802385434108,0.0010018348693847656,D1,0,44,30
SplitCP,0.05,0.95,0.16985376827896512,0.7801462317210348,5.964301451387939,0.07813836565710149,290.0530891901541,11.90491845914616,9.854720290719184,0.4832711255308306,0.0009996891021728516,D1,0,44,50
SplitCP,0.1,0.9,0.07424071991001124,0.8257592800899888,3.040831218898333,0.03983795648499874,170.76242919138403,11.90491845914616,9.854720290719184,0.4832711255308306,0.002500772476196289,D1,0,44,50
SplitCP,0.2,0.8,0.020247469066366704,0.7797525309336334,1.150824500149767,0.015076961876051323,94.0046086706968,11.90491845914616,9.854720290719184,0.4832711255308306,0.00099945068359375,D1,0,44,50
SplitCP,0.3,0.7,0.014623172103487065,0.6853768278965129,0.8662518666992582,0.011348773307818296,63.700763808718754,11.90491845914616,9.854720290719184,0.4832711255308306,0.0011916160583496094,D1,0,44,50
TargetOnlyCP,0.05,0.95,0.9988751406074241,0.04887514060742415,96.9438199137873,1.2700618354655664,97.13969054526429,14.380206667865744,10.98311817376203,0.24605418417402158,0.0,D1,0,44,50
TargetOnlyCP,0.1,0.9,0.9808773903262092,0.08087739032620922,73.67170867060213,0.9651737018334914,75.42689265805446,14.380206667865744,10.98311817376203,0.24605418417402158,0.0,D1,0,44,50
TargetOnlyCP,0.2,0.8,0.9167604049493814,0.11676040494938134,49.4096772199988,0.6473166148765314,55.982326775162974,14.380206667865744,10.98311817376203,0.24605418417402158,0.0,D1,0,44,50
TargetOnlyCP,0.3,0.7,0.7772778402699663,0.07727784026996631,34.82095623029521,0.4561896531603998,46.10297394853576,14.380206667865744,10.98311817376203,0.24605418417402158,0.0,D1,0,44,50
TransferCal-CP-affine-localsigma,0.05,0.95,1.0,0.050000000000000044,80.86580260836384,1.0594235896471846,80.86580260836384,11.66470180978463,9.271789207133706,0.503913781310523,0.0009984970092773438,D1,0,44,50
TransferCal-CP-affine-localsigma,0.1,0.9,0.984251968503937,0.08425196850393701,54.50341161964195,0.7140496739486631,56.13341102977209,11.66470180978463,9.271789207133706,0.503913781310523,0.002000093460083008,D1,0,44,50
TransferCal-CP-affine-localsigma,0.2,0.8,0.890888638920135,0.09088863892013499,37.541315497316056,0.4918291037914027,42.99940729454873,11.66470180978463,9.271789207133706,0.503913781310523,0.0010001659393310547,D1,0,44,50
TransferCal-CP-affine-localsigma,0.3,0.7,0.8065241844769404,0.10652418447694045,29.695034099179736,0.38903490233577087,37.19865628660154,11.66470180978463,9.271789207133706,0.503913781310523,0.0009999275207519531,D1,0,44,50
AdaptiveJackknifeCP,0.05,0.95,0.9471316085489314,0.0028683914510685415,53.13954193869421,0.6961816052893017,65.72780842872382,13.792693593635518,11.167936957414526,0.30640164110739176,0.001293182373046875,D1,0,44,50
AdaptiveJackknifeCP,0.1,0.9,0.8796400449943758,0.020359955005624264,41.11660351430067,0.538668983478501,56.830977026623934,13.792693593635518,11.167936957414526,0.30640164110739176,0.0010004043579101562,D1,0,44,50
AdaptiveJackknifeCP,0.2,0.8,0.8098987626546682,0.009898762654668158,35.043717841953494,0.4591080549896819,47.48610401500048,13.792693593635518,11.167936957414526,0.30640164110739176,0.0015034675598144531,D1,0,44,50
AdaptiveJackknifeCP,0.3,0.7,0.6040494938132733,0.09595050618672663,24.34892797678054,0.3189955191090081,42.8460482000405,13.792693593635518,11.167936957414526,0.30640164110739176,0.0009992122650146484,D1,0,44,50
AdaptiveSplitCP,0.05,0.95,0.9966254218222722,0.04662542182227225,72.81898689387867,0.9540021863531857,73.19311286557735,12.664986112671375,10.021668785327224,0.4151839058483897,0.0010001659393310547,D1,0,44,50
AdaptiveSplitCP,0.1,0.9,0.9718785151856018,0.07187851518560173,55.14895255166184,0.7225069113642969,57.81206043123615,12.664986112671375,10.021668785327224,0.4151839058483897,0.0020029544830322266,D1,0,44,50
AdaptiveSplitCP,0.2,0.8,0.8447694038245219,0.04476940382452188,37.32676161454757,0.48901823149033663,45.346553799995235,12.664986112671375,10.021668785327224,0.4151839058483897,0.0010058879852294922,D1,0,44,50
AdaptiveSplitCP,0.3,0.7,0.7795275590551181,0.0795275590551181,32.39089028141161,0.42435333783791535,40.77625126958879,12.664986112671375,10.021668785327224,0.4151839058483897,0.0019991397857666016,D1,0,44,50
SplitCP,0.1,0.9,0.0,0.9,3.287410314558342,0.0795212944790307,338.63963406243795,19.654414539835376,18.411316344673153,-5.353041829182892,0.0,D2,1,44,10
SplitCP,0.2,0.8,0.0,0.8,1.9240276714180813,0.04654154985371712,176.4170527610592,19.654414539835376,18.411316344673153,-5.353041829182892,0.0,D2,1,44,10
SplitCP,0.3,0.7,0.0,0.7,1.495990630402175,0.03618748500339381,119.25146416021593,19.654414539835376,18.411316344673153,-5.353041829182892,0.0010004043579101562,D2,1,44,10
TargetOnlyCP,0.1,0.9,0.8494623655913979,0.05053763440860215,28.099999999999987,0.6797290757910666,39.68279569892473,10.017284953991393,8.274623655913977,-0.6502948612836363,0.0,D2,1,44,10
TargetOnlyCP,0.2,0.8,0.7526881720430108,0.047311827956989294,23.30000000000001,0.5636187710296038,34.051612903225816,10.017284953991393,8.274623655913977,-0.6502948612836363,0.0,D2,1,44,10
TargetOnlyCP,0.3,0.7,0.6989247311827957,0.0010752688172042113,21.16,0.5118529268234511,30.301935483870956,10.017284953991393,8.274623655913977,-0.6502948612836363,0.0,D2,1,44,10
TransferCal-CP-affine-localsigma,0.1,0.9,0.9354838709677419,0.03548387096774186,34.186289549907784,0.8269542704798799,38.452683813437524,9.828383685239725,8.482584403499834,-0.5886407414847847,0.0010008811950683594,D2,1,44,10
TransferCal-CP-affine-localsigma,0.2,0.8,0.7419354838709677,0.058064516129032295,21.328456387865714,0.5159278273513893,32.54718510688866,9.828383685239725,8.482584403499834,-0.5886407414847847,0.000997781753540039,D2,1,44,10
TransferCal-CP-affine-localsigma,0.3,0.7,0.6559139784946236,0.04408602150537633,19.984150196878446,0.48340953536633646,28.80356556268745,9.828383685239725,8.482584403499834,-0.5886407414847847,0.0,D2,1,44,10
AdaptiveJackknifeCP,0.1,0.9,0.8924731182795699,0.007526881720430145,15.382363371808815,0.3720939373025611,23.16578103215632,5.209849506328791,4.017609292432005,0.5536126817068515,0.0,D2,1,44,10
AdaptiveJackknifeCP,0.2,0.8,0.8064516129032258,0.006451612903225712,12.092813410011717,0.2925208855124941,18.149401909098543,5.209849506328791,4.017609292432005,0.5536126817068515,0.0,D2,1,44,10
AdaptiveJackknifeCP,0.3,0.7,0.8064516129032258,0.1064516129032258,12.034070411746612,0.29109991313100175,16.10969478636263,5.209849506328791,4.017609292432005,0.5536126817068515,0.001001596450805664,D2,1,44,10
AdaptiveSplitCP,0.1,0.9,0.8494623655913979,0.05053763440860215,28.099999999999987,0.6797290757910666,39.68279569892473,10.017284953991393,8.274623655913977,-0.6502948612836363,0.0010001659393310547,D2,1,44,10
AdaptiveSplitCP,0.2,0.8,0.7526881720430108,0.047311827956989294,23.30000000000001,0.5636187710296038,34.051612903225816,10.017284953991393,8.274623655913977,-0.6502948612836363,0.0012285709381103516,D2,1,44,10
AdaptiveSplitCP,0.3,0.7,0.6989247311827957,0.0010752688172042113,21.16,0.5118529268234511,30.301935483870956,10.017284953991393,8.274623655913977,-0.6502948612836363,0.0,D2,1,44,10
SplitCP,0.1,0.9,0.0,0.9,3.2874103145583433,0.07952129447903072,331.9170082820541,19.36827761351195,18.075185055653957,-5.425938654588909,0.0,D2,1,44,15
SplitCP,0.2,0.8,0.0,0.8,1.9240276714180808,0.046541549853717105,173.05573987086726,19.36827761351195,18.075185055653957,-5.425938654588909,0.0,D2,1,44,15
SplitCP,0.3,0.7,0.0,0.7,1.4959906304021757,0.036187485003393825,117.01058890008798,19.36827761351195,18.075185055653957,-5.425938654588909,0.0,D2,1,44,15
TargetOnlyCP,0.1,0.9,1.0,0.09999999999999998,35.75554496189694,0.8649140046745959,35.75554496189694,6.982336645653087,5.904953357316904,0.1648660473059439,0.0,D2,1,44,15
TargetOnlyCP,0.2,0.8,0.9090909090909091,0.10909090909090902,23.740002222696273,0.5742622693989755,25.219491144779695,6.982336645653087,5.904953357316904,0.1648660473059439,0.0,D2,1,44,15
TargetOnlyCP,0.3,0.7,0.6818181818181818,0.018181818181818188,15.19448470435529,0.3675492186908514,21.23245219380684,6.982336645653087,5.904953357316904,0.1648660473059439,0.0009996891021728516,D2,1,44,15
TransferCal-CP-affine-localsigma,0.1,0.9,0.6931818181818182,0.2068181818181818,18.44093462062623,0.44607969560148597,46.090933179867285,8.540128917434963,6.762956242514332,-0.24934799935576035,0.0,D2,1,44,15
TransferCal-CP-affine-localsigma,0.2,0.8,0.6818181818181818,0.11818181818181828,18.22431223091287,0.4408396764998662,32.39018169759924,8.540128917434963,6.762956242514332,-0.24934799935576035,0.0010004043579101562,D2,1,44,15
TransferCal-CP-affine-localsigma,0.3,0.7,0.5340909090909091,0.1659090909090909,10.305596049551312,0.24928872876290334,29.728046430597683,8.540128917434963,6.762956242514332,-0.24934799935576035,0.0,D2,1,44,15
AdaptiveJackknifeCP,0.1,0.9,0.9886363636363636,0.08863636363636362,24.832341669438083,0.6006855748290089,25.866337259012347,5.889367239626643,4.649859585518189,0.405855823396456,0.0009999275207519531,D2,1,44,15
AdaptiveJackknifeCP,0.2,0.8,0.9545454545454546,0.15454545454545454,21.826724114539306,0.527980747684071,22.72416397652779,5.889367239626643,4.649859585518189,0.405855823396456,0.0,D2,1,44,15
AdaptiveJackknifeCP,0.3,0.7,0.9318181818181818,0.2318181818181818,20.28212063799603,0.4906173351013511,21.151115730021353,5.889367239626643,4.649859585518189,0.405855823396456,0.00099945068359375,D2,1,44,15
AdaptiveSplitCP,0.1,0.9,0.9431818181818182,0.04318181818181821,34.007834889401344,0.8226375152678995,35.963657868558585,9.388578763641203,7.873622415384569,-0.5099211919268261,0.0,D2,1,44,15
AdaptiveSplitCP,0.2,0.8,0.9090909090909091,0.10909090909090902,33.352375738410444,0.8067821898970154,34.5665481153042,9.388578763641203,7.873622415384569,-0.5099211919268261,0.0,D2,1,44,15
AdaptiveSplitCP,0.3,0.7,0.8863636363636364,0.1863636363636364,31.54319630977684,0.7630187784747616,32.94522536808533,9.388578763641203,7.873622415384569,-0.5099211919268261,0.0,D2,1,44,15
SplitCP,0.05,0.95,0.0,0.95,5.045103853832274,0.14227591236349452,638.1946942961882,19.51137129069663,18.351291687975035,-5.153924970019857,0.0,D2,1,44,20
SplitCP,0.1,0.9,0.0,0.9,3.2874103145583424,0.09270756665626811,337.4391409284756,19.51137129069663,18.351291687975035,-5.153924970019857,0.0,D2,1,44,20
SplitCP,0.2,0.8,0.0,0.8,1.924027671418081,0.05425909957347688,175.81680619407803,19.51137129069663,18.351291687975035,-5.153924970019857,0.0,D2,1,44,20
SplitCP,0.3,0.7,0.0,0.7,1.4959906304021757,0.042188117032721226,118.85129978222848,19.51137129069663,18.351291687975035,-5.153924970019857,0.0,D2,1,44,20
TargetOnlyCP,0.1,0.9,1.0,0.09999999999999998,40.649167190414374,1.146338611927552,40.649167190414374,5.595126230926472,4.328538474358018,0.4939465520441484,0.0,D2,1,44,20
TargetOnlyCP,0.2,0.8,0.7710843373493976,0.028915662650602414,12.638690736123348,0.35642105844780425,20.359500494766138,5.595126230926472,4.328538474358018,0.4939465520441484,0.0,D2,1,44,20
TargetOnlyCP,0.3,0.7,0.6746987951807228,0.025301204819277112,10.528848887714302,0.2969218523616775,17.50630834892151,5.595126230926472,4.328538474358018,0.4939465520441484,0.0,D2,1,44,20
TransferCal-CP-affine-localsigma,0.1,0.9,1.0,0.09999999999999998,39.21764310386067,1.1059685023350532,39.21764310386067,6.796869261348235,5.224618155946186,0.2532169660019624,0.0009999275207519531,D2,1,44,20
TransferCal-CP-affine-localsigma,0.2,0.8,0.9036144578313253,0.10361445783132528,24.278922683227748,0.6846847906480796,26.15328335951116,6.796869261348235,5.224618155946186,0.2532169660019624,0.0,D2,1,44,20
TransferCal-CP-affine-localsigma,0.3,0.7,0.891566265060241,0.191566265060241,23.965467594954934,0.6758451096502112,25.31855376168507,6.796869261348235,5.224618155946186,0.2532169660019624,0.0,D2,1,44,20
AdaptiveJackknifeCP,0.05,0.95,1.0,0.050000000000000044,39.056282524755126,1.1014180065916794,39.056282524755126,4.801010538584416,3.967220595425397,0.627400790884666,0.0,D2,1,44,20
AdaptiveJackknifeCP,0.1,0.9,1.0,0.09999999999999998,37.82354498108851,1.066653834473265,37.82354498108851,4.801010538584416,3.967220595425397,0.627400790884666,0.0,D2,1,44,20
AdaptiveJackknifeCP,0.2,0.8,0.963855421686747,0.16385542168674694,18.351360941581333,0.5175228690469855,18.80069614399782,4.801010538584416,3.967220595425397,0.627400790884666,0.0010001659393310547,D2,1,44,20
AdaptiveJackknifeCP,0.3,0.7,0.963855421686747,0.263855421686747,17.557869544535496,0.4951457850982527,17.953027719284538,4.801010538584416,3.967220595425397,0.627400790884666,0.0,D2,1,44,20
AdaptiveSplitCP,0.1,0.9,0.963855421686747,0.06385542168674696,34.683590950292086,0.9781046514526521,37.64300058044121,7.608793644515886,5.811037414374855,0.06414573917312527,0.0,D2,1,44,20
AdaptiveSplitCP,0.2,0.8,0.963855421686747,0.16385542168674694,32.870779849195976,0.9269819469804332,34.678101128324045,7.608793644515886,5.811037414374855,0.06414573917312527,0.0,D2,1,44,20
AdaptiveSplitCP,0.3,0.7,0.9036144578313253,0.20361445783132537,25.621654219080746,0.7225508801989634,28.31097005862133,7.608793644515886,5.811037414374855,0.06414573917312527,0.0,D2,1,44,20
SplitCP,0.05,0.95,0.0,0.95,5.045103853832273,0.12203928042118722,657.2497042962634,20.050615221073425,18.827666937976915,-5.181166455750116,0.0,D2,1,44,30
SplitCP,0.1,0.9,0.0,0.9,3.2874103145583433,0.07952129447903072,346.96664592851323,20.050615221073425,18.827666937976915,-5.181166455750116,0.0,D2,1,44,30
SplitCP,0.2,0.8,0.0,0.8,1.9240276714180808,0.046541549853717105,180.58055869409682,20.050615221073425,18.827666937976915,-5.181166455750116,0.0,D2,1,44,30
SplitCP,0.3,0.7,0.0,0.7,1.4959906304021757,0.036187485003393825,122.02713478224102,20.050615221073425,18.827666937976915,-5.181166455750116,0.0,D2,1,44,30
TargetOnlyCP,0.1,0.9,0.9863013698630136,0.08630136986301362,31.109293611083004,0.7525228254368111,32.49279526030506,5.393507335172604,4.077150007161473,0.5527425525287547,0.0,D2,1,44,30
TargetOnlyCP,0.2,0.8,0.9041095890410958,0.1041095890410958,18.177552917364324,0.43970858521933326,21.164772624597266,5.393507335172604,4.077150007161473,0.5527425525287547,0.0,D2,1,44,30
TargetOnlyCP,0.3,0.7,0.8904109589041096,0.19041095890410964,16.2675728695903,0.39350684242030065,18.93631063890846,5.393507335172604,4.077150007161473,0.5527425525287547,0.0,D2,1,44,30
TransferCal-CP-affine-localsigma,0.1,0.9,0.9178082191780822,0.017808219178082174,25.754833218817858,0.6230003196078339,30.848959752203434,6.969922891630829,5.395958804938383,0.25308534526805626,0.0010018348693847656,D2,1,44,30
TransferCal-CP-affine-localsigma,0.2,0.8,0.7945205479452054,0.005479452054794609,17.580299798523924,0.42526124320927217,24.915930804924287,6.969922891630829,5.395958804938383,0.25308534526805626,0.0,D2,1,44,30
TransferCal-CP-affine-localsigma,0.3,0.7,0.7945205479452054,0.09452054794520548,16.702006824471944,0.40401564635780807,22.1939980255781,6.969922891630829,5.395958804938383,0.25308534526805626,0.0,D2,1,44,30
AdaptiveJackknifeCP,0.05,0.95,0.9863013698630136,0.03630136986301369,34.03036310424283,0.8231824648285196,36.01304332196451,4.964092375737301,3.84453459746525,0.621126052701195,0.0,D2,1,44,30
AdaptiveJackknifeCP,0.1,0.9,0.9726027397260274,0.07260273972602738,19.706564153062615,0.4766948270027979,23.471519200922483,4.964092375737301,3.84453459746525,0.621126052701195,0.0,D2,1,44,30
AdaptiveJackknifeCP,0.2,0.8,0.8356164383561644,0.03561643835616435,11.920935454676822,0.2883632184758875,17.201863921635614,4.964092375737301,3.84453459746525,0.621126052701195,0.0,D2,1,44,30
AdaptiveJackknifeCP,0.3,0.7,0.6986301369863014,0.001369863013698569,8.993645283655898,0.21755310308370504,14.594624815788096,4.964092375737301,3.84453459746525,0.621126052701195,0.0,D2,1,44,30
AdaptiveSplitCP,0.1,0.9,0.9863013698630136,0.08630136986301362,33.67980376782014,0.8147025582891415,35.456566427615066,5.412683477577369,3.950595928383637,0.5495565294925774,0.0009996891021728516,D2,1,44,30
AdaptiveSplitCP,0.2,0.8,0.7808219178082192,0.019178082191780854,10.910587637992407,0.26392326161957363,19.100252996294657,5.412683477577369,3.950595928383637,0.5495565294925774,0.0,D2,1,44,30
AdaptiveSplitCP,0.3,0.7,0.726027397260274,0.026027397260274032,10.079329875377411,0.24381542992112373,16.223683472173516,5.412683477577369,3.950595928383637,0.5495565294925774,0.0,D2,1,44,30
SplitCP,0.1,0.9,0.12,0.78,3.162260706927796,0.09556544895654703,146.64201743670344,10.05657064246624,8.659805355843929,-0.5782172703441202,0.0,D3,2,44,10
SplitCP,0.2,0.8,0.08,0.7200000000000001,1.8792751774070806,0.05679284305950898,79.49325287990565,10.05657064246624,8.659805355843929,-0.5782172703441202,0.0010018348693847656,D3,2,44,10
SplitCP,0.3,0.7,0.04,0.6599999999999999,1.2820419368243419,0.03874408994974013,54.89783676247025,10.05657064246624,8.659805355843929,-0.5782172703441202,0.0,D3,2,44,10
TargetOnlyCP,0.1,0.9,0.92,0.020000000000000018,37.52000000000001,1.1338773039788828,43.50400000000001,10.42253174617377,8.001600000000002,-0.6951706618324536,0.0,D3,2,44,10
TargetOnlyCP,0.2,0.8,0.8,0.0,30.42,0.9193109698037742,38.516000000000005,10.42253174617377,8.001600000000002,-0.6951706618324536,0.0,D3,2,44,10
TargetOnlyCP,0.3,0.7,0.64,0.05999999999999994,16.239999999999995,0.4907827136625012,34.34933333333334,10.42253174617377,8.001600000000002,-0.6951706618324536,0.0009982585906982422,D3,2,44,10
TransferCal-CP-affine-localsigma,0.1,0.9,0.92,0.020000000000000018,26.842759143499357,0.811204567403666,27.92931643902446,7.824253624536988,6.891462735633044,0.04467132491313819,0.0,D3,2,44,10
TransferCal-CP-affine-localsigma,0.2,0.8,0.84,0.039999999999999925,20.35456867755397,0.6151274908251041,24.747007804803847,7.824253624536988,6.891462735633044,0.04467132491313819,0.0,D3,2,44,10
TransferCal-CP-affine-localsigma,0.3,0.7,0.76,0.06000000000000005,17.85761952693197,0.5396681632376937,22.494488077340645,7.824253624536988,6.891462735633044,0.04467132491313819,0.0,D3,2,44,10
AdaptiveJackknifeCP,0.1,0.9,1.0,0.09999999999999998,26.37026944756154,0.7969256403624141,26.37026944756154,5.633227976017752,4.581008510894225,0.5047988676544486,0.0,D3,2,44,10
AdaptiveJackknifeCP,0.2,0.8,0.76,0.040000000000000036,15.120388597059602,0.4569473736019984,18.88305991196195,5.633227976017752,4.581008510894225,0.5047988676544486,0.0,D3,2,44,10
AdaptiveJackknifeCP,0.3,0.7,0.72,0.020000000000000018,14.04628214634953,0.4244872209762664,17.451511311222653,5.633227976017752,4.581008510894225,0.5047988676544486,0.0,D3,2,44,10
AdaptiveSplitCP,0.1,0.9,0.92,0.020000000000000018,37.52000000000001,1.1338773039788828,43.50400000000001,10.42253174617377,8.001600000000002,-0.6951706618324536,0.0009999275207519531,D3,2,44,10
AdaptiveSplitCP,0.2,0.8,0.8,0.0,30.42,0.9193109698037742,38.516000000000005,10.42253174617377,8.001600000000002,-0.6951706618324536,0.0,D3,2,44,10
AdaptiveSplitCP,0.3,0.7,0.64,0.05999999999999994,16.239999999999995,0.4907827136625012,34.34933333333334,10.42253174617377,8.001600000000002,-0.6951706618324536,0.0,D3,2,44,10
SplitCP,0.1,0.9,0.03468208092485549,0.8653179190751445,2.611749423073704,0.04507427512413816,209.86980389789105,13.196738913333366,11.647181398659876,-0.09464760301325303,0.0,D4,3,44,10
SplitCP,0.2,0.8,0.028901734104046242,0.7710982658959538,1.8961938401993166,0.03272502411094745,108.98397952263373,13.196738913333366,11.647181398659876,-0.09464760301325303,0.0009996891021728516,D4,3,44,10
SplitCP,0.3,0.7,0.017341040462427744,0.6826589595375722,1.3495004361996337,0.023290042070659305,74.51501360151126,13.196738913333366,11.647181398659876,-0.09464760301325303,0.0009989738464355469,D4,3,44,10
TargetOnlyCP,0.1,0.9,0.9364161849710982,0.03641618497109822,52.45054406080799,0.9052056190847191,54.4836892825598,15.997947943723153,13.943510493889892,-0.6086799158611842,0.0009996891021728516,D4,3,44,10
TargetOnlyCP,0.2,0.8,0.838150289017341,0.038150289017340966,45.257761692510364,0.7810706433047137,50.00880991908322,15.997947943723153,13.943510493889892,-0.6086799158611842,0.0,D4,3,44,10
TargetOnlyCP,0.3,0.7,0.7167630057803468,0.01676300578034684,38.807193367682366,0.6697449974323902,46.63849904022455,15.997947943723153,13.943510493889892,-0.6086799158611842,0.0,D4,3,44,10
TransferCal-CP-affine-localsigma,0.1,0.9,0.9479768786127167,0.04797687861271671,31.398152649069875,0.5418777767846852,37.19752847565713,8.979189012925852,7.15360001226045,0.4932248529040997,0.0,D4,3,44,10
TransferCal-CP-affine-localsigma,0.2,0.8,0.8901734104046243,0.09017341040462423,27.722644599832506,0.4784448687236448,32.112949120891095,8.979189012925852,7.15360001226045,0.4932248529040997,0.0,D4,3,44,10
TransferCal-CP-affine-localsigma,0.3,0.7,0.8554913294797688,0.15549132947976885,26.511411217744417,0.45754107672068656,29.91671355508753,8.979189012925852,7.15360001226045,0.4932248529040997,0.0,D4,3,44,10
AdaptiveJackknifeCP,0.1,0.9,0.9884393063583815,0.08843930635838149,17.23029512302105,0.29736507491255976,17.421587875291667,4.024971282643331,3.42320845462718,0.8981721314185787,0.0,D4,3,44,10
AdaptiveJackknifeCP,0.2,0.8,0.9884393063583815,0.18843930635838146,16.938180687450483,0.2923236852906012,17.05071229107542,4.024971282643331,3.42320845462718,0.8981721314185787,0.0,D4,3,44,10
AdaptiveJackknifeCP,0.3,0.7,0.9132947976878613,0.2132947976878613,13.61868008228411,0.23503484960439538,14.051981437045438,4.024971282643331,3.42320845462718,0.8981721314185787,0.0,D4,3,44,10
AdaptiveSplitCP,0.1,0.9,0.9364161849710982,0.03641618497109822,52.45054406080799,0.9052056190847191,54.4836892825598,15.997947943723153,13.943510493889892,-0.6086799158611842,0.0,D4,3,44,10
AdaptiveSplitCP,0.2,0.8,0.838150289017341,0.038150289017340966,45.257761692510364,0.7810706433047137,50.00880991908322,15.997947943723153,13.943510493889892,-0.6086799158611842,0.001116037368774414,D4,3,44,10
AdaptiveSplitCP,0.3,0.7,0.7167630057803468,0.01676300578034684,38.807193367682366,0.6697449974323902,46.63849904022455,15.997947943723153,13.943510493889892,-0.6086799158611842,0.0014739036560058594,D4,3,44,10
SplitCP,0.1,0.9,0.041666666666666664,0.8583333333333334,2.6117494230737037,0.045074275124138155,208.75299458178722,13.191558123191005,11.585578443785405,-0.13754677017375072,0.0,D4,3,44,15
SplitCP,0.2,0.8,0.03571428571428571,0.7642857142857143,1.8961938401993166,0.03272502411094745,108.40073632136098,13.191558123191005,11.585578443785405,-0.13754677017375072,0.0012688636779785156,D4,3,44,15
SplitCP,0.3,0.7,0.023809523809523808,0.6761904761904761,1.3495004361996337,0.023290042070659305,74.11388963482018,13.191558123191005,11.585578443785405,-0.13754677017375072,0.0010080337524414062,D4,3,44,15
TargetOnlyCP,0.1,0.9,0.9107142857142857,0.010714285714285676,64.46255085190818,1.1125120682071876,77.48134675166416,20.28216208706001,17.107923160229017,-1.6890914335883966,0.0007879734039306641,D4,3,44,15
TargetOnlyCP,0.2,0.8,0.8214285714285714,0.021428571428571352,54.327789052314465,0.9376036188602838,67.54195710433517,20.28216208706001,17.107923160229017,-1.6890914335883966,0.0,D4,3,44,15
TargetOnlyCP,0.3,0.7,0.5595238095238095,0.14047619047619042,35.56786407889255,0.6138397799216097,63.2525253578568,20.28216208706001,17.107923160229017,-1.6890914335883966,0.0,D4,3,44,15
TransferCal-CP-affine-localsigma,0.1,0.9,0.8988095238095238,0.0011904761904761862,91.8307011914762,1.5848389794897682,100.45296537638708,27.380279761140685,22.654739543517337,-3.900640372916077,0.0010075569152832031,D4,3,44,15
TransferCal-CP-affine-localsigma,0.2,0.8,0.8690476190476191,0.06904761904761902,88.65654246715826,1.5300584931369805,94.74691162372628,27.380279761140685,22.654739543517337,-3.900640372916077,0.0009987354278564453,D4,3,44,15
TransferCal-CP-affine-localsigma,0.3,0.7,0.8273809523809523,0.12738095238095237,81.92916759505694,1.4139556453027335,89.36075333274891,27.380279761140685,22.654739543517337,-3.900640372916077,0.001001119613647461,D4,3,44,15
AdaptiveJackknifeCP,0.1,0.9,0.9583333333333334,0.05833333333333335,19.363454027184588,0.3341797059335614,20.066867913568803,4.511215452226292,3.523741528941476,0.8669655221646355,0.0009996891021728516,D4,3,44,15
AdaptiveJackknifeCP,0.2,0.8,0.7380952380952381,0.06190476190476191,10.819527186605782,0.18672631486531358,16.1106675491383,4.511215452226292,3.523741528941476,0.8669655221646355,0.000997781753540039,D4,3,44,15
AdaptiveJackknifeCP,0.3,0.7,0.6190476190476191,0.08095238095238089,8.411480917909358,0.14516760365513257,14.43885300844991,4.511215452226292,3.523741528941476,0.8669655221646355,0.0,D4,3,44,15
AdaptiveSplitCP,0.1,0.9,0.8273809523809523,0.0726190476190477,25.0113668518031,0.4316529069554264,37.60718122910225,8.868899293369017,7.039720088295015,0.4858184158054826,0.0,D4,3,44,15
AdaptiveSplitCP,0.2,0.8,0.7440476190476191,0.055952380952380976,20.846994066568186,0.3597830395849781,31.641251644286676,8.868899293369017,7.039720088295015,0.4858184158054826,0.0,D4,3,44,15
AdaptiveSplitCP,0.3,0.7,0.5892857142857143,0.11071428571428565,15.219065703450068,0.2626547357833129,28.716396043600394,8.868899293369017,7.039720088295015,0.4858184158054826,0.0,D4,3,44,15
SplitCP,0.05,0.95,0.07975460122699386,0.8702453987730061,4.299622096738886,0.07420403642327641,374.44360143177164,12.917348533456328,11.334859671557869,-0.04238313187467768,0.0012125968933105469,D4,3,44,20
SplitCP,0.1,0.9,0.03680981595092025,0.8631901840490798,2.611749423073704,0.04507427512413816,203.67388856096932,12.917348533456328,11.334859671557869,-0.04238313187467768,0.0,D4,3,44,20
SplitCP,0.2,0.8,0.03067484662576687,0.7693251533742331,1.8961938401993166,0.03272502411094745,105.87872004623749,12.917348533456328,11.334859671557869,-0.04238313187467768,0.0,D4,3,44,20
SplitCP,0.3,0.7,0.018404907975460124,0.6815950920245398,1.3495004361996337,0.023290042070659305,72.4418556293344,12.917348533456328,11.334859671557869,-0.04238313187467768,0.0,D4,3,44,20
TargetOnlyCP,0.1,0.9,0.8711656441717791,0.028834355828220914,27.426085324937056,0.47332676886721947,39.37602053384581,9.858522751606007,8.161138223395913,0.3928383879039117,0.0,D4,3,44,20
TargetOnlyCP,0.2,0.8,0.754601226993865,0.04539877300613504,23.182948354850897,0.4000975679762777,33.0939853734663,9.858522751606007,8.161138223395913,0.3928383879039117,0.001001596450805664,D4,3,44,20
TargetOnlyCP,0.3,0.7,0.6687116564417178,0.03128834355828214,20.454914787891767,0.3530164297711101,29.6008644391468,9.858522751606007,8.161138223395913,0.3928383879039117,0.0,D4,3,44,20
TransferCal-CP-affine-localsigma,0.1,0.9,0.9263803680981595,0.026380368098159468,32.89435253619178,0.5676995974988135,42.86397666412399,9.660186920535677,7.596064734200241,0.4170226535117395,0.0010440349578857422,D4,3,44,20
TransferCal-CP-affine-localsigma,0.2,0.8,0.8834355828220859,0.08343558282208585,27.453215417635356,0.47379498731559855,34.73326931648639,9.660186920535677,7.596064734200241,0.4170226535117395,0.0,D4,3,44,20
TransferCal-CP-affine-localsigma,0.3,0.7,0.8588957055214724,0.15889570552147247,26.278794207325966,0.45352650969005,31.639513063785778,9.660186920535677,7.596064734200241,0.4170226535117395,0.0,D4,3,44,20
AdaptiveJackknifeCP,0.05,0.95,0.8895705521472392,0.06042944785276072,13.5788332728022,0.23434716263200084,20.04278377029408,3.8089687211729593,2.9499084943211082,0.9093651058443997,0.0,D4,3,44,20
AdaptiveJackknifeCP,0.1,0.9,0.8220858895705522,0.07791411042944785,9.549490569180335,0.16480768078586464,18.30112937342626,3.8089687211729593,2.9499084943211082,0.9093651058443997,0.0,D4,3,44,20
AdaptiveJackknifeCP,0.2,0.8,0.6441717791411042,0.1558282208588958,6.700513653454199,0.1156392696866753,14.697325418361634,3.8089687211729593,2.9499084943211082,0.9093651058443997,0.0,D4,3,44,20
AdaptiveJackknifeCP,0.3,0.7,0.5766871165644172,0.12331288343558278,5.622230020856463,0.09702996027583376,12.336495927446482,3.8089687211729593,2.9499084943211082,0.9093651058443997,0.0,D4,3,44,20
AdaptiveSplitCP,0.1,0.9,0.7668711656441718,0.13312883435582823,10.064092691139436,0.17368882283560683,22.426489874290112,4.347172779168399,3.283612180118702,0.8819422715748513,0.0010008811950683594,D4,3,44,20
AdaptiveSplitCP,0.2,0.8,0.7668711656441718,0.03312883435582825,9.889592627933043,0.17067725373611498,16.27419620116001,4.347172779168399,3.283612180118702,0.8819422715748513,0.0010006427764892578,D4,3,44,20
AdaptiveSplitCP,0.3,0.7,0.7239263803680982,0.023926380368098243,8.595275920453888,0.14833958732169122,13.94187501358812,4.347172779168399,3.283612180118702,0.8819422715748513,0.0010001659393310547,D4,3,44,20
SplitCP,0.05,0.95,0.0718954248366013,0.8781045751633987,4.2996220967388865,0.07420403642327643,381.925752093167,13.098157174117203,11.526727127485596,-0.12081686095564503,0.0,D4,3,44,30
SplitCP,0.1,0.9,0.032679738562091505,0.8673202614379085,2.6117494230737037,0.045074275124138155,207.50745625550218,13.098157174117203,11.526727127485596,-0.12081686095564503,0.0009996891021728516,D4,3,44,30
SplitCP,0.2,0.8,0.032679738562091505,0.7673202614379085,1.8961938401993166,0.03272502411094745,107.80490432391059,13.098157174117203,11.526727127485596,-0.12081686095564503,0.0,D4,3,44,30
SplitCP,0.3,0.7,0.0196078431372549,0.680392156862745,1.3495004361996337,0.023290042070659305,73.72260329870537,13.098157174117203,11.526727127485596,-0.12081686095564503,0.0010080337524414062,D4,3,44,30
TargetOnlyCP,0.1,0.9,0.954248366013072,0.054248366013071925,33.77657961610368,0.5829253101076114,38.88023788606525,9.023999762152567,7.193863760596203,0.46799904618488175,0.0009982585906982422,D4,3,44,30
TargetOnlyCP,0.2,0.8,0.8104575163398693,0.010457516339869244,22.49252607945506,0.3881820743542285,31.076507586081973,9.023999762152567,7.193863760596203,0.46799904618488175,0.0,D4,3,44,30
TargetOnlyCP,0.3,0.7,0.7973856209150327,0.09738562091503278,22.292505121682016,0.3847300587812164,28.147242634024234,9.023999762152567,7.193863760596203,0.46799904618488175,0.0,D4,3,44,30
TransferCal-CP-affine-localsigma,0.1,0.9,0.9934640522875817,0.0934640522875817,53.16489362630385,0.9175340563251013,53.17239841370907,8.60758329051109,6.6369049769478625,0.5159650422789801,0.0,D4,3,44,30
TransferCal-CP-affine-localsigma,0.2,0.8,0.9477124183006536,0.14771241830065351,34.99758289693387,0.6039977136549797,37.180211229722424,8.60758329051109,6.6369049769478625,0.5159650422789801,0.0,D4,3,44,30
TransferCal-CP-affine-localsigma,0.3,0.7,0.934640522875817,0.23464052287581705,33.96859599143198,0.5862391804404329,35.64115182181188,8.60758329051109,6.6369049769478625,0.5159650422789801,0.0010001659393310547,D4,3,44,30
AdaptiveJackknifeCP,0.05,0.95,1.0,0.050000000000000044,24.285302985873074,0.4191223011624289,24.285302985873074,3.164380325636658,2.4937953327799574,0.9345828511511054,0.0,D4,3,44,30
AdaptiveJackknifeCP,0.1,0.9,0.9738562091503268,0.07385620915032676,14.42459092362265,0.24894347600901734,15.109413108124889,3.164380325636658,2.4937953327799574,0.9345828511511054,0.0,D4,3,44,30
AdaptiveJackknifeCP,0.2,0.8,0.9281045751633987,0.12810457516339868,11.456570508963452,0.19772058013604216,12.505327582396626,3.164380325636658,2.4937953327799574,0.9345828511511054,0.0009999275207519531,D4,3,44,30
AdaptiveJackknifeCP,0.3,0.7,0.9084967320261438,0.20849673202614383,10.57838174767761,0.18256456191797782,11.516804991169721,3.164380325636658,2.4937953327799574,0.9345828511511054,0.0,D4,3,44,30
AdaptiveSplitCP,0.1,0.9,0.9869281045751634,0.08692810457516342,15.85739405372476,0.2736711784120079,16.033604772095007,3.3167135696715473,2.6762024760814755,0.9281328875368586,0.0,D4,3,44,30
AdaptiveSplitCP,0.2,0.8,0.9673202614379085,0.16732026143790846,13.971536806892146,0.24112454601396402,14.239903825949678,3.3167135696715473,2.6762024760814755,0.9281328875368586,0.0,D4,3,44,30
AdaptiveSplitCP,0.3,0.7,0.9411764705882353,0.24117647058823533,13.05457709370421,0.22529940826344352,13.39289434380207,3.3167135696715473,2.6762024760814755,0.9281328875368586,0.0,D4,3,44,30
SplitCP,0.05,0.95,0.08270676691729323,0.8672932330827068,4.299622096738886,0.0752306420329125,398.5187524637075,13.552193602353325,11.926835028366746,-0.19983277274261368,0.0,D4,3,44,50
SplitCP,0.1,0.9,0.045112781954887216,0.8548872180451128,2.611749423073704,0.04569787332611152,215.6391331807773,13.552193602353325,11.926835028366746,-0.19983277274261368,0.0,D4,3,44,50
SplitCP,0.2,0.8,0.03759398496240601,0.762406015037594,1.8961938401993166,0.033177771629103174,111.83284883495018,13.552193602353325,11.926835028366746,-0.19983277274261368,0.0,D4,3,44,50
SplitCP,0.3,0.7,0.03007518796992481,0.6699248120300751,1.3495004361996337,0.02361225753212037,76.39565310063877,13.552193602353325,11.926835028366746,-0.19983277274261368,0.0010001659393310547,D4,3,44,50
TargetOnlyCP,0.05,0.95,1.0,0.050000000000000044,38.52674220653408,0.6741037901522547,38.52674220653408,7.501349217292486,5.913433567786667,0.6323959445598193,0.0,D4,3,44,50
TargetOnlyCP,0.1,0.9,0.9774436090225563,0.07744360902255631,33.90518158286288,0.5932401781672578,34.45780619198574,7.501349217292486,5.913433567786667,0.6323959445598193,0.0,D4,3,44,50
TargetOnlyCP,0.2,0.8,0.7744360902255639,0.025563909774436122,18.668932959534178,0.3266509895556644,26.78054915908065,7.501349217292486,5.913433567786667,0.6323959445598193,0.0,D4,3,44,50
TargetOnlyCP,0.3,0.7,0.706766917293233,0.006766917293233088,16.127198780828763,0.28217817547136687,23.745426161921394,7.501349217292486,5.913433567786667,0.6323959445598193,0.0,D4,3,44,50
TransferCal-CP-affine-localsigma,0.05,0.95,0.9699248120300752,0.019924812030075234,37.18696218605259,0.6506616110825781,41.3213674565374,8.96934512612824,7.014144526402383,0.4744391620346847,0.0,D4,3,44,50
TransferCal-CP-affine-localsigma,0.1,0.9,0.9699248120300752,0.06992481203007517,36.57519153068477,0.6399574379844065,38.826385340473884,8.96934512612824,7.014144526402383,0.4744391620346847,0.001001119613647461,D4,3,44,50
TransferCal-CP-affine-localsigma,0.2,0.8,0.7218045112781954,0.0781954887218046,19.678701461119374,0.3443189452433244,32.91994768435229,8.96934512612824,7.014144526402383,0.4744391620346847,0.0,D4,3,44,50
TransferCal-CP-affine-localsigma,0.3,0.7,0.6165413533834586,0.08345864661654134,16.0351985967352,0.2805684449506882,28.822929864784125,8.96934512612824,7.014144526402383,0.4744391620346847,0.00099945068359375,D4,3,44,50
AdaptiveJackknifeCP,0.05,0.95,0.9924812030075187,0.042481203007518786,16.410984490856077,0.2871435842177108,16.595452901473312,3.4044277901961,2.866013924846044,0.9242836308757857,0.0,D4,3,44,50
AdaptiveJackknifeCP,0.1,0.9,0.9699248120300752,0.06992481203007517,13.797750990982522,0.24141974394660576,14.376524601863421,3.4044277901961,2.866013924846044,0.9242836308757857,0.0,D4,3,44,50
AdaptiveJackknifeCP,0.2,0.8,0.8796992481203008,0.07969924812030071,10.481960858847955,0.18340324508358297,11.76863441871604,3.4044277901961,2.866013924846044,0.9242836308757857,0.0010001659393310547,D4,3,44,50
AdaptiveJackknifeCP,0.3,0.7,0.6766917293233082,0.023308270676691722,7.052517346160969,0.12339814894484738,10.263792097271892,3.4044277901961,2.866013924846044,0.9242836308757857,0.0,D4,3,44,50
AdaptiveSplitCP,0.05,0.95,0.9849624060150376,0.03496240601503764,18.845962549900474,0.32974848264748313,19.37645185704478,4.037276216729513,3.346266192649352,0.8935174476256449,0.0,D4,3,44,50
AdaptiveSplitCP,0.1,0.9,0.9398496240601504,0.03984962406015036,14.105833941152937,0.24681028237515587,16.09157078294068,4.037276216729513,3.346266192649352,0.8935174476256449,0.0,D4,3,44,50
AdaptiveSplitCP,0.2,0.8,0.706766917293233,0.093233082706767,8.217313606465696,0.1437786308869053,14.400009178519117,4.037276216729513,3.346266192649352,0.8935174476256449,0.0,D4,3,44,50
AdaptiveSplitCP,0.3,0.7,0.5714285714285714,0.12857142857142856,6.482521563508258,0.11342491229283096,12.6851883074034,4.037276216729513,3.346266192649352,0.8935174476256449,0.0010004043579101562,D4,3,44,50
SplitCP,0.1,0.9,0.06673842841765339,0.8332615715823466,2.3540146767196433,0.030839966938441554,177.39573822051324,11.910529945709088,9.891319364816063,0.4848711134278677,0.001001119613647461,D1,0,45,10
SplitCP,0.2,0.8,0.04628632938643703,0.753713670613563,1.485065305944687,0.01945585360605435,93.095872050691,11.910529945709088,9.891319364816063,0.4848711134278677,0.0019996166229248047,D1,0,45,10
SplitCP,0.3,0.7,0.031216361679224973,0.668783638320775,1.2680092258886901,0.016612199996365363,63.038491063454344,11.910529945709088,9.891319364816063,0.4848711134278677,0.0010001659393310547,D1,0,45,10
TargetOnlyCP,0.1,0.9,0.9526372443487621,0.05263724434876205,69.52,0.9107821301047057,75.7053606027987,17.031155323948543,13.540645855758882,-0.05327542889984671,0.0,D1,0,45,10
TargetOnlyCP,0.2,0.8,0.9418729817007535,0.14187298170075346,66.76,0.8746233458830575,70.57345532831,17.031155323948543,13.540645855758882,-0.05327542889984671,0.0,D1,0,45,10
TargetOnlyCP,0.3,0.7,0.8783638320775027,0.17836383207750273,49.76,0.6519061966917455,57.14550412630068,17.031155323948543,13.540645855758882,-0.05327542889984671,0.0,D1,0,45,10
TransferCal-CP-affine-localsigma,0.1,0.9,0.7911733046286329,0.10882669537136713,31.571956409193824,0.4136244779910596,49.15645811501962,12.084683440703321,10.06912938417186,0.46969674779268,0.0010001659393310547,D1,0,45,10
TransferCal-CP-affine-localsigma,0.2,0.8,0.7115177610333692,0.08848223896663088,27.395073303581686,0.358903095768278,41.24400288859301,12.084683440703321,10.06912938417186,0.46969674779268,0.0009999275207519531,D1,0,45,10
TransferCal-CP-affine-localsigma,0.3,0.7,0.6157158234660925,0.0842841765339074,23.196838589917252,0.30390198594102236,37.11701435560327,12.084683440703321,10.06912938417186,0.46969674779268,0.0020003318786621094,D1,0,45,10
AdaptiveJackknifeCP,0.1,0.9,1.0,0.09999999999999998,127.93980088397122,1.6761404541754201,127.93980088397122,20.13266478236398,16.431490012265392,-0.4718252808342387,0.0009999275207519531,D1,0,45,10
AdaptiveJackknifeCP,0.2,0.8,0.8815931108719053,0.08159311087190524,60.7534333939418,0.7959312640637035,70.54483986502213,20.13266478236398,16.431490012265392,-0.4718252808342387,0.0010006427764892578,D1,0,45,10
AdaptiveJackknifeCP,0.3,0.7,0.620021528525296,0.07997847147470394,37.51951414531204,0.4915434840874703,62.778508723865365,20.13266478236398,16.431490012265392,-0.4718252808342387,0.0020003318786621094,D1,0,45,10
AdaptiveSplitCP,0.1,0.9,0.9526372443487621,0.05263724434876205,69.52,0.9107821301047057,75.7053606027987,17.031155323948543,13.540645855758882,-0.05327542889984671,0.0009999275207519531,D1,0,45,10
AdaptiveSplitCP,0.2,0.8,0.9418729817007535,0.14187298170075346,66.76,0.8746233458830575,70.57345532831,17.031155323948543,13.540645855758882,-0.05327542889984671,0.0020003318786621094,D1,0,45,10
AdaptiveSplitCP,0.3,0.7,0.8783638320775027,0.17836383207750273,49.76,0.6519061966917455,57.14550412630068,17.031155323948543,13.540645855758882,-0.05327542889984671,0.0010001659393310547,D1,0,45,10
SplitCP,0.1,0.9,0.06601731601731602,0.833982683982684,2.3540146767196433,0.030839966938441554,177.07413225145092,11.882943747024743,9.875327351160449,0.4853787894159818,0.0010006427764892578,D1,0,45,15
SplitCP,0.2,0.8,0.046536796536796536,0.7534632034632035,1.4850653059446872,0.019455853606054355,92.9368032594653,11.882943747024743,9.875327351160449,0.4853787894159818,0.0019996166229248047,D1,0,45,15
SplitCP,0.3,0.7,0.031385281385281384,0.6686147186147186,1.2680092258886901,0.016612199996365363,62.932299587959434,11.882943747024743,9.875327351160449,0.4853787894159818,0.0010001659393310547,D1,0,45,15
TargetOnlyCP,0.1,0.9,0.9664502164502164,0.06645021645021643,261.3506270385078,3.4239568584340137,336.7332211601581,53.30258774929942,27.350734368602307,-9.354668202840717,0.0,D1,0,45,15
TargetOnlyCP,0.2,0.8,0.7792207792207793,0.020779220779220786,58.72998534281658,0.7694220533882139,170.11666130556495,53.30258774929942,27.350734368602307,-9.354668202840717,0.0009996891021728516,D1,0,45,15
TargetOnlyCP,0.3,0.7,0.6634199134199135,0.03658008658008649,42.60868550375727,0.5582167627168231,131.4923241269379,53.30258774929942,27.350734368602307,-9.354668202840717,0.0,D1,0,45,15
TransferCal-CP-affine-localsigma,0.1,0.9,0.9707792207792207,0.07077922077922072,54.60457795314335,0.7153750549716966,57.234417106569204,12.382299009923166,9.587779996277256,0.44121830064063683,0.0015027523040771484,D1,0,45,15
TransferCal-CP-affine-localsigma,0.2,0.8,0.8095238095238095,0.00952380952380949,31.69659283483143,0.41525734089714217,44.846778863811736,12.382299009923166,9.587779996277256,0.44121830064063683,0.0010035037994384766,D1,0,45,15
TransferCal-CP-affine-localsigma,0.3,0.7,0.788961038961039,0.08896103896103902,30.175111800110038,0.39532440450880124,39.95369871065264,12.382299009923166,9.587779996277256,0.44121830064063683,0.0009999275207519531,D1,0,45,15
AdaptiveJackknifeCP,0.1,0.9,1.0,0.09999999999999998,131.27134550937674,1.7197870495503589,131.27134550937674,12.763090010822,9.915878853769192,0.40632157854662443,0.0009999275207519531,D1,0,45,15
AdaptiveJackknifeCP,0.2,0.8,0.9025974025974026,0.10259740259740258,43.34633551643503,0.5678807220065011,48.1934301911985,12.763090010822,9.915878853769192,0.40632157854662443,0.0009999275207519531,D1,0,45,15
AdaptiveJackknifeCP,0.3,0.7,0.8528138528138528,0.15281385281385285,38.81440926712549,0.5085079164422955,43.91557529230731,12.763090010822,9.915878853769192,0.40632157854662443,0.0009999275207519531,D1,0,45,15
AdaptiveSplitCP,0.1,0.9,0.9577922077922078,0.05779220779220773,1548.8406698001006,20.291375207614138,2055.477317908297,326.98192872881845,144.96360780257274,-388.6611447890568,0.0010004043579101562,D1,0,45,15
AdaptiveSplitCP,0.2,0.8,0.7976190476190477,0.0023809523809523725,300.55381386455156,3.9375581530875934,1041.4995727319144,326.98192872881845,144.96360780257274,-388.6611447890568,0.0009996891021728516,D1,0,45,15
AdaptiveSplitCP,0.3,0.7,0.7554112554112554,0.05541125541125547,245.92999467058402,3.2219310184509986,780.2170935026293,326.98192872881845,144.96360780257274,-388.6611447890568,0.0009996891021728516,D1,0,45,15
SplitCP,0.05,0.95,0.10772578890097932,0.8422742110990207,3.7707352710821738,0.04940043587826765,328.31965478390424,11.92988853464597,9.899523013596657,0.48747883505339507,0.0010020732879638672,D1,0,45,20
SplitCP,0.1,0.9,0.06746463547334058,0.8325353645266594,2.3540146767196433,0.030839966938441554,177.5771708716434,11.92988853464597,9.899523013596657,0.48747883505339507,0.0010035037994384766,D1,0,45,20
SplitCP,0.2,0.8,0.04787812840043525,0.7521218715995648,1.4850653059446872,0.019455853606054355,93.18224256580727,11.92988853464597,9.899523013596657,0.48747883505339507,0.0019998550415039062,D1,0,45,20
SplitCP,0.3,0.7,0.03264417845484222,0.6673558215451577,1.2680092258886904,0.016612199996365366,63.09499130219559,11.92988853464597,9.899523013596657,0.48747883505339507,0.0010001659393310547,D1,0,45,20
TargetOnlyCP,0.1,0.9,0.9194776931447225,0.019477693144722474,51.30212816166091,0.6721096312713195,62.41341066747569,15.308290211408242,12.216098326892993,0.15609724132174474,0.0,D1,0,45,20
TargetOnlyCP,0.2,0.8,0.7845484221980413,0.015451577801958716,38.796405351691995,0.5082720469881996,53.187014025130466,15.308290211408242,12.216098326892993,0.15609724132174474,0.0,D1,0,45,20
TargetOnlyCP,0.3,0.7,0.5995647442872688,0.10043525571273115,26.65832359261072,0.34925093133916174,48.59565737945049,15.308290211408242,12.216098326892993,0.15609724132174474,0.0,D1,0,45,20
TransferCal-CP-affine-localsigma,0.1,0.9,0.7704026115342764,0.12959738846572366,29.303050714860376,0.3838995245777726,51.312091765199646,11.631742495975178,9.3998947352734,0.5127760917116657,0.0010004043579101562,D1,0,45,20
TransferCal-CP-affine-localsigma,0.2,0.8,0.7551686615886833,0.0448313384113167,28.292134348663183,0.3706555003924621,40.48400105289608,11.631742495975178,9.3998947352734,0.5127760917116657,0.0009999275207519531,D1,0,45,20
TransferCal-CP-affine-localsigma,0.3,0.7,0.6256800870511425,0.07431991294885743,21.288185785277363,0.27889670879717543,36.61145751667217,11.631742495975178,9.3998947352734,0.5127760917116657,0.0019996166229248047,D1,0,45,20
AdaptiveJackknifeCP,0.05,0.95,0.8998911860718172,0.05010881392818278,39.82838797930411,0.5217920604491837,57.46962437029592,11.848485641249844,9.352428535986883,0.49444928850576253,0.0010006427764892578,D1,0,45,20
AdaptiveJackknifeCP,0.1,0.9,0.8977149075081611,0.002285092491838947,39.2734780117445,0.5145221800943178,48.65930563776084,11.848485641249844,9.352428535986883,0.49444928850576253,0.0010006427764892578,D1,0,45,20
AdaptiveJackknifeCP,0.2,0.8,0.7290533188248096,0.07094668117519043,25.909397374648965,0.3394392423850986,43.10746646272734,11.848485641249844,9.352428535986883,0.49444928850576253,0.0019996166229248047,D1,0,45,20
AdaptiveJackknifeCP,0.3,0.7,0.6169749727965179,0.08302502720348204,20.37395964669022,0.26691942413233366,37.746971963900194,11.848485641249844,9.352428535986883,0.49444928850576253,0.0010001659393310547,D1,0,45,20
AdaptiveSplitCP,0.1,0.9,0.7529923830250272,0.14700761697497278,30.14784634168751,0.39496719949872716,57.338052567851975,12.51282293710622,10.068623421076374,0.4361681160373784,0.0019998550415039062,D1,0,45,20
AdaptiveSplitCP,0.2,0.8,0.719260065288357,0.08073993471164309,27.734744706157016,0.36335313379435985,44.52140431551214,12.51282293710622,10.068623421076374,0.4361681160373784,0.0010004043579101562,D1,0,45,20
AdaptiveSplitCP,0.3,0.7,0.675734494015234,0.024265505984765956,25.303736450275597,0.33150447329962734,38.9399355031464,12.51282293710622,10.068623421076374,0.4361681160373784,0.0010008811950683594,D1,0,45,20
SplitCP,0.05,0.95,0.1078107810781078,0.8421892189218921,3.7707352710821738,0.050089469587955356,324.2852245030665,11.78789086382353,9.800031232051893,0.4885198895318007,0.0010008811950683594,D1,0,45,30
SplitCP,0.1,0.9,0.066006600660066,0.833993399339934,2.3540146767196433,0.031270120568636324,175.56665737706598,11.78789086382353,9.800031232051893,0.4885198895318007,0.0009999275207519531,D1,0,45,30
SplitCP,0.2,0.8,0.045104510451045104,0.7548954895489549,1.485065305944687,0.01972722244616651,92.18528482598303,11.78789086382353,9.800031232051893,0.4885198895318007,0.0009999275207519531,D1,0,45,30
SplitCP,0.3,0.7,0.0319031903190319,0.6680968096809681,1.2680092258886901,0.016843905761427354,62.43137339525981,11.78789086382353,9.800031232051893,0.4885198895318007,0.0019998550415039062,D1,0,45,30
TargetOnlyCP,0.1,0.9,0.9636963696369637,0.06369636963696368,143.42113313847767,1.9051691434567746,178.33843633961936,27.94333640087385,14.923829236082627,-1.8741739961386115,0.0,D1,0,45,30
TargetOnlyCP,0.2,0.8,0.8118811881188119,0.011881188118811892,39.38168818580995,0.5231361341734669,92.57877184021893,27.94333640087385,14.923829236082627,-1.8741739961386115,0.0,D1,0,45,30
TargetOnlyCP,0.3,0.7,0.6666666666666666,0.033333333333333326,25.523421736573823,0.33904651611561315,72.30202108211563,27.94333640087385,14.923829236082627,-1.8741739961386115,0.0,D1,0,45,30
TransferCal-CP-affine-localsigma,0.1,0.9,0.8415841584158416,0.05841584158415847,34.21431168617609,0.45449404465503657,48.53331608005892,12.153661170964062,9.97474868873675,0.4562856606646125,0.0010001659393310547,D1,0,45,30
TransferCal-CP-affine-localsigma,0.2,0.8,0.7084708470847084,0.09152915291529162,27.749026016738068,0.3686108662732726,42.10766275449657,12.153661170964062,9.97474868873675,0.4562856606646125,0.0009999275207519531,D1,0,45,30
TransferCal-CP-affine-localsigma,0.3,0.7,0.7051705170517052,0.005170517051705237,27.435072432266452,0.36444038826543634,37.31544208562041,12.153661170964062,9.97474868873675,0.4562856606646125,0.0010004043579101562,D1,0,45,30
AdaptiveJackknifeCP,0.05,0.95,1.0,0.050000000000000044,187.26724535407922,2.487609528815132,187.26724535407922,11.506879605926969,9.241520362800708,0.5126155420792681,0.0010001659393310547,D1,0,45,30
AdaptiveJackknifeCP,0.1,0.9,0.988998899889989,0.08899889988998899,59.29073877103258,0.7876027997231211,59.887770418502726,11.506879605926969,9.241520362800708,0.5126155420792681,0.0010004043579101562,D1,0,45,30
AdaptiveJackknifeCP,0.2,0.8,0.9548954895489549,0.15489548954895482,44.20927117067991,0.5872644947503622,46.21464441836494,11.506879605926969,9.241520362800708,0.5126155420792681,0.0009999275207519531,D1,0,45,30
AdaptiveJackknifeCP,0.3,0.7,0.8261826182618262,0.1261826182618262,32.09548223003925,0.4263480635730044,37.42160475787842,11.506879605926969,9.241520362800708,0.5126155420792681,0.0010001659393310547,D1,0,45,30
AdaptiveSplitCP,0.1,0.9,0.9691969196919692,0.06919691969196917,108.92047403540982,1.4468713339657429,129.7670213493892,21.775300141760944,13.900310319380907,-0.7453592713151203,0.0010001659393310547,D1,0,45,30
AdaptiveSplitCP,0.2,0.8,0.7612761276127613,0.038723872387238734,36.01187046032852,0.47837234930319866,75.56924720454305,21.775300141760944,13.900310319380907,-0.7453592713151203,0.0019998550415039062,D1,0,45,30
AdaptiveSplitCP,0.3,0.7,0.759075907590759,0.05907590759075909,35.628212616061305,0.473275937982579,62.30643431971559,21.775300141760944,13.900310319380907,-0.7453592713151203,0.0010001659393310547,D1,0,45,30
SplitCP,0.05,0.95,0.11023622047244094,0.839763779527559,3.7707352710821738,0.04953021503463644,325.35988414382365,11.824491313601511,9.824401271331437,0.49761367890845043,0.001001119613647461,D1,0,45,50
SplitCP,0.1,0.9,0.0686164229471316,0.8313835770528684,2.354014676719643,0.030920986160651955,176.07247863020504,11.824491313601511,9.824401271331437,0.49761367890845043,0.0009996891021728516,D1,0,45,50
SplitCP,0.2,0.8,0.047244094488188976,0.752755905511811,1.4850653059446868,0.019506965792061175,92.42766483327915,11.824491313601511,9.824401271331437,0.49761367890845043,0.0009996891021728516,D1,0,45,50
SplitCP,0.3,0.7,0.031496062992125984,0.668503937007874,1.2680092258886901,0.016655841661922133,62.592622663434874,11.824491313601511,9.824401271331437,0.49761367890845043,0.0010001659393310547,D1,0,45,50
TargetOnlyCP,0.05,0.95,0.905511811023622,0.04448818897637796,47.16741005364575,0.6195640358262199,77.0741515354292,14.690422205811556,11.52201805353209,0.22457209061435535,0.0,D1,0,45,50
TargetOnlyCP,0.1,0.9,0.905511811023622,0.005511811023621971,47.16741005364575,0.6195640358262199,62.120780794537474,14.690422205811556,11.52201805353209,0.22457209061435535,0.0009996891021728516,D1,0,45,50
TargetOnlyCP,0.2,0.8,0.7120359955005624,0.08796400449943764,31.769313776582692,0.41730347789845873,52.15742665006336,14.690422205811556,11.52201805353209,0.22457209061435535,0.0,D1,0,45,50
TargetOnlyCP,0.3,0.7,0.6299212598425197,0.07007874015748028,27.235058276396074,0.35774409920949213,45.78647831716963,14.690422205811556,11.52201805353209,0.22457209061435535,0.0,D1,0,45,50
TransferCal-CP-affine-localsigma,0.05,0.95,0.8335208098987626,0.1164791901012373,33.33739165832195,0.437900849257099,68.35597011530136,12.091841896257641,9.634406142829468,0.47463904481734387,0.0010004043579101562,D1,0,45,50
TransferCal-CP-affine-localsigma,0.1,0.9,0.8222722159730034,0.07772778402699665,32.71844602955724,0.4297707346021219,51.298745613569274,12.091841896257641,9.634406142829468,0.47463904481734387,0.0010001659393310547,D1,0,45,50
TransferCal-CP-affine-localsigma,0.2,0.8,0.6827896512935883,0.11721034870641178,25.00745660098298,0.32848360170364044,43.999889319523945,12.091841896257641,9.634406142829468,0.47463904481734387,0.0009996891021728516,D1,0,45,50
TransferCal-CP-affine-localsigma,0.3,0.7,0.6490438695163104,0.05095613048368952,22.79934664752573,0.299479136273886,37.93256173181208,12.091841896257641,9.634406142829468,0.47463904481734387,0.0009999275207519531,D1,0,45,50
AdaptiveJackknifeCP,0.05,0.95,0.9516310461192351,0.0016310461192351466,50.411201883716785,0.6621726241572976,59.578867090909284,12.778269511625075,9.920252241867999,0.41329882179726296,0.0009999275207519531,D1,0,45,50
AdaptiveJackknifeCP,0.1,0.9,0.8031496062992126,0.09685039370078741,34.49478697621765,0.45310373008914506,58.00004220360396,12.778269511625075,9.920252241867999,0.41329882179726296,0.0010001659393310547,D1,0,45,50
AdaptiveJackknifeCP,0.2,0.8,0.7244094488188977,0.07559055118110236,27.327467352198312,0.35895793180886293,47.41974773191863,12.778269511625075,9.920252241867999,0.41329882179726296,0.0009999275207519531,D1,0,45,50
AdaptiveJackknifeCP,0.3,0.7,0.6186726659167604,0.08132733408323956,20.840377629939074,0.2737472432313359,41.25374685346535,12.778269511625075,9.920252241867999,0.41329882179726296,0.0010030269622802734,D1,0,45,50
AdaptiveSplitCP,0.05,0.95,0.7086614173228346,0.24133858267716535,26.864199487767134,0.3528727109449417,110.7463275221947,12.941468605625124,10.163052931463536,0.39821688354226314,0.0019998550415039062,D1,0,45,50
AdaptiveSplitCP,0.1,0.9,0.6850393700787402,0.21496062992125986,24.546933417863645,0.322434433398651,73.48535090137153,12.941468605625124,10.163052931463536,0.39821688354226314,0.0009999275207519531,D1,0,45,50
AdaptiveSplitCP,0.2,0.8,0.5725534308211474,0.22744656917885264,19.49715977578816,0.25610350418004896,53.235548456542425,12.941468605625124,10.163052931463536,0.39821688354226314,0.0,D1,0,45,50
AdaptiveSplitCP,0.3,0.7,0.5084364454443194,0.19156355455568053,16.642143631114443,0.21860165018952357,43.52623731663824,12.941468605625124,10.163052931463536,0.39821688354226314,0.0010001659393310547,D1,0,45,50
SplitCP,0.1,0.9,0.010752688172043012,0.889247311827957,2.7279891939546306,0.07693144932840712,342.94262161684054,19.35919546218921,18.36855837466989,-5.780388838657107,0.0,D2,1,45,10
SplitCP,0.2,0.8,0.010752688172043012,0.789247311827957,1.9714275747629835,0.05559581427543783,175.8208765262937,19.35919546218921,18.36855837466989,-5.780388838657107,0.0,D2,1,45,10
SplitCP,0.3,0.7,0.0,0.7,1.4620953338815639,0.041232242906634,119.04550005207561,19.35919546218921,18.36855837466989,-5.780388838657107,0.00099945068359375,D2,1,45,10
TargetOnlyCP,0.1,0.9,1.0,0.09999999999999998,50.04000000000001,1.4111675122923955,50.04000000000001,7.732353061712052,6.049462365591398,-0.08169131435676569,0.0,D2,1,45,10
TargetOnlyCP,0.2,0.8,1.0,0.19999999999999996,38.28,1.079526226429914,38.28,7.732353061712052,6.049462365591398,-0.08169131435676569,0.0,D2,1,45,10
TargetOnlyCP,0.3,0.7,0.8817204301075269,0.18172043010752692,25.699999999999985,0.7247602930838236,28.2483870967742,7.732353061712052,6.049462365591398,-0.08169131435676569,0.0,D2,1,45,10
TransferCal-CP-affine-localsigma,0.1,0.9,0.989247311827957,0.08924731182795698,40.83388798005106,1.151547884053457,41.48058471679457,8.624632377320843,7.2286853075278055,-0.34574004458615093,0.0010004043579101562,D2,1,45,10
TransferCal-CP-affine-localsigma,0.2,0.8,0.8817204301075269,0.08172043010752683,26.863214157724077,0.757563850822009,30.328086096798152,8.624632377320843,7.2286853075278055,-0.34574004458615093,0.0,D2,1,45,10
TransferCal-CP-affine-localsigma,0.3,0.7,0.8817204301075269,0.18172043010752692,26.64728434110287,0.751474459492051,29.042332586608648,8.624632377320843,7.2286853075278055,-0.34574004458615093,0.0,D2,1,45,10
AdaptiveJackknifeCP,0.1,0.9,1.0,0.09999999999999998,83.07078422928585,2.3426617091330866,83.07078422928585,5.02879817200106,3.829259898882323,0.5424817710254586,0.0,D2,1,45,10
AdaptiveJackknifeCP,0.2,0.8,1.0,0.19999999999999996,48.81859064733725,1.3767228041051898,48.81859064733725,5.02879817200106,3.829259898882323,0.5424817710254586,0.0,D2,1,45,10
AdaptiveJackknifeCP,0.3,0.7,1.0,0.30000000000000004,34.91766552766485,0.9847057393631641,34.91766552766485,5.02879817200106,3.829259898882323,0.5424817710254586,0.0,D2,1,45,10
AdaptiveSplitCP,0.1,0.9,1.0,0.09999999999999998,50.04000000000001,1.4111675122923955,50.04000000000001,7.732353061712052,6.049462365591398,-0.08169131435676569,0.0,D2,1,45,10
AdaptiveSplitCP,0.2,0.8,1.0,0.19999999999999996,38.28,1.079526226429914,38.28,7.732353061712052,6.049462365591398,-0.08169131435676569,0.0009999275207519531,D2,1,45,10
AdaptiveSplitCP,0.3,0.7,0.8817204301075269,0.18172043010752692,25.699999999999985,0.7247602930838236,28.2483870967742,7.732353061712052,6.049462365591398,-0.08169131435676569,0.0009999275207519531,D2,1,45,10
SplitCP,0.1,0.9,0.011363636363636364,0.8886363636363637,2.727989193954631,0.06598909514501064,343.0899671679422,19.512662368881212,18.3755752065743,-5.058164594328279,0.0,D2,1,45,15
SplitCP,0.2,0.8,0.011363636363636364,0.7886363636363637,1.9714275747629841,0.0476881367751839,175.8922382020791,19.512662368881212,18.3755752065743,-5.058164594328279,0.0,D2,1,45,15
SplitCP,0.3,0.7,0.0,0.7,1.4620953338815639,0.03536756975152124,119.09227893143837,19.512662368881212,18.3755752065743,-5.058164594328279,0.0,D2,1,45,15
TargetOnlyCP,0.1,0.9,0.9545454545454546,0.054545454545454564,19.61211490897325,0.4744101331453591,24.667401574997537,5.265520379133725,3.944495974650535,0.5588456107909672,0.0,D2,1,45,15
TargetOnlyCP,0.2,0.8,0.9545454545454546,0.15454545454545454,18.294029814022505,0.4425261202128022,21.121237941341636,5.265520379133725,3.944495974650535,0.5588456107909672,0.0,D2,1,45,15
TargetOnlyCP,0.3,0.7,0.9545454545454546,0.25454545454545463,18.257525944521557,0.4416431045018172,20.147862252052636,5.265520379133725,3.944495974650535,0.5588456107909672,0.0,D2,1,45,15
TransferCal-CP-affine-localsigma,0.1,0.9,0.875,0.025000000000000022,22.56678991462643,0.5458826780156653,29.740355491432055,6.773962239785784,5.211576265221666,0.2698811661508512,0.0,D2,1,45,15
TransferCal-CP-affine-localsigma,0.2,0.8,0.7272727272727273,0.07272727272727275,14.454980614473936,0.3496608759307529,25.31015776056777,6.773962239785784,5.211576265221666,0.2698811661508512,0.0,D2,1,45,15
TransferCal-CP-affine-localsigma,0.3,0.7,0.6818181818181818,0.018181818181818188,12.353331905604676,0.29882273591234754,21.713877255627377,6.773962239785784,5.211576265221666,0.2698811661508512,0.0010001659393310547,D2,1,45,15
AdaptiveJackknifeCP,0.1,0.9,0.9431818181818182,0.04318181818181821,20.831138949195037,0.5038978941498804,23.643951913727246,5.6447030425342675,4.6555352604187075,0.4930207232765669,0.0,D2,1,45,15
AdaptiveJackknifeCP,0.2,0.8,0.8068181818181818,0.006818181818181723,15.218570913133238,0.3681318555745505,19.48349108927515,5.6447030425342675,4.6555352604187075,0.4930207232765669,0.0009999275207519531,D2,1,45,15
AdaptiveJackknifeCP,0.3,0.7,0.7159090909090909,0.015909090909090984,11.717123168606195,0.283433071257181,17.399594391217352,5.6447030425342675,4.6555352604187075,0.4930207232765669,0.0,D2,1,45,15
AdaptiveSplitCP,0.1,0.9,0.9545454545454546,0.054545454545454564,39.716529113310514,0.9607288123779202,43.649603847148306,9.443163945424043,7.127477220404372,-0.4188715083673862,0.0,D2,1,45,15
AdaptiveSplitCP,0.2,0.8,0.75,0.050000000000000044,20.755679688929536,0.5020725612943592,35.93864368026598,9.443163945424043,7.127477220404372,-0.4188715083673862,0.0,D2,1,45,15
AdaptiveSplitCP,0.3,0.7,0.6931818181818182,0.006818181818181723,17.171024986487566,0.4153610300516196,30.642290681184612,9.443163945424043,7.127477220404372,-0.4188715083673862,0.0,D2,1,45,15
SplitCP,0.05,0.95,0.012048192771084338,0.9379518072289156,4.120296655259474,0.09966852090621162,671.1165901968147,19.81591620864684,18.719757314702804,-5.570550187661987,0.0,D2,1,45,20
SplitCP,0.1,0.9,0.012048192771084338,0.8879518072289156,2.7279891939546306,0.06598909514501063,349.9814626908765,19.81591620864684,18.719757314702804,-5.570550187661987,0.0,D2,1,45,20
SplitCP,0.2,0.8,0.012048192771084338,0.7879518072289157,1.9714275747629837,0.047688136775183895,179.33539641802605,19.81591620864684,18.719757314702804,-5.570550187661987,0.0,D2,1,45,20
SplitCP,0.3,0.7,0.0,0.7,1.4620953338815639,0.03536756975152124,121.38682631896171,19.81591620864684,18.719757314702804,-5.570550187661987,0.0,D2,1,45,20
TargetOnlyCP,0.1,0.9,0.9759036144578314,0.07590361445783134,32.286652317716985,0.7810027167369848,33.68984756737539,6.454668231923981,4.951669497687653,0.3028579620018752,0.0,D2,1,45,20
TargetOnlyCP,0.2,0.8,0.9036144578313253,0.10361445783132528,22.555473048296175,0.5456089270159672,25.110407764940224,6.454668231923981,4.951669497687653,0.3028579620018752,0.0,D2,1,45,20
TargetOnlyCP,0.3,0.7,0.7831325301204819,0.08313253012048194,17.0081482177864,0.4114210985406915,21.26228277336646,6.454668231923981,4.951669497687653,0.3028579620018752,0.0,D2,1,45,20
TransferCal-CP-affine-localsigma,0.1,0.9,0.9518072289156626,0.051807228915662584,24.85042785784125,0.6011230733388974,28.232008413696764,6.6498280750793795,5.291621801949631,0.2600638306122056,0.0,D2,1,45,20
TransferCal-CP-affine-localsigma,0.2,0.8,0.891566265060241,0.0915662650602409,20.147819102747075,0.48736862839558265,23.72047143641518,6.6498280750793795,5.291621801949631,0.2600638306122056,0.0,D2,1,45,20
TransferCal-CP-affine-localsigma,0.3,0.7,0.8313253012048193,0.13132530120481933,18.500421390771752,0.44751865956208425,21.602657299265317,6.6498280750793795,5.291621801949631,0.2600638306122056,0.0009996891021728516,D2,1,45,20
AdaptiveJackknifeCP,0.05,0.95,0.9156626506024096,0.034337349397590367,18.36686178226963,0.44428789980229194,28.670413919499232,5.113609733432419,3.839099965926092,0.5624490990116957,0.0009996891021728516,D2,1,45,20
AdaptiveJackknifeCP,0.1,0.9,0.9036144578313253,0.0036144578313253017,17.132671266356056,0.4144332671072018,23.421819553438887,5.113609733432419,3.839099965926092,0.5624490990116957,0.0,D2,1,45,20
AdaptiveJackknifeCP,0.2,0.8,0.891566265060241,0.0915662650602409,16.199011429915927,0.3918483654087432,19.797081727449523,5.113609733432419,3.839099965926092,0.5624490990116957,0.0,D2,1,45,20
AdaptiveJackknifeCP,0.3,0.7,0.8192771084337349,0.11927710843373496,13.502804724967003,0.3266280774480097,17.226094362381506,5.113609733432419,3.839099965926092,0.5624490990116957,0.0009999275207519531,D2,1,45,20
AdaptiveSplitCP,0.1,0.9,0.9036144578313253,0.0036144578313253017,19.381535144021736,0.4688324900661202,24.94539870777706,5.598563837721598,4.276853596655642,0.4755227052528531,0.0009996891021728516,D2,1,45,20
AdaptiveSplitCP,0.2,0.8,0.9036144578313253,0.10361445783132528,19.144168510584745,0.46309067503516776,22.040493850745293,5.598563837721598,4.276853596655642,0.4755227052528531,0.0,D2,1,45,20
AdaptiveSplitCP,0.3,0.7,0.7590361445783133,0.0590361445783133,11.185519921361502,0.2705737764551467,17.478104585572993,5.598563837721598,4.276853596655642,0.4755227052528531,0.0,D2,1,45,20
SplitCP,0.05,0.95,0.0136986301369863,0.9363013698630136,4.120296655259473,0.11619561912288544,669.2455885950186,19.71962442090849,18.670886610073538,-5.112731437457834,0.0,D2,1,45,30
SplitCP,0.1,0.9,0.0136986301369863,0.8863013698630138,2.7279891939546306,0.07693144932840712,349.0229827273888,19.71962442090849,18.670886610073538,-5.112731437457834,0.0,D2,1,45,30
SplitCP,0.2,0.8,0.0136986301369863,0.7863013698630137,1.971427574762984,0.055595814275437846,178.84991314845257,19.71962442090849,18.670886610073538,-5.112731437457834,0.00099945068359375,D2,1,45,30
SplitCP,0.3,0.7,0.0,0.7,1.4620953338815639,0.041232242906634,121.06102162143328,19.71962442090849,18.670886610073538,-5.112731437457834,0.0,D2,1,45,30
TargetOnlyCP,0.1,0.9,1.0,0.09999999999999998,41.668788762866484,1.1750927453783295,41.668788762866484,5.4065351283909955,4.355090944500526,0.5405099668665201,0.0,D2,1,45,30
TargetOnlyCP,0.2,0.8,0.6986301369863014,0.10136986301369866,10.427055310506375,0.29405119310676436,20.156045677504316,5.4065351283909955,4.355090944500526,0.5405099668665201,0.0,D2,1,45,30
TargetOnlyCP,0.3,0.7,0.6575342465753424,0.042465753424657526,9.405735504136736,0.26524916811856303,17.000909879660384,5.4065351283909955,4.355090944500526,0.5405099668665201,0.0009999275207519531,D2,1,45,30
TransferCal-CP-affine-localsigma,0.1,0.9,0.9863013698630136,0.08630136986301362,34.5124156699841,0.9732773733855423,34.79961223546921,6.402848123601388,4.958108807064268,0.35555710774995497,0.0,D2,1,45,30
TransferCal-CP-affine-localsigma,0.2,0.8,0.9041095890410958,0.1041095890410958,21.597600228120793,0.6090693802038946,24.95105794965509,6.402848123601388,4.958108807064268,0.35555710774995497,0.0,D2,1,45,30
TransferCal-CP-affine-localsigma,0.3,0.7,0.9041095890410958,0.20410958904109588,20.94890561236099,0.5907756798210162,23.391889404357308,6.402848123601388,4.958108807064268,0.35555710774995497,0.0009996891021728516,D2,1,45,30
AdaptiveJackknifeCP,0.05,0.95,1.0,0.050000000000000044,36.03506259830812,1.0162172190678498,36.03506259830812,4.989957742564832,3.882059934891994,0.6085901299847922,0.0,D2,1,45,30
AdaptiveJackknifeCP,0.1,0.9,0.9178082191780822,0.017808219178082174,18.78560844180399,0.5297689914412381,22.19148090127788,4.989957742564832,3.882059934891994,0.6085901299847922,0.0,D2,1,45,30
AdaptiveJackknifeCP,0.2,0.8,0.9178082191780822,0.11780821917808215,17.2827210399274,0.48738638000714996,19.60328222933965,4.989957742564832,3.882059934891994,0.6085901299847922,0.0,D2,1,45,30
AdaptiveJackknifeCP,0.3,0.7,0.7808219178082192,0.08082191780821923,11.619114614938233,0.32766820675864505,16.03431222399706,4.989957742564832,3.882059934891994,0.6085901299847922,0.0,D2,1,45,30
AdaptiveSplitCP,0.1,0.9,0.9726027397260274,0.07260273972602738,27.341161012901864,0.7710423295316257,27.844919691781126,5.780812373339346,4.549776614676562,0.4746898590158627,0.0009999275207519531,D2,1,45,30
AdaptiveSplitCP,0.2,0.8,0.8767123287671232,0.0767123287671232,16.821843261118033,0.47438926272910725,20.935548732360363,5.780812373339346,4.549776614676562,0.4746898590158627,0.0010004043579101562,D2,1,45,30
AdaptiveSplitCP,0.3,0.7,0.8082191780821918,0.10821917808219184,14.769854677210246,0.41652156438367266,18.471042967876276,5.780812373339346,4.549776614676562,0.4746898590158627,0.0,D2,1,45,30
SplitCP,0.1,0.9,0.12,0.78,2.5931251343702684,0.07836582452664279,158.70836337856193,10.327486653911938,8.992972471054225,-0.5742594887407111,0.0,D3,2,45,10
SplitCP,0.2,0.8,0.12,0.68,1.703968519213639,0.051494968833444815,83.67387674799862,10.327486653911938,8.992972471054225,-0.5742594887407111,0.0,D3,2,45,10
SplitCP,0.3,0.7,0.08,0.62,1.3340161690025454,0.04031478297368986,57.09323321840682,10.327486653911938,8.992972471054225,-0.5742594887407111,0.0,D3,2,45,10
TargetOnlyCP,0.1,0.9,0.96,0.05999999999999994,34.75999999999999,1.0504684191446148,34.80799999999999,8.5683648381707,7.606799999999998,-0.08363477984188195,0.0,D3,2,45,10
TargetOnlyCP,0.2,0.8,0.88,0.07999999999999996,26.94,0.8141432454475239,29.70799999999999,8.5683648381707,7.606799999999998,-0.08363477984188195,0.0,D3,2,45,10
TargetOnlyCP,0.3,0.7,0.88,0.18000000000000005,22.679999999999993,0.6854034449424586,26.229333333333326,8.5683648381707,7.606799999999998,-0.08363477984188195,0.0,D3,2,45,10
TransferCal-CP-affine-localsigma,0.1,0.9,0.72,0.18000000000000005,14.38403648988826,0.4346943634191996,27.105838391217784,6.067023032924094,5.080896243484744,0.456701729854632,0.0,D3,2,45,10
TransferCal-CP-affine-localsigma,0.2,0.8,0.6,0.20000000000000007,10.29184421324102,0.31102581475160956,24.180179314466034,6.067023032924094,5.080896243484744,0.456701729854632,0.0010037422180175781,D3,2,45,10
TransferCal-CP-affine-localsigma,0.3,0.7,0.52,0.17999999999999994,8.569753836242796,0.2589831923134773,20.548524956135676,6.067023032924094,5.080896243484744,0.456701729854632,0.0,D3,2,45,10
AdaptiveJackknifeCP,0.1,0.9,1.0,0.09999999999999998,29.322944685524206,0.8861572885059725,29.322944685524206,5.5050482867566375,4.906015930076686,0.5526892863562554,0.0,D3,2,45,10
AdaptiveJackknifeCP,0.2,0.8,0.88,0.07999999999999996,15.67058887840814,0.4735747619725715,17.449945146165245,5.5050482867566375,4.906015930076686,0.5526892863562554,0.0,D3,2,45,10
AdaptiveJackknifeCP,0.3,0.7,0.88,0.18000000000000005,14.602968013045654,0.44131060769515096,16.21625387102872,5.5050482867566375,4.906015930076686,0.5526892863562554,0.0009999275207519531,D3,2,45,10
AdaptiveSplitCP,0.1,0.9,0.96,0.05999999999999994,34.75999999999999,1.0504684191446148,34.80799999999999,8.5683648381707,7.606799999999998,-0.08363477984188195,0.0,D3,2,45,10
AdaptiveSplitCP,0.2,0.8,0.88,0.07999999999999996,26.94,0.8141432454475239,29.70799999999999,8.5683648381707,7.606799999999998,-0.08363477984188195,0.0,D3,2,45,10
AdaptiveSplitCP,0.3,0.7,0.88,0.18000000000000005,22.679999999999993,0.6854034449424586,26.229333333333326,8.5683648381707,7.606799999999998,-0.08363477984188195,0.0,D3,2,45,10
SplitCP,0.1,0.9,0.046242774566473986,0.8537572254335261,3.6481075061368036,0.06383106787452773,200.83063735441485,13.581331725754787,11.648194147667935,-0.3119373779264818,0.0,D4,3,45,10
SplitCP,0.2,0.8,0.028901734104046242,0.7710982658959538,2.262357608587166,0.039584552217076664,107.51572896453797,13.581331725754787,11.648194147667935,-0.3119373779264818,0.00099945068359375,D4,3,45,10
SplitCP,0.3,0.7,0.011560693641618497,0.6884393063583815,1.4811925761428884,0.025916479627856072,74.20055000334078,13.581331725754787,11.648194147667935,-0.3119373779264818,0.0010006427764892578,D4,3,45,10
TargetOnlyCP,0.1,0.9,1.0,0.09999999999999998,93.38642123951479,1.6339855617388628,93.38642123951479,14.074285811017921,10.563454077050643,-0.408903096923229,0.0009989738464355469,D4,3,45,10
TargetOnlyCP,0.2,0.8,0.9942196531791907,0.19421965317919065,91.5405397911676,1.601688107834454,91.54818377605255,14.074285811017921,10.563454077050643,-0.408903096923229,0.0,D4,3,45,10
TargetOnlyCP,0.3,0.7,0.976878612716763,0.27687861271676306,71.68092861147376,1.2542037787568914,72.07800997752332,14.074285811017921,10.563454077050643,-0.408903096923229,0.0,D4,3,45,10
TransferCal-CP-affine-localsigma,0.1,0.9,1.0,0.09999999999999998,84.454157239789,1.4776974181793354,84.454157239789,14.154856195657805,11.140921752571542,-0.4250802280918,0.0,D4,3,45,10
TransferCal-CP-affine-localsigma,0.2,0.8,0.9942196531791907,0.19421965317919065,79.44127523155599,1.3899868418938897,79.58116316940995,14.154856195657805,11.140921752571542,-0.4250802280918,0.0,D4,3,45,10
TransferCal-CP-affine-localsigma,0.3,0.7,0.9595375722543352,0.25953757225433527,59.39481871887287,1.0392332733237915,60.48141587104308,14.154856195657805,11.140921752571542,-0.4250802280918,0.0,D4,3,45,10
AdaptiveJackknifeCP,0.1,0.9,1.0,0.09999999999999998,42.405810206693495,0.7419759820741116,42.405810206693495,4.569877132980654,3.6908137369102874,0.8514620455666617,0.0,D4,3,45,10
AdaptiveJackknifeCP,0.2,0.8,0.9421965317919075,0.1421965317919075,16.112172397736003,0.2819152583074705,17.4135314053014,4.569877132980654,3.6908137369102874,0.8514620455666617,0.0,D4,3,45,10
AdaptiveJackknifeCP,0.3,0.7,0.9364161849710982,0.2364161849710983,15.754146414604946,0.2756508648399974,16.695150690632065,4.569877132980654,3.6908137369102874,0.8514620455666617,0.0,D4,3,45,10
AdaptiveSplitCP,0.1,0.9,1.0,0.09999999999999998,93.38642123951479,1.6339855617388628,93.38642123951479,14.074285811017921,10.563454077050643,-0.408903096923229,0.0,D4,3,45,10
AdaptiveSplitCP,0.2,0.8,0.9942196531791907,0.19421965317919065,91.5405397911676,1.601688107834454,91.54818377605255,14.074285811017921,10.563454077050643,-0.408903096923229,0.0010037422180175781,D4,3,45,10
AdaptiveSplitCP,0.3,0.7,0.976878612716763,0.27687861271676306,71.68092861147376,1.2542037787568914,72.07800997752332,14.074285811017921,10.563454077050643,-0.408903096923229,0.0,D4,3,45,10
SplitCP,0.1,0.9,0.047619047619047616,0.8523809523809525,3.6481075061368036,0.0629600221067622,204.4023125026975,13.741081016145609,11.827910362485264,-0.1918657179065102,0.0010008811950683594,D4,3,45,15
SplitCP,0.2,0.8,0.02976190476190476,0.7702380952380953,2.262357608587166,0.03904437706686055,109.29363073344307,13.741081016145609,11.827910362485264,-0.1918657179065102,0.0009996891021728516,D4,3,45,15
SplitCP,0.3,0.7,0.005952380952380952,0.694047619047619,1.4811925761428881,0.025562820498423983,75.39786573733976,13.741081016145609,11.827910362485264,-0.1918657179065102,0.0009999275207519531,D4,3,45,15
TargetOnlyCP,0.1,0.9,0.8988095238095238,0.0011904761904761862,37.71318311280598,0.6508642737376595,49.52443424001886,11.87799006298257,9.454499724389024,0.10942306527427803,0.0,D4,3,45,15
TargetOnlyCP,0.2,0.8,0.7023809523809523,0.09761904761904772,24.63016926357187,0.4250740962866866,43.13094251243785,11.87799006298257,9.454499724389024,0.10942306527427803,0.0,D4,3,45,15
TargetOnlyCP,0.3,0.7,0.5,0.19999999999999996,16.556673975384996,0.2857395396794547,39.55838331234914,11.87799006298257,9.454499724389024,0.10942306527427803,0.0,D4,3,45,15
TransferCal-CP-affine-localsigma,0.1,0.9,0.9226190476190477,0.02261904761904765,39.30145930619313,0.6782751721498045,45.108137018411455,10.462915916700004,8.389299991519092,0.3089793937759785,0.0010004043579101562,D4,3,45,15
TransferCal-CP-affine-localsigma,0.2,0.8,0.9047619047619048,0.10476190476190472,35.25037421026476,0.6083604542400466,39.7943534185844,10.462915916700004,8.389299991519092,0.3089793937759785,0.0009999275207519531,D4,3,45,15
TransferCal-CP-affine-localsigma,0.3,0.7,0.6011904761904762,0.09880952380952379,16.903779264280118,0.29172997626210717,32.96010070456574,10.462915916700004,8.389299991519092,0.3089793937759785,0.0010001659393310547,D4,3,45,15
AdaptiveJackknifeCP,0.1,0.9,0.9880952380952381,0.08809523809523812,16.865883665442,0.2910759638086409,17.084344326141327,3.4724590150610433,2.7175443628942677,0.9238868344123548,0.0009999275207519531,D4,3,45,15
AdaptiveJackknifeCP,0.2,0.8,0.9107142857142857,0.11071428571428565,12.880779001630387,0.22229995397086197,13.92812319215365,3.4724590150610433,2.7175443628942677,0.9238868344123548,0.0009996891021728516,D4,3,45,15
AdaptiveJackknifeCP,0.3,0.7,0.8928571428571429,0.19285714285714295,11.9077156680047,0.205506564825039,12.916107648535846,3.4724590150610433,2.7175443628942677,0.9238868344123548,0.0010004043579101562,D4,3,45,15
AdaptiveSplitCP,0.1,0.9,0.9821428571428571,0.08214285714285707,48.23995734899724,0.8325381793198277,50.17298041714949,9.973975102025873,7.854896576448184,0.37205430510431736,0.0009999275207519531,D4,3,45,15
AdaptiveSplitCP,0.2,0.8,0.8452380952380952,0.04523809523809519,27.439263356656923,0.4735541988886787,35.54366032072244,9.973975102025873,7.854896576448184,0.37205430510431736,0.0,D4,3,45,15
AdaptiveSplitCP,0.3,0.7,0.7797619047619048,0.07976190476190481,24.696507690952558,0.4262189827373709,31.83066674194943,9.973975102025873,7.854896576448184,0.37205430510431736,0.0,D4,3,45,15
SplitCP,0.05,0.95,0.06748466257668712,0.8825153374233128,5.224465349762099,0.091412657600633,381.44961652036454,13.786475717398366,11.935675182462223,-0.24616801765713392,0.0010008811950683594,D4,3,45,20
SplitCP,0.1,0.9,0.049079754601226995,0.850920245398773,3.648107506136803,0.06383106787452772,206.577162939828,13.786475717398366,11.935675182462223,-0.24616801765713392,0.0009996891021728516,D4,3,45,20
SplitCP,0.2,0.8,0.03067484662576687,0.7693251533742331,2.262357608587166,0.039584552217076664,110.3726332875552,13.786475717398366,11.935675182462223,-0.24616801765713392,0.0,D4,3,45,20
SplitCP,0.3,0.7,0.006134969325153374,0.6938650306748466,1.4811925761428881,0.02591647962785607,76.11593106901202,13.786475717398366,11.935675182462223,-0.24616801765713392,0.0,D4,3,45,20
TargetOnlyCP,0.1,0.9,0.9141104294478528,0.01411042944785279,40.29748729849166,0.7050865805341433,45.61766131236786,11.663537465279033,9.610621894241802,0.10807023316106346,0.0,D4,3,45,20
TargetOnlyCP,0.2,0.8,0.803680981595092,0.0036809815950920033,31.61725113554279,0.5532081770736994,39.8711025495345,11.663537465279033,9.610621894241802,0.10807023316106346,0.0,D4,3,45,20
TargetOnlyCP,0.3,0.7,0.6380368098159509,0.061963190184049055,23.711716189352046,0.4148847485875902,36.08134853754049,11.663537465279033,9.610621894241802,0.10807023316106346,0.0,D4,3,45,20
TransferCal-CP-affine-localsigma,0.1,0.9,1.0,0.09999999999999998,51.62104609833863,0.90321529497536,51.62104609833863,10.439681656713288,8.163830583657214,0.2854303079209538,0.0,D4,3,45,20
TransferCal-CP-affine-localsigma,0.2,0.8,0.9079754601226994,0.10797546012269932,37.52510416713858,0.6565780934531275,40.078195011433046,10.439681656713288,8.163830583657214,0.2854303079209538,0.0,D4,3,45,20
TransferCal-CP-affine-localsigma,0.3,0.7,0.7116564417177914,0.011656441717791455,23.320094333017572,0.40803252692175834,33.31300616468844,10.439681656713288,8.163830583657214,0.2854303079209538,0.0,D4,3,45,20
AdaptiveJackknifeCP,0.05,0.95,0.8588957055214724,0.09110429447852753,13.127493654049994,0.22969222728346714,26.525121562915075,4.642466980404166,3.7158803056784033,0.8586916817894173,0.0009996891021728516,D4,3,45,20
AdaptiveJackknifeCP,0.1,0.9,0.754601226993865,0.14539877300613502,10.402995600382807,0.18202158712412328,22.2201341160612,4.642466980404166,3.7158803056784033,0.8586916817894173,0.0010001659393310547,D4,3,45,20
AdaptiveJackknifeCP,0.2,0.8,0.7055214723926381,0.09447852760736197,9.728796550008937,0.17022510215953165,16.525890622673224,4.642466980404166,3.7158803056784033,0.8586916817894173,0.0,D4,3,45,20
AdaptiveJackknifeCP,0.3,0.7,0.6012269938650306,0.09877300613496931,7.850583061751322,0.13736193339321912,14.508340274891681,4.642466980404166,3.7158803056784033,0.8586916817894173,0.0,D4,3,45,20
AdaptiveSplitCP,0.1,0.9,0.6932515337423313,0.20674846625766874,15.023797240846907,0.2628719191527245,45.46791291138471,8.034596587184986,6.091654098294732,0.5767487664196863,0.0,D4,3,45,20
AdaptiveSplitCP,0.2,0.8,0.656441717791411,0.14355828220858902,13.21985291553483,0.23130824059413924,31.40644687680008,8.034596587184986,6.091654098294732,0.5767487664196863,0.0,D4,3,45,20
AdaptiveSplitCP,0.3,0.7,0.5337423312883436,0.16625766871165637,9.994886716673507,0.17488089134900564,26.398450831528415,8.034596587184986,6.091654098294732,0.5767487664196863,0.0,D4,3,45,20
SplitCP,0.05,0.95,0.0718954248366013,0.8781045751633987,5.224465349762099,0.09071000284540545,373.1331927116434,13.51303491885699,11.72239293550015,-0.08113635550337017,0.0,D4,3,45,30
SplitCP,0.1,0.9,0.05228758169934641,0.8477124183006536,3.648107506136803,0.06334042243711754,202.3570491669797,13.51303491885699,11.72239293550015,-0.08113635550337017,0.0,D4,3,45,30
SplitCP,0.2,0.8,0.032679738562091505,0.7673202614379085,2.262357608587166,0.039280280636105926,108.24407956939078,13.51303491885699,11.72239293550015,-0.08113635550337017,0.0,D4,3,45,30
SplitCP,0.3,0.7,0.006535947712418301,0.6934640522875817,1.4811925761428881,0.025717269385781838,74.69410688644984,13.51303491885699,11.72239293550015,-0.08113635550337017,0.0,D4,3,45,30
TargetOnlyCP,0.1,0.9,0.9019607843137255,0.0019607843137254832,29.838428870466824,0.518070996081106,38.24243774586302,8.5644093612381,6.517940358179837,0.5657203205092111,0.0,D4,3,45,30
TargetOnlyCP,0.2,0.8,0.869281045751634,0.06928104575163396,25.035777689895202,0.43468475976986704,31.82053142281568,8.5644093612381,6.517940358179837,0.5657203205092111,0.0,D4,3,45,30
TargetOnlyCP,0.3,0.7,0.7777777777777778,0.07777777777777783,18.93572883974193,0.32877240099047306,27.05714907633092,8.5644093612381,6.517940358179837,0.5657203205092111,0.0,D4,3,45,30
TransferCal-CP-affine-localsigma,0.1,0.9,0.869281045751634,0.030718954248366015,30.527586992556042,0.5300365334194852,48.22531733936775,10.436762167316402,7.790970100557849,0.3550794029063593,0.0,D4,3,45,30
TransferCal-CP-affine-localsigma,0.2,0.8,0.7777777777777778,0.022222222222222254,24.514126535618047,0.4256275693166957,38.428021588067075,10.436762167316402,7.790970100557849,0.3550794029063593,0.0,D4,3,45,30
TransferCal-CP-affine-localsigma,0.3,0.7,0.7450980392156863,0.045098039215686336,21.786221120867207,0.3782641950059993,33.21850171802203,10.436762167316402,7.790970100557849,0.3550794029063593,0.0,D4,3,45,30
AdaptiveJackknifeCP,0.05,0.95,0.8169934640522876,0.1330065359477124,10.63466768915498,0.1846448721087062,27.36647178619115,3.944442760381445,2.972285559153294,0.9078816840174746,0.0,D4,3,45,30
AdaptiveJackknifeCP,0.1,0.9,0.7320261437908496,0.1679738562091504,8.053000644319127,0.13982056774354978,21.671586041131714,3.944442760381445,2.972285559153294,0.9078816840174746,0.0,D4,3,45,30
AdaptiveJackknifeCP,0.2,0.8,0.6339869281045751,0.1660130718954249,5.806400550698515,0.10081387763427503,16.250774070685633,3.944442760381445,2.972285559153294,0.9078816840174746,0.0,D4,3,45,30
AdaptiveJackknifeCP,0.3,0.7,0.5686274509803921,0.13137254901960782,4.806621808821632,0.08345517651387088,13.093920642267571,3.944442760381445,2.972285559153294,0.9078816840174746,0.0,D4,3,45,30
AdaptiveSplitCP,0.1,0.9,0.8431372549019608,0.056862745098039236,12.050949776305998,0.20923513035612967,17.904509304328098,3.93027974239929,2.966673488724278,0.9085420211793656,0.0,D4,3,45,30
AdaptiveSplitCP,0.2,0.8,0.6405228758169934,0.15947712418300664,5.979727855400938,0.10382328036741005,16.135182068107248,3.93027974239929,2.966673488724278,0.9085420211793656,0.0010004043579101562,D4,3,45,30
AdaptiveSplitCP,0.3,0.7,0.6013071895424836,0.09869281045751632,5.533446760697612,0.09607470579370123,12.873623970539358,3.93027974239929,2.966673488724278,0.9085420211793656,0.0010001659393310547,D4,3,45,30
SplitCP,0.05,0.95,0.08270676691729323,0.8672932330827068,5.2244653497621,0.09016523042802564,347.84985896622146,12.836416975680997,11.084507679437467,-0.02127450677308529,0.0,D4,3,45,50
SplitCP,0.1,0.9,0.05263157894736842,0.8473684210526315,3.648107506136803,0.06296002210676219,189.63758381102633,12.836416975680997,11.084507679437467,-0.02127450677308529,0.0,D4,3,45,50
SplitCP,0.2,0.8,0.03007518796992481,0.7699248120300752,2.262357608587166,0.03904437706686055,101.89110465337224,12.836416975680997,11.084507679437467,-0.02127450677308529,0.001004934310913086,D4,3,45,50
SplitCP,0.3,0.7,0.015037593984962405,0.6849624060150376,1.4811925761428881,0.025562820498423983,70.44325325670798,12.836416975680997,11.084507679437467,-0.02127450677308529,0.0,D4,3,45,50
TargetOnlyCP,0.05,0.95,0.9924812030075187,0.042481203007518786,44.8877688758412,0.7746852076020521,45.144256389046596,7.461113625567328,5.938700558756453,0.6549657826471291,0.0009984970092773438,D4,3,45,50
TargetOnlyCP,0.1,0.9,0.8796992481203008,0.020300751879699264,21.418193788235033,0.36964095825733767,32.484074947520234,7.461113625567328,5.938700558756453,0.6549657826471291,0.0,D4,3,45,50
TargetOnlyCP,0.2,0.8,0.7142857142857143,0.08571428571428574,15.558928428817621,0.2685201782535281,26.588272829791784,7.461113625567328,5.938700558756453,0.6549657826471291,0.0,D4,3,45,50
TargetOnlyCP,0.3,0.7,0.6917293233082706,0.008270676691729317,14.35901290128625,0.24781171283343326,22.88965190857762,7.461113625567328,5.938700558756453,0.6549657826471291,0.0,D4,3,45,50
TransferCal-CP-affine-localsigma,0.05,0.95,0.9924812030075187,0.042481203007518786,58.64578959630638,1.0121248354772339,58.69285057099228,9.337072647099006,7.403535342671939,0.45964853355305735,0.0009996891021728516,D4,3,45,50
TransferCal-CP-affine-localsigma,0.1,0.9,0.9398496240601504,0.03984962406015036,34.331189528589405,0.5924969173839846,40.328076006638774,9.337072647099006,7.403535342671939,0.45964853355305735,0.0,D4,3,45,50
TransferCal-CP-affine-localsigma,0.2,0.8,0.7669172932330827,0.03308270676691738,22.460626741208575,0.3876315469813889,33.19546356333976,9.337072647099006,7.403535342671939,0.45964853355305735,0.0010004043579101562,D4,3,45,50
TransferCal-CP-affine-localsigma,0.3,0.7,0.7518796992481203,0.0518796992481203,20.591541207576164,0.35537436532789596,29.240936363209013,9.337072647099006,7.403535342671939,0.45964853355305735,0.0,D4,3,45,50
AdaptiveJackknifeCP,0.05,0.95,0.9849624060150376,0.03496240601503764,17.293485159958607,0.2984556255928298,17.36568113987796,3.271073077426988,2.489845218163625,0.933681399644965,0.0009999275207519531,D4,3,45,50
AdaptiveJackknifeCP,0.1,0.9,0.7293233082706767,0.17067669172932332,6.553293257479936,0.11309850043316134,18.17072818882084,3.271073077426988,2.489845218163625,0.933681399644965,0.0,D4,3,45,50
AdaptiveJackknifeCP,0.2,0.8,0.6541353383458647,0.14586466165413536,5.6041595455848645,0.09671809514558041,12.836845114006616,3.271073077426988,2.489845218163625,0.933681399644965,0.0009996891021728516,D4,3,45,50
AdaptiveJackknifeCP,0.3,0.7,0.6240601503759399,0.07593984962406009,5.234183641165122,0.0903329513190753,10.505995266367481,3.271073077426988,2.489845218163625,0.933681399644965,0.0,D4,3,45,50
AdaptiveSplitCP,0.05,0.95,0.9849624060150376,0.03496240601503764,19.58097959241429,0.33793382073763717,20.166572949715672,3.802215093972947,2.9055149020172033,0.9103958298905094,0.0,D4,3,45,50
AdaptiveSplitCP,0.1,0.9,0.9699248120300752,0.06992481203007517,16.975700408550757,0.29297121074480975,17.817535255469053,3.802215093972947,2.9055149020172033,0.9103958298905094,0.0,D4,3,45,50
AdaptiveSplitCP,0.2,0.8,0.7593984962406015,0.04060150375939853,9.175168655786132,0.15834753236570434,13.692642581203444,3.802215093972947,2.9055149020172033,0.9103958298905094,0.0,D4,3,45,50
AdaptiveSplitCP,0.3,0.7,0.6766917293233082,0.023308270676691722,7.178989885946762,0.12389694140402911,12.154745777282459,3.802215093972947,2.9055149020172033,0.9103958298905094,0.0,D4,3,45,50
SplitCP,0.1,0.9,0.05597416576964478,0.8440258342303553,2.3265768860493883,0.030480504202077603,179.0760888773978,11.963990768616261,9.965941550620423,0.4782958117840801,0.001001119613647461,D1,0,46,10
SplitCP,0.2,0.8,0.03659849300322928,0.7634015069967708,1.5186848402459816,0.019896303419979285,93.74463126665829,11.963990768616261,9.965941550620423,0.4782958117840801,0.0010001659393310547,D1,0,46,10
SplitCP,0.3,0.7,0.030139935414424113,0.6698600645855759,1.2034686908699543,0.015766653880679785,63.70321928151834,11.963990768616261,9.965941550620423,0.4782958117840801,0.0010027885437011719,D1,0,46,10
TargetOnlyCP,0.1,0.9,0.9407965554359526,0.04079655543595262,118.51999999999998,1.5527315601267218,121.42785791173303,38.930483725206635,35.50496232508073,-4.523976021788875,0.0,D1,0,46,10
TargetOnlyCP,0.2,0.8,0.8955866523143164,0.0955866523143164,113.51999999999998,1.4872265162469243,117.01246501614638,38.930483725206635,35.50496232508073,-4.523976021788875,0.0,D1,0,46,10
TargetOnlyCP,0.3,0.7,0.6878363832077503,0.012163616792249643,90.11999999999998,1.1806629108894715,107.88031575170433,38.930483725206635,35.50496232508073,-4.523976021788875,0.0,D1,0,46,10
TransferCal-CP-affine-localsigma,0.1,0.9,0.71259418729817,0.18740581270183,43.63201310333901,0.5716233865796251,77.77805732431666,18.640894921035525,16.04338739051326,-0.2665014792846847,0.0020003318786621094,D1,0,46,10
TransferCal-CP-affine-localsigma,0.2,0.8,0.6189451022604952,0.1810548977395049,38.738413869797945,0.5075123000749748,63.837519362101524,18.640894921035525,16.04338739051326,-0.2665014792846847,0.0010001659393310547,D1,0,46,10
TransferCal-CP-affine-localsigma,0.3,0.7,0.6081808396124866,0.09181916038751337,38.243016590974754,0.5010220959775257,55.61517112676904,18.640894921035525,16.04338739051326,-0.2665014792846847,0.0,D1,0,46,10
AdaptiveJackknifeCP,0.1,0.9,0.8945102260495156,0.0054897739504844445,55.96776596758285,0.7332341931121513,94.43410164637297,20.143950195905678,14.131911964613787,-0.47897714482139153,0.0009989738464355469,D1,0,46,10
AdaptiveJackknifeCP,0.2,0.8,0.790096878363832,0.009903121636168022,42.80166890593407,0.5607450399623559,71.65661002857574,20.143950195905678,14.131911964613787,-0.47897714482139153,0.00099945068359375,D1,0,46,10
AdaptiveJackknifeCP,0.3,0.7,0.46609257265877285,0.2339074273412271,18.70741751811909,0.24508604108041704,65.94137877790821,20.143950195905678,14.131911964613787,-0.47897714482139153,0.0025064945220947266,D1,0,46,10
AdaptiveSplitCP,0.1,0.9,0.9407965554359526,0.04079655543595262,118.51999999999998,1.5527315601267218,121.42785791173303,38.930483725206635,35.50496232508073,-4.523976021788875,0.0019991397857666016,D1,0,46,10
AdaptiveSplitCP,0.2,0.8,0.8955866523143164,0.0955866523143164,113.51999999999998,1.4872265162469243,117.01246501614638,38.930483725206635,35.50496232508073,-4.523976021788875,0.0010004043579101562,D1,0,46,10
AdaptiveSplitCP,0.3,0.7,0.6878363832077503,0.012163616792249643,90.11999999999998,1.1806629108894715,107.88031575170433,38.930483725206635,35.50496232508073,-4.523976021788875,0.001999378204345703,D1,0,46,10
SplitCP,0.1,0.9,0.05627705627705628,0.8437229437229438,2.3265768860493887,0.03048050420207761,179.09853468688326,11.969223106709656,9.966587538497667,0.48224326017800556,0.0010008811950683594,D1,0,46,15
SplitCP,0.2,0.8,0.0367965367965368,0.7632034632034632,1.5186848402459814,0.01989630341997928,93.75483539543629,11.969223106709656,9.966587538497667,0.48224326017800556,0.0009996891021728516,D1,0,46,15
SplitCP,0.3,0.7,0.030303030303030304,0.6696969696969697,1.2034686908699541,0.01576665388067978,63.70983299620397,11.969223106709656,9.966587538497667,0.48224326017800556,0.0,D1,0,46,15
TargetOnlyCP,0.1,0.9,0.5551948051948052,0.3448051948051948,18.907975349453746,0.24771355098881978,133.5899437402801,19.26337151744801,12.379478524646425,-0.341091585367975,0.0,D1,0,46,15
TargetOnlyCP,0.2,0.8,0.5551948051948052,0.2448051948051948,18.899802699736455,0.2476064810331507,76.2589630803975,19.26337151744801,12.379478524646425,-0.341091585367975,0.0,D1,0,46,15
TargetOnlyCP,0.3,0.7,0.5508658008658008,0.14913419913419912,18.71619032074207,0.24520097364457044,57.22886497758642,19.26337151744801,12.379478524646425,-0.341091585367975,0.0,D1,0,46,15
TransferCal-CP-affine-localsigma,0.1,0.9,0.7034632034632035,0.19653679653679657,25.3220633654611,0.3317445743763089,56.75901026994578,11.59682947069888,9.48074197485358,0.5139595902677665,0.0,D1,0,46,15
TransferCal-CP-affine-localsigma,0.2,0.8,0.6666666666666666,0.13333333333333341,23.74504323620478,0.311084019823057,41.96487905031639,11.59682947069888,9.48074197485358,0.5139595902677665,0.0009999275207519531,D1,0,46,15
TransferCal-CP-affine-localsigma,0.3,0.7,0.6601731601731602,0.039826839826839766,23.086258585293677,0.30245327633000324,35.975366261173896,11.59682947069888,9.48074197485358,0.5139595902677665,0.0009999275207519531,D1,0,46,15
AdaptiveJackknifeCP,0.1,0.9,0.841991341991342,0.058008658008658065,37.84732624679725,0.4958381533058938,77.00370450159078,16.143195231307743,11.480014055151793,0.05816931787103019,0.0010001659393310547,D1,0,46,15
AdaptiveJackknifeCP,0.2,0.8,0.7294372294372294,0.0705627705627706,27.742116656638977,0.36344971378231994,57.774219251612315,16.143195231307743,11.480014055151793,0.05816931787103019,0.0009999275207519531,D1,0,46,15
AdaptiveJackknifeCP,0.3,0.7,0.70995670995671,0.009956709956710053,26.656317052490863,0.34922464363944217,47.694286175480535,16.143195231307743,11.480014055151793,0.05816931787103019,0.0010001659393310547,D1,0,46,15
AdaptiveSplitCP,0.1,0.9,0.8538961038961039,0.04610389610389609,236.33317061326346,3.0962029422547026,765.1634294338735,143.06963774052508,81.45213249109548,-72.97565025140666,0.0020003318786621094,D1,0,46,15
AdaptiveSplitCP,0.2,0.8,0.6807359307359307,0.1192640692640693,146.8701628670865,1.9241472926483039,510.81688805678505,143.06963774052508,81.45213249109548,-72.97565025140666,0.0009999275207519531,D1,0,46,15
AdaptiveSplitCP,0.3,0.7,0.6753246753246753,0.024675324675324628,142.31835693871315,1.8645140432342202,389.83409017257185,143.06963774052508,81.45213249109548,-72.97565025140666,0.0009999275207519531,D1,0,46,15
SplitCP,0.05,0.95,0.11316648531011969,0.8368335146898802,4.631143772774749,0.06067265520985226,316.12484156782625,11.978146092157202,9.972566419532344,0.48321770776752737,0.001001596450805664,D1,0,46,20
SplitCP,0.1,0.9,0.056583242655059846,0.8434167573449401,2.3265768860493887,0.03048050420207761,179.22612434555998,11.978146092157202,9.972566419532344,0.48321770776752737,0.0009999275207519531,D1,0,46,20
SplitCP,0.2,0.8,0.036996735582154515,0.7630032644178455,1.5186848402459814,0.01989630341997928,93.81760036310848,11.978146092157202,9.972566419532344,0.48321770776752737,0.0019998550415039062,D1,0,46,20
SplitCP,0.3,0.7,0.030467899891186073,0.6695321001088139,1.203468690869954,0.015766653880679778,63.751485213157466,11.978146092157202,9.972566419532344,0.48321770776752737,0.0,D1,0,46,20
TargetOnlyCP,0.1,0.9,0.9542981501632208,0.054298150163220815,107.69081005042183,1.4108582475607658,142.82947264638716,24.83271210683063,14.765861270618323,-1.221144023027616,0.0009996891021728516,D1,0,46,20
TargetOnlyCP,0.2,0.8,0.8171926006528836,0.017192600652883527,40.56307910994343,0.5314172553993091,83.77626692417962,24.83271210683063,14.765861270618323,-1.221144023027616,0.0,D1,0,46,20
TargetOnlyCP,0.3,0.7,0.7018498367791077,0.0018498367791077719,29.696135941052848,0.3890493375758202,67.32816352476974,24.83271210683063,14.765861270618323,-1.221144023027616,0.0,D1,0,46,20
TransferCal-CP-affine-localsigma,0.1,0.9,0.721436343852013,0.17856365614798697,25.787384676227994,0.3378407529523069,55.60375607326784,11.550829648875936,9.403712705543791,0.5194320865280175,0.0010001659393310547,D1,0,46,20
TransferCal-CP-affine-localsigma,0.2,0.8,0.500544069640914,0.299455930359086,16.307020242529166,0.2136384153071241,49.53003197986453,11.550829648875936,9.403712705543791,0.5194320865280175,0.002000093460083008,D1,0,46,20
TransferCal-CP-affine-localsigma,0.3,0.7,0.499455930359086,0.20054406964091398,16.250776343196662,0.2129015634883748,38.49321949376752,11.550829648875936,9.403712705543791,0.5194320865280175,0.0010001659393310547,D1,0,46,20
AdaptiveJackknifeCP,0.05,0.95,1.0,0.050000000000000044,117.12684025713752,1.5344797621091673,117.12684025713752,11.90044896661923,9.2200230962433,0.4899002565125158,0.0015027523040771484,D1,0,46,20
AdaptiveJackknifeCP,0.1,0.9,0.9673558215451578,0.06735582154515773,51.04487661503834,0.668739376501388,54.57588003208388,11.90044896661923,9.2200230962433,0.4899002565125158,0.0010001659393310547,D1,0,46,20
AdaptiveJackknifeCP,0.2,0.8,0.8890097932535365,0.08900979325353642,39.55247649971959,0.518177341733759,45.17167724656064,11.90044896661923,9.2200230962433,0.4899002565125158,0.0010001659393310547,D1,0,46,20
AdaptiveJackknifeCP,0.3,0.7,0.7867247007616975,0.08672470076169758,29.116277594695077,0.3814526082913737,38.44757320965667,11.90044896661923,9.2200230962433,0.4899002565125158,0.0009996891021728516,D1,0,46,20
AdaptiveSplitCP,0.1,0.9,0.9586507072905331,0.05865070729053312,121.14169764791474,1.5870784440199655,152.71245710622713,25.991659529009432,15.456612212640284,-1.4333043443102387,0.0,D1,0,46,20
AdaptiveSplitCP,0.2,0.8,0.766050054406964,0.03394994559303599,38.9942026534271,0.5108633911740924,89.9632422079217,25.991659529009432,15.456612212640284,-1.4333043443102387,0.0010004043579101562,D1,0,46,20
AdaptiveSplitCP,0.3,0.7,0.5690968443960827,0.1309031556039173,24.05844479100458,0.3151898963428885,74.05543799960782,25.991659529009432,15.456612212640284,-1.4333043443102387,0.0009996891021728516,D1,0,46,20
SplitCP,0.05,0.95,0.11551155115511551,0.8344884488448845,4.631143772774749,0.06067265520985226,313.6470259170381,11.915431747500534,9.909184303897314,0.4845774093250701,0.0010006427764892578,D1,0,46,30
SplitCP,0.1,0.9,0.05720572057205721,0.8427942794279428,2.3265768860493883,0.030480504202077603,177.95586381966112,11.915431747500534,9.909184303897314,0.4845774093250701,0.0,D1,0,46,30
SplitCP,0.2,0.8,0.0374037403740374,0.7625962596259627,1.5186848402459816,0.019896303419979285,93.18037638799282,11.915431747500534,9.909184303897314,0.4845774093250701,0.0009999275207519531,D1,0,46,30
SplitCP,0.3,0.7,0.030803080308030802,0.6691969196919691,1.2034686908699543,0.015766653880679785,63.3262807333311,11.915431747500534,9.909184303897314,0.4845774093250701,0.0010030269622802734,D1,0,46,30
TargetOnlyCP,0.1,0.9,0.9867986798679867,0.08679867986798673,79.42185571546008,1.0405064287312331,80.15337087959743,14.29948517602829,10.972034319480326,0.25769106761408234,0.0009996891021728516,D1,0,46,30
TargetOnlyCP,0.2,0.8,0.9174917491749175,0.11749174917491745,50.38595646048045,0.6601068577738686,56.60247243455807,14.29948517602829,10.972034319480326,0.25769106761408234,0.0,D1,0,46,30
TargetOnlyCP,0.3,0.7,0.878987898789879,0.17898789878987909,44.55897955221921,0.5837675821614247,50.66217101741184,14.29948517602829,10.972034319480326,0.25769106761408234,0.0,D1,0,46,30
TransferCal-CP-affine-localsigma,0.1,0.9,0.9548954895489549,0.054895489548954846,51.224030311189345,0.671086470646908,55.705504718396455,12.49534140419359,9.640702468734268,0.43318656435729863,0.0010004043579101562,D1,0,46,30
TransferCal-CP-affine-localsigma,0.2,0.8,0.8965896589658966,0.09658965896589655,42.72904357153292,0.5597935748190094,48.2709034935064,12.49534140419359,9.640702468734268,0.43318656435729863,0.0009996891021728516,D1,0,46,30
TransferCal-CP-affine-localsigma,0.3,0.7,0.8536853685368537,0.15368536853685377,37.59223446665861,0.4924961936556223,43.43128427830639,12.49534140419359,9.640702468734268,0.43318656435729863,0.0009999275207519531,D1,0,46,30
AdaptiveJackknifeCP,0.05,0.95,0.9834983498349835,0.033498349834983565,53.96680727460748,0.7070196157151486,56.05375364009423,11.870514484276248,9.759096660946174,0.48845603263189796,0.0009999275207519531,D1,0,46,30
AdaptiveJackknifeCP,0.1,0.9,0.944994499449945,0.044994499449944936,42.99367396635676,0.5632604999439822,47.71503001258534,11.870514484276248,9.759096660946174,0.48845603263189796,0.0019996166229248047,D1,0,46,30
AdaptiveJackknifeCP,0.2,0.8,0.9306930693069307,0.1306930693069307,41.21975874079105,0.5400204210060376,44.14022164404177,11.870514484276248,9.759096660946174,0.48845603263189796,0.0,D1,0,46,30
AdaptiveJackknifeCP,0.3,0.7,0.8767876787678768,0.17678767876787682,36.24328252134722,0.4748235623817501,39.77669766751339,11.870514484276248,9.759096660946174,0.48845603263189796,0.0010004043579101562,D1,0,46,30
AdaptiveSplitCP,0.1,0.9,0.9526952695269527,0.05269526952695269,63.102781389604985,0.8267100927726698,69.01559455589589,15.95014711810447,12.899366376455697,0.07642265944780213,0.0009999275207519531,D1,0,46,30
AdaptiveSplitCP,0.2,0.8,0.9174917491749175,0.11749174917491745,56.350115209635064,0.7382433538877589,61.55657409501051,15.95014711810447,12.899366376455697,0.07642265944780213,0.0010001659393310547,D1,0,46,30
AdaptiveSplitCP,0.3,0.7,0.8437843784378438,0.14378437843784386,43.287067635731674,0.5671042529812739,51.81807917745442,15.95014711810447,12.899366376455697,0.07642265944780213,0.0019996166229248047,D1,0,46,30
SplitCP,0.05,0.95,0.11473565804274466,0.8352643419572553,4.631143772774749,0.06067265520985226,313.4140474228051,11.911675781505183,9.90366716569615,0.48760589169155644,0.002000570297241211,D1,0,46,50
SplitCP,0.1,0.9,0.0562429696287964,0.8437570303712036,2.3265768860493883,0.030480504202077603,177.8483893699122,11.911675781505183,9.90366716569615,0.48760589169155644,0.0010004043579101562,D1,0,46,50
SplitCP,0.2,0.8,0.03712035995500562,0.7628796400449944,1.5186848402459818,0.019896303419979288,93.12802707233074,11.911675781505183,9.90366716569615,0.48760589169155644,0.0019996166229248047,D1,0,46,50
SplitCP,0.3,0.7,0.031496062992125984,0.668503937007874,1.2034686908699543,0.015766653880679785,63.2912485373546,11.911675781505183,9.90366716569615,0.48760589169155644,0.0010001659393310547,D1,0,46,50
TargetOnlyCP,0.05,0.95,0.9493813273340832,0.000618672665916753,54.012534313813255,0.7076186860570821,66.94341177134334,13.641112577692558,10.712606135418595,0.32801746536838394,0.0,D1,0,46,50
TargetOnlyCP,0.1,0.9,0.9268841394825647,0.02688413948256463,47.81883878116751,0.6264750265282688,58.05367340696813,13.641112577692558,10.712606135418595,0.32801746536838394,0.0,D1,0,46,50
TargetOnlyCP,0.2,0.8,0.7705286839145107,0.029471316085489363,32.837622961733906,0.4302059866033257,48.07091168634786,13.641112577692558,10.712606135418595,0.32801746536838394,0.0,D1,0,46,50
TargetOnlyCP,0.3,0.7,0.718785151856018,0.018785151856018034,29.483379584605256,0.38626201468285914,42.505500591959446,13.641112577692558,10.712606135418595,0.32801746536838394,0.0,D1,0,46,50
TransferCal-CP-affine-localsigma,0.05,0.95,0.9336332958380202,0.016366704161979717,43.15985966882065,0.5654377002904006,54.9675227917657,11.56552499787014,9.122721393838747,0.5169533187973232,0.0009999275207519531,D1,0,46,50
TransferCal-CP-affine-localsigma,0.1,0.9,0.8368953880764904,0.06310461192350958,31.879803439452353,0.4176575846361297,50.585410499778945,11.56552499787014,9.122721393838747,0.5169533187973232,0.0010004043579101562,D1,0,46,50
TransferCal-CP-affine-localsigma,0.2,0.8,0.7907761529808774,0.0092238470191226,28.584944734046474,0.37449161182106067,40.9888714277357,11.56552499787014,9.122721393838747,0.5169533187973232,0.0009999275207519531,D1,0,46,50
TransferCal-CP-affine-localsigma,0.3,0.7,0.7367829021372329,0.0367829021372329,24.919581761644455,0.32647165935254474,36.033244684545146,11.56552499787014,9.122721393838747,0.5169533187973232,0.0010004043579101562,D1,0,46,50
AdaptiveJackknifeCP,0.05,0.95,0.9313835770528683,0.018616422947131617,43.85880660829866,0.5745946102784321,56.723100227166206,11.654222235901331,9.202684400962688,0.5095158358405241,0.0010006427764892578,D1,0,46,50
AdaptiveJackknifeCP,0.1,0.9,0.9167604049493814,0.016760404949381358,40.85595937030523,0.5352542822606143,49.59782263331235,11.654222235901331,9.202684400962688,0.5095158358405241,0.0009999275207519531,D1,0,46,50
AdaptiveJackknifeCP,0.2,0.8,0.8177727784026997,0.01777277840269964,30.684965672464227,0.4020040045649704,41.29593640054854,11.654222235901331,9.202684400962688,0.5095158358405241,0.001999378204345703,D1,0,46,50
AdaptiveJackknifeCP,0.3,0.7,0.671541057367829,0.02845894263217097,21.49633457562379,0.2816236679262093,36.35843113325858,11.654222235901331,9.202684400962688,0.5095158358405241,0.0010006427764892578,D1,0,46,50
AdaptiveSplitCP,0.05,0.95,0.9190101237345332,0.030989876265466787,43.99255017103303,0.5763467858675432,57.7296086256015,12.044269663027265,9.560424461479762,0.47613505230237696,0.0010004043579101562,D1,0,46,50
AdaptiveSplitCP,0.1,0.9,0.8998875140607424,0.00011248593925761163,40.811616532667145,0.5346733463555668,50.60276097944875,12.044269663027265,9.560424461479762,0.47613505230237696,0.0009999275207519531,D1,0,46,50
AdaptiveSplitCP,0.2,0.8,0.7952755905511811,0.0047244094488189115,30.87532271321508,0.404497873826413,42.93114576209199,12.044269663027265,9.560424461479762,0.47613505230237696,0.0010006427764892578,D1,0,46,50
AdaptiveSplitCP,0.3,0.7,0.7874015748031497,0.0874015748031497,29.944412503142818,0.39230201099462597,38.629441561727276,12.044269663027265,9.560424461479762,0.47613505230237696,0.0009999275207519531,D1,0,46,50
SplitCP,0.1,0.9,0.0,0.9,3.128131575010584,0.0756683980225907,346.0956281285909,19.786413028924756,18.712440615184303,-5.593650732124626,0.001001119613647461,D2,1,46,10
SplitCP,0.2,0.8,0.0,0.8,1.8994501476295407,0.04594702823343179,179.52660556132489,19.786413028924756,18.712440615184303,-5.593650732124626,0.0,D2,1,46,10
SplitCP,0.3,0.7,0.0,0.7,1.494451834643769,0.036150262077461685,121.26254982039328,19.786413028924756,18.712440615184303,-5.593650732124626,0.0009996891021728516,D2,1,46,10
TargetOnlyCP,0.1,0.9,0.9139784946236559,0.013978494623655857,30.780000000000005,0.7445573292828841,38.435913978494625,9.780794600171946,7.996881720430107,-0.6111652084014114,0.0,D2,1,46,10
TargetOnlyCP,0.2,0.8,0.7849462365591398,0.01505376344086029,24.360000000000014,0.5892597966644271,33.048172043010766,9.780794600171946,7.996881720430107,-0.6111652084014114,0.0,D2,1,46,10
TargetOnlyCP,0.3,0.7,0.7311827956989247,0.031182795698924792,21.68000000000001,0.5244315431726099,29.652759856630823,9.780794600171946,7.996881720430107,-0.6111652084014114,0.0,D2,1,46,10
TransferCal-CP-affine-localsigma,0.1,0.9,0.9354838709677419,0.03548387096774186,36.68257518040197,0.8873385382566178,40.06738326152229,9.763687552678086,8.146078381576306,-0.605534137095673,0.0,D2,1,46,10
TransferCal-CP-affine-localsigma,0.2,0.8,0.8709677419354839,0.07096774193548383,26.936006650195097,0.6515724877522827,33.19226615323462,9.763687552678086,8.146078381576306,-0.605534137095673,0.0010042190551757812,D2,1,46,10
TransferCal-CP-affine-localsigma,0.3,0.7,0.8602150537634409,0.16021505376344092,25.970035499760073,0.6282059867798261,30.583430365984988,9.763687552678086,8.146078381576306,-0.605534137095673,0.0,D2,1,46,10
AdaptiveJackknifeCP,0.1,0.9,1.0,0.09999999999999998,72.732003775825,1.7593614842339473,72.732003775825,4.834610440129732,3.5836982134348805,0.6063459092512968,0.0,D2,1,46,10
AdaptiveJackknifeCP,0.2,0.8,0.989247311827957,0.18924731182795695,29.89399923282337,0.723125283637932,29.96718342868721,4.834610440129732,3.5836982134348805,0.6063459092512968,0.0,D2,1,46,10
AdaptiveJackknifeCP,0.3,0.7,0.956989247311828,0.25698924731182804,22.155022215746374,0.5359221628056882,22.848663862632385,4.834610440129732,3.5836982134348805,0.6063459092512968,0.0010004043579101562,D2,1,46,10
AdaptiveSplitCP,0.1,0.9,0.9139784946236559,0.013978494623655857,30.780000000000005,0.7445573292828841,38.435913978494625,9.780794600171946,7.996881720430107,-0.6111652084014114,0.0009996891021728516,D2,1,46,10
AdaptiveSplitCP,0.2,0.8,0.7849462365591398,0.01505376344086029,24.360000000000014,0.5892597966644271,33.048172043010766,9.780794600171946,7.996881720430107,-0.6111652084014114,0.0009999275207519531,D2,1,46,10
AdaptiveSplitCP,0.3,0.7,0.7311827956989247,0.031182795698924792,21.68000000000001,0.5244315431726099,29.652759856630823,9.780794600171946,7.996881720430107,-0.6111652084014114,0.0009999275207519531,D2,1,46,10
SplitCP,0.1,0.9,0.0,0.9,3.1281315750105847,0.07566839802259072,342.9573792140816,19.697876827729676,18.555528169458842,-5.452658480627299,0.0010013580322265625,D2,1,46,15
SplitCP,0.2,0.8,0.0,0.8,1.8994501476295405,0.04594702823343178,177.95748110407027,19.697876827729676,18.555528169458842,-5.452658480627299,0.0,D2,1,46,15
SplitCP,0.3,0.7,0.0,0.7,1.494451834643769,0.036150262077461685,120.21646684889016,19.697876827729676,18.555528169458842,-5.452658480627299,0.0,D2,1,46,15
TargetOnlyCP,0.1,0.9,0.9886363636363636,0.08863636363636362,24.944778279912384,0.6034053767266165,26.155895543082032,5.657580331794164,4.466704219609361,0.46769407119298234,0.0,D2,1,46,15
TargetOnlyCP,0.2,0.8,0.7840909090909091,0.015909090909090984,13.184253091526996,0.31892242593947195,19.765915030652902,5.657580331794164,4.466704219609361,0.46769407119298234,0.0,D2,1,46,15
TargetOnlyCP,0.3,0.7,0.7840909090909091,0.0840909090909091,12.91626498243789,0.3124398882272252,17.496909838548078,5.657580331794164,4.466704219609361,0.46769407119298234,0.0,D2,1,46,15
TransferCal-CP-affine-localsigma,0.1,0.9,0.9090909090909091,0.009090909090909038,22.004414585248025,0.5322790174147372,30.688042696423427,7.073535902788088,5.612626569424688,0.16790489083992588,0.0,D2,1,46,15
TransferCal-CP-affine-localsigma,0.2,0.8,0.7613636363636364,0.03863636363636369,16.050892745796087,0.3882654267516553,24.526709053464206,7.073535902788088,5.612626569424688,0.16790489083992588,0.0009999275207519531,D2,1,46,15
TransferCal-CP-affine-localsigma,0.3,0.7,0.7386363636363636,0.03863636363636369,15.143505292626031,0.3663160447257588,21.54707168483387,7.073535902788088,5.612626569424688,0.16790489083992588,0.0010008811950683594,D2,1,46,15
AdaptiveJackknifeCP,0.1,0.9,0.9886363636363636,0.08863636363636362,29.063255750584123,0.7030298922001408,29.409534824203174,4.756327242247442,3.726716662813493,0.6237787698844804,0.00099945068359375,D2,1,46,15
AdaptiveJackknifeCP,0.2,0.8,0.9772727272727273,0.17727272727272725,23.256815490392885,0.5625741529938835,23.853153536656144,4.756327242247442,3.726716662813493,0.6237787698844804,0.0,D2,1,46,15
AdaptiveJackknifeCP,0.3,0.7,0.9318181818181818,0.2318181818181818,17.48920013292681,0.4230575744725746,18.632714677299706,4.756327242247442,3.726716662813493,0.6237787698844804,0.0,D2,1,46,15
AdaptiveSplitCP,0.1,0.9,0.875,0.025000000000000022,61.19014923048795,1.4801680990732042,65.77131856070108,17.916903126660344,14.700005435875738,-4.338579765499728,0.0,D2,1,46,15
AdaptiveSplitCP,0.2,0.8,0.8636363636363636,0.0636363636363636,58.419505328785405,1.413147201612335,62.54866018525945,17.916903126660344,14.700005435875738,-4.338579765499728,0.0009999275207519531,D2,1,46,15
AdaptiveSplitCP,0.3,0.7,0.8636363636363636,0.1636363636363637,57.67489585987441,1.3951353615366002,60.76612461369544,17.916903126660344,14.700005435875738,-4.338579765499728,0.0,D2,1,46,15
SplitCP,0.05,0.95,0.0,0.95,4.69149139059806,0.1134855198225255,662.810329228024,19.91608927717658,18.79871664123468,-5.1899330307341645,0.0,D2,1,46,20
SplitCP,0.1,0.9,0.0,0.9,3.1281315750105843,0.0756683980225907,347.82114864959834,19.91608927717658,18.79871664123468,-5.1899330307341645,0.0,D2,1,46,20
SplitCP,0.2,0.8,0.0,0.8,1.8994501476295405,0.04594702823343178,180.38936582182862,19.91608927717658,18.79871664123468,-5.1899330307341645,0.0,D2,1,46,20
SplitCP,0.3,0.7,0.0,0.7,1.494451834643769,0.036150262077461685,121.83772332739574,19.91608927717658,18.79871664123468,-5.1899330307341645,0.0009999275207519531,D2,1,46,20
TargetOnlyCP,0.1,0.9,0.927710843373494,0.027710843373493943,17.87847056526003,0.4324738887502489,23.666569541881977,5.239893857702244,4.029870806228547,0.571527650361074,0.0,D2,1,46,20
TargetOnlyCP,0.2,0.8,0.9156626506024096,0.11566265060240954,17.23325159097935,0.4168662696374138,20.362685975350413,5.239893857702244,4.029870806228547,0.571527650361074,0.0,D2,1,46,20
TargetOnlyCP,0.3,0.7,0.8313253012048193,0.13132530120481933,13.608892308406853,0.3291942986239697,17.181264246947944,5.239893857702244,4.029870806228547,0.571527650361074,0.0,D2,1,46,20
TransferCal-CP-affine-localsigma,0.1,0.9,0.927710843373494,0.027710843373493943,23.931608908654933,0.5788971674616826,28.03477717426528,6.746069136925746,5.5003471295807955,0.2898020783332588,0.0,D2,1,46,20
TransferCal-CP-affine-localsigma,0.2,0.8,0.8674698795180723,0.06746987951807226,19.528118293260192,0.4723782846767394,23.739269920565025,6.746069136925746,5.5003471295807955,0.2898020783332588,0.0010001659393310547,D2,1,46,20
TransferCal-CP-affine-localsigma,0.3,0.7,0.6385542168674698,0.06144578313253013,12.57775033434075,0.30425133844456304,20.874273870171084,6.746069136925746,5.5003471295807955,0.2898020783332588,0.0,D2,1,46,20
AdaptiveJackknifeCP,0.05,0.95,0.9156626506024096,0.034337349397590367,14.897513223201688,0.3603655834445581,28.781633084246618,4.809537049795558,3.651577601520872,0.6390189774464311,0.0,D2,1,46,20
AdaptiveJackknifeCP,0.1,0.9,0.7951807228915663,0.10481927710843375,10.922406085374218,0.2642091456877631,23.190750577481733,4.809537049795558,3.651577601520872,0.6390189774464311,0.0,D2,1,46,20
AdaptiveJackknifeCP,0.2,0.8,0.7469879518072289,0.053012048192771166,10.105820639634002,0.2444562321526231,17.1923019866837,4.809537049795558,3.651577601520872,0.6390189774464311,0.0,D2,1,46,20
AdaptiveJackknifeCP,0.3,0.7,0.6987951807228916,0.00120481927710836,9.608740793581749,0.23243204623264216,14.788709461110647,4.809537049795558,3.651577601520872,0.6390189774464311,0.0010004043579101562,D2,1,46,20
AdaptiveSplitCP,0.1,0.9,0.8072289156626506,0.09277108433734937,12.187999578789404,0.2948234053178802,22.61450010321325,4.8668810467602945,3.5883537733680506,0.6303597248753035,0.0009996891021728516,D2,1,46,20
AdaptiveSplitCP,0.2,0.8,0.7349397590361446,0.06506024096385543,10.073283831342378,0.24366917825122605,17.765885796583948,4.8668810467602945,3.5883537733680506,0.6303597248753035,0.0,D2,1,46,20
AdaptiveSplitCP,0.3,0.7,0.7349397590361446,0.03493975903614466,10.013064545017501,0.24221249498295538,15.194671650325018,4.8668810467602945,3.5883537733680506,0.6303597248753035,0.0,D2,1,46,20
SplitCP,0.05,0.95,0.0,0.95,4.69149139059806,0.1134855198225255,645.3246264345387,19.566438761386408,18.361574071397545,-4.644679668412067,0.0,D2,1,46,30
SplitCP,0.1,0.9,0.0,0.9,3.1281315750105847,0.07566839802259072,339.0782972528556,19.566438761386408,18.361574071397545,-4.644679668412067,0.0,D2,1,46,30
SplitCP,0.2,0.8,0.0,0.8,1.899450147629541,0.045947028233431796,176.01794012345727,19.566438761386408,18.361574071397545,-4.644679668412067,0.0009992122650146484,D2,1,46,30
SplitCP,0.3,0.7,0.0,0.7,1.494451834643769,0.036150262077461685,118.9234395284815,19.566438761386408,18.361574071397545,-4.644679668412067,0.0,D2,1,46,30
TargetOnlyCP,0.1,0.9,0.863013698630137,0.03698630136986303,16.559922157260374,0.40057866843866924,24.95789144390466,5.5877377482601025,4.29288555232567,0.5396504159971851,0.0,D2,1,46,30
TargetOnlyCP,0.2,0.8,0.821917808219178,0.021917808219177992,13.516830388022711,0.326967353283818,20.153193164480335,5.5877377482601025,4.29288555232567,0.5396504159971851,0.0,D2,1,46,30
TargetOnlyCP,0.3,0.7,0.7534246575342466,0.05342465753424663,10.967297746252981,0.2652950591098217,17.24166616956239,5.5877377482601025,4.29288555232567,0.5396504159971851,0.0,D2,1,46,30
TransferCal-CP-affine-localsigma,0.1,0.9,0.9178082191780822,0.017808219178082174,28.331354656954804,0.6853254632341932,30.6797833916757,6.838186054041562,5.359150144104539,0.31055829469111496,0.0010004043579101562,D2,1,46,30
TransferCal-CP-affine-localsigma,0.2,0.8,0.726027397260274,0.07397260273972606,13.820781752144377,0.33431982943399075,24.80287372384334,6.838186054041562,5.359150144104539,0.31055829469111496,0.0,D2,1,46,30
TransferCal-CP-affine-localsigma,0.3,0.7,0.6301369863013698,0.06986301369863013,11.864799382120353,0.2870053067065868,21.31522857862056,6.838186054041562,5.359150144104539,0.31055829469111496,0.0,D2,1,46,30
AdaptiveJackknifeCP,0.05,0.95,0.9726027397260274,0.022602739726027443,25.255331395468115,0.6109175469124077,28.129980284143162,5.028685741015604,3.8884117724863185,0.6271580960778207,0.0,D2,1,46,30
AdaptiveJackknifeCP,0.1,0.9,0.9041095890410958,0.004109589041095818,15.71009950173584,0.380021758537388,22.38706350014126,5.028685741015604,3.8884117724863185,0.6271580960778207,0.0010004043579101562,D2,1,46,30
AdaptiveJackknifeCP,0.2,0.8,0.821917808219178,0.021917808219177992,12.199407325746293,0.2950993546878398,17.781062006227845,5.028685741015604,3.8884117724863185,0.6271580960778207,0.0,D2,1,46,30
AdaptiveJackknifeCP,0.3,0.7,0.7397260273972602,0.03972602739726028,10.666411570397514,0.25801672878126136,15.460501134006947,5.028685741015604,3.8884117724863185,0.6271580960778207,0.0,D2,1,46,30
AdaptiveSplitCP,0.1,0.9,0.863013698630137,0.03698630136986303,16.932016366872674,0.4095794959549317,26.237060102496027,5.58680475387162,4.169052771946942,0.5398041339204234,0.0009999275207519531,D2,1,46,30
AdaptiveSplitCP,0.2,0.8,0.7671232876712328,0.03287671232876721,10.8452911644127,0.26234376298474266,20.86083201252014,5.58680475387162,4.169052771946942,0.5398041339204234,0.0,D2,1,46,30
AdaptiveSplitCP,0.3,0.7,0.7671232876712328,0.06712328767123288,10.83709229721083,0.26214543528276185,17.520483946745102,5.58680475387162,4.169052771946942,0.5398041339204234,0.0010001659393310547,D2,1,46,30
SplitCP,0.1,0.9,0.04,0.86,2.9057817125346617,0.08781449717910295,196.66712863941106,12.399180569255623,11.13415780551361,-1.3760953304452634,0.0010001659393310547,D3,2,46,10
SplitCP,0.2,0.8,0.0,0.8,1.7528821013238343,0.052973167143974084,104.33004964984075,12.399180569255623,11.13415780551361,-1.3760953304452634,0.0,D3,2,46,10
SplitCP,0.3,0.7,0.0,0.7,1.3743260554710162,0.0415329723498243,71.02095790732503,12.399180569255623,11.13415780551361,-1.3760953304452634,0.0,D3,2,46,10
TargetOnlyCP,0.1,0.9,0.96,0.05999999999999994,56.42,1.7050468414309317,60.276,16.66395787320647,14.598799999999999,-3.291747961629272,0.0,D3,2,46,10
TargetOnlyCP,0.2,0.8,0.88,0.07999999999999996,49.61999999999998,1.4995466903899821,54.53599999999999,16.66395787320647,14.598799999999999,-3.291747961629272,0.0,D3,2,46,10
TargetOnlyCP,0.3,0.7,0.48,0.21999999999999997,25.64,0.774856451866166,52.73333333333333,16.66395787320647,14.598799999999999,-3.291747961629272,0.0,D3,2,46,10
TransferCal-CP-affine-localsigma,0.1,0.9,1.0,0.09999999999999998,37.22857289421273,1.125070198941131,37.22857289421273,12.63849396673321,11.71144686618601,-1.4687012809358513,0.0009999275207519531,D3,2,46,10
TransferCal-CP-affine-localsigma,0.2,0.8,0.76,0.040000000000000036,31.617902865885345,0.9555123256672776,34.6723019385506,12.63849396673321,11.71144686618601,-1.4687012809358513,0.0,D3,2,46,10
TransferCal-CP-affine-localsigma,0.3,0.7,0.4,0.29999999999999993,22.493396886315992,0.6797641849355801,37.10148069283593,12.63849396673321,11.71144686618601,-1.4687012809358513,0.0,D3,2,46,10
AdaptiveJackknifeCP,0.1,0.9,1.0,0.09999999999999998,36.52946415138187,1.103942705963809,36.52946415138187,5.299997861391186,4.6574528039140715,0.5658605215410144,0.0,D3,2,46,10
AdaptiveJackknifeCP,0.2,0.8,1.0,0.19999999999999996,30.115629688578206,0.9101127131906037,30.115629688578206,5.299997861391186,4.6574528039140715,0.5658605215410144,0.0,D3,2,46,10
AdaptiveJackknifeCP,0.3,0.7,1.0,0.30000000000000004,25.8627441606943,0.7815879163758966,25.8627441606943,5.299997861391186,4.6574528039140715,0.5658605215410144,0.0,D3,2,46,10
AdaptiveSplitCP,0.1,0.9,0.96,0.05999999999999994,56.42,1.7050468414309317,60.276,16.66395787320647,14.598799999999999,-3.291747961629272,0.0,D3,2,46,10
AdaptiveSplitCP,0.2,0.8,0.88,0.07999999999999996,49.61999999999998,1.4995466903899821,54.53599999999999,16.66395787320647,14.598799999999999,-3.291747961629272,0.0,D3,2,46,10
AdaptiveSplitCP,0.3,0.7,0.48,0.21999999999999997,25.64,0.774856451866166,52.73333333333333,16.66395787320647,14.598799999999999,-3.291747961629272,0.0,D3,2,46,10
SplitCP,0.1,0.9,0.057803468208092484,0.8421965317919076,3.6933878502314883,0.06374148248324712,235.37588450446185,15.213917086389007,13.366184175749588,-0.537281859246971,0.0010001659393310547,D4,3,46,10
SplitCP,0.2,0.8,0.046242774566473986,0.7537572254335261,2.367117425785821,0.040852350213384465,124.4813720233908,15.213917086389007,13.366184175749588,-0.537281859246971,0.0,D4,3,46,10
SplitCP,0.3,0.7,0.028901734104046242,0.6710982658959537,1.5102358952968016,0.026064057924379262,85.6636479895913,15.213917086389007,13.366184175749588,-0.537281859246971,0.0,D4,3,46,10
TargetOnlyCP,0.1,0.9,0.838150289017341,0.06184971098265901,100.74088066897475,1.738613257230993,109.2383263866352,39.900174622635774,37.97872802588847,-9.57355442068541,0.0,D4,3,46,10
TargetOnlyCP,0.2,0.8,0.8208092485549133,0.020809248554913284,99.1002014430776,1.7102979731669061,104.78506311458564,39.900174622635774,37.97872802588847,-9.57355442068541,0.00099945068359375,D4,3,46,10
TargetOnlyCP,0.3,0.7,0.7283236994219653,0.02832369942196533,94.28056645940384,1.6271194142543266,101.5797148180067,39.900174622635774,37.97872802588847,-9.57355442068541,0.0,D4,3,46,10
TransferCal-CP-affine-localsigma,0.1,0.9,0.9942196531791907,0.09421965317919068,77.18740484635633,1.3321210263993681,77.32538527548478,23.392109957988726,21.84075728457162,-2.6342115611596264,0.0010001659393310547,D4,3,46,10
TransferCal-CP-affine-localsigma,0.2,0.8,0.7687861271676301,0.031213872832369982,56.68755827767024,0.9783291518511105,67.80622918826282,23.392109957988726,21.84075728457162,-2.6342115611596264,0.0010001659393310547,D4,3,46,10
TransferCal-CP-affine-localsigma,0.3,0.7,0.7630057803468208,0.0630057803468208,56.584732584830725,0.9765545583438114,64.07670063390722,23.392109957988726,21.84075728457162,-2.6342115611596264,0.0009999275207519531,D4,3,46,10
AdaptiveJackknifeCP,0.1,0.9,1.0,0.09999999999999998,35.62493411217292,0.6148247099300926,35.62493411217292,3.3239522142748457,2.5722284013065977,0.9266194511971302,0.0009996891021728516,D4,3,46,10
AdaptiveJackknifeCP,0.2,0.8,1.0,0.19999999999999996,27.264483449617618,0.4705378001689312,27.264483449617618,3.3239522142748457,2.5722284013065977,0.9266194511971302,0.0010004043579101562,D4,3,46,10
AdaptiveJackknifeCP,0.3,0.7,1.0,0.30000000000000004,26.479285961331644,0.45698665039127295,26.479285961331644,3.3239522142748457,2.5722284013065977,0.9266194511971302,0.0009996891021728516,D4,3,46,10
AdaptiveSplitCP,0.1,0.9,0.838150289017341,0.06184971098265901,100.74088066897475,1.738613257230993,109.2383263866352,39.900174622635774,37.97872802588847,-9.57355442068541,0.0010001659393310547,D4,3,46,10
AdaptiveSplitCP,0.2,0.8,0.8208092485549133,0.020809248554913284,99.1002014430776,1.7102979731669061,104.78506311458564,39.900174622635774,37.97872802588847,-9.57355442068541,0.0,D4,3,46,10
AdaptiveSplitCP,0.3,0.7,0.7283236994219653,0.02832369942196533,94.28056645940384,1.6271194142543266,101.5797148180067,39.900174622635774,37.97872802588847,-9.57355442068541,0.0,D4,3,46,10
SplitCP,0.1,0.9,0.05952380952380952,0.8404761904761905,3.6933878502314883,0.0646233396791354,240.97442570898315,15.489137636902017,13.644187587699532,-0.5567438238281774,0.0,D4,3,46,15
SplitCP,0.2,0.8,0.047619047619047616,0.7523809523809524,2.367117425785821,0.04141753849582031,127.2699775705402,15.489137636902017,13.644187587699532,-0.5567438238281774,0.001001596450805664,D4,3,46,15
SplitCP,0.3,0.7,0.02976190476190476,0.6702380952380952,1.5102358952968016,0.026424651624732932,87.51937422521851,15.489137636902017,13.644187587699532,-0.5567438238281774,0.0,D4,3,46,15
TargetOnlyCP,0.1,0.9,0.9345238095238095,0.03452380952380951,44.95801290253314,0.7866319641781611,49.200514205447256,12.378662491324766,10.217438853100024,0.005716763489467036,0.0,D4,3,46,15
TargetOnlyCP,0.2,0.8,0.6845238095238095,0.11547619047619051,27.113043742470555,0.4743978987733751,43.57307355576644,12.378662491324766,10.217438853100024,0.005716763489467036,0.0,D4,3,46,15
TargetOnlyCP,0.3,0.7,0.6488095238095238,0.05119047619047612,24.389767169632314,0.4267486309079038,38.3147155684588,12.378662491324766,10.217438853100024,0.005716763489467036,0.0009996891021728516,D4,3,46,15
TransferCal-CP-affine-localsigma,0.1,0.9,0.7738095238095238,0.1261904761904762,25.705785719859424,0.4497750546803326,43.949516824905565,10.134572895590804,8.432617965463843,0.33354078823030386,0.0,D4,3,46,15
TransferCal-CP-affine-localsigma,0.2,0.8,0.7738095238095238,0.02619047619047621,25.391329596975424,0.44427300462023855,34.8688300503792,10.134572895590804,8.432617965463843,0.33354078823030386,0.00099945068359375,D4,3,46,15
TransferCal-CP-affine-localsigma,0.3,0.7,0.6845238095238095,0.015476190476190421,21.004631595711317,0.36751879236286433,31.285704110092485,10.134572895590804,8.432617965463843,0.33354078823030386,0.0010001659393310547,D4,3,46,15
AdaptiveJackknifeCP,0.1,0.9,0.9940476190476191,0.09404761904761905,25.748233732270624,0.4505177690758925,25.8182502875715,4.553259912824471,3.4847364687342854,0.8654735886480475,0.0010001659393310547,D4,3,46,15
AdaptiveJackknifeCP,0.2,0.8,0.7738095238095238,0.02619047619047621,11.588748418776845,0.20276874671467843,16.309926239010082,4.553259912824471,3.4847364687342854,0.8654735886480475,0.0009999275207519531,D4,3,46,15
AdaptiveJackknifeCP,0.3,0.7,0.7023809523809523,0.0023809523809523725,10.36450218839424,0.18134806651399019,14.572959022578933,4.553259912824471,3.4847364687342854,0.8654735886480475,0.0,D4,3,46,15
AdaptiveSplitCP,0.1,0.9,0.9940476190476191,0.09404761904761905,35.607340433451306,0.6230229126240596,36.368263936373864,6.499385784425116,5.121111830556763,0.7259010916595217,0.0,D4,3,46,15
AdaptiveSplitCP,0.2,0.8,0.5535714285714286,0.24642857142857144,9.715005218079536,0.16998379473013578,26.322622050510148,6.499385784425116,5.121111830556763,0.7259010916595217,0.0009999275207519531,D4,3,46,15
AdaptiveSplitCP,0.3,0.7,0.5357142857142857,0.16428571428571426,9.225689326595528,0.16142221702748857,21.040788701224262,6.499385784425116,5.121111830556763,0.7259010916595217,0.0010001659393310547,D4,3,46,15
SplitCP,0.05,0.95,0.08588957055214724,0.8641104294478528,5.797881506798462,0.10006140093907916,427.581473513763,15.238348956727537,13.291317970683785,-0.5289278879382493,0.0,D4,3,46,20
SplitCP,0.1,0.9,0.06134969325153374,0.8386503067484663,3.6933878502314883,0.06374148248324712,233.95786663882384,15.238348956727537,13.291317970683785,-0.5289278879382493,0.001001119613647461,D4,3,46,20
SplitCP,0.2,0.8,0.049079754601226995,0.750920245398773,2.367117425785821,0.040852350213384465,123.75037868248972,15.238348956727537,13.291317970683785,-0.5289278879382493,0.0,D4,3,46,20
SplitCP,0.3,0.7,0.03067484662576687,0.669325153374233,1.5102358952968016,0.026064057924379262,85.16942567608226,15.238348956727537,13.291317970683785,-0.5289278879382493,0.0,D4,3,46,20
TargetOnlyCP,0.1,0.9,0.9877300613496932,0.08773006134969319,56.88860724237722,0.9817989090447238,57.12019381814833,8.588017335267727,6.709172144886017,0.5143795155684978,0.0,D4,3,46,20
TargetOnlyCP,0.2,0.8,0.9570552147239264,0.15705521472392636,37.99397449798828,0.6557102471056943,39.72362649958138,8.588017335267727,6.709172144886017,0.5143795155684978,0.0,D4,3,46,20
TargetOnlyCP,0.3,0.7,0.6380368098159509,0.061963190184049055,14.931847350160082,0.2576978440683111,26.354403276059436,8.588017335267727,6.709172144886017,0.5143795155684978,0.0,D4,3,46,20
TransferCal-CP-affine-localsigma,0.1,0.9,0.9938650306748467,0.09386503067484664,43.40311106596324,0.7490625831663268,44.439605636539184,9.170994126046738,7.254969823675403,0.446211409866463,0.0009992122650146484,D4,3,46,20
TransferCal-CP-affine-localsigma,0.2,0.8,0.8282208588957055,0.02822085889570547,26.523132930244234,0.4577433731927275,32.46280187974508,9.170994126046738,7.254969823675403,0.446211409866463,0.0,D4,3,46,20
TransferCal-CP-affine-localsigma,0.3,0.7,0.8159509202453987,0.11595092024539877,25.51410754486592,0.4403293412699192,30.082818841678286,9.170994126046738,7.254969823675403,0.446211409866463,0.0,D4,3,46,20
AdaptiveJackknifeCP,0.05,0.95,1.0,0.050000000000000044,25.743063136812367,0.44428071855421425,25.743063136812367,3.555894095459412,2.9341386178023465,0.9167452906483895,0.0,D4,3,46,20
AdaptiveJackknifeCP,0.1,0.9,1.0,0.09999999999999998,25.559083830406042,0.44110555412195895,25.559083830406042,3.555894095459412,2.9341386178023465,0.9167452906483895,0.0,D4,3,46,20
AdaptiveJackknifeCP,0.2,0.8,0.9938650306748467,0.19386503067484662,16.582265988954532,0.28618121354388554,16.584316484956034,3.555894095459412,2.9341386178023465,0.9167452906483895,0.0,D4,3,46,20
AdaptiveJackknifeCP,0.3,0.7,0.7423312883435583,0.04233128834355837,8.120723711929372,0.14014963746707312,11.054216098378278,3.555894095459412,2.9341386178023465,0.9167452906483895,0.0,D4,3,46,20
AdaptiveSplitCP,0.1,0.9,0.9938650306748467,0.09386503067484664,27.498727478892146,0.4745804467292895,27.539559515732194,5.624858796293593,4.528613071792446,0.7916783425454699,0.0,D4,3,46,20
AdaptiveSplitCP,0.2,0.8,0.901840490797546,0.10184049079754598,19.551505070880495,0.337425141504848,21.210083630092775,5.624858796293593,4.528613071792446,0.7916783425454699,0.0,D4,3,46,20
AdaptiveSplitCP,0.3,0.7,0.8343558282208589,0.1343558282208589,15.571399189474134,0.26873540200044377,18.38190184743095,5.624858796293593,4.528613071792446,0.7916783425454699,0.0009999275207519531,D4,3,46,20
SplitCP,0.05,0.95,0.06535947712418301,0.884640522875817,5.797881506798461,0.10006140093907914,432.6940916815939,15.256542939564167,13.461878726330005,-0.5719201673393954,0.0,D4,3,46,30
SplitCP,0.1,0.9,0.0392156862745098,0.8607843137254902,3.6933878502314883,0.06374148248324712,236.9550725100405,15.256542939564167,13.461878726330005,-0.5719201673393954,0.0,D4,3,46,30
SplitCP,0.2,0.8,0.032679738562091505,0.7673202614379085,2.3671174257858216,0.04085235021338447,125.38160404544372,15.256542939564167,13.461878726330005,-0.5719201673393954,0.00099945068359375,D4,3,46,30
SplitCP,0.3,0.7,0.0196078431372549,0.680392156862745,1.5102358952968016,0.026064057924379262,86.29095875690557,15.256542939564167,13.461878726330005,-0.5719201673393954,0.0,D4,3,46,30
TargetOnlyCP,0.1,0.9,0.954248366013072,0.054248366013071925,39.254855565516564,0.6774708722385988,40.02918723157736,8.772855875232366,6.854881059739203,0.4802431715337121,0.0,D4,3,46,30
TargetOnlyCP,0.2,0.8,0.9215686274509803,0.1215686274509803,33.59603709525115,0.5798094586462812,35.58183754477717,8.772855875232366,6.854881059739203,0.4802431715337121,0.0,D4,3,46,30
TargetOnlyCP,0.3,0.7,0.8888888888888888,0.18888888888888888,29.012492344293015,0.5007054085703961,31.7142706485714,8.772855875232366,6.854881059739203,0.4802431715337121,0.0,D4,3,46,30
TransferCal-CP-affine-localsigma,0.1,0.9,0.9934640522875817,0.0934640522875817,49.36965938493165,0.8520348813870879,49.424827431843354,10.939888239720219,8.869710903824439,0.1917532161558121,0.0,D4,3,46,30
TransferCal-CP-affine-localsigma,0.2,0.8,0.8954248366013072,0.09542483660130718,39.56383327655542,0.682803292811397,41.597949601148166,10.939888239720219,8.869710903824439,0.1917532161558121,0.0,D4,3,46,30
TransferCal-CP-affine-localsigma,0.3,0.7,0.869281045751634,0.16928104575163405,36.36316479616721,0.6275652939468696,38.991192827045595,10.939888239720219,8.869710903824439,0.1917532161558121,0.0010001659393310547,D4,3,46,30
AdaptiveJackknifeCP,0.05,0.95,1.0,0.050000000000000044,23.558411022402254,0.4065774038389906,23.558411022402254,3.0826882619830167,2.4549301248194615,0.9358232925648509,0.0010004043579101562,D4,3,46,30
AdaptiveJackknifeCP,0.1,0.9,0.9803921568627451,0.08039215686274503,15.756477373069572,0.27192953115125595,15.987602561690332,3.0826882619830167,2.4549301248194615,0.9358232925648509,0.0,D4,3,46,30
AdaptiveJackknifeCP,0.2,0.8,0.8758169934640523,0.07581699346405224,9.224843534592083,0.1592048348060826,11.256406874766924,3.0826882619830167,2.4549301248194615,0.9358232925648509,0.0,D4,3,46,30
AdaptiveJackknifeCP,0.3,0.7,0.8169934640522876,0.11699346405228761,7.761499870788128,0.13395005564513307,9.86634671991087,3.0826882619830167,2.4549301248194615,0.9358232925648509,0.0,D4,3,46,30
AdaptiveSplitCP,0.1,0.9,0.9869281045751634,0.08692810457516342,16.296100074295566,0.2812424850982949,16.415613100394605,3.7724435277027495,3.1340932733437503,0.9038910773500116,0.0,D4,3,46,30
AdaptiveSplitCP,0.2,0.8,0.9084967320261438,0.10849673202614374,12.684208628676613,0.2189074895202159,13.523641241575051,3.7724435277027495,3.1340932733437503,0.9038910773500116,0.0,D4,3,46,30
AdaptiveSplitCP,0.3,0.7,0.9019607843137255,0.20196078431372555,12.300734844113242,0.2122893956419901,12.984672808496793,3.7724435277027495,3.1340932733437503,0.9038910773500116,0.0,D4,3,46,30
SplitCP,0.05,0.95,0.09022556390977443,0.8597744360902255,5.797881506798462,0.10006140093907916,424.30333838136374,15.178014355540546,13.204808965704082,-0.3645733053788809,0.0,D4,3,46,50
SplitCP,0.1,0.9,0.06015037593984962,0.8398496240601504,3.6933878502314883,0.06374148248324712,232.25806418325993,15.178014355540546,13.204808965704082,-0.3645733053788809,0.0,D4,3,46,50
SplitCP,0.2,0.8,0.05263157894736842,0.7473684210526317,2.367117425785821,0.040852350213384465,122.89613100315157,15.178014355540546,13.204808965704082,-0.3645733053788809,0.0,D4,3,46,50
SplitCP,0.3,0.7,0.03007518796992481,0.6699248120300751,1.5102358952968016,0.026064057924379262,84.59450306536219,15.178014355540546,13.204808965704082,-0.3645733053788809,0.0009999275207519531,D4,3,46,50
TargetOnlyCP,0.05,0.95,0.9699248120300752,0.019924812030075234,32.74844511601195,0.5651814879352631,39.55555739724267,7.649436931456192,6.139607924561512,0.6534021302364603,0.0010001659393310547,D4,3,46,50
TargetOnlyCP,0.1,0.9,0.9323308270676691,0.0323308270676691,25.88086802990927,0.44665899252262276,32.48449209558494,7.649436931456192,6.139607924561512,0.6534021302364603,0.0,D4,3,46,50
TargetOnlyCP,0.2,0.8,0.849624060150376,0.049624060150375904,20.607906778498855,0.3556568067596107,26.672882006125757,7.649436931456192,6.139607924561512,0.6534021302364603,0.00099945068359375,D4,3,46,50
TargetOnlyCP,0.3,0.7,0.7744360902255639,0.07443609022556397,17.313801011678905,0.29880624203471806,23.44567450123513,7.649436931456192,6.139607924561512,0.6534021302364603,0.0,D4,3,46,50
TransferCal-CP-affine-localsigma,0.05,0.95,0.8721804511278195,0.07781954887218046,29.26565352360686,0.5050745324022353,52.101818527576235,9.750754515547754,7.621826228359757,0.4368249604829547,0.0010004043579101562,D4,3,46,50
TransferCal-CP-affine-localsigma,0.1,0.9,0.7443609022556391,0.1556390977443609,23.175683584966023,0.3999721906205439,46.50419496664655,9.750754515547754,7.621826228359757,0.4368249604829547,0.0,D4,3,46,50
TransferCal-CP-affine-localsigma,0.2,0.8,0.6766917293233082,0.12330827067669181,18.37077255998405,0.31704774175356304,36.881991998960046,9.750754515547754,7.621826228359757,0.4368249604829547,0.0,D4,3,46,50
TransferCal-CP-affine-localsigma,0.3,0.7,0.631578947368421,0.06842105263157894,16.430392427896564,0.28356013871383806,31.02314787421974,9.750754515547754,7.621826228359757,0.4368249604829547,0.0,D4,3,46,50
AdaptiveJackknifeCP,0.05,0.95,0.9548872180451128,0.004887218045112829,14.079996597088197,0.24299637429121493,15.368858838614356,3.065266794139695,2.4149592764924495,0.9443450862975491,0.0010004043579101562,D4,3,46,50
AdaptiveJackknifeCP,0.1,0.9,0.9398496240601504,0.03984962406015036,12.240522204127702,0.21125022968040072,13.831139691018308,3.065266794139695,2.4149592764924495,0.9443450862975491,0.0010001659393310547,D4,3,46,50
AdaptiveJackknifeCP,0.2,0.8,0.8872180451127819,0.08721804511278186,9.385055694822558,0.1619698194269894,11.348297478456761,3.065266794139695,2.4149592764924495,0.9443450862975491,0.0009996891021728516,D4,3,46,50
AdaptiveJackknifeCP,0.3,0.7,0.7669172932330827,0.06691729323308271,7.149607413910657,0.12338985078626838,9.689605531125467,3.065266794139695,2.4149592764924495,0.9443450862975491,0.0009996891021728516,D4,3,46,50
AdaptiveSplitCP,0.05,0.95,0.9624060150375939,0.012406015037593976,15.237896851161537,0.2629797288034515,16.784967668635524,3.2481678420156257,2.5342363728808968,0.9375052007490922,0.0,D4,3,46,50
AdaptiveSplitCP,0.1,0.9,0.9624060150375939,0.06240601503759391,13.289387601052058,0.22935183125499503,14.795445284266298,3.2481678420156257,2.5342363728808968,0.9375052007490922,0.0,D4,3,46,50
AdaptiveSplitCP,0.2,0.8,0.8721804511278195,0.07218045112781946,9.494076494606214,0.1638513297588339,11.665303777634447,3.2481678420156257,2.5342363728808968,0.9375052007490922,0.0,D4,3,46,50
AdaptiveSplitCP,0.3,0.7,0.7293233082706767,0.02932330827067675,7.23898554810441,0.12493236270381296,10.246605499664286,3.2481678420156257,2.5342363728808968,0.9375052007490922,0.0,D4,3,46,50
SplitCP,0.1,0.9,0.062432723358449946,0.8375672766415501,2.264195703579439,0.029663247783084067,184.19676455921322,12.204589982531472,10.19243594406342,0.45762855622902443,0.0020008087158203125,D1,0,47,10
SplitCP,0.2,0.8,0.05059203444564048,0.7494079655543595,1.6917325889937584,0.022163403494983944,95.35445772334087,12.204589982531472,10.19243594406342,0.45762855622902443,0.0010001659393310547,D1,0,47,10
SplitCP,0.3,0.7,0.04305705059203445,0.6569429494079655,1.3645075588780597,0.01787642550372456,64.8470377385752,12.204589982531472,10.19243594406342,0.45762855622902443,0.0010001659393310547,D1,0,47,10
TargetOnlyCP,0.1,0.9,0.9892357373519914,0.08923573735199142,75.03999999999998,0.9830996985480019,75.6199784714747,16.82605404500744,13.750419806243272,-0.03089631488802347,0.0,D1,0,47,10
TargetOnlyCP,0.2,0.8,0.9504843918191603,0.1504843918191603,61.84000000000002,0.8101663827053368,63.81072120559744,16.82605404500744,13.750419806243272,-0.03089631488802347,0.0,D1,0,47,10
TargetOnlyCP,0.3,0.7,0.83745963401507,0.13745963401507,49.96000000000002,0.6545263984469378,55.0865877287406,16.82605404500744,13.750419806243272,-0.03089631488802347,0.0009999275207519531,D1,0,47,10
TransferCal-CP-affine-localsigma,0.1,0.9,0.9795479009687836,0.07954790096878361,50.13480523034476,0.6568165233037678,52.08626069178695,11.693977789549933,9.572179058324933,0.5020623591021164,0.0010006427764892578,D1,0,47,10
TransferCal-CP-affine-localsigma,0.2,0.8,0.9666307857911733,0.1666307857911733,48.540159019333096,0.6359250492987535,49.740406898806064,11.693977789549933,9.572179058324933,0.5020623591021164,0.0009999275207519531,D1,0,47,10
TransferCal-CP-affine-localsigma,0.3,0.7,0.922497308934338,0.22249730893433806,38.58430661027608,0.5054933395155398,41.13316951048234,11.693977789549933,9.572179058324933,0.5020623591021164,0.0010006427764892578,D1,0,47,10
AdaptiveJackknifeCP,0.1,0.9,0.9935414424111948,0.09354144241119478,85.72613851942944,1.1230988930721664,86.21511171418192,18.459332517987516,15.347118140191357,-0.240744658586461,0.001999378204345703,D1,0,47,10
AdaptiveJackknifeCP,0.2,0.8,0.9752421959095802,0.17524219590958012,78.11932703496723,1.0234419890571573,78.79757041633411,18.459332517987516,15.347118140191357,-0.240744658586461,0.00099945068359375,D1,0,47,10
AdaptiveJackknifeCP,0.3,0.7,0.7115177610333692,0.011517761033369212,40.819233687465506,0.5347731387674279,56.53370911475516,18.459332517987516,15.347118140191357,-0.240744658586461,0.0010001659393310547,D1,0,47,10
AdaptiveSplitCP,0.1,0.9,0.9892357373519914,0.08923573735199142,75.03999999999998,0.9830996985480019,75.6199784714747,16.82605404500744,13.750419806243272,-0.03089631488802347,0.0010001659393310547,D1,0,47,10
AdaptiveSplitCP,0.2,0.8,0.9504843918191603,0.1504843918191603,61.84000000000002,0.8101663827053368,63.81072120559744,16.82605404500744,13.750419806243272,-0.03089631488802347,0.0010001659393310547,D1,0,47,10
AdaptiveSplitCP,0.3,0.7,0.83745963401507,0.13745963401507,49.96000000000002,0.6545263984469378,55.0865877287406,16.82605404500744,13.750419806243272,-0.03089631488802347,0.0,D1,0,47,10
SplitCP,0.1,0.9,0.06168831168831169,0.8383116883116883,2.2641957035794396,0.029663247783084074,184.52409704327124,12.206300352667409,10.208952835347587,0.4587366003964318,0.0010008811950683594,D1,0,47,15
SplitCP,0.2,0.8,0.049783549783549784,0.7502164502164502,1.6917325889937587,0.022163403494983948,95.520324118228,12.206300352667409,10.208952835347587,0.4587366003964318,0.0010001659393310547,D1,0,47,15
SplitCP,0.3,0.7,0.04329004329004329,0.6567099567099567,1.3645075588780602,0.017876425503724567,64.9575903674224,12.206300352667409,10.208952835347587,0.4587366003964318,0.0019991397857666016,D1,0,47,15
TargetOnlyCP,0.1,0.9,0.9318181818181818,0.031818181818181746,72.2462008507408,0.9464981113752893,141.03363314896,27.457700772907796,14.726146613861792,-1.7388540659064406,0.0,D1,0,47,15
TargetOnlyCP,0.2,0.8,0.8820346320346321,0.08203463203463202,50.23777157581979,0.6581654862994647,94.30343957107318,27.457700772907796,14.726146613861792,-1.7388540659064406,0.0,D1,0,47,15
TargetOnlyCP,0.3,0.7,0.8106060606060606,0.1106060606060606,39.61073067316175,0.518940530171261,74.40789010995168,27.457700772907796,14.726146613861792,-1.7388540659064406,0.0,D1,0,47,15
TransferCal-CP-affine-localsigma,0.1,0.9,1.0,0.09999999999999998,96.21432874180144,1.2605047652193948,96.21432874180144,14.724725676405958,11.318591351872346,0.21234690877426954,0.0010008811950683594,D1,0,47,15
TransferCal-CP-affine-localsigma,0.2,0.8,0.8733766233766234,0.07337662337662332,48.29549191649023,0.6327196634372204,55.41587167441602,14.724725676405958,11.318591351872346,0.21234690877426954,0.0,D1,0,47,15
TransferCal-CP-affine-localsigma,0.3,0.7,0.8495670995670995,0.14956709956709957,45.40265242045709,0.5948205478122479,51.50628732481272,14.724725676405958,11.318591351872346,0.21234690877426954,0.0010001659393310547,D1,0,47,15
AdaptiveJackknifeCP,0.1,0.9,0.946969696969697,0.046969696969696995,104.52342813776315,1.369362349326209,155.83310462953918,28.14000140561849,16.044301871363633,-1.8766616672279777,0.0009999275207519531,D1,0,47,15
AdaptiveJackknifeCP,0.2,0.8,0.9253246753246753,0.12532467532467528,70.16244897866818,0.9191988598123437,106.05285360125194,28.14000140561849,16.044301871363633,-1.8766616672279777,0.0009999275207519531,D1,0,47,15
AdaptiveJackknifeCP,0.3,0.7,0.8452380952380952,0.14523809523809528,47.05525046834737,0.6164712493407921,79.31503177392256,28.14000140561849,16.044301871363633,-1.8766616672279777,0.0019996166229248047,D1,0,47,15
AdaptiveSplitCP,0.1,0.9,0.9155844155844156,0.01558441558441559,446.37367564327167,5.847945441959809,1103.0393115109027,219.26351873628658,117.92563763578212,-173.65190032087014,0.0010004043579101562,D1,0,47,15
AdaptiveSplitCP,0.2,0.8,0.8874458874458875,0.08744588744588744,379.7585207188232,4.975219712682708,741.2677280646772,219.26351873628658,117.92563763578212,-173.65190032087014,0.0010001659393310547,D1,0,47,15
AdaptiveSplitCP,0.3,0.7,0.8582251082251082,0.15822510822510827,313.3086112891742,4.10465886608316,582.1744085781704,219.26351873628658,117.92563763578212,-173.65190032087014,0.0010001659393310547,D1,0,47,15
SplitCP,0.05,0.95,0.088139281828074,0.861860718171926,3.6638386740259965,0.04799998262211447,345.18138625498574,12.297060080886133,10.281515999533129,0.4530254581243277,0.002000093460083008,D1,0,47,20
SplitCP,0.1,0.9,0.062023939064200215,0.8379760609357998,2.2641957035794396,0.029663247783084074,185.97174750735238,12.297060080886133,10.281515999533129,0.4530254581243277,0.0020003318786621094,D1,0,47,20
SplitCP,0.2,0.8,0.05005440696409141,0.7499455930359087,1.6917325889937587,0.022163403494983948,96.24325884584238,12.297060080886133,10.281515999533129,0.4530254581243277,0.0009996891021728516,D1,0,47,20
SplitCP,0.3,0.7,0.042437431991294884,0.657562568008705,1.36450755887806,0.017876425503724563,65.44021423953686,12.297060080886133,10.281515999533129,0.4530254581243277,0.0009996891021728516,D1,0,47,20
TargetOnlyCP,0.1,0.9,0.9477693144722524,0.04776931447225241,69.11918550789233,0.9055310559260713,90.63514261640597,18.093703882376815,12.889873400827915,-0.18418479473333527,0.0,D1,0,47,20
TargetOnlyCP,0.2,0.8,0.8258977149075082,0.02589771490750814,37.37311981303402,0.4896255706555453,62.51925610044558,18.093703882376815,12.889873400827915,-0.18418479473333527,0.0,D1,0,47,20
TargetOnlyCP,0.3,0.7,0.7279651795429815,0.0279651795429815,30.84106614633434,0.4040490782430742,52.38019480780417,18.093703882376815,12.889873400827915,-0.18418479473333527,0.0,D1,0,47,20
TransferCal-CP-affine-localsigma,0.1,0.9,0.9194776931447225,0.019477693144722474,39.24000006804689,0.5140835852601344,46.485790946370784,12.007946251459364,9.903818810203378,0.478442741336517,0.0010006427764892578,D1,0,47,20
TransferCal-CP-affine-localsigma,0.2,0.8,0.764961915125136,0.03503808487486404,30.41094347220718,0.39841403731459507,40.500066081566416,12.007946251459364,9.903818810203378,0.478442741336517,0.0010006427764892578,D1,0,47,20
TransferCal-CP-affine-localsigma,0.3,0.7,0.705114254624592,0.0051142546245920295,26.878452483087333,0.35213484186513805,36.68856267090773,12.007946251459364,9.903818810203378,0.478442741336517,0.0010004043579101562,D1,0,47,20
AdaptiveJackknifeCP,0.05,0.95,1.0,0.050000000000000044,82.34450752048409,1.0787961156779267,82.34450752048409,12.411910023889476,10.126106769131958,0.4427606709028127,0.0009996891021728516,D1,0,47,20
AdaptiveJackknifeCP,0.1,0.9,1.0,0.09999999999999998,80.35547061652937,1.0527377257435084,80.35547061652937,12.411910023889476,10.126106769131958,0.4427606709028127,0.0010004043579101562,D1,0,47,20
AdaptiveJackknifeCP,0.2,0.8,0.9205658324265505,0.1205658324265505,42.536878833470645,0.5572760228992256,46.399228188036545,12.411910023889476,10.126106769131958,0.4427606709028127,0.0009999275207519531,D1,0,47,20
AdaptiveJackknifeCP,0.3,0.7,0.779107725788901,0.07910772578890102,30.621213842966267,0.40116879128723415,38.61575408478709,12.411910023889476,10.126106769131958,0.4427606709028127,0.0010039806365966797,D1,0,47,20
AdaptiveSplitCP,0.1,0.9,0.9532100108813928,0.053210010881392766,72.93203550884232,0.9554832372499344,91.46479226166582,17.33922827416342,12.21373617124717,-0.08748694430987447,0.0010001659393310547,D1,0,47,20
AdaptiveSplitCP,0.2,0.8,0.809575625680087,0.009575625680086963,33.31737523195022,0.43649122530571616,59.37375265557639,17.33922827416342,12.21373617124717,-0.08748694430987447,0.0010001659393310547,D1,0,47,20
AdaptiveSplitCP,0.3,0.7,0.7247007616974973,0.024700761697497353,29.058984373404215,0.3807020092964391,49.75702979738781,17.33922827416342,12.21373617124717,-0.08748694430987447,0.0010004043579101562,D1,0,47,20
SplitCP,0.05,0.95,0.0891089108910891,0.8608910891089109,3.663838674025996,0.04799998262211446,339.505220952203,12.157092268886569,10.137514826247504,0.4613566984321452,0.0010001659393310547,D1,0,47,30
SplitCP,0.1,0.9,0.0638063806380638,0.8361936193619363,2.2641957035794396,0.029663247783084074,183.1143115540536,12.157092268886569,10.137514826247504,0.4613566984321452,0.0010006427764892578,D1,0,47,30
SplitCP,0.2,0.8,0.0517051705170517,0.7482948294829483,1.6917325889937587,0.022163403494983948,94.80958160873907,12.157092268886569,10.137514826247504,0.4613566984321452,0.0009999275207519531,D1,0,47,30
SplitCP,0.3,0.7,0.04400440044004401,0.6559955995599559,1.36450755887806,0.017876425503724563,64.48268607852339,12.157092268886569,10.137514826247504,0.4613566984321452,0.0010008811950683594,D1,0,47,30
TargetOnlyCP,0.1,0.9,0.9691969196919692,0.06919691969196917,201.76725624154966,2.643354594721815,229.2507422219664,31.542569310367277,16.17991373484092,-2.626068213244731,0.00099945068359375,D1,0,47,30
TargetOnlyCP,0.2,0.8,0.8184818481848185,0.01848184818481846,42.45661877188047,0.5562245351279737,104.31412900651173,31.542569310367277,16.17991373484092,-2.626068213244731,0.0,D1,0,47,30
TargetOnlyCP,0.3,0.7,0.7348734873487349,0.034873487348734966,31.775753291647632,0.41629442273660017,80.88385387497914,31.542569310367277,16.17991373484092,-2.626068213244731,0.0010001659393310547,D1,0,47,30
TransferCal-CP-affine-localsigma,0.1,0.9,0.9922992299229924,0.09229922992299233,58.50384730514987,0.766459416972164,59.56733656193469,11.597597741524272,9.295701984543259,0.5097947926886979,0.0010006427764892578,D1,0,47,30
TransferCal-CP-affine-localsigma,0.2,0.8,0.944994499449945,0.1449944994499449,45.04235170180344,0.590100244935182,47.28485359477713,11.597597741524272,9.295701984543259,0.5097947926886979,0.0009999275207519531,D1,0,47,30
TransferCal-CP-affine-localsigma,0.3,0.7,0.9438943894389439,0.24389438943894393,44.752866945058415,0.586307702596559,46.301603391970666,11.597597741524272,9.295701984543259,0.5097947926886979,0.0010001659393310547,D1,0,47,30
AdaptiveJackknifeCP,0.05,0.95,1.0,0.050000000000000044,173.0427179378388,2.2670341663195135,173.0427179378388,12.845717269894045,10.082143993899344,0.39860674088887393,0.0019996166229248047,D1,0,47,30
AdaptiveJackknifeCP,0.1,0.9,0.9680968096809681,0.0680968096809681,56.528584906792915,0.7405814869564668,61.464561673881825,12.845717269894045,10.082143993899344,0.39860674088887393,0.0010039806365966797,D1,0,47,30
AdaptiveJackknifeCP,0.2,0.8,0.9284928492849285,0.12849284928492843,45.53636630942088,0.5965723346450302,50.57633565029381,12.845717269894045,10.082143993899344,0.39860674088887393,0.0009996891021728516,D1,0,47,30
AdaptiveJackknifeCP,0.3,0.7,0.8833883388338833,0.1833883388338834,38.288791937960426,0.5016217992001076,43.95186557358898,12.845717269894045,10.082143993899344,0.39860674088887393,0.0009989738464355469,D1,0,47,30
AdaptiveSplitCP,0.1,0.9,0.9372937293729373,0.03729372937293729,73.67655683530177,0.9652372176817686,86.5397195438016,18.853588082254067,14.341089081553434,-0.29547747530052715,0.0009996891021728516,D1,0,47,30
AdaptiveSplitCP,0.2,0.8,0.8371837183718371,0.03718371837183709,50.343492361421816,0.6595505352394382,69.14625916507704,18.853588082254067,14.341089081553434,-0.29547747530052715,0.0019996166229248047,D1,0,47,30
AdaptiveSplitCP,0.3,0.7,0.746974697469747,0.04697469746974703,39.731823727382285,0.520526971337312,59.331260019759426,18.853588082254067,14.341089081553434,-0.29547747530052715,0.0009999275207519531,D1,0,47,30
SplitCP,0.05,0.95,0.08661417322834646,0.8633858267716535,3.663838674025996,0.04799998262211446,342.26944258295094,12.1745951124117,10.210218787486625,0.46829152204660907,0.0,D1,0,47,50
SplitCP,0.1,0.9,0.06074240719910011,0.8392575928009,2.2641957035794396,0.029663247783084074,184.53708093620588,12.1745951124117,10.210218787486625,0.46829152204660907,0.0009996891021728516,D1,0,47,50
SplitCP,0.2,0.8,0.05061867266591676,0.7493813273340832,1.6917325889937584,0.022163403494983944,95.52802225848302,12.1745951124117,10.210218787486625,0.46829152204660907,0.0010001659393310547,D1,0,47,50
SplitCP,0.3,0.7,0.04274465691788527,0.6572553430821146,1.36450755887806,0.017876425503724563,64.96294994062045,12.1745951124117,10.210218787486625,0.46829152204660907,0.0009996891021728516,D1,0,47,50
TargetOnlyCP,0.05,0.95,0.9471316085489314,0.0028683914510685415,59.65104221708622,0.7814888275811783,72.72340696751384,14.334029560545812,10.946789676088546,0.2629429191004571,0.0009999275207519531,D1,0,47,50
TargetOnlyCP,0.1,0.9,0.9201349831271091,0.02013498312710904,50.34491154339934,0.6595691279549805,63.082613700301074,14.334029560545812,10.946789676088546,0.2629429191004571,0.0,D1,0,47,50
TargetOnlyCP,0.2,0.8,0.9021372328458943,0.10213723284589427,45.993893860471076,0.6025664071065822,54.32363217893826,14.334029560545812,10.946789676088546,0.2629429191004571,0.0,D1,0,47,50
TargetOnlyCP,0.3,0.7,0.8503937007874016,0.15039370078740166,39.92037153234672,0.5229971377848389,47.99413738704734,14.334029560545812,10.946789676088546,0.2629429191004571,0.0,D1,0,47,50
TransferCal-CP-affine-localsigma,0.05,0.95,0.9707536557930259,0.020753655793025905,54.030864162946536,0.7078588255714392,58.67774081917422,11.932236631087015,9.554780193217777,0.4892501520292325,0.0009999275207519531,D1,0,47,50
TransferCal-CP-affine-localsigma,0.1,0.9,0.9583802024746907,0.05838020247469067,46.851413560393546,0.6138007802208246,51.67735073767523,11.932236631087015,9.554780193217777,0.4892501520292325,0.0010006427764892578,D1,0,47,50
TransferCal-CP-affine-localsigma,0.2,0.8,0.9021372328458943,0.10213723284589427,38.78286496672178,0.508094654285875,43.78721315841356,11.932236631087015,9.554780193217777,0.4892501520292325,0.0009999275207519531,D1,0,47,50
TransferCal-CP-affine-localsigma,0.3,0.7,0.7671541057367829,0.06715410573678293,28.371438232704012,0.3716944612732487,37.128534551472214,11.932236631087015,9.554780193217777,0.4892501520292325,0.0019998550415039062,D1,0,47,50
AdaptiveJackknifeCP,0.05,0.95,0.9572553430821147,0.007255343082114729,46.77885372436598,0.6128501731722453,56.009494232940284,11.543739728091609,9.18445056974566,0.5219673239292314,0.0010004043579101562,D1,0,47,50
AdaptiveJackknifeCP,0.1,0.9,0.9403824521934758,0.040382452193475804,42.73957499460589,0.5599315470851117,49.36478667494473,11.543739728091609,9.18445056974566,0.5219673239292314,0.0009999275207519531,D1,0,47,50
AdaptiveJackknifeCP,0.2,0.8,0.890888638920135,0.09088863892013499,35.98417796678723,0.4714290313385686,42.16685391620254,11.543739728091609,9.18445056974566,0.5219673239292314,0.0009999275207519531,D1,0,47,50
AdaptiveJackknifeCP,0.3,0.7,0.7907761529808774,0.09077615298087749,27.9833468368959,0.3666100724908922,36.21848282235019,11.543739728091609,9.18445056974566,0.5219673239292314,0.0009999275207519531,D1,0,47,50
AdaptiveSplitCP,0.05,0.95,0.9651293588301463,0.015129358830146322,55.74799463253861,0.7303549669230324,62.43015587025752,11.890074750109564,9.119514697898945,0.492853186409557,0.0010001659393310547,D1,0,47,50
AdaptiveSplitCP,0.1,0.9,0.9516310461192351,0.05163104611923508,48.201691123157644,0.6314907784205783,54.524015949177844,11.890074750109564,9.119514697898945,0.492853186409557,0.0009999275207519531,D1,0,47,50
AdaptiveSplitCP,0.2,0.8,0.8807649043869517,0.08076490438695161,37.19202650876547,0.4872530656870555,44.496551515859025,11.890074750109564,9.119514697898945,0.492853186409557,0.0,D1,0,47,50
AdaptiveSplitCP,0.3,0.7,0.8638920134983127,0.16389201349831273,35.31442468213866,0.46265458767865997,40.97902453163564,11.890074750109564,9.119514697898945,0.492853186409557,0.002000093460083008,D1,0,47,50
SplitCP,0.1,0.9,0.0,0.9,2.8033251886862725,0.06781144625080207,314.75005897866504,18.165448851168883,16.99899928384207,-4.631086646117778,0.0010008811950683594,D2,1,47,10
SplitCP,0.2,0.8,0.0,0.8,1.9276740962340786,0.04662975558219112,162.27929645348442,18.165448851168883,16.99899928384207,-4.631086646117778,0.0,D2,1,47,10
SplitCP,0.3,0.7,0.0,0.7,1.5366463058354611,0.03717093143356922,109.74115384533107,18.165448851168883,16.99899928384207,-4.631086646117778,0.0,D2,1,47,10
TargetOnlyCP,0.1,0.9,0.9139784946236559,0.013978494623655857,27.27999999999999,0.6598935653943167,34.17247311827956,7.7063384050340815,6.129247311827957,-0.0134354582814733,0.0,D2,1,47,10
TargetOnlyCP,0.2,0.8,0.9139784946236559,0.11397849462365583,26.76,0.6473149490451584,30.429892473118276,7.7063384050340815,6.129247311827957,-0.0134354582814733,0.0,D2,1,47,10
TargetOnlyCP,0.3,0.7,0.9032258064516129,0.20322580645161292,25.159999999999993,0.6086115141246704,28.074695340501776,7.7063384050340815,6.129247311827957,-0.0134354582814733,0.0009996891021728516,D2,1,47,10
TransferCal-CP-affine-localsigma,0.1,0.9,0.7741935483870968,0.12580645161290327,61.49743066881222,1.4876011285422401,95.39265087212847,23.96603494824898,20.544150216609356,-8.80149493491853,0.0,D2,1,47,10
TransferCal-CP-affine-localsigma,0.2,0.8,0.7526881720430108,0.047311827956989294,59.889464190101016,1.4487049873152869,78.74423973121283,23.96603494824898,20.544150216609356,-8.80149493491853,0.0,D2,1,47,10
TransferCal-CP-affine-localsigma,0.3,0.7,0.6021505376344086,0.09784946236559133,44.34610641630889,1.0727166522878984,73.92762279444311,23.96603494824898,20.544150216609356,-8.80149493491853,0.0009999275207519531,D2,1,47,10
AdaptiveJackknifeCP,0.1,0.9,1.0,0.09999999999999998,33.342188116646774,0.8065357549245625,33.342188116646774,4.885649269440393,4.022188792110945,0.5926717638667909,0.0010004043579101562,D2,1,47,10
AdaptiveJackknifeCP,0.2,0.8,0.9247311827956989,0.12473118279569884,17.451250559645707,0.4221395876977337,19.01828245026231,4.885649269440393,4.022188792110945,0.5926717638667909,0.0,D2,1,47,10
AdaptiveJackknifeCP,0.3,0.7,0.9032258064516129,0.20322580645161292,16.552357901675073,0.40039569176756445,17.851042075324617,4.885649269440393,4.022188792110945,0.5926717638667909,0.0,D2,1,47,10
AdaptiveSplitCP,0.1,0.9,0.9139784946236559,0.013978494623655857,27.27999999999999,0.6598935653943167,34.17247311827956,7.7063384050340815,6.129247311827957,-0.0134354582814733,0.0,D2,1,47,10
AdaptiveSplitCP,0.2,0.8,0.9139784946236559,0.11397849462365583,26.76,0.6473149490451584,30.429892473118276,7.7063384050340815,6.129247311827957,-0.0134354582814733,0.0,D2,1,47,10
AdaptiveSplitCP,0.3,0.7,0.9032258064516129,0.20322580645161292,25.159999999999993,0.6086115141246704,28.074695340501776,7.7063384050340815,6.129247311827957,-0.0134354582814733,0.0,D2,1,47,10
SplitCP,0.1,0.9,0.0,0.9,2.803325188686273,0.084158666702032,314.86521047054595,18.06564676437534,17.00475685843612,-5.159807620802741,0.0,D2,1,47,15
SplitCP,0.2,0.8,0.0,0.8,1.9276740962340781,0.057870732382328746,162.33687219942487,18.06564676437534,17.00475685843612,-5.159807620802741,0.0,D2,1,47,15
SplitCP,0.3,0.7,0.0,0.7,1.5366463058354611,0.046131681338161035,109.77953767595805,18.06564676437534,17.00475685843612,-5.159807620802741,0.0009987354278564453,D2,1,47,15
TargetOnlyCP,0.1,0.9,1.0,0.09999999999999998,41.21929098644457,1.2374449406805799,41.21929098644457,4.672138118748774,3.890927433581969,0.5880054545965002,0.0,D2,1,47,15
TargetOnlyCP,0.2,0.8,1.0,0.19999999999999996,28.721724351160674,0.8622553089924383,28.721724351160674,4.672138118748774,3.890927433581969,0.5880054545965002,0.0,D2,1,47,15
TargetOnlyCP,0.3,0.7,1.0,0.30000000000000004,23.46784985777748,0.7045286655878773,23.46784985777748,4.672138118748774,3.890927433581969,0.5880054545965002,0.0,D2,1,47,15
TransferCal-CP-affine-localsigma,0.1,0.9,0.9772727272727273,0.07727272727272727,31.091765815526283,0.9334063586368123,31.205302433823878,6.397243508961212,5.036442942910942,0.22759356220036664,0.0010001659393310547,D2,1,47,15
TransferCal-CP-affine-localsigma,0.2,0.8,0.9545454545454546,0.15454545454545454,24.839635135608603,0.7457110515806512,25.936781762892473,6.397243508961212,5.036442942910942,0.22759356220036664,0.0,D2,1,47,15
TransferCal-CP-affine-localsigma,0.3,0.7,0.9204545454545454,0.22045454545454546,22.68508731251811,0.6810293397090308,23.826291566239956,6.397243508961212,5.036442942910942,0.22759356220036664,0.0,D2,1,47,15
AdaptiveJackknifeCP,0.1,0.9,1.0,0.09999999999999998,62.31131585964867,1.8706489294789006,62.31131585964867,7.763047137247487,6.403813567464187,-0.13742970656114473,0.0009999275207519531,D2,1,47,15
AdaptiveJackknifeCP,0.2,0.8,0.9886363636363636,0.1886363636363636,33.695247499811124,1.0115655205552527,33.722302982349966,7.763047137247487,6.403813567464187,-0.13742970656114473,0.0,D2,1,47,15
AdaptiveJackknifeCP,0.3,0.7,0.8863636363636364,0.1863636363636364,24.76799496259633,0.7435603408934471,26.474619547572107,7.763047137247487,6.403813567464187,-0.13742970656114473,0.0,D2,1,47,15
AdaptiveSplitCP,0.1,0.9,0.875,0.025000000000000022,29.45051438347144,0.8841343252665894,43.50178403272187,10.531296072192887,8.660612165060057,-1.0932628467589747,0.0009996891021728516,D2,1,47,15
AdaptiveSplitCP,0.2,0.8,0.8181818181818182,0.018181818181818188,27.35692162354479,0.8212825462423284,35.99881933022056,10.531296072192887,8.660612165060057,-1.0932628467589747,0.0010001659393310547,D2,1,47,15
AdaptiveSplitCP,0.3,0.7,0.6590909090909091,0.040909090909090895,20.051977423314383,0.6019807090151479,31.772117876836546,10.531296072192887,8.660612165060057,-1.0932628467589747,0.0009999275207519531,D2,1,47,15
SplitCP,0.05,0.95,0.0,0.95,4.282907722317007,0.1036020251882193,612.5358371715695,18.50449549681185,17.347777097389816,-4.587322211553466,0.0,D2,1,47,20
SplitCP,0.1,0.9,0.0,0.9,2.803325188686273,0.06781144625080208,321.7256152496198,18.50449549681185,17.347777097389816,-4.587322211553466,0.0,D2,1,47,20
SplitCP,0.2,0.8,0.0,0.8,1.9276740962340784,0.04662975558219111,165.76707458896183,18.50449549681185,17.347777097389816,-4.587322211553466,0.0010001659393310547,D2,1,47,20
SplitCP,0.3,0.7,0.0,0.7,1.5366463058354611,0.03717093143356922,112.06633926898269,18.50449549681185,17.347777097389816,-4.587322211553466,0.0,D2,1,47,20
TargetOnlyCP,0.1,0.9,0.927710843373494,0.027710843373493943,19.52335899461245,0.4722631589233144,24.40385183227305,5.626124275824021,4.259980201736262,0.4835029311999507,0.0,D2,1,47,20
TargetOnlyCP,0.2,0.8,0.8192771084337349,0.01927710843373487,15.10933036031155,0.3654893651827928,20.282564787262395,5.626124275824021,4.259980201736262,0.4835029311999507,0.0,D2,1,47,20
TargetOnlyCP,0.3,0.7,0.7469879518072289,0.04698795180722892,12.880810582891641,0.3115822588237982,17.944232589788754,5.626124275824021,4.259980201736262,0.4835029311999507,0.0,D2,1,47,20
TransferCal-CP-affine-localsigma,0.1,0.9,0.891566265060241,0.008433734939759074,29.433135357410343,0.7119771492571497,37.253135578700864,8.764632204404379,6.8242465392894625,-0.25347769837938294,0.0,D2,1,47,20
TransferCal-CP-affine-localsigma,0.2,0.8,0.8674698795180723,0.06746987951807226,27.750160139676176,0.6712665731244196,32.594369328091,8.764632204404379,6.8242465392894625,-0.25347769837938294,0.0,D2,1,47,20
TransferCal-CP-affine-localsigma,0.3,0.7,0.8554216867469879,0.15542168674698797,24.875464542643872,0.6017287019019493,29.438468239455094,8.764632204404379,6.8242465392894625,-0.25347769837938294,0.0,D2,1,47,20
AdaptiveJackknifeCP,0.05,0.95,0.9879518072289156,0.03795180722891567,30.067887393835814,0.7273315768399249,30.295778398349086,4.988100114096389,3.898400427664707,0.594006068728957,0.0,D2,1,47,20
AdaptiveJackknifeCP,0.1,0.9,0.891566265060241,0.008433734939759074,14.773277683155877,0.3573603696076989,21.516935379730747,4.988100114096389,3.898400427664707,0.594006068728957,0.0010006427764892578,D2,1,47,20
AdaptiveJackknifeCP,0.2,0.8,0.8795180722891566,0.07951807228915653,13.901598990609163,0.33627476988985033,17.777223665385392,4.988100114096389,3.898400427664707,0.594006068728957,0.0,D2,1,47,20
AdaptiveJackknifeCP,0.3,0.7,0.8554216867469879,0.15542168674698797,13.42584858762666,0.32476653566470715,16.214285734584447,4.988100114096389,3.898400427664707,0.594006068728957,0.0,D2,1,47,20
AdaptiveSplitCP,0.1,0.9,0.891566265060241,0.008433734939759074,21.422225477928297,0.5181960685231334,26.010703303730626,6.487127720495737,5.243713907923401,0.31332044654100566,0.0,D2,1,47,20
AdaptiveSplitCP,0.2,0.8,0.7951807228915663,0.004819277108433773,17.263020658720237,0.4175863728723844,22.636056786762776,6.487127720495737,5.243713907923401,0.31332044654100566,0.0,D2,1,47,20
AdaptiveSplitCP,0.3,0.7,0.6987951807228916,0.00120481927710836,14.058903372452333,0.34007990733070953,20.335704088780183,6.487127720495737,5.243713907923401,0.31332044654100566,0.0009999275207519531,D2,1,47,20
SplitCP,0.05,0.95,0.0,0.95,4.282907722317006,0.10360202518821929,602.2036773429677,18.238425706582795,17.08947310167477,-4.248293189778669,0.0,D2,1,47,30
SplitCP,0.1,0.9,0.0,0.9,2.803325188686273,0.06781144625080208,316.5595353353189,18.238425706582795,17.08947310167477,-4.248293189778669,0.0,D2,1,47,30
SplitCP,0.2,0.8,0.0,0.8,1.9276740962340781,0.04662975558219111,163.1840346318114,18.238425706582795,17.08947310167477,-4.248293189778669,0.0,D2,1,47,30
SplitCP,0.3,0.7,0.0,0.7,1.5366463058354611,0.03717093143356922,110.34431263088238,18.238425706582795,17.08947310167477,-4.248293189778669,0.0,D2,1,47,30
TargetOnlyCP,0.1,0.9,0.9726027397260274,0.07260273972602738,29.357133165951026,0.7101386830877996,30.94555852718083,5.026453211419758,3.711341276798496,0.6013730285495611,0.0,D2,1,47,30
TargetOnlyCP,0.2,0.8,0.9178082191780822,0.11780821917808215,17.403003575100996,0.4209725101812112,20.28791963982554,5.026453211419758,3.711341276798496,0.6013730285495611,0.0,D2,1,47,30
TargetOnlyCP,0.3,0.7,0.9178082191780822,0.21780821917808224,16.155686009204764,0.3908003387831824,18.420694225659368,5.026453211419758,3.711341276798496,0.6013730285495611,0.0009999275207519531,D2,1,47,30
TransferCal-CP-affine-localsigma,0.1,0.9,0.9452054794520548,0.045205479452054775,25.590026122625293,0.6190136941566317,27.130660650212942,6.374321075601179,5.0393419324578845,0.3589214265302283,0.0,D2,1,47,30
TransferCal-CP-affine-localsigma,0.2,0.8,0.9315068493150684,0.1315068493150684,25.00279622510013,0.604808810330238,25.974211884720848,6.374321075601179,5.0393419324578845,0.3589214265302283,0.0010004043579101562,D2,1,47,30
TransferCal-CP-affine-localsigma,0.3,0.7,0.8082191780821918,0.10821917808219184,17.437072167666493,0.42179661740320573,20.931259055975197,6.374321075601179,5.0393419324578845,0.3589214265302283,0.0,D2,1,47,30
AdaptiveJackknifeCP,0.05,0.95,1.0,0.050000000000000044,36.238307388532206,0.8765918572754302,36.238307388532206,5.057625489183586,4.24581904565876,0.5964134113735183,0.0,D2,1,47,30
AdaptiveJackknifeCP,0.1,0.9,0.9041095890410958,0.004109589041095818,15.076243721874032,0.3646890110843527,19.982179719554548,5.057625489183586,4.24581904565876,0.5964134113735183,0.0009996891021728516,D2,1,47,30
AdaptiveJackknifeCP,0.2,0.8,0.7397260273972602,0.06027397260273981,11.587967924157892,0.2803088515083407,17.224758439821883,5.057625489183586,4.24581904565876,0.5964134113735183,0.0009999275207519531,D2,1,47,30
AdaptiveJackknifeCP,0.3,0.7,0.6027397260273972,0.09726027397260273,9.614522380965134,0.2325719007895359,15.42536018884424,5.057625489183586,4.24581904565876,0.5964134113735183,0.0,D2,1,47,30
AdaptiveSplitCP,0.1,0.9,0.9726027397260274,0.07260273972602738,24.973012901086417,0.6040883622410627,25.670887177224163,4.854821124607772,3.8471061091755803,0.6281311013719321,0.0,D2,1,47,30
AdaptiveSplitCP,0.2,0.8,0.9041095890410958,0.1041095890410958,16.07212154733257,0.3887789439633474,18.64370274843054,4.854821124607772,3.8471061091755803,0.6281311013719321,0.0,D2,1,47,30
AdaptiveSplitCP,0.3,0.7,0.8356164383561644,0.13561643835616444,12.90824975609091,0.3122460027326669,15.962187283855789,4.854821124607772,3.8471061091755803,0.6281311013719321,0.0,D2,1,47,30
SplitCP,0.1,0.9,0.0,0.9,3.0599677730428283,0.0924740940501084,170.86310525750574,11.11778010204893,9.92014076074456,-0.8054556947099785,0.0,D3,2,47,10
SplitCP,0.2,0.8,0.0,0.8,1.953912603943607,0.059048431651650725,91.38575719167116,11.11778010204893,9.92014076074456,-0.8054556947099785,0.0,D3,2,47,10
SplitCP,0.3,0.7,0.0,0.7,1.5401563829922147,0.046544466078173766,62.54057351131523,11.11778010204893,9.92014076074456,-0.8054556947099785,0.0,D3,2,47,10
TargetOnlyCP,0.1,0.9,0.88,0.020000000000000018,29.699999999999996,0.8975521302817911,35.85199999999999,8.63475002533368,6.2788,-0.08905600565621885,0.0,D3,2,47,10
TargetOnlyCP,0.2,0.8,0.84,0.039999999999999925,24.13999999999999,0.7295255361953681,30.863999999999997,8.63475002533368,6.2788,-0.08905600565621885,0.0,D3,2,47,10
TargetOnlyCP,0.3,0.7,0.68,0.019999999999999907,17.64,0.5330915682885791,28.610666666666667,8.63475002533368,6.2788,-0.08905600565621885,0.0,D3,2,47,10
TransferCal-CP-affine-localsigma,0.1,0.9,0.88,0.020000000000000018,14.914621925489328,0.4507289791774565,24.12782690652966,4.807285580636213,3.4001887843346594,0.6624403556393796,0.0,D3,2,47,10
TransferCal-CP-affine-localsigma,0.2,0.8,0.84,0.039999999999999925,12.511686611598009,0.37811080712653067,18.796962362108886,4.807285580636213,3.4001887843346594,0.6624403556393796,0.0,D3,2,47,10
TransferCal-CP-affine-localsigma,0.3,0.7,0.8,0.10000000000000009,9.500457939673538,0.28710963846486676,15.567079512710642,4.807285580636213,3.4001887843346594,0.6624403556393796,0.0,D3,2,47,10
AdaptiveJackknifeCP,0.1,0.9,0.96,0.05999999999999994,20.72607019832119,0.6263544935647519,20.947777815258615,4.8967803359312665,4.114013800563696,0.649755018954761,0.0,D3,2,47,10
AdaptiveJackknifeCP,0.2,0.8,0.76,0.040000000000000036,11.979326625279768,0.36202256336233124,16.465662791929713,4.8967803359312665,4.114013800563696,0.649755018954761,0.0,D3,2,47,10
AdaptiveJackknifeCP,0.3,0.7,0.72,0.020000000000000018,10.662880191344378,0.32223874850776635,14.764850141118709,4.8967803359312665,4.114013800563696,0.649755018954761,0.0,D3,2,47,10
AdaptiveSplitCP,0.1,0.9,0.88,0.020000000000000018,29.699999999999996,0.8975521302817911,35.85199999999999,8.63475002533368,6.2788,-0.08905600565621885,0.0009999275207519531,D3,2,47,10
AdaptiveSplitCP,0.2,0.8,0.84,0.039999999999999925,24.13999999999999,0.7295255361953681,30.863999999999997,8.63475002533368,6.2788,-0.08905600565621885,0.0,D3,2,47,10
AdaptiveSplitCP,0.3,0.7,0.68,0.019999999999999907,17.64,0.5330915682885791,28.610666666666667,8.63475002533368,6.2788,-0.08905600565621885,0.0,D3,2,47,10
SplitCP,0.1,0.9,0.07514450867052024,0.8248554913294798,3.847585809367274,0.06640267240149253,206.15389859948263,13.746462712290963,11.980132340535441,-0.2303233434437657,0.0,D4,3,47,10
SplitCP,0.2,0.8,0.023121387283236993,0.7768786127167631,1.7969628032828244,0.03101246814393451,112.73722832888022,13.746462712290963,11.980132340535441,-0.2303233434437657,0.0,D4,3,47,10
SplitCP,0.3,0.7,0.017341040462427744,0.6826589595375722,1.2777037801856608,0.02205095603982625,76.93503684137708,13.746462712290963,11.980132340535441,-0.2303233434437657,0.0,D4,3,47,10
TargetOnlyCP,0.1,0.9,0.9826589595375722,0.08265895953757219,61.421504068278885,1.0600288635859096,64.95097218376361,12.662499819595057,9.93686721943581,-0.04394171450568218,0.0,D4,3,47,10
TargetOnlyCP,0.2,0.8,0.9190751445086706,0.11907514450867052,44.20630234832661,0.7629242746895316,50.281235325799045,12.662499819595057,9.93686721943581,-0.04394171450568218,0.0010001659393310547,D4,3,47,10
TargetOnlyCP,0.3,0.7,0.9190751445086706,0.2190751445086706,43.21033620927538,0.7457356227578743,47.52895291384695,12.662499819595057,9.93686721943581,-0.04394171450568218,0.0,D4,3,47,10
TransferCal-CP-affine-localsigma,0.1,0.9,0.9653179190751445,0.0653179190751445,46.31568909221958,0.7993286393645874,50.735377627491786,9.666421241100158,7.197453382266244,0.39162861170091834,0.0,D4,3,47,10
TransferCal-CP-affine-localsigma,0.2,0.8,0.9479768786127167,0.1479768786127167,39.2898477504975,0.6780747767935654,42.944998587053036,9.666421241100158,7.197453382266244,0.39162861170091834,0.0,D4,3,47,10
TransferCal-CP-affine-localsigma,0.3,0.7,0.9479768786127167,0.24797687861271678,38.956736442485415,0.6723258521028392,41.45126863356305,9.666421241100158,7.197453382266244,0.39162861170091834,0.0,D4,3,47,10
AdaptiveJackknifeCP,0.1,0.9,0.953757225433526,0.05375722543352601,19.424074134733818,0.3352259040801329,22.409255826858924,4.890988415640268,3.7228704625859934,0.8442490817510762,0.0,D4,3,47,10
AdaptiveJackknifeCP,0.2,0.8,0.953757225433526,0.153757225433526,19.164243940963225,0.3307416846002294,20.716911132406263,4.890988415640268,3.7228704625859934,0.8442490817510762,0.0009996891021728516,D4,3,47,10
AdaptiveJackknifeCP,0.3,0.7,0.7861271676300579,0.0861271676300579,11.910109030478862,0.20554787011936745,15.568096842261804,4.890988415640268,3.7228704625859934,0.8442490817510762,0.0010004043579101562,D4,3,47,10
AdaptiveSplitCP,0.1,0.9,0.9826589595375722,0.08265895953757219,61.421504068278885,1.0600288635859096,64.95097218376361,12.662499819595057,9.93686721943581,-0.04394171450568218,0.0009996891021728516,D4,3,47,10
AdaptiveSplitCP,0.2,0.8,0.9190751445086706,0.11907514450867052,44.20630234832661,0.7629242746895316,50.281235325799045,12.662499819595057,9.93686721943581,-0.04394171450568218,0.0010001659393310547,D4,3,47,10
AdaptiveSplitCP,0.3,0.7,0.9190751445086706,0.2190751445086706,43.21033620927538,0.7457356227578743,47.52895291384695,12.662499819595057,9.93686721943581,-0.04394171450568218,0.0,D4,3,47,10
SplitCP,0.1,0.9,0.07738095238095238,0.8226190476190476,3.847585809367274,0.06640267240149253,202.40571860672685,13.621240494161794,11.790968096741283,-0.30474156807501873,0.0,D4,3,47,15
SplitCP,0.2,0.8,0.023809523809523808,0.7761904761904762,1.796962803282824,0.0310124681439345,110.84926910929153,13.621240494161794,11.790968096741283,-0.30474156807501873,0.0,D4,3,47,15
SplitCP,0.3,0.7,0.017857142857142856,0.682142857142857,1.2777037801856606,0.022050956039826246,75.67539416622874,13.621240494161794,11.790968096741283,-0.30474156807501873,0.0,D4,3,47,15
TargetOnlyCP,0.1,0.9,0.9523809523809523,0.052380952380952306,56.43928175709151,0.9740443287756029,60.09245140162338,14.038527728837904,11.032557299846687,-0.3859076931874612,0.0,D4,3,47,15
TargetOnlyCP,0.2,0.8,0.7916666666666666,0.008333333333333415,37.60363696645692,0.6489736968332659,50.668247815036096,14.038527728837904,11.032557299846687,-0.3859076931874612,0.0,D4,3,47,15
TargetOnlyCP,0.3,0.7,0.7678571428571429,0.06785714285714295,33.92319503521156,0.5854556385073902,45.409915067289774,14.038527728837904,11.032557299846687,-0.3859076931874612,0.0009996891021728516,D4,3,47,15
TransferCal-CP-affine-localsigma,0.1,0.9,1.0,0.09999999999999998,59.486876148658105,1.026640533778527,59.486876148658105,8.390431373261396,6.66251919788556,0.5049378125995501,0.0,D4,3,47,15
TransferCal-CP-affine-localsigma,0.2,0.8,1.0,0.19999999999999996,51.26939521340378,0.8848210340858259,51.26939521340378,8.390431373261396,6.66251919788556,0.5049378125995501,0.0,D4,3,47,15
TransferCal-CP-affine-localsigma,0.3,0.7,0.8214285714285714,0.12142857142857144,23.321298005094494,0.40248524351027637,27.385906494550834,8.390431373261396,6.66251919788556,0.5049378125995501,0.0,D4,3,47,15
AdaptiveJackknifeCP,0.1,0.9,0.6904761904761905,0.20952380952380956,11.90094247216662,0.20538967118663018,22.95275549764323,5.039181347519574,4.121488554964443,0.8214289086457627,0.0,D4,3,47,15
AdaptiveJackknifeCP,0.2,0.8,0.6369047619047619,0.16309523809523818,10.430485942254862,0.18001213626625293,18.416989374384656,5.039181347519574,4.121488554964443,0.8214289086457627,0.0010001659393310547,D4,3,47,15
AdaptiveJackknifeCP,0.3,0.7,0.5654761904761905,0.1345238095238095,8.44268808065712,0.14570618527674958,16.430987217994367,5.039181347519574,4.121488554964443,0.8214289086457627,0.0009999275207519531,D4,3,47,15
AdaptiveSplitCP,0.1,0.9,1.0,0.09999999999999998,29.794013624908416,0.5141931133657398,29.794013624908416,5.073369848915912,4.040222891874374,0.8189976454540424,0.0009996891021728516,D4,3,47,15
AdaptiveSplitCP,0.2,0.8,0.9404761904761905,0.14047619047619042,18.665230432369935,0.32212957503938017,19.862676274360737,5.073369848915912,4.040222891874374,0.8189976454540424,0.0,D4,3,47,15
AdaptiveSplitCP,0.3,0.7,0.8571428571428571,0.15714285714285714,15.698569021443317,0.27093013321892473,17.437805005025865,5.073369848915912,4.040222891874374,0.8189976454540424,0.0,D4,3,47,15
SplitCP,0.05,0.95,0.09202453987730061,0.8579754601226993,5.665297364980532,0.09777322810266441,376.01708046055813,13.66824018426271,11.97545347571588,-0.16160908227582094,0.0,D4,3,47,20
SplitCP,0.1,0.9,0.06748466257668712,0.832515337423313,3.847585809367274,0.06640267240149253,205.76119527121486,13.66824018426271,11.97545347571588,-0.16160908227582094,0.0,D4,3,47,20
SplitCP,0.2,0.8,0.012269938650306749,0.7877300613496933,1.7969628032828242,0.031012468143934505,112.63809243813297,13.66824018426271,11.97545347571588,-0.16160908227582094,0.0,D4,3,47,20
SplitCP,0.3,0.7,0.012269938650306749,0.6877300613496932,1.2777037801856608,0.02205095603982625,76.88141602588624,13.66824018426271,11.97545347571588,-0.16160908227582094,0.0,D4,3,47,20
TargetOnlyCP,0.1,0.9,0.9570552147239264,0.057055214723926384,38.243805672405855,0.6600219008159616,43.13531683380124,8.872808072845322,6.839206203472217,0.5104951825875734,0.0,D4,3,47,20
TargetOnlyCP,0.2,0.8,0.9447852760736196,0.14478527607361957,35.123244388712926,0.6061664135321266,38.38449773086253,8.872808072845322,6.839206203472217,0.5104951825875734,0.00099945068359375,D4,3,47,20
TargetOnlyCP,0.3,0.7,0.6809815950920245,0.01901840490797546,16.284574887444524,0.2810435803188427,27.280524801050895,8.872808072845322,6.839206203472217,0.5104951825875734,0.0,D4,3,47,20
TransferCal-CP-affine-localsigma,0.1,0.9,0.950920245398773,0.050920245398772934,40.173247075179916,0.6933207203184045,46.436332558051824,10.048523148999202,8.000483497977472,0.3721740390369038,0.0010004043579101562,D4,3,47,20
TransferCal-CP-affine-localsigma,0.2,0.8,0.9141104294478528,0.11411042944785277,30.164481967607347,0.5205867558247255,36.56226010314097,10.048523148999202,8.000483497977472,0.3721740390369038,0.0010001659393310547,D4,3,47,20
TransferCal-CP-affine-localsigma,0.3,0.7,0.8343558282208589,0.1343558282208589,25.523673467116236,0.4404944325330846,31.69025255208757,10.048523148999202,8.000483497977472,0.3721740390369038,0.0,D4,3,47,20
AdaptiveJackknifeCP,0.05,0.95,0.950920245398773,0.0009202453987730008,18.1988203159431,0.3140801436035869,21.839489318383993,3.944458863802069,2.9034112873297384,0.9032592037080829,0.0,D4,3,47,20
AdaptiveJackknifeCP,0.1,0.9,0.9325153374233128,0.03251533742331281,16.027442519336518,0.276605920640993,19.223801461106035,3.944458863802069,2.9034112873297384,0.9032592037080829,0.0,D4,3,47,20
AdaptiveJackknifeCP,0.2,0.8,0.7668711656441718,0.03312883435582825,7.829890135332762,0.13513035325433845,14.817254816172623,3.944458863802069,2.9034112873297384,0.9032592037080829,0.0,D4,3,47,20
AdaptiveJackknifeCP,0.3,0.7,0.6196319018404908,0.08036809815950918,5.360062756073153,0.09250540699480782,12.54841228695915,3.944458863802069,2.9034112873297384,0.9032592037080829,0.0,D4,3,47,20
AdaptiveSplitCP,0.1,0.9,0.9141104294478528,0.01411042944785279,17.234923829151825,0.29744495836989454,23.471688114201516,4.621309718426224,3.193166171639637,0.8672101296525553,0.0009999275207519531,D4,3,47,20
AdaptiveSplitCP,0.2,0.8,0.8282208588957055,0.02822085889570547,11.428567891879723,0.19723730342676946,17.836387418922538,4.621309718426224,3.193166171639637,0.8672101296525553,0.0009992122650146484,D4,3,47,20
AdaptiveSplitCP,0.3,0.7,0.8098159509202454,0.10981595092024543,9.83493109634422,0.16973389029865252,15.088418720552768,4.621309718426224,3.193166171639637,0.8672101296525553,0.0010004043579101562,D4,3,47,20
SplitCP,0.05,0.95,0.09803921568627451,0.8519607843137255,5.665297364980532,0.09777322810266441,377.71669143629805,13.79478781738708,12.007220211242961,-0.14525758070568018,0.0009999275207519531,D4,3,47,30
SplitCP,0.1,0.9,0.06535947712418301,0.834640522875817,3.847585809367274,0.06640267240149253,206.56495494110743,13.79478781738708,12.007220211242961,-0.14525758070568018,0.0,D4,3,47,30
SplitCP,0.2,0.8,0.0196078431372549,0.7803921568627451,1.796962803282824,0.0310124681439345,112.97660097078887,13.79478781738708,12.007220211242961,-0.14525758070568018,0.0009996891021728516,D4,3,47,30
SplitCP,0.3,0.7,0.013071895424836602,0.6869281045751634,1.2777037801856608,0.02205095603982625,77.1015252437369,13.79478781738708,12.007220211242961,-0.14525758070568018,0.0010001659393310547,D4,3,47,30
TargetOnlyCP,0.1,0.9,0.9411764705882353,0.04117647058823526,32.09708943548054,0.5539402161315575,35.748073752697074,8.91035837220432,7.331560041335541,0.5221809409896333,0.0009999275207519531,D4,3,47,30
TargetOnlyCP,0.2,0.8,0.7712418300653595,0.02875816993464053,21.892170475305875,0.3778209756076682,30.2226879363481,8.91035837220432,7.331560041335541,0.5221809409896333,0.0,D4,3,47,30
TargetOnlyCP,0.3,0.7,0.6993464052287581,0.0006535947712418277,18.981486694983655,0.32758761081603066,27.149014942117493,8.91035837220432,7.331560041335541,0.5221809409896333,0.0,D4,3,47,30
TransferCal-CP-affine-localsigma,0.1,0.9,0.934640522875817,0.03464052287581698,33.950470411461815,0.585926364298447,41.91176809160956,9.249504530798983,7.00851753128621,0.4851152079637895,0.0,D4,3,47,30
TransferCal-CP-affine-localsigma,0.2,0.8,0.869281045751634,0.06928104575163396,26.361351157908388,0.4549512997832675,33.97255746505258,9.249504530798983,7.00851753128621,0.4851152079637895,0.0,D4,3,47,30
TransferCal-CP-affine-localsigma,0.3,0.7,0.7516339869281046,0.051633986928104614,19.528430579209484,0.33702691571153864,28.646595935798597,9.249504530798983,7.00851753128621,0.4851152079637895,0.0,D4,3,47,30
AdaptiveJackknifeCP,0.05,0.95,1.0,0.050000000000000044,19.1025477876875,0.32967691576663344,19.1025477876875,3.144610696360944,2.516536615276846,0.9404876773631177,0.0,D4,3,47,30
AdaptiveJackknifeCP,0.1,0.9,0.9738562091503268,0.07385620915032676,14.357179220718809,0.24778006668022404,15.076243968056623,3.144610696360944,2.516536615276846,0.9404876773631177,0.0,D4,3,47,30
AdaptiveJackknifeCP,0.2,0.8,0.8758169934640523,0.07581699346405224,10.042307229013431,0.17331284346143763,11.596459149125346,3.144610696360944,2.516536615276846,0.9404876773631177,0.0009999275207519531,D4,3,47,30
AdaptiveJackknifeCP,0.3,0.7,0.7908496732026143,0.09084967320261439,7.451461775500177,0.12859933467530651,9.854427297795455,3.144610696360944,2.516536615276846,0.9404876773631177,0.0009999275207519531,D4,3,47,30
AdaptiveSplitCP,0.1,0.9,0.9869281045751634,0.08692810457516342,20.589880717363116,0.3553457081404788,21.24054487929875,3.8055908294139957,3.001676376161434,0.9128399824095088,0.0,D4,3,47,30
AdaptiveSplitCP,0.2,0.8,0.9673202614379085,0.16732026143790846,17.31516813411344,0.29882983620198317,17.969826470488577,3.8055908294139957,3.001676376161434,0.9128399824095088,0.0,D4,3,47,30
AdaptiveSplitCP,0.3,0.7,0.9281045751633987,0.22810457516339877,12.923828850874798,0.22304291986634653,14.116430921823326,3.8055908294139957,3.001676376161434,0.9128399824095088,0.0,D4,3,47,30
SplitCP,0.05,0.95,0.09022556390977443,0.8597744360902255,5.665297364980531,0.09973316009750313,379.4736877505656,13.796672316505486,12.042088961137011,-0.24128408457739958,0.0,D4,3,47,50
SplitCP,0.1,0.9,0.07518796992481203,0.824812030075188,3.847585809367274,0.06773375990579203,207.42123331228845,13.796672316505486,12.042088961137011,-0.24128408457739958,0.0,D4,3,47,50
SplitCP,0.2,0.8,0.022556390977443608,0.7774436090225565,1.796962803282824,0.03163413452167127,113.32775889388515,13.796672316505486,12.042088961137011,-0.24128408457739958,0.0,D4,3,47,50
SplitCP,0.3,0.7,0.015037593984962405,0.6849624060150376,1.2777037801856608,0.02249298270804526,77.33160034157403,13.796672316505486,12.042088961137011,-0.24128408457739958,0.0,D4,3,47,50
TargetOnlyCP,0.05,0.95,0.9548872180451128,0.004887218045112829,29.190335108713146,0.5138731786071143,37.37771684215273,6.819066958935973,5.085102177421169,0.6967698380415448,0.0,D4,3,47,50
TargetOnlyCP,0.1,0.9,0.9323308270676691,0.0323308270676691,24.93751811716457,0.43900563846609414,31.394058173817797,6.819066958935973,5.085102177421169,0.6967698380415448,0.0,D4,3,47,50
TargetOnlyCP,0.2,0.8,0.8195488721804511,0.019548872180451093,18.327304283809728,0.3226379578222073,25.373516742458747,6.819066958935973,5.085102177421169,0.6967698380415448,0.0,D4,3,47,50
TargetOnlyCP,0.3,0.7,0.7142857142857143,0.014285714285714346,12.905749265366895,0.2271956924304349,21.407145239237273,6.819066958935973,5.085102177421169,0.6967698380415448,0.0,D4,3,47,50
TransferCal-CP-affine-localsigma,0.05,0.95,0.9548872180451128,0.004887218045112829,35.1441824781992,0.6186860374285313,43.71600384752846,9.055147302033614,7.240260387377774,0.46529588435792435,0.001001119613647461,D4,3,47,50
TransferCal-CP-affine-localsigma,0.1,0.9,0.9172932330827067,0.017293233082706694,29.217580768552867,0.5143528172879634,36.905517658974496,9.055147302033614,7.240260387377774,0.46529588435792435,0.0009996891021728516,D4,3,47,50
TransferCal-CP-affine-localsigma,0.2,0.8,0.8571428571428571,0.05714285714285705,26.61239306653798,0.4684905111405102,31.857639043192894,9.055147302033614,7.240260387377774,0.46529588435792435,0.0009999275207519531,D4,3,47,50
TransferCal-CP-affine-localsigma,0.3,0.7,0.8345864661654135,0.1345864661654136,25.22942730481766,0.44414447300037596,29.439623352726098,9.055147302033614,7.240260387377774,0.46529588435792435,0.0,D4,3,47,50
AdaptiveJackknifeCP,0.05,0.95,0.9473684210526315,0.0026315789473684292,13.552814450474141,0.23858677246424406,16.5440869308133,3.3100887201843796,2.534748740726541,0.9285500784013765,0.0,D4,3,47,50
AdaptiveJackknifeCP,0.1,0.9,0.8796992481203008,0.020300751879699264,10.430400512040492,0.18361910013385288,14.311824410186919,3.3100887201843796,2.534748740726541,0.9285500784013765,0.0,D4,3,47,50
AdaptiveJackknifeCP,0.2,0.8,0.8120300751879699,0.012030075187969835,8.706792469254333,0.15327631919897663,11.942302346654209,3.3100887201843796,2.534748740726541,0.9285500784013765,0.0010004043579101562,D4,3,47,50
AdaptiveJackknifeCP,0.3,0.7,0.6917293233082706,0.008270676691729317,6.596099898681202,0.11611921578569376,10.496041746038625,3.3100887201843796,2.534748740726541,0.9285500784013765,0.0,D4,3,47,50
AdaptiveSplitCP,0.05,0.95,0.9172932330827067,0.03270676691729324,12.468023750923935,0.2194898747128063,17.889892965593692,3.446111530812582,2.627901564989247,0.9225571823367266,0.0,D4,3,47,50
AdaptiveSplitCP,0.1,0.9,0.9172932330827067,0.017293233082706694,12.292384165433477,0.2163978762225842,15.14858459535445,3.446111530812582,2.627901564989247,0.9225571823367266,0.0,D4,3,47,50
AdaptiveSplitCP,0.2,0.8,0.7744360902255639,0.025563909774436122,7.8434678583999755,0.13807815993505454,12.734271160754554,3.446111530812582,2.627901564989247,0.9225571823367266,0.0,D4,3,47,50
AdaptiveSplitCP,0.3,0.7,0.7669172932330827,0.06691729323308271,7.383917673006366,0.12998813583570074,10.991823494565757,3.446111530812582,2.627901564989247,0.9225571823367266,0.0,D4,3,47,50
SplitCP,0.1,0.9,0.09903121636167922,0.8009687836383208,3.194812872611891,0.04185527148163682,171.76212318535613,12.017430603055683,9.954688995981233,0.47805545645162373,0.0010039806365966797,D1,0,48,10
SplitCP,0.2,0.8,0.0581270182992465,0.7418729817007536,2.0293852462665285,0.02658699392114056,91.68637988111821,12.017430603055683,9.954688995981233,0.47805545645162373,0.0009999275207519531,D1,0,48,10
SplitCP,0.3,0.7,0.04413347685683531,0.6558665231431646,1.6478939044059189,0.02158907250347214,62.626267992510755,12.017430603055683,9.954688995981233,0.47805545645162373,0.001999378204345703,D1,0,48,10
TargetOnlyCP,0.1,0.9,0.8977395048439182,0.002260495156081843,60.54,0.7931350712965892,66.41987082884822,18.127613320380007,15.109063509149625,-0.18763331952803175,0.0,D1,0,48,10
TargetOnlyCP,0.2,0.8,0.7018299246501615,0.09817007534983857,41.38,0.5421197431492049,63.069020452099025,18.127613320380007,15.109063509149625,-0.18763331952803175,0.0009999275207519531,D1,0,48,10
TargetOnlyCP,0.3,0.7,0.5446716899892358,0.1553283100107642,29.81999999999999,0.3906720816991127,58.97127377108002,18.127613320380007,15.109063509149625,-0.18763331952803175,0.0,D1,0,48,10
TransferCal-CP-affine-localsigma,0.1,0.9,0.8342303552206674,0.06576964477933267,37.82048375868057,0.4954864896335085,58.73661118335484,13.244955022061497,10.334410329696995,0.3659812644427438,0.0010008811950683594,D1,0,48,10
TransferCal-CP-affine-localsigma,0.2,0.8,0.6716899892357373,0.12831001076426274,23.64344839583361,0.3097530249277621,50.46341990045146,13.244955022061497,10.334410329696995,0.3659812644427438,0.0010004043579101562,D1,0,48,10
TransferCal-CP-affine-localsigma,0.3,0.7,0.5995694294940797,0.1004305705059203,21.06333130037627,0.27595088821717234,42.097667367345366,13.244955022061497,10.334410329696995,0.3659812644427438,0.0010001659393310547,D1,0,48,10
AdaptiveJackknifeCP,0.1,0.9,0.7093649085037675,0.19063509149623248,45.10662724304008,0.5909423193650027,146.70343743058467,25.493677324802054,19.188399075731695,-1.3489084229415025,0.0010020732879638672,D1,0,48,10
AdaptiveJackknifeCP,0.2,0.8,0.44671689989235736,0.3532831001076427,27.199133338985412,0.356336084572541,115.20870123391106,25.493677324802054,19.188399075731695,-1.3489084229415025,0.0009987354278564453,D1,0,48,10
AdaptiveJackknifeCP,0.3,0.7,0.40796555435952636,0.2920344456404736,24.323009490801386,0.3186559607967356,88.50322578056321,25.493677324802054,19.188399075731695,-1.3489084229415025,0.0009999275207519531,D1,0,48,10
AdaptiveSplitCP,0.1,0.9,0.8977395048439182,0.002260495156081843,60.54,0.7931350712965892,66.41987082884822,18.127613320380007,15.109063509149625,-0.18763331952803175,0.0010001659393310547,D1,0,48,10
AdaptiveSplitCP,0.2,0.8,0.7018299246501615,0.09817007534983857,41.38,0.5421197431492049,63.069020452099025,18.127613320380007,15.109063509149625,-0.18763331952803175,0.0,D1,0,48,10
AdaptiveSplitCP,0.3,0.7,0.5446716899892358,0.1553283100107642,29.81999999999999,0.3906720816991127,58.97127377108002,18.127613320380007,15.109063509149625,-0.18763331952803175,0.0009999275207519531,D1,0,48,10
SplitCP,0.1,0.9,0.09632034632034632,0.8036796536796537,3.194812872611891,0.04185527148163682,171.87673027128744,12.011839226969334,9.960394644473812,0.4745613036169004,0.0010004043579101562,D1,0,48,15
SplitCP,0.2,0.8,0.05844155844155844,0.7415584415584416,2.0293852462665285,0.02658699392114056,91.74933522307262,12.011839226969334,9.960394644473812,0.4745613036169004,0.0010023117065429688,D1,0,48,15
SplitCP,0.3,0.7,0.045454545454545456,0.6545454545454545,1.6478939044059189,0.02158907250347214,62.66748169939211,12.011839226969334,9.960394644473812,0.4745613036169004,0.0009999275207519531,D1,0,48,15
TargetOnlyCP,0.1,0.9,0.9664502164502164,0.06645021645021643,68.77142769840404,0.9009750778120568,72.27581214397576,16.83091660183424,13.65076866694436,-0.031617185241005874,0.0,D1,0,48,15
TargetOnlyCP,0.2,0.8,0.9188311688311688,0.11883116883116873,56.94598103458044,0.7460497972896626,61.70573061669552,16.83091660183424,13.65076866694436,-0.031617185241005874,0.0,D1,0,48,15
TargetOnlyCP,0.3,0.7,0.841991341991342,0.141991341991342,48.61334928506882,0.636883915612472,54.9227409146214,16.83091660183424,13.65076866694436,-0.031617185241005874,0.0,D1,0,48,15
TransferCal-CP-affine-localsigma,0.1,0.9,0.9761904761904762,0.07619047619047614,67.65129693190897,0.8863002348099827,70.11335975218068,14.951306037537213,11.932925588598842,0.1859308548663594,0.0010004043579101562,D1,0,48,15
TransferCal-CP-affine-localsigma,0.2,0.8,0.9307359307359307,0.1307359307359307,51.33568054470815,0.6725492013360758,56.45713530281381,14.951306037537213,11.932925588598842,0.1859308548663594,0.0,D1,0,48,15
TransferCal-CP-affine-localsigma,0.3,0.7,0.8603896103896104,0.16038961038961042,42.56757522224938,0.5576781765580061,48.842865846321274,14.951306037537213,11.932925588598842,0.1859308548663594,0.0010006427764892578,D1,0,48,15
AdaptiveJackknifeCP,0.1,0.9,0.9794372294372294,0.07943722943722942,72.12675883898396,0.9449333005310446,74.27098263088772,14.892196866491423,11.562579171784504,0.19235488690723934,0.0019998550415039062,D1,0,48,15
AdaptiveJackknifeCP,0.2,0.8,0.841991341991342,0.04199134199134191,42.65703360474937,0.5588501716122216,53.535749373859225,14.892196866491423,11.562579171784504,0.19235488690723934,0.0010001659393310547,D1,0,48,15
AdaptiveJackknifeCP,0.3,0.7,0.7305194805194806,0.030519480519480613,32.824314604773406,0.43003163370199254,47.05306989420607,14.892196866491423,11.562579171784504,0.19235488690723934,0.0009975433349609375,D1,0,48,15
AdaptiveSplitCP,0.1,0.9,0.8906926406926406,0.009307359307359375,976.0200583743069,12.786847350274316,1070.7278366526316,322.9731827054175,280.50218783701837,-378.87084132855693,0.0009996891021728516,D1,0,48,15
AdaptiveSplitCP,0.2,0.8,0.8214285714285714,0.021428571428571352,886.3504591847249,11.612085144354829,998.1686733648693,322.9731827054175,280.50218783701837,-378.87084132855693,0.0,D1,0,48,15
AdaptiveSplitCP,0.3,0.7,0.7943722943722944,0.09437229437229444,846.6814314618786,11.092380864024038,946.2280817293023,322.9731827054175,280.50218783701837,-378.87084132855693,0.0010001659393310547,D1,0,48,15
SplitCP,0.05,0.95,0.12731229597388466,0.8226877040261154,4.220811044492472,0.05529688253556274,322.8446836593301,12.02065070641925,9.946940756674419,0.47526664934374385,0.001001119613647461,D1,0,48,20
SplitCP,0.1,0.9,0.10010881392818281,0.7998911860718172,3.194812872611891,0.04185527148163682,171.62222368865156,12.02065070641925,9.946940756674419,0.47526664934374385,0.0010001659393310547,D1,0,48,20
SplitCP,0.2,0.8,0.058759521218716,0.7412404787812841,2.0293852462665285,0.02658699392114056,91.61149217135953,12.02065070641925,9.946940756674419,0.47526664934374385,0.00099945068359375,D1,0,48,20
SplitCP,0.3,0.7,0.04461371055495103,0.655386289445049,1.6478939044059189,0.02158907250347214,62.5756399857003,12.02065070641925,9.946940756674419,0.47526664934374385,0.0019989013671875,D1,0,48,20
TargetOnlyCP,0.1,0.9,0.8182807399347116,0.0817192600652884,37.99342026976556,0.4977521323829168,63.41544492055903,14.39182419476836,11.266745671304442,0.24783277993939157,0.0,D1,0,48,20
TargetOnlyCP,0.2,0.8,0.7421109902067464,0.05788900979325362,32.500556640017074,0.42579007776443306,51.32296571897424,14.39182419476836,11.266745671304442,0.24783277993939157,0.0,D1,0,48,20
TargetOnlyCP,0.3,0.7,0.6974972796517954,0.0025027203482045346,29.8534052070461,0.3911097236097866,44.861138468330516,14.39182419476836,11.266745671304442,0.24783277993939157,0.0,D1,0,48,20
TransferCal-CP-affine-localsigma,0.1,0.9,0.8824809575625681,0.017519042437431964,37.86098643589941,0.4960171155632025,50.547971970609154,11.97847955434945,9.43204758200974,0.47894195684422336,0.002000093460083008,D1,0,48,20
TransferCal-CP-affine-localsigma,0.2,0.8,0.766050054406964,0.03394994559303599,28.0732810355817,0.3677883012171338,42.534047130150974,11.97847955434945,9.43204758200974,0.47894195684422336,0.0010004043579101562,D1,0,48,20
TransferCal-CP-affine-localsigma,0.3,0.7,0.6474428726877041,0.05255712731229589,21.67742726199243,0.28399616479958695,37.49490965374102,11.97847955434945,9.43204758200974,0.47894195684422336,0.0009999275207519531,D1,0,48,20
AdaptiveJackknifeCP,0.05,0.95,0.8998911860718172,0.05010881392818278,43.65134277249358,0.5718766247448555,64.46175603454658,13.084832751538881,10.404596231833562,0.3782453182790567,0.0009999275207519531,D1,0,48,20
AdaptiveJackknifeCP,0.1,0.9,0.8966267682263329,0.003373231773667107,43.09484703911381,0.564585969258063,54.06665934779451,13.084832751538881,10.404596231833562,0.3782453182790567,0.0010027885437011719,D1,0,48,20
AdaptiveJackknifeCP,0.2,0.8,0.7616974972796517,0.0383025027203483,31.824514096717678,0.4169332384717457,46.34596646710014,13.084832751538881,10.404596231833562,0.3782453182790567,0.0009996891021728516,D1,0,48,20
AdaptiveJackknifeCP,0.3,0.7,0.6996735582154516,0.00032644178454832584,28.03232821525782,0.3672517779586703,41.09274250683581,13.084832751538881,10.404596231833562,0.3782453182790567,0.0010004043579101562,D1,0,48,20
AdaptiveSplitCP,0.1,0.9,0.7921653971708379,0.10783460282916213,33.19840096467317,0.43493254238600615,59.67436768509896,13.100108032029894,10.37862151810457,0.3767927936599478,0.0009999275207519531,D1,0,48,20
AdaptiveSplitCP,0.2,0.8,0.7170837867247007,0.0829162132752993,28.004246907599608,0.36688388450059967,47.55654675508078,13.100108032029894,10.37862151810457,0.3767927936599478,0.0010001659393310547,D1,0,48,20
AdaptiveSplitCP,0.3,0.7,0.602829162132753,0.097170837867247,21.93991505926987,0.287435019735301,41.80486126952424,13.100108032029894,10.37862151810457,0.3767927936599478,0.0019996166229248047,D1,0,48,20
SplitCP,0.05,0.95,0.12871287128712872,0.8212871287128712,4.220811044492472,0.05529688253556274,322.60135364902715,12.003484345033796,9.940148184633523,0.47897322637056583,0.0010004043579101562,D1,0,48,30
SplitCP,0.1,0.9,0.1001100110011001,0.7998899889989,3.194812872611891,0.04185527148163682,171.49002473864886,12.003484345033796,9.940148184633523,0.47897322637056583,0.0010006427764892578,D1,0,48,30
SplitCP,0.2,0.8,0.0594059405940594,0.7405940594059406,2.0293852462665285,0.02658699392114056,91.5415879546792,12.003484345033796,9.940148184633523,0.47897322637056583,0.0010004043579101562,D1,0,48,30
SplitCP,0.3,0.7,0.045104510451045104,0.6548954895489548,1.6478939044059189,0.02158907250347214,62.528318842988924,12.003484345033796,9.940148184633523,0.47897322637056583,0.0010025501251220703,D1,0,48,30
TargetOnlyCP,0.1,0.9,0.8041804180418042,0.09581958195819584,41.48501999135341,0.543495610977577,65.46978732989501,15.516347626644084,12.730458710571067,0.12938853565957387,0.0,D1,0,48,30
TargetOnlyCP,0.2,0.8,0.7447744774477447,0.055225522552255324,36.529414827979856,0.47857218424202985,54.02732585880667,15.516347626644084,12.730458710571067,0.12938853565957387,0.0009999275207519531,D1,0,48,30
TargetOnlyCP,0.3,0.7,0.724972497249725,0.024972497249725056,34.406387559953714,0.450758385372018,47.93309632855349,15.516347626644084,12.730458710571067,0.12938853565957387,0.0,D1,0,48,30
TransferCal-CP-affine-localsigma,0.1,0.9,0.9647964796479648,0.06479647964796476,54.623685109890694,0.7156253779999272,57.57100753747706,13.739738359896895,11.461703804166259,0.31734338129553574,0.0020003318786621094,D1,0,48,30
TransferCal-CP-affine-localsigma,0.2,0.8,0.9163916391639164,0.11639163916391637,45.11785924990063,0.5910894699854545,49.21573629484761,13.739738359896895,11.461703804166259,0.31734338129553574,0.0009996891021728516,D1,0,48,30
TransferCal-CP-affine-localsigma,0.3,0.7,0.8294829482948295,0.12948294829482954,37.35377506618216,0.4893721349572703,43.35212636604159,13.739738359896895,11.461703804166259,0.31734338129553574,0.0010001659393310547,D1,0,48,30
AdaptiveJackknifeCP,0.05,0.95,0.9867986798679867,0.036798679867986794,64.03006655295958,0.8388584638355955,66.8351758981323,12.40960988445566,10.007118170391239,0.44311997809927584,0.0009999275207519531,D1,0,48,30
AdaptiveJackknifeCP,0.1,0.9,0.9317931793179318,0.0317931793179318,42.02698602620037,0.5505959127563791,51.14823908123012,12.40960988445566,10.007118170391239,0.44311997809927584,0.0,D1,0,48,30
AdaptiveJackknifeCP,0.2,0.8,0.8492849284928493,0.04928492849284927,34.52545583502256,0.4523182998886333,43.13168952022927,12.40960988445566,10.007118170391239,0.44311997809927584,0.0019996166229248047,D1,0,48,30
AdaptiveJackknifeCP,0.3,0.7,0.7392739273927392,0.03927392739273927,27.80706965379187,0.3643006635680449,37.965399280572164,12.40960988445566,10.007118170391239,0.44311997809927584,0.0009999275207519531,D1,0,48,30
AdaptiveSplitCP,0.1,0.9,0.9328932893289329,0.03289328932893287,52.822232795668135,0.692024535421825,61.55476406449458,14.22883836870278,11.276807349554293,0.26787662684117697,0.0010006427764892578,D1,0,48,30
AdaptiveSplitCP,0.2,0.8,0.7183718371837183,0.08162816281628171,29.948529846466208,0.39235595234563936,51.18730344774485,14.22883836870278,11.276807349554293,0.26787662684117697,0.0009984970092773438,D1,0,48,30
AdaptiveSplitCP,0.3,0.7,0.6633663366336634,0.036633663366336555,26.352668048660945,0.345246535375455,44.23005528101618,14.22883836870278,11.276807349554293,0.26787662684117697,0.0009996891021728516,D1,0,48,30
SplitCP,0.05,0.95,0.12935883014623173,0.8206411698537682,4.220811044492471,0.05591959517664647,324.175199562594,12.065984037140717,9.97702055179845,0.47271888173912513,0.0009992122650146484,D1,0,48,50
SplitCP,0.1,0.9,0.10123734533183353,0.7987626546681665,3.194812872611891,0.042326614628890105,172.26716547383066,12.065984037140717,9.97702055179845,0.47271888173912513,0.0010001659393310547,D1,0,48,50
SplitCP,0.2,0.8,0.06074240719910011,0.7392575928009,2.0293852462665285,0.026886397005798417,91.92114716450673,12.065984037140717,9.97702055179845,0.47271888173912513,0.0009999275207519531,D1,0,48,50
SplitCP,0.3,0.7,0.04611923509561305,0.653880764904387,1.6478939044059189,0.021832192689289837,62.779873171702725,12.065984037140717,9.97702055179845,0.47271888173912513,0.0009996891021728516,D1,0,48,50
TargetOnlyCP,0.05,0.95,0.937007874015748,0.012992125984251923,51.467726040454664,0.6818723639856378,65.02589343692978,13.859925751321754,11.084817111528618,0.304273518432871,0.00099945068359375,D1,0,48,50
TargetOnlyCP,0.1,0.9,0.8312710911136107,0.06872890888638927,37.991504745087184,0.5033320712778732,59.00921016773717,13.859925751321754,11.084817111528618,0.304273518432871,0.0,D1,0,48,50
TargetOnlyCP,0.2,0.8,0.7311586051743532,0.06884139482564688,31.189368198603347,0.4132136750724856,48.99651219864945,13.859925751321754,11.084817111528618,0.304273518432871,0.0,D1,0,48,50
TargetOnlyCP,0.3,0.7,0.6816647919010124,0.018335208098987588,28.328420718014083,0.37531029033202146,43.0046778381818,13.859925751321754,11.084817111528618,0.304273518432871,0.0,D1,0,48,50
TransferCal-CP-affine-localsigma,0.05,0.95,0.9347581552305961,0.015241844769403823,40.62097712460651,0.5381687482674196,55.1957690805445,11.920869590858949,9.725701126864632,0.4853255597576899,0.0020012855529785156,D1,0,48,50
TransferCal-CP-affine-localsigma,0.1,0.9,0.9201349831271091,0.02013498312710904,38.25068664810098,0.5067658537762761,47.22630898923909,11.920869590858949,9.725701126864632,0.4853255597576899,0.0009999275207519531,D1,0,48,50
TransferCal-CP-affine-localsigma,0.2,0.8,0.7266591676040495,0.07334083239595057,26.980980308357868,0.35745866858483416,41.110616554123844,11.920869590858949,9.725701126864632,0.4853255597576899,0.0009999275207519531,D1,0,48,50
TransferCal-CP-affine-localsigma,0.3,0.7,0.7142857142857143,0.014285714285714346,26.598756996743703,0.3523947667358208,36.37394528469385,11.920869590858949,9.725701126864632,0.4853255597576899,0.0009999275207519531,D1,0,48,50
AdaptiveJackknifeCP,0.05,0.95,0.9752530933633295,0.025253093363329593,48.683414420574195,0.6449842927149491,53.21006138898186,11.635774047022517,9.453051073158411,0.5096487517585616,0.0010001659393310547,D1,0,48,50
AdaptiveJackknifeCP,0.1,0.9,0.9032620922384702,0.0032620922384701823,37.93327912729929,0.5025606666967897,46.32342199284775,11.635774047022517,9.453051073158411,0.5096487517585616,0.0009999275207519531,D1,0,48,50
AdaptiveJackknifeCP,0.2,0.8,0.7907761529808774,0.0092238470191226,29.809126458745652,0.3949274835028667,40.2410549518894,11.635774047022517,9.453051073158411,0.5096487517585616,0.0010001659393310547,D1,0,48,50
AdaptiveJackknifeCP,0.3,0.7,0.7176602924634421,0.01766029246344214,25.920414586913598,0.3434077183820816,36.02773577915044,11.635774047022517,9.453051073158411,0.5096487517585616,0.0019996166229248047,D1,0,48,50
AdaptiveSplitCP,0.05,0.95,0.9325084364454443,0.01749156355455561,43.650713185889906,0.5783083357194863,56.09497796580207,12.183202739147497,9.825443684386094,0.4624242500500486,0.0010004043579101562,D1,0,48,50
AdaptiveSplitCP,0.1,0.9,0.9190101237345332,0.019010123734533146,41.455273169146956,0.5492219550033749,49.3236557151026,12.183202739147497,9.825443684386094,0.4624242500500486,0.0010001659393310547,D1,0,48,50
AdaptiveSplitCP,0.2,0.8,0.7120359955005624,0.08796400449943764,26.65085575736609,0.3530849993883842,43.35254109764837,12.183202739147497,9.825443684386094,0.4624242500500486,0.0010004043579101562,D1,0,48,50
AdaptiveSplitCP,0.3,0.7,0.6366704161979753,0.06332958380202469,22.680240927206285,0.3004801394303323,38.113339851319424,12.183202739147497,9.825443684386094,0.4624242500500486,0.0009999275207519531,D1,0,48,50
SplitCP,0.1,0.9,0.0,0.9,3.159606801421319,0.07642977263321289,337.41353711133644,19.279455037690155,18.29249991620642,-5.178486405551239,0.0,D2,1,48,10
SplitCP,0.2,0.8,0.0,0.8,2.1291241830192926,0.05150276203445246,174.408502429987,19.279455037690155,18.29249991620642,-5.178486405551239,0.0,D2,1,48,10
SplitCP,0.3,0.7,0.0,0.7,1.528269660627394,0.03696830334440519,118.3840368999122,19.279455037690155,18.29249991620642,-5.178486405551239,0.0,D2,1,48,10
TargetOnlyCP,0.1,0.9,0.9032258064516129,0.003225806451612856,27.56,0.6666666665054023,34.26752688172042,7.7651400502502215,6.100430107526884,-0.002284868472310686,0.0009989738464355469,D2,1,48,10
TargetOnlyCP,0.2,0.8,0.8817204301075269,0.08172043010752683,25.160000000000007,0.6086115141246707,29.775053763440866,7.7651400502502215,6.100430107526884,-0.002284868472310686,0.0,D2,1,48,10
TargetOnlyCP,0.3,0.7,0.7634408602150538,0.0634408602150538,17.139999999999993,0.4146105465857254,24.3342652329749,7.7651400502502215,6.100430107526884,-0.002284868472310686,0.0,D2,1,48,10
TransferCal-CP-affine-localsigma,0.1,0.9,0.978494623655914,0.07849462365591398,111.2208392633133,2.6903928213935497,112.69991413618123,30.08499934162173,27.329424158904335,-14.045014150814609,0.0,D2,1,48,10
TransferCal-CP-affine-localsigma,0.2,0.8,0.946236559139785,0.14623655913978495,93.672693521112,2.265909373450723,96.9895692153051,30.08499934162173,27.329424158904335,-14.045014150814609,0.0010008811950683594,D2,1,48,10
TransferCal-CP-affine-localsigma,0.3,0.7,0.7956989247311828,0.0956989247311828,75.43569511413432,1.8247628228322854,84.31641413799927,30.08499934162173,27.329424158904335,-14.045014150814609,0.0,D2,1,48,10
AdaptiveJackknifeCP,0.1,0.9,0.8387096774193549,0.06129032258064515,15.280817161466638,0.36963757033793565,23.210887617349066,5.066447934979386,3.853091133723974,0.5733224861100914,0.0,D2,1,48,10
AdaptiveJackknifeCP,0.2,0.8,0.7634408602150538,0.03655913978494629,10.50523910143669,0.2541180236791366,19.00544246735304,5.066447934979386,3.853091133723974,0.5733224861100914,0.0009999275207519531,D2,1,48,10
AdaptiveJackknifeCP,0.3,0.7,0.7096774193548387,0.00967741935483879,9.370548328260712,0.22667025462007762,16.026110587536163,5.066447934979386,3.853091133723974,0.5733224861100914,0.0009999275207519531,D2,1,48,10
AdaptiveSplitCP,0.1,0.9,0.9032258064516129,0.003225806451612856,27.56,0.6666666665054023,34.26752688172042,7.7651400502502215,6.100430107526884,-0.002284868472310686,0.0,D2,1,48,10
AdaptiveSplitCP,0.2,0.8,0.8817204301075269,0.08172043010752683,25.160000000000007,0.6086115141246707,29.775053763440866,7.7651400502502215,6.100430107526884,-0.002284868472310686,0.0,D2,1,48,10
AdaptiveSplitCP,0.3,0.7,0.7634408602150538,0.0634408602150538,17.139999999999993,0.4146105465857254,24.3342652329749,7.7651400502502215,6.100430107526884,-0.002284868472310686,0.0010001659393310547,D2,1,48,10
SplitCP,0.1,0.9,0.0,0.9,3.159606801421319,0.07642977263321289,332.71088783908533,19.088176708340928,18.057367452593862,-5.514833370533177,0.0010008811950683594,D2,1,48,15
SplitCP,0.2,0.8,0.0,0.8,2.129124183019293,0.051502762034452476,172.05717779386143,19.088176708340928,18.057367452593862,-5.514833370533177,0.0,D2,1,48,15
SplitCP,0.3,0.7,0.0,0.7,1.5282696606273944,0.03696830334440521,116.81648714249513,19.088176708340928,18.057367452593862,-5.514833370533177,0.0,D2,1,48,15
TargetOnlyCP,0.1,0.9,0.9886363636363636,0.08863636363636362,30.760407570421822,0.7440833953309383,32.02123147425479,5.88777621000878,4.566450049816792,0.38016369871669486,0.0,D2,1,48,15
TargetOnlyCP,0.2,0.8,0.9318181818181818,0.13181818181818172,24.695543729083912,0.5973764809654123,26.12933732720819,5.88777621000878,4.566450049816792,0.38016369871669486,0.0,D2,1,48,15
TargetOnlyCP,0.3,0.7,0.9090909090909091,0.2090909090909091,18.81572962394962,0.45514585436376775,21.147037070842742,5.88777621000878,4.566450049816792,0.38016369871669486,0.0009999275207519531,D2,1,48,15
TransferCal-CP-affine-localsigma,0.1,0.9,0.9772727272727273,0.07727272727272727,34.12793441645731,0.8255426804112694,35.59746073266738,7.270696120965913,5.745248252712736,0.054794138898254796,0.0,D2,1,48,15
TransferCal-CP-affine-localsigma,0.2,0.8,0.9659090909090909,0.1659090909090909,32.850858622462276,0.7946506679853838,33.77506022045132,7.270696120965913,5.745248252712736,0.054794138898254796,0.0,D2,1,48,15
TransferCal-CP-affine-localsigma,0.3,0.7,0.9318181818181818,0.2318181818181818,27.970693959538867,0.6766012083399335,29.480709773363454,7.270696120965913,5.745248252712736,0.054794138898254796,0.0010004043579101562,D2,1,48,15
AdaptiveJackknifeCP,0.1,0.9,0.9772727272727273,0.07727272727272727,25.180385362329954,0.6091046288398381,26.127400026785494,4.823078127883625,3.7772171736296682,0.5840673503984418,0.0009999275207519531,D2,1,48,15
AdaptiveJackknifeCP,0.2,0.8,0.8977272727272727,0.09772727272727266,13.854360704130029,0.3351320924232875,17.373573492554712,4.823078127883625,3.7772171736296682,0.5840673503984418,0.0,D2,1,48,15
AdaptiveJackknifeCP,0.3,0.7,0.8863636363636364,0.1863636363636364,13.503738640436682,0.3266506685333859,15.972860150616663,4.823078127883625,3.7772171736296682,0.5840673503984418,0.0,D2,1,48,15
AdaptiveSplitCP,0.1,0.9,0.9772727272727273,0.07727272727272727,26.991114354171824,0.6529055236488333,29.128727864098586,4.962458911597661,3.6892342452750095,0.5596801478163541,0.0,D2,1,48,15
AdaptiveSplitCP,0.2,0.8,0.9431818181818182,0.1431818181818182,16.842757072685583,0.40742034515267,19.493708360606238,4.962458911597661,3.6892342452750095,0.5596801478163541,0.0,D2,1,48,15
AdaptiveSplitCP,0.3,0.7,0.7045454545454546,0.00454545454545463,9.807219061558513,0.2372331654374983,14.867849626979973,4.962458911597661,3.6892342452750095,0.5596801478163541,0.0,D2,1,48,15
SplitCP,0.05,0.95,0.0,0.95,4.575881848715085,0.11363004339654295,669.9538345508433,19.870086030040408,18.92238974191075,-5.637234448888113,0.0,D2,1,48,20
SplitCP,0.1,0.9,0.0,0.9,3.159606801421319,0.07846056122763133,350.0113336254231,19.870086030040408,18.92238974191075,-5.637234448888113,0.0,D2,1,48,20
SplitCP,0.2,0.8,0.0,0.8,2.1291241830192926,0.05287122380160369,180.70740068703034,19.870086030040408,18.92238974191075,-5.637234448888113,0.00099945068359375,D2,1,48,20
SplitCP,0.3,0.7,0.0,0.7,1.5282696606273942,0.03795057512410947,122.58330240460774,19.870086030040408,18.92238974191075,-5.637234448888113,0.0,D2,1,48,20
TargetOnlyCP,0.1,0.9,0.8674698795180723,0.032530120481927716,17.039139887313738,0.4231224207370875,25.860332313924914,5.6461101809398695,4.225344692050808,0.4640967861088303,0.0,D2,1,48,20
TargetOnlyCP,0.2,0.8,0.8674698795180723,0.06746987951807226,16.010080137590975,0.3975684165288128,21.102583413965856,5.6461101809398695,4.225344692050808,0.4640967861088303,0.0,D2,1,48,20
TargetOnlyCP,0.3,0.7,0.8554216867469879,0.15542168674698797,13.069787265471591,0.3245539424441533,17.7684291364164,5.6461101809398695,4.225344692050808,0.4640967861088303,0.0,D2,1,48,20
TransferCal-CP-affine-localsigma,0.1,0.9,0.963855421686747,0.06385542168674696,30.1422905691942,0.7485048562629538,31.950765699579094,7.483479616030109,6.183218128915166,0.05855528061093618,0.0010001659393310547,D2,1,48,20
TransferCal-CP-affine-localsigma,0.2,0.8,0.9518072289156626,0.15180722891566256,29.596426286226393,0.7349497461851725,30.626506710906245,7.483479616030109,6.183218128915166,0.05855528061093618,0.0,D2,1,48,20
TransferCal-CP-affine-localsigma,0.3,0.7,0.927710843373494,0.227710843373494,28.045988633527266,0.6964486870266398,28.992611507372718,7.483479616030109,6.183218128915166,0.05855528061093618,0.0,D2,1,48,20
AdaptiveJackknifeCP,0.05,0.95,0.9879518072289156,0.03795180722891567,33.99371905955511,0.8441449975444167,34.565528368808344,4.852517634693136,3.5826485976985167,0.6041579670207642,0.0,D2,1,48,20
AdaptiveJackknifeCP,0.1,0.9,0.9759036144578314,0.07590361445783134,22.854167641888925,0.5675234079020037,24.948895899806846,4.852517634693136,3.5826485976985167,0.6041579670207642,0.0010006427764892578,D2,1,48,20
AdaptiveJackknifeCP,0.2,0.8,0.8072289156626506,0.0072289156626506035,12.335949476441328,0.3063310025671224,17.350304213920644,4.852517634693136,3.5826485976985167,0.6041579670207642,0.0,D2,1,48,20
AdaptiveJackknifeCP,0.3,0.7,0.6867469879518072,0.013253012048192736,9.672186561590266,0.2401834258551883,14.952242013233661,4.852517634693136,3.5826485976985167,0.6041579670207642,0.0,D2,1,48,20
AdaptiveSplitCP,0.1,0.9,1.0,0.09999999999999998,61.3422478741411,1.523274096322532,61.3422478741411,7.919223163823282,6.171103887255744,-0.05427237490588488,0.0,D2,1,48,20
AdaptiveSplitCP,0.2,0.8,0.8433734939759037,0.04337349397590362,20.625598850168554,0.5121827376470506,28.466295906603026,7.919223163823282,6.171103887255744,-0.05427237490588488,0.0,D2,1,48,20
AdaptiveSplitCP,0.3,0.7,0.5421686746987951,0.1578313253012048,11.192564656085496,0.27793803459910893,25.165126616177087,7.919223163823282,6.171103887255744,-0.05427237490588488,0.0,D2,1,48,20
SplitCP,0.05,0.95,0.0,0.95,4.575881848715085,0.13305850094168362,613.2419969196364,18.441719612583743,17.504593801130582,-5.294379022572392,0.0010013580322265625,D2,1,48,30
SplitCP,0.1,0.9,0.0,0.9,3.159606801421319,0.09187574296314513,321.65541480981966,18.441719612583743,17.504593801130582,-5.294379022572392,0.0,D2,1,48,30
SplitCP,0.2,0.8,0.0,0.8,2.129124183019293,0.06191114226229083,166.5294412792286,18.441719612583743,17.504593801130582,-5.294379022572392,0.0,D2,1,48,30
SplitCP,0.3,0.7,0.0,0.7,1.5282696606273944,0.04443936202916548,113.13132946607325,18.441719612583743,17.504593801130582,-5.294379022572392,0.0,D2,1,48,30
TargetOnlyCP,0.1,0.9,0.8082191780821918,0.09178082191780823,14.387196857872285,0.41835408123549706,27.365972160289665,5.684100815382254,4.4477089232306355,0.40203797265810226,0.0009999275207519531,D2,1,48,30
TargetOnlyCP,0.2,0.8,0.7534246575342466,0.046575342465753455,11.654970538127472,0.3389058021151036,21.070839478527606,5.684100815382254,4.4477089232306355,0.40203797265810226,0.0,D2,1,48,30
TargetOnlyCP,0.3,0.7,0.6575342465753424,0.042465753424657526,9.96656898547424,0.2898100896358284,17.99039943600398,5.684100815382254,4.4477089232306355,0.40203797265810226,0.0009999275207519531,D2,1,48,30
TransferCal-CP-affine-localsigma,0.1,0.9,0.9726027397260274,0.07260273972602738,32.82374641500746,0.9544561327555365,34.52513172736172,7.681264614790258,5.888793001574884,-0.09198208766671256,0.0,D2,1,48,30
TransferCal-CP-affine-localsigma,0.2,0.8,0.7808219178082192,0.019178082191780854,18.357318358980333,0.5337981492771838,27.465469233630213,7.681264614790258,5.888793001574884,-0.09198208766671256,0.0,D2,1,48,30
TransferCal-CP-affine-localsigma,0.3,0.7,0.684931506849315,0.015068493150684925,16.081513916366916,0.4676218060974323,24.194320619895503,7.681264614790258,5.888793001574884,-0.09198208766671256,0.0010025501251220703,D2,1,48,30
AdaptiveJackknifeCP,0.05,0.95,0.9726027397260274,0.022602739726027443,27.11233625648719,0.788378489345839,29.581980639511567,6.49808880998114,5.176538738854198,0.21851374024153858,0.00099945068359375,D2,1,48,30
AdaptiveJackknifeCP,0.1,0.9,0.7397260273972602,0.1602739726027398,15.274374720055006,0.4441516346499997,30.316099997190825,6.49808880998114,5.176538738854198,0.21851374024153858,0.0,D2,1,48,30
AdaptiveJackknifeCP,0.2,0.8,0.6301369863013698,0.16986301369863022,12.070842423664175,0.35099861646275626,24.44955618632034,6.49808880998114,5.176538738854198,0.21851374024153858,0.0,D2,1,48,30
AdaptiveJackknifeCP,0.3,0.7,0.4657534246575342,0.23424657534246573,8.699019389781299,0.25295200311869087,22.130913175978463,6.49808880998114,5.176538738854198,0.21851374024153858,0.0009989738464355469,D2,1,48,30
AdaptiveSplitCP,0.1,0.9,0.8356164383561644,0.06438356164383563,18.994804888033627,0.5523351230738667,28.016385306894932,6.902083604952917,5.713210492126388,0.11832100857302941,0.0,D2,1,48,30
AdaptiveSplitCP,0.2,0.8,0.5753424657534246,0.22465753424657542,10.70057753813814,0.3111537521089445,28.268126380920844,6.902083604952917,5.713210492126388,0.11832100857302941,0.0,D2,1,48,30
AdaptiveSplitCP,0.3,0.7,0.3424657534246575,0.35753424657534244,7.363849083817314,0.2141276266843861,25.175861054469213,6.902083604952917,5.713210492126388,0.11832100857302941,0.0,D2,1,48,30
SplitCP,0.1,0.9,0.0,0.9,2.6874498796336894,0.09506366744545641,185.72589342415577,11.400311278701135,10.49564711704295,-1.6239746942953017,0.0,D3,2,48,10
SplitCP,0.2,0.8,0.0,0.8,1.8509129863226619,0.06547269139256932,97.55281922513885,11.400311278701135,10.49564711704295,-1.6239746942953017,0.0,D3,2,48,10
SplitCP,0.3,0.7,0.0,0.7,1.377185915699087,0.04871545508354908,66.75754697698846,11.400311278701135,10.49564711704295,-1.6239746942953017,0.0,D3,2,48,10
TargetOnlyCP,0.1,0.9,1.0,0.09999999999999998,48.02,1.6986204451013016,48.02,9.05753078934872,7.003200000000001,-0.6563261597551242,0.0,D3,2,48,10
TargetOnlyCP,0.2,0.8,0.96,0.15999999999999992,35.72000000000001,1.2635302436280407,36.25200000000002,9.05753078934872,7.003200000000001,-0.6563261597551242,0.0010018348693847656,D3,2,48,10
TargetOnlyCP,0.3,0.7,0.68,0.019999999999999907,18.039999999999992,0.6381322954941163,29.89866666666667,9.05753078934872,7.003200000000001,-0.6563261597551242,0.0,D3,2,48,10
TransferCal-CP-affine-localsigma,0.1,0.9,1.0,0.09999999999999998,23.98949729849501,0.8485849766540206,23.98949729849501,4.0924468743904745,3.494333788530323,0.6618632891574646,0.0,D3,2,48,10
TransferCal-CP-affine-localsigma,0.2,0.8,0.88,0.07999999999999996,11.271492463708043,0.3987086119462666,13.797109281957775,4.0924468743904745,3.494333788530323,0.6618632891574646,0.0,D3,2,48,10
TransferCal-CP-affine-localsigma,0.3,0.7,0.88,0.18000000000000005,10.63048500082062,0.3760341350215875,12.57063253147541,4.0924468743904745,3.494333788530323,0.6618632891574646,0.0,D3,2,48,10
AdaptiveJackknifeCP,0.1,0.9,1.0,0.09999999999999998,26.013838686465306,0.9201923833485455,26.013838686465306,5.007673312234151,4.073393210827914,0.49371133910687004,0.0,D3,2,48,10
AdaptiveJackknifeCP,0.2,0.8,1.0,0.19999999999999996,23.337213031715898,0.8255116032352593,23.337213031715898,5.007673312234151,4.073393210827914,0.49371133910687004,0.0009992122650146484,D3,2,48,10
AdaptiveJackknifeCP,0.3,0.7,0.88,0.18000000000000005,15.036952486558803,0.5319049338959941,16.930361771627926,5.007673312234151,4.073393210827914,0.49371133910687004,0.0,D3,2,48,10
AdaptiveSplitCP,0.1,0.9,1.0,0.09999999999999998,48.02,1.6986204451013016,48.02,9.05753078934872,7.003200000000001,-0.6563261597551242,0.0,D3,2,48,10
AdaptiveSplitCP,0.2,0.8,0.96,0.15999999999999992,35.72000000000001,1.2635302436280407,36.25200000000002,9.05753078934872,7.003200000000001,-0.6563261597551242,0.0,D3,2,48,10
AdaptiveSplitCP,0.3,0.7,0.68,0.019999999999999907,18.039999999999992,0.6381322954941163,29.89866666666667,9.05753078934872,7.003200000000001,-0.6563261597551242,0.0010004043579101562,D3,2,48,10
SplitCP,0.1,0.9,0.06358381502890173,0.8364161849710983,3.0265882405744833,0.052233675190242655,221.2833398392585,14.20820157317727,12.379517590429478,-0.2966818853348261,0.0010006427764892578,D4,3,48,10
SplitCP,0.2,0.8,0.05202312138728324,0.7479768786127168,1.8994425169165996,0.032781090648897275,116.33148455970293,14.20820157317727,12.379517590429478,-0.2966818853348261,0.0010004043579101562,D4,3,48,10
SplitCP,0.3,0.7,0.023121387283236993,0.676878612716763,1.4727414544721285,0.025416968763977314,79.12499675314433,14.20820157317727,12.379517590429478,-0.2966818853348261,0.00099945068359375,D4,3,48,10
TargetOnlyCP,0.1,0.9,0.9421965317919075,0.04219653179190752,47.69083137181572,0.8230612152762551,56.95660912642998,12.617184763882587,10.009238683539829,-0.02253963243976176,0.0,D4,3,48,10
TargetOnlyCP,0.2,0.8,0.9190751445086706,0.11907514450867052,42.633957135644785,0.7357883174340556,49.06028686120338,12.617184763882587,10.009238683539829,-0.02253963243976176,0.0,D4,3,48,10
TargetOnlyCP,0.3,0.7,0.9132947976878613,0.2132947976878613,41.287576759064045,0.7125521221928139,45.94173375355321,12.617184763882587,10.009238683539829,-0.02253963243976176,0.0,D4,3,48,10
TransferCal-CP-affine-localsigma,0.1,0.9,0.9479768786127167,0.04797687861271671,53.10585588014569,0.9165151669976902,58.748148160686334,12.695568078627144,9.493854513516512,-0.035283998228067937,0.00099945068359375,D4,3,48,10
TransferCal-CP-affine-localsigma,0.2,0.8,0.9479768786127167,0.1479768786127167,50.95744770065443,0.8794373598750713,54.33742833848029,12.695568078627144,9.493854513516512,-0.035283998228067937,0.0010004043579101562,D4,3,48,10
TransferCal-CP-affine-localsigma,0.3,0.7,0.8554913294797688,0.15549132947976885,38.58452927171322,0.6659022004805414,44.68000267062202,12.695568078627144,9.493854513516512,-0.035283998228067937,0.0009999275207519531,D4,3,48,10
AdaptiveJackknifeCP,0.1,0.9,0.7456647398843931,0.15433526011560694,12.403231467885021,0.21405830998666997,24.694104646611535,5.334078086241864,4.363902328909038,0.8172430244651504,0.0010037422180175781,D4,3,48,10
AdaptiveJackknifeCP,0.2,0.8,0.7167630057803468,0.08323699421965325,11.698972627873216,0.201904021205038,18.78987527685782,5.334078086241864,4.363902328909038,0.8172430244651504,0.0010008811950683594,D4,3,48,10
AdaptiveJackknifeCP,0.3,0.7,0.5606936416184971,0.13930635838150285,8.698134089683549,0.15011474131528016,17.02009799329396,5.334078086241864,4.363902328909038,0.8172430244651504,0.0009989738464355469,D4,3,48,10
AdaptiveSplitCP,0.1,0.9,0.9421965317919075,0.04219653179190752,47.69083137181572,0.8230612152762551,56.95660912642998,12.617184763882587,10.009238683539829,-0.02253963243976176,0.0010006427764892578,D4,3,48,10
AdaptiveSplitCP,0.2,0.8,0.9190751445086706,0.11907514450867052,42.633957135644785,0.7357883174340556,49.06028686120338,12.617184763882587,10.009238683539829,-0.02253963243976176,0.0,D4,3,48,10
AdaptiveSplitCP,0.3,0.7,0.9132947976878613,0.2132947976878613,41.287576759064045,0.7125521221928139,45.94173375355321,12.617184763882587,10.009238683539829,-0.02253963243976176,0.0009984970092773438,D4,3,48,10
SplitCP,0.1,0.9,0.06547619047619048,0.8345238095238096,3.0265882405744833,0.052956322994148264,221.59803261785652,14.31888163011877,12.393864904663186,-0.4080538240138287,0.0,D4,3,48,15
SplitCP,0.2,0.8,0.05357142857142857,0.7464285714285714,1.8994425169165996,0.03323461384213951,116.47894814022678,14.31888163011877,12.393864904663186,-0.4080538240138287,0.0,D4,3,48,15
SplitCP,0.3,0.7,0.023809523809523808,0.6761904761904761,1.4727414544721285,0.025768610048882666,79.22157635430705,14.31888163011877,12.393864904663186,-0.4080538240138287,0.0,D4,3,48,15
TargetOnlyCP,0.1,0.9,1.0,0.09999999999999998,72.70978358282639,1.2722056910906099,72.70978358282639,10.67413426955734,8.356711476416946,0.21753236766837625,0.0,D4,3,48,15
TargetOnlyCP,0.2,0.8,1.0,0.19999999999999996,72.66560069697596,1.2714326215522622,72.66560069697596,10.67413426955734,8.356711476416946,0.21753236766837625,0.0,D4,3,48,15
TargetOnlyCP,0.3,0.7,0.9404761904761905,0.2404761904761905,40.72297424890115,0.7125313409655799,43.05843295080972,10.67413426955734,8.356711476416946,0.21753236766837625,0.0,D4,3,48,15
TransferCal-CP-affine-localsigma,0.1,0.9,0.9940476190476191,0.09404761904761905,67.19104702120933,1.1756441595420912,67.2752008767476,9.724783884695853,7.617766523474391,0.35052718729760346,0.0,D4,3,48,15
TransferCal-CP-affine-localsigma,0.2,0.8,0.9940476190476191,0.19404761904761902,64.03231759095054,1.1203757574127828,64.16840432319167,9.724783884695853,7.617766523474391,0.35052718729760346,0.0,D4,3,48,15
TransferCal-CP-affine-localsigma,0.3,0.7,0.9583333333333334,0.2583333333333334,41.883000464546946,0.7328283612651625,43.0724105914824,9.724783884695853,7.617766523474391,0.35052718729760346,0.0,D4,3,48,15
AdaptiveJackknifeCP,0.1,0.9,1.0,0.09999999999999998,31.48345609105761,0.5508671603817729,31.48345609105761,3.8858842885489064,3.063494426333005,0.8962995150957908,0.0,D4,3,48,15
AdaptiveJackknifeCP,0.2,0.8,0.9880952380952381,0.1880952380952381,19.433632326126798,0.3400309617989362,19.626426361564093,3.8858842885489064,3.063494426333005,0.8962995150957908,0.0,D4,3,48,15
AdaptiveJackknifeCP,0.3,0.7,0.9642857142857143,0.26428571428571435,16.425054294154464,0.2873897640706372,16.835555433473104,3.8858842885489064,3.063494426333005,0.8962995150957908,0.0009999275207519531,D4,3,48,15
AdaptiveSplitCP,0.1,0.9,0.9702380952380952,0.07023809523809521,19.14154660423158,0.33492032744725897,20.299706708700132,4.559126433841663,3.6031084972893836,0.8572538739004183,0.0,D4,3,48,15
AdaptiveSplitCP,0.2,0.8,0.9285714285714286,0.12857142857142856,17.23371899354987,0.30153899931877937,18.27273155149817,4.559126433841663,3.6031084972893836,0.8572538739004183,0.0010001659393310547,D4,3,48,15
AdaptiveSplitCP,0.3,0.7,0.9285714285714286,0.22857142857142865,16.736978551916867,0.2928475139958931,17.54792512427121,4.559126433841663,3.6031084972893836,0.8572538739004183,0.0,D4,3,48,15
SplitCP,0.05,0.95,0.09202453987730061,0.8579754601226993,4.38570749931713,0.0756897214915696,410.11985611018576,14.203347449458274,12.231487811128655,-0.34224489274546777,0.0,D4,3,48,20
SplitCP,0.1,0.9,0.06748466257668712,0.832515337423313,3.0265882405744833,0.052233675190242655,218.37993947998075,14.203347449458274,12.231487811128655,-0.34224489274546777,0.0,D4,3,48,20
SplitCP,0.2,0.8,0.05521472392638037,0.7447852760736197,1.8994425169165994,0.032781090648897275,114.85941245522692,14.203347449458274,12.231487811128655,-0.34224489274546777,0.0009996891021728516,D4,3,48,20
SplitCP,0.3,0.7,0.024539877300613498,0.6754601226993865,1.4727414544721285,0.025416968763977314,78.14005034373903,14.203347449458274,12.231487811128655,-0.34224489274546777,0.0010004043579101562,D4,3,48,20
TargetOnlyCP,0.1,0.9,0.9815950920245399,0.08159509202453985,44.879918130639346,0.7745497173264415,46.516775122491616,7.897339683604854,5.998464853759083,0.5850345156241874,0.0009999275207519531,D4,3,48,20
TargetOnlyCP,0.2,0.8,0.8834355828220859,0.08343558282208585,23.481363257391987,0.4052476927545001,29.61204632396469,7.897339683604854,5.998464853759083,0.5850345156241874,0.0,D4,3,48,20
TargetOnlyCP,0.3,0.7,0.8220858895705522,0.12208588957055222,19.347645642839538,0.33390688057790446,25.3468218006784,7.897339683604854,5.998464853759083,0.5850345156241874,0.0,D4,3,48,20
TransferCal-CP-affine-localsigma,0.1,0.9,0.8159509202453987,0.0840490797546013,29.696423274245806,0.5125088728040819,43.62226139509438,10.047924446555042,7.819049877310769,0.32825713912667653,0.0009999275207519531,D4,3,48,20
TransferCal-CP-affine-localsigma,0.2,0.8,0.8098159509202454,0.009815950920245342,29.575506535998247,0.5104220591615733,36.64998779615545,10.047924446555042,7.819049877310769,0.32825713912667653,0.00099945068359375,D4,3,48,20
TransferCal-CP-affine-localsigma,0.3,0.7,0.7484662576687117,0.04846625766871171,24.807521504268053,0.428134889033647,33.01940455321363,10.047924446555042,7.819049877310769,0.32825713912667653,0.0,D4,3,48,20
AdaptiveJackknifeCP,0.05,0.95,1.0,0.050000000000000044,25.126506223635385,0.43364001325197193,25.126506223635385,3.272357729718643,2.6119676783916983,0.9287521298820958,0.0,D4,3,48,20
AdaptiveJackknifeCP,0.1,0.9,1.0,0.09999999999999998,20.648999108454174,0.3563659892598668,20.648999108454174,3.272357729718643,2.6119676783916983,0.9287521298820958,0.0,D4,3,48,20
AdaptiveJackknifeCP,0.2,0.8,0.9815950920245399,0.18159509202453983,16.62523255623222,0.286922742136753,16.86401549828346,3.272357729718643,2.6119676783916983,0.9287521298820958,0.0,D4,3,48,20
AdaptiveJackknifeCP,0.3,0.7,0.852760736196319,0.15276073619631902,9.100107043627686,0.1570520988421815,10.762488731846046,3.272357729718643,2.6119676783916983,0.9287521298820958,0.0,D4,3,48,20
AdaptiveSplitCP,0.1,0.9,0.9447852760736196,0.044785276073619595,17.106810876659825,0.2952339505233631,19.92593759084834,4.404484512634429,3.3321791014874593,0.8709254818706579,0.0,D4,3,48,20
AdaptiveSplitCP,0.2,0.8,0.9325153374233128,0.13251533742331278,16.454739831145684,0.28398033275807283,18.06392454185519,4.404484512634429,3.3321791014874593,0.8709254818706579,0.0010001659393310547,D4,3,48,20
AdaptiveSplitCP,0.3,0.7,0.7668711656441718,0.06687116564417184,9.870766971998732,0.17035235549454597,14.088147740141057,4.404484512634429,3.3321791014874593,0.8709254818706579,0.0,D4,3,48,20
SplitCP,0.05,0.95,0.08496732026143791,0.865032679738562,4.385707499317129,0.07691484886669284,423.0976899099942,14.44960604806235,12.568280558932582,-0.3955873640394456,0.0010006427764892578,D4,3,48,30
SplitCP,0.1,0.9,0.058823529411764705,0.8411764705882353,3.0265882405744833,0.0530791388029736,224.97430231871041,14.44960604806235,12.568280558932582,-0.3955873640394456,0.0,D4,3,48,30
SplitCP,0.2,0.8,0.0457516339869281,0.754248366013072,1.8994425169165994,0.033311691247617056,118.20722860818495,14.44960604806235,12.568280558932582,-0.3955873640394456,0.0,D4,3,48,30
SplitCP,0.3,0.7,0.0196078431372549,0.680392156862745,1.4727414544721285,0.025828372368215297,80.37764452042106,14.44960604806235,12.568280558932582,-0.3955873640394456,0.0,D4,3,48,30
TargetOnlyCP,0.1,0.9,0.9803921568627451,0.08039215686274503,38.36119432441445,0.6727638503633867,39.07212324499107,8.400429611722704,6.76184433877503,0.5283194052096468,0.0,D4,3,48,30
TargetOnlyCP,0.2,0.8,0.5816993464052288,0.21830065359477124,14.060968094316777,0.24659584253217023,33.40580488348291,8.400429611722704,6.76184433877503,0.5283194052096468,0.0,D4,3,48,30
TargetOnlyCP,0.3,0.7,0.5686274509803921,0.13137254901960782,13.624434635170402,0.23894008686658472,27.139965909873673,8.400429611722704,6.76184433877503,0.5283194052096468,0.0,D4,3,48,30
TransferCal-CP-affine-localsigma,0.1,0.9,1.0,0.09999999999999998,46.57848607290146,0.8168755479690321,46.57848607290146,8.767275280234033,7.120675564579535,0.4862234227276988,0.0,D4,3,48,30
TransferCal-CP-affine-localsigma,0.2,0.8,0.6601307189542484,0.1398692810457517,17.27039472063376,0.3028815305198772,32.54090937973669,8.767275280234033,7.120675564579535,0.4862234227276988,0.00099945068359375,D4,3,48,30
TransferCal-CP-affine-localsigma,0.3,0.7,0.5882352941176471,0.11176470588235288,14.513288874264932,0.2545284701491269,28.18546429118388,8.767275280234033,7.120675564579535,0.4862234227276988,0.0009999275207519531,D4,3,48,30
AdaptiveJackknifeCP,0.05,0.95,1.0,0.050000000000000044,23.278808755039762,0.40825478157613443,23.278808755039762,3.0806347805221805,2.3687109919985168,0.936565511282257,0.0010001659393310547,D4,3,48,30
AdaptiveJackknifeCP,0.1,0.9,0.9934640522875817,0.0934640522875817,16.845846000912697,0.2954359585981342,16.933018169074078,3.0806347805221805,2.3687109919985168,0.936565511282257,0.0009996891021728516,D4,3,48,30
AdaptiveJackknifeCP,0.2,0.8,0.9084967320261438,0.10849673202614374,10.676809250593593,0.18724576821773428,12.24049834514261,3.0806347805221805,2.3687109919985168,0.936565511282257,0.0009996891021728516,D4,3,48,30
AdaptiveJackknifeCP,0.3,0.7,0.8366013071895425,0.13660130718954255,8.386541386815367,0.1470799325722486,10.4551476008829,3.0806347805221805,2.3687109919985168,0.936565511282257,0.0,D4,3,48,30
AdaptiveSplitCP,0.1,0.9,0.9869281045751634,0.08692810457516342,17.384972519985666,0.3048909518326306,17.532661750870325,3.5018925012893236,2.806760347180887,0.9180308114708846,0.0,D4,3,48,30
AdaptiveSplitCP,0.2,0.8,0.9477124183006536,0.14771241830065351,13.96346101919093,0.24488580100571058,14.39246984760136,3.5018925012893236,2.806760347180887,0.9180308114708846,0.0,D4,3,48,30
AdaptiveSplitCP,0.3,0.7,0.9281045751633987,0.22810457516339877,13.110064204939844,0.22991925638282826,13.578578667040805,3.5018925012893236,2.806760347180887,0.9180308114708846,0.0,D4,3,48,30
SplitCP,0.05,0.95,0.06766917293233082,0.8823308270676691,4.385707499317129,0.07568972149156959,433.3474581719858,14.592460490825934,12.845184645262622,-0.3076042276672597,0.001001119613647461,D4,3,48,50
SplitCP,0.1,0.9,0.045112781954887216,0.8548872180451128,3.0265882405744833,0.052233675190242655,230.31030351845337,14.592460490825934,12.845184645262622,-0.3076042276672597,0.0009992122650146484,D4,3,48,50
SplitCP,0.2,0.8,0.03759398496240601,0.762406015037594,1.8994425169165992,0.03278109064889727,120.93962639131493,14.592460490825934,12.845184645262622,-0.3076042276672597,0.0,D4,3,48,50
SplitCP,0.3,0.7,0.007518796992481203,0.6924812030075187,1.4727414544721285,0.025416968763977314,82.22011964130903,14.592460490825934,12.845184645262622,-0.3076042276672597,0.0,D4,3,48,50
TargetOnlyCP,0.05,0.95,0.9924812030075187,0.042481203007518786,44.71178432195519,0.7716480187625036,45.222157722699635,7.613352583101623,5.982193115754539,0.6440646276967489,0.0,D4,3,48,50
TargetOnlyCP,0.1,0.9,0.9624060150375939,0.06240601503759391,31.862777239217984,0.5498963931269562,34.8672610185684,7.613352583101623,5.982193115754539,0.6440646276967489,0.0,D4,3,48,50
TargetOnlyCP,0.2,0.8,0.7819548872180451,0.018045112781954975,17.82313406048391,0.3075964490005281,27.018226503709588,7.613352583101623,5.982193115754539,0.6440646276967489,0.0,D4,3,48,50
TargetOnlyCP,0.3,0.7,0.7593984962406015,0.05939849624060156,16.22293801964255,0.27997983464992376,23.573504700786714,7.613352583101623,5.982193115754539,0.6440646276967489,0.0,D4,3,48,50
TransferCal-CP-affine-localsigma,0.05,0.95,0.9473684210526315,0.0026315789473684292,35.24477271700459,0.6082637821603729,41.59867499074327,9.383625834253621,7.395894237713003,0.45929469783608656,0.0009996891021728516,D4,3,48,50
TransferCal-CP-affine-localsigma,0.1,0.9,0.9097744360902256,0.009774436090225547,31.775159239068753,0.5483842580769156,37.43524110309062,9.383625834253621,7.395894237713003,0.45929469783608656,0.0010008811950683594,D4,3,48,50
TransferCal-CP-affine-localsigma,0.2,0.8,0.7218045112781954,0.0781954887218046,21.995750801506574,0.3796085927808056,33.624262714464294,9.383625834253621,7.395894237713003,0.45929469783608656,0.0,D4,3,48,50
TransferCal-CP-affine-localsigma,0.3,0.7,0.6015037593984962,0.09849624060150375,16.4372913625039,0.2836792023857995,30.25850154545506,9.383625834253621,7.395894237713003,0.45929469783608656,0.0,D4,3,48,50
AdaptiveJackknifeCP,0.05,0.95,0.9774436090225563,0.02744360902255638,15.81868440751488,0.27300311690970314,16.397899963395258,3.1495164342923756,2.497885722485373,0.9390874162514189,0.0,D4,3,48,50
AdaptiveJackknifeCP,0.1,0.9,0.9473684210526315,0.047368421052631504,13.118108193157088,0.22639584509248198,14.383138975853637,3.1495164342923756,2.497885722485373,0.9390874162514189,0.0010004043579101562,D4,3,48,50
AdaptiveJackknifeCP,0.2,0.8,0.8872180451127819,0.08721804511278186,9.282413924889653,0.1601984001107598,11.533486662375052,3.1495164342923756,2.497885722485373,0.9390874162514189,0.001001119613647461,D4,3,48,50
AdaptiveJackknifeCP,0.3,0.7,0.6992481203007519,0.0007518796992480592,5.927803142818548,0.10230362353318069,9.60446718526428,3.1495164342923756,2.497885722485373,0.9390874162514189,0.0,D4,3,48,50
AdaptiveSplitCP,0.05,0.95,0.9624060150375939,0.012406015037593976,16.024496300003875,0.2765550739940665,16.766384213520134,3.659175427579621,2.9839602973890162,0.9177784375273922,0.0,D4,3,48,50
AdaptiveSplitCP,0.1,0.9,0.9473684210526315,0.047368421052631504,14.763457881452055,0.25479173325480875,15.676359626735275,3.659175427579621,2.9839602973890162,0.9177784375273922,0.0,D4,3,48,50
AdaptiveSplitCP,0.2,0.8,0.9172932330827067,0.11729323308270667,13.533126424194975,0.2335583415257422,14.397525821369932,3.659175427579621,2.9839602973890162,0.9177784375273922,0.00099945068359375,D4,3,48,50
AdaptiveSplitCP,0.3,0.7,0.8195488721804511,0.11954887218045118,9.931992358373604,0.1714089997061468,11.83767684357392,3.659175427579621,2.9839602973890162,0.9177784375273922,0.0010001659393310547,D4,3,48,50
SplitCP,0.1,0.9,0.07857911733046287,0.8214208826695372,2.7371466852878403,0.0358593827450445,178.33009648466438,12.092105732618121,10.100320212861272,0.4667244296132419,0.0010006427764892578,D1,0,49,10
SplitCP,0.2,0.8,0.03767491926803014,0.7623250807319699,1.4034019124804187,0.018385980771604336,95.50775557806134,12.092105732618121,10.100320212861272,0.4667244296132419,0.0009996891021728516,D1,0,49,10
SplitCP,0.3,0.7,0.02798708288482239,0.6720129171151775,1.0412719801624772,0.01364171335026936,64.94647442092631,12.092105732618121,10.100320212861272,0.4667244296132419,0.0,D1,0,49,10
TargetOnlyCP,0.1,0.9,0.9989235737351991,0.09892357373519911,103.92,1.3614568319977132,103.93829924650163,17.99647554001109,14.238869752421959,-0.18119809507621,0.0,D1,0,49,10
TargetOnlyCP,0.2,0.8,0.984930032292788,0.18493003229278793,92.9,1.2170837152866394,93.29644779332618,17.99647554001109,14.238869752421959,-0.18119809507621,0.0,D1,0,49,10
TargetOnlyCP,0.3,0.7,0.8191603875134553,0.11916038751345537,46.24,0.6057906458003681,58.26554718335129,17.99647554001109,14.238869752421959,-0.18119809507621,0.0,D1,0,49,10
TransferCal-CP-affine-localsigma,0.1,0.9,0.9989235737351991,0.09892357373519911,86.66380762680227,1.135383304276804,86.68803703009443,12.548119757880801,9.835624350512097,0.42574454842185816,0.0010004043579101562,D1,0,49,10
TransferCal-CP-affine-localsigma,0.2,0.8,0.9989235737351991,0.1989235737351991,85.91220439405234,1.1255365437285076,85.92836432300064,12.548119757880801,9.835624350512097,0.42574454842185816,0.0009999275207519531,D1,0,49,10
TransferCal-CP-affine-localsigma,0.3,0.7,0.8428417653390743,0.14284176533907433,35.73563733313723,0.4681728983159374,42.21922226217779,12.548119757880801,9.835624350512097,0.42574454842185816,0.0,D1,0,49,10
AdaptiveJackknifeCP,0.1,0.9,1.0,0.09999999999999998,592.5910029025293,7.7635399295806895,592.5910029025293,16.853399790431137,13.764076591489154,-0.035911998036717296,0.00099945068359375,D1,0,49,10
AdaptiveJackknifeCP,0.2,0.8,1.0,0.19999999999999996,186.79192800257576,2.4471626880401436,186.79192800257576,16.853399790431137,13.764076591489154,-0.035911998036717296,0.0009999275207519531,D1,0,49,10
AdaptiveJackknifeCP,0.3,0.7,1.0,0.30000000000000004,181.36622158581676,2.376080460658404,181.36622158581676,16.853399790431137,13.764076591489154,-0.035911998036717296,0.0009999275207519531,D1,0,49,10
AdaptiveSplitCP,0.1,0.9,0.9989235737351991,0.09892357373519911,103.92,1.3614568319977132,103.93829924650163,17.99647554001109,14.238869752421959,-0.18119809507621,0.0009999275207519531,D1,0,49,10
AdaptiveSplitCP,0.2,0.8,0.984930032292788,0.18493003229278793,92.9,1.2170837152866394,93.29644779332618,17.99647554001109,14.238869752421959,-0.18119809507621,0.0010013580322265625,D1,0,49,10
AdaptiveSplitCP,0.3,0.7,0.8191603875134553,0.11916038751345537,46.24,0.6057906458003681,58.26554718335129,17.99647554001109,14.238869752421959,-0.18119809507621,0.0010008811950683594,D1,0,49,10
SplitCP,0.1,0.9,0.07900432900432901,0.8209956709956711,2.7371466852878403,0.0358593827450445,179.2350706596544,12.187815378412628,10.14530971912294,0.460105489335197,0.0010008811950683594,D1,0,49,15
SplitCP,0.2,0.8,0.03787878787878788,0.7621212121212122,1.4034019124804187,0.018385980771604336,95.9582900405664,12.187815378412628,10.14530971912294,0.460105489335197,0.0009996891021728516,D1,0,49,15
SplitCP,0.3,0.7,0.02813852813852814,0.6718614718614718,1.0412719801624772,0.01364171335026936,65.24662438126148,12.187815378412628,10.14530971912294,0.460105489335197,0.0010001659393310547,D1,0,49,15
TargetOnlyCP,0.1,0.9,0.8528138528138528,0.04718614718614722,46.52563895295097,0.6095328042297347,126.39351698613382,25.569483116123717,15.845654771046819,-1.3762989487213302,0.0009996891021728516,D1,0,49,15
TargetOnlyCP,0.2,0.8,0.6883116883116883,0.11168831168831173,30.503175048837573,0.39962236400945045,87.97469376241739,25.569483116123717,15.845654771046819,-1.3762989487213302,0.0,D1,0,49,15
TargetOnlyCP,0.3,0.7,0.6601731601731602,0.039826839826839766,28.855422105214355,0.3780351382344295,68.94599361603031,25.569483116123717,15.845654771046819,-1.3762989487213302,0.0,D1,0,49,15
TransferCal-CP-affine-localsigma,0.1,0.9,0.7997835497835498,0.1002164502164502,34.81244130445956,0.45607809904230034,52.935003354448355,13.339560352742797,11.284385426511042,0.3532443809075998,0.0010006427764892578,D1,0,49,15
TransferCal-CP-affine-localsigma,0.2,0.8,0.7813852813852814,0.01861471861471864,34.13391826849839,0.44718876279348235,43.9049550054421,13.339560352742797,11.284385426511042,0.3532443809075998,0.0010001659393310547,D1,0,49,15
TransferCal-CP-affine-localsigma,0.3,0.7,0.6558441558441559,0.04415584415584406,27.68850555386335,0.3627473542543676,40.21633732665454,13.339560352742797,11.284385426511042,0.3532443809075998,0.0010001659393310547,D1,0,49,15
AdaptiveJackknifeCP,0.1,0.9,0.9967532467532467,0.0967532467532467,61.41152038565849,0.8045528675175287,61.56173768924678,12.87672634603399,10.749296227037938,0.3973459068985382,0.0019989013671875,D1,0,49,15
AdaptiveJackknifeCP,0.2,0.8,0.948051948051948,0.148051948051948,46.9216338352155,0.6147207366575174,48.564001941134,12.87672634603399,10.749296227037938,0.3973459068985382,0.001999378204345703,D1,0,49,15
AdaptiveJackknifeCP,0.3,0.7,0.8798701298701299,0.17987012987012996,39.05065172970552,0.5116029310178107,42.23178174352322,12.87672634603399,10.749296227037938,0.3973459068985382,0.0010004043579101562,D1,0,49,15
AdaptiveSplitCP,0.1,0.9,0.946969696969697,0.046969696969696995,218.00198049109255,2.8560458595903593,257.1016794254116,51.00111062503733,36.276755577461714,-8.454018444903896,0.0010001659393310547,D1,0,49,15
AdaptiveSplitCP,0.2,0.8,0.9264069264069265,0.1264069264069264,195.43295398870384,2.5603688453177016,222.48104311736364,51.00111062503733,36.276755577461714,-8.454018444903896,0.0019996166229248047,D1,0,49,15
AdaptiveSplitCP,0.3,0.7,0.814935064935065,0.114935064935065,115.87545195355648,1.5180853129618188,164.89033187477636,51.00111062503733,36.276755577461714,-8.454018444903896,0.0010001659393310547,D1,0,49,15
SplitCP,0.05,0.95,0.09031556039173014,0.8596844396082698,3.3659126344796704,0.04409685096343118,347.0462192986761,12.21870641826543,10.200310464418218,0.459736561617887,0.0010006427764892578,D1,0,49,20
SplitCP,0.1,0.9,0.07616974972796518,0.8238302502720348,2.73714668528784,0.035859382745044494,180.33254078074614,12.21870641826543,10.200310464418218,0.459736561617887,0.0009996891021728516,D1,0,49,20
SplitCP,0.2,0.8,0.03808487486398259,0.7619151251360174,1.403401912480419,0.01838598077160434,96.50894385096886,12.21870641826543,10.200310464418218,0.459736561617887,0.0009999275207519531,D1,0,49,20
SplitCP,0.3,0.7,0.028291621327529923,0.67170837867247,1.0412719801624772,0.01364171335026936,65.6135183281746,12.21870641826543,10.200310464418218,0.459736561617887,0.0010001659393310547,D1,0,49,20
TargetOnlyCP,0.1,0.9,0.8356909684439608,0.06430903155603918,41.13946769430221,0.5389685273013564,62.30994239591858,14.854996623497698,12.046779777203902,0.2014534586633545,0.0,D1,0,49,20
TargetOnlyCP,0.2,0.8,0.8324265505984766,0.032426550598476545,40.734702343246795,0.533665692884975,51.65618398699242,14.854996623497698,12.046779777203902,0.2014534586633545,0.0,D1,0,49,20
TargetOnlyCP,0.3,0.7,0.6343852013057671,0.06561479869423281,27.980302666926438,0.36657019079340675,46.16627786933378,14.854996623497698,12.046779777203902,0.2014534586633545,0.0,D1,0,49,20
TransferCal-CP-affine-localsigma,0.1,0.9,0.8030467899891186,0.09695321001088142,33.334859598024764,0.4367202881391008,51.97174994471056,12.788965062387701,10.666356279357501,0.4081305553503283,0.0009992122650146484,D1,0,49,20
TransferCal-CP-affine-localsigma,0.2,0.8,0.735582154515778,0.06441784548422202,29.95390660226988,0.3924263932706094,43.08522473487075,12.788965062387701,10.666356279357501,0.4081305553503283,0.0009999275207519531,D1,0,49,20
TransferCal-CP-affine-localsigma,0.3,0.7,0.6224156692056583,0.07758433079434168,24.5167943593203,0.32119473805985005,39.016576636559826,12.788965062387701,10.666356279357501,0.4081305553503283,0.0009999275207519531,D1,0,49,20
AdaptiveJackknifeCP,0.05,0.95,0.8563656147986942,0.09363438520130574,44.43700556261785,0.5821695998532184,76.53069326440907,14.822511136014707,11.94241336248429,0.20494222540540963,0.0009999275207519531,D1,0,49,20
AdaptiveJackknifeCP,0.1,0.9,0.8346028291621328,0.06539717083786722,41.28293896578511,0.5408481456881519,62.20670856880681,14.822511136014707,11.94241336248429,0.20494222540540963,0.0010001659393310547,D1,0,49,20
AdaptiveJackknifeCP,0.2,0.8,0.7007616974972797,0.09923830250272037,31.71477994215409,0.41549561034978566,53.497130181521825,14.822511136014707,11.94241336248429,0.20494222540540963,0.0009999275207519531,D1,0,49,20
AdaptiveJackknifeCP,0.3,0.7,0.5408052230685527,0.15919477693144723,22.348386639858962,0.2927864094973287,48.696216738921926,14.822511136014707,11.94241336248429,0.20494222540540963,0.0019974708557128906,D1,0,49,20
AdaptiveSplitCP,0.1,0.9,0.7236126224156693,0.17638737758433076,43.32154258714503,0.5675559096222911,90.71590922800524,18.93214147418509,15.409829812910704,-0.2970436757882091,0.0009999275207519531,D1,0,49,20
AdaptiveSplitCP,0.2,0.8,0.5408052230685527,0.2591947769314473,29.195402478065944,0.3824892240828122,78.39149599671921,18.93214147418509,15.409829812910704,-0.2970436757882091,0.0019996166229248047,D1,0,49,20
AdaptiveSplitCP,0.3,0.7,0.5364526659412405,0.16354733405875943,29.020951203686025,0.38020373640618355,62.08646581167135,18.93214147418509,15.409829812910704,-0.2970436757882091,0.0009999275207519531,D1,0,49,20
SplitCP,0.05,0.95,0.09130913091309131,0.8586908690869086,3.3659126344796704,0.04409685096343118,346.0381192272831,12.198694387023522,10.176146313071532,0.4612200342695254,0.0015034675598144531,D1,0,49,30
SplitCP,0.1,0.9,0.07700770077007701,0.822992299229923,2.73714668528784,0.035859382745044494,179.82263355331636,12.198694387023522,10.176146313071532,0.4612200342695254,0.0010004043579101562,D1,0,49,30
SplitCP,0.2,0.8,0.036303630363036306,0.7636963696369637,1.4034019124804185,0.018385980771604332,96.26316365627353,12.198694387023522,10.176146313071532,0.4612200342695254,0.00099945068359375,D1,0,49,30
SplitCP,0.3,0.7,0.026402640264026403,0.6735973597359736,1.0412719801624772,0.01364171335026936,65.45189667915702,12.198694387023522,10.176146313071532,0.4612200342695254,0.0010004043579101562,D1,0,49,30
TargetOnlyCP,0.1,0.9,0.9900990099009901,0.09009900990099007,77.42530648562766,1.0143496197495634,78.5503221132198,14.815074137913598,11.633063163417226,0.20531979638285758,0.0,D1,0,49,30
TargetOnlyCP,0.2,0.8,0.9680968096809681,0.16809680968096807,66.73699652527783,0.8743219771588447,68.44402859433781,14.815074137913598,11.633063163417226,0.20531979638285758,0.0,D1,0,49,30
TargetOnlyCP,0.3,0.7,0.9020902090209021,0.20209020902090213,47.98014423444844,0.6285882906873125,52.85907101941911,14.815074137913598,11.633063163417226,0.20531979638285758,0.0,D1,0,49,30
TransferCal-CP-affine-localsigma,0.1,0.9,0.9680968096809681,0.0680968096809681,51.17317041493036,0.6704201546996746,53.92055947356071,11.711776991834263,9.261121048911404,0.5033730027932279,0.0010006427764892578,D1,0,49,30
TransferCal-CP-affine-localsigma,0.2,0.8,0.933993399339934,0.13399339933993393,44.45302035804976,0.582379409828717,47.34418807423133,11.711776991834263,9.261121048911404,0.5033730027932279,0.0010006427764892578,D1,0,49,30
TransferCal-CP-affine-localsigma,0.3,0.7,0.9328932893289329,0.23289328932893294,44.33276226911873,0.5808039075502515,46.286960703703684,11.711776991834263,9.261121048911404,0.5033730027932279,0.000997781753540039,D1,0,49,30
AdaptiveJackknifeCP,0.05,0.95,0.9933993399339934,0.043399339933993475,57.93952990501111,0.7590662897605196,59.185068191348236,10.92375677142045,8.890390238470674,0.5679552031474642,0.0010001659393310547,D1,0,49,30
AdaptiveJackknifeCP,0.1,0.9,0.9933993399339934,0.09339933993399341,54.67294262310349,0.71627070111281,55.511328088510176,10.92375677142045,8.890390238470674,0.5679552031474642,0.0010001659393310547,D1,0,49,30
AdaptiveJackknifeCP,0.2,0.8,0.966996699669967,0.166996699669967,44.68781489024335,0.5854554550555325,45.89316742093857,10.92375677142045,8.890390238470674,0.5679552031474642,0.0009999275207519531,D1,0,49,30
AdaptiveJackknifeCP,0.3,0.7,0.933993399339934,0.23399339933993402,38.57108168462933,0.5053200796485803,40.362701778129825,10.92375677142045,8.890390238470674,0.5679552031474642,0.0010006427764892578,D1,0,49,30
AdaptiveSplitCP,0.1,0.9,0.9757975797579758,0.07579757975797574,58.06061490325817,0.7606526253851913,60.662935004854184,12.654210615669882,9.881434756337068,0.42023118272754323,0.0019996166229248047,D1,0,49,30
AdaptiveSplitCP,0.2,0.8,0.9438943894389439,0.14389438943894384,52.22837091385941,0.6842443456965409,54.729861318777644,12.654210615669882,9.881434756337068,0.42023118272754323,0.0009996891021728516,D1,0,49,30
AdaptiveSplitCP,0.3,0.7,0.8756875687568757,0.17568756875687574,38.92844421169478,0.5100018892518638,44.346058526592515,12.654210615669882,9.881434756337068,0.42023118272754323,0.0010001659393310547,D1,0,49,30
SplitCP,0.05,0.95,0.0922384701912261,0.8577615298087738,3.3659126344796704,0.04409685096343118,346.1139550213418,12.209760399522372,10.176838172928896,0.4621701104815795,0.0010006427764892578,D1,0,49,50
SplitCP,0.1,0.9,0.07874015748031496,0.8212598425196851,2.73714668528784,0.035859382745044494,179.8538780961361,12.209760399522372,10.176838172928896,0.4621701104815795,0.0010006427764892578,D1,0,49,50
SplitCP,0.2,0.8,0.03712035995500562,0.7628796400449944,1.4034019124804187,0.018385980771604336,96.27078788437832,12.209760399522372,10.176838172928896,0.4621701104815795,0.0019998550415039062,D1,0,49,50
SplitCP,0.3,0.7,0.02699662542182227,0.6730033745781777,1.0412719801624772,0.01364171335026936,65.45616248466683,12.209760399522372,10.176838172928896,0.4621701104815795,0.0010001659393310547,D1,0,49,50
TargetOnlyCP,0.05,0.95,0.9493813273340832,0.000618672665916753,59.20291174540912,0.7756178663389617,66.98328156708281,15.941855119014564,13.300046805986497,0.08312872485711775,0.001003265380859375,D1,0,49,50
TargetOnlyCP,0.1,0.9,0.8728908886389202,0.027109111361079852,50.204905207919225,0.6577349037251655,61.650720653152355,15.941855119014564,13.300046805986497,0.08312872485711775,0.0,D1,0,49,50
TargetOnlyCP,0.2,0.8,0.7165354330708661,0.08346456692913395,35.496490048458384,0.46503982764061297,55.73404038768027,15.941855119014564,13.300046805986497,0.08312872485711775,0.0,D1,0,49,50
TargetOnlyCP,0.3,0.7,0.6805399325084365,0.019460067491563482,32.30283292063777,0.42319969758162945,49.01580456867983,15.941855119014564,13.300046805986497,0.08312872485711775,0.0,D1,0,49,50
TransferCal-CP-affine-localsigma,0.05,0.95,0.9178852643419573,0.03211473565804268,39.7308439358415,0.5205141350797374,52.38005954438267,12.190053356949889,10.124799840942085,0.4639048673560974,0.0009989738464355469,D1,0,49,50
TransferCal-CP-affine-localsigma,0.1,0.9,0.8863892013498312,0.013610798650168787,37.535174450878166,0.49174864988812633,46.027332842538684,12.190053356949889,10.124799840942085,0.4639048673560974,0.00099945068359375,D1,0,49,50
TransferCal-CP-affine-localsigma,0.2,0.8,0.7547806524184477,0.04521934758155233,30.154944116092736,0.39506018750349975,41.00443267076764,12.190053356949889,10.124799840942085,0.4639048673560974,0.0010001659393310547,D1,0,49,50
TransferCal-CP-affine-localsigma,0.3,0.7,0.6321709786276716,0.06782902137232838,24.006885129802946,0.31451441276900044,37.52718034155394,12.190053356949889,10.124799840942085,0.4639048673560974,0.0,D1,0,49,50
AdaptiveJackknifeCP,0.05,0.95,0.9932508436445444,0.04325084364454446,55.953798952735355,0.7330512111280604,57.40999486082896,11.07503427907313,8.957320552089755,0.5574923233678329,0.0010001659393310547,D1,0,49,50
AdaptiveJackknifeCP,0.1,0.9,0.9482564679415073,0.048256467941507286,43.02303949868916,0.5636452180407796,46.66963454442167,11.07503427907313,8.957320552089755,0.5574923233678329,0.0009999275207519531,D1,0,49,50
AdaptiveJackknifeCP,0.2,0.8,0.8650168728908887,0.06501687289088864,32.567444536718135,0.4266663766861191,38.88491892718655,11.07503427907313,8.957320552089755,0.5574923233678329,0.0009999275207519531,D1,0,49,50
AdaptiveJackknifeCP,0.3,0.7,0.7255343082114736,0.025534308211473622,25.209928548602253,0.3302754951565505,34.25462193269353,11.07503427907313,8.957320552089755,0.5574923233678329,0.0010013580322265625,D1,0,49,50
AdaptiveSplitCP,0.05,0.95,0.9887514060742407,0.03875140607424077,58.046725587407074,0.760470661336334,59.26025693366716,12.625089269551745,10.358836967117574,0.42495799954565283,0.0009987354278564453,D1,0,49,50
AdaptiveSplitCP,0.1,0.9,0.9167604049493814,0.016760404949381358,44.78901792870311,0.5867813169505477,50.47750910233187,12.625089269551745,10.358836967117574,0.42495799954565283,0.0009999275207519531,D1,0,49,50
AdaptiveSplitCP,0.2,0.8,0.7536557930258717,0.04634420697412833,29.916155498214152,0.3919318157250732,43.56026698865522,12.625089269551745,10.358836967117574,0.42495799954565283,0.0010001659393310547,D1,0,49,50
AdaptiveSplitCP,0.3,0.7,0.6546681664791901,0.04533183352080983,25.318771998100395,0.3317014541436314,38.92576830625853,12.625089269551745,10.358836967117574,0.42495799954565283,0.0009996891021728516,D1,0,49,50
SplitCP,0.1,0.9,0.0,0.9,3.1489890980081574,0.07617293413755268,334.8782334824586,19.321469577257687,18.160956768226598,-5.308401219742179,0.0,D2,1,49,10
SplitCP,0.2,0.8,0.0,0.8,2.083144235541091,0.0503905233439087,173.27699074010164,19.321469577257687,18.160956768226598,-5.308401219742179,0.0010001659393310547,D2,1,49,10
SplitCP,0.3,0.7,0.0,0.7,1.6529602440497229,0.039984524519832546,117.21613788539466,19.321469577257687,18.160956768226598,-5.308401219742179,0.0010001659393310547,D2,1,49,10
TargetOnlyCP,0.1,0.9,0.9032258064516129,0.003225806451612856,29.179999999999993,0.705853894362396,38.756344086021514,8.800074657552322,6.73010752688172,-0.30861444325185805,0.0,D2,1,49,10
TargetOnlyCP,0.2,0.8,0.8817204301075269,0.08172043010752683,27.840000000000003,0.6734397676164877,33.36150537634408,8.800074657552322,6.73010752688172,-0.30861444325185805,0.0,D2,1,49,10
TargetOnlyCP,0.3,0.7,0.8709677419354839,0.17096774193548392,27.020000000000003,0.6536042572197377,31.034336917562733,8.800074657552322,6.73010752688172,-0.30861444325185805,0.0,D2,1,49,10
TransferCal-CP-affine-localsigma,0.1,0.9,0.8924731182795699,0.007526881720430145,31.164458908582024,0.7538572545003253,40.808389998029206,10.951543503778781,9.466727186344167,-1.0267009052499296,0.0,D2,1,49,10
TransferCal-CP-affine-localsigma,0.2,0.8,0.6559139784946236,0.14408602150537642,23.74980491426543,0.5744993930459708,35.73408039860869,10.951543503778781,9.466727186344167,-1.0267009052499296,0.0,D2,1,49,10
TransferCal-CP-affine-localsigma,0.3,0.7,0.6021505376344086,0.09784946236559133,22.22593171251843,0.5376374384891643,32.078110662143786,10.951543503778781,9.466727186344167,-1.0267009052499296,0.0009999275207519531,D2,1,49,10
AdaptiveJackknifeCP,0.1,0.9,0.9139784946236559,0.013978494623655857,15.608743541249861,0.37756999364959265,21.644213080749104,4.765318387729975,3.5029072352409014,0.6162725730993788,0.0,D2,1,49,10
AdaptiveJackknifeCP,0.2,0.8,0.7311827956989247,0.0688172043010753,10.110032458421797,0.24455811456159204,17.690475226596234,4.765318387729975,3.5029072352409014,0.6162725730993788,0.0,D2,1,49,10
AdaptiveJackknifeCP,0.3,0.7,0.6989247311827957,0.0010752688172042113,9.064951821867881,0.219277983059388,15.119155211159411,4.765318387729975,3.5029072352409014,0.6162725730993788,0.0,D2,1,49,10
AdaptiveSplitCP,0.1,0.9,0.9032258064516129,0.003225806451612856,29.179999999999993,0.705853894362396,38.756344086021514,8.800074657552322,6.73010752688172,-0.30861444325185805,0.0,D2,1,49,10
AdaptiveSplitCP,0.2,0.8,0.8817204301075269,0.08172043010752683,27.840000000000003,0.6734397676164877,33.36150537634408,8.800074657552322,6.73010752688172,-0.30861444325185805,0.0,D2,1,49,10
AdaptiveSplitCP,0.3,0.7,0.8709677419354839,0.17096774193548392,27.020000000000003,0.6536042572197377,31.034336917562733,8.800074657552322,6.73010752688172,-0.30861444325185805,0.0010006427764892578,D2,1,49,10
SplitCP,0.1,0.9,0.0,0.9,3.1489890980081583,0.0761729341375527,327.37110936528063,18.8944688791142,17.7856005623677,-5.183082210751774,0.0010001659393310547,D2,1,49,15
SplitCP,0.2,0.8,0.0,0.8,2.0831442355410914,0.05039052334390871,169.52342868151266,18.8944688791142,17.7856005623677,-5.183082210751774,0.0,D2,1,49,15
SplitCP,0.3,0.7,0.0,0.7,1.6529602440497229,0.039984524519832546,114.71376317966866,18.8944688791142,17.7856005623677,-5.183082210751774,0.0,D2,1,49,15
TargetOnlyCP,0.1,0.9,0.9659090909090909,0.06590909090909092,34.2543022871771,0.8285994745740469,34.73088159804834,7.780293885090943,6.53183770494351,-0.04840153425637528,0.0,D2,1,49,15
TargetOnlyCP,0.2,0.8,0.8977272727272727,0.09772727272727266,23.305125846944097,0.5637427634568618,26.626200446112907,7.780293885090943,6.53183770494351,-0.04840153425637528,0.0,D2,1,49,15
TargetOnlyCP,0.3,0.7,0.7613636363636364,0.0613636363636364,19.16744646808411,0.46365376060589186,23.777065123990226,7.780293885090943,6.53183770494351,-0.04840153425637528,0.0,D2,1,49,15
TransferCal-CP-affine-localsigma,0.1,0.9,1.0,0.09999999999999998,42.88144407540073,1.0372869875430057,42.88144407540073,8.225125363917506,6.5954488718824855,-0.17171150975728633,0.0,D2,1,49,15
TransferCal-CP-affine-localsigma,0.2,0.8,0.8409090909090909,0.040909090909090895,23.56026837618698,0.5699145711293622,28.77247996402915,8.225125363917506,6.5954488718824855,-0.17171150975728633,0.0,D2,1,49,15
TransferCal-CP-affine-localsigma,0.3,0.7,0.8295454545454546,0.12954545454545463,22.5059461013018,0.5444108876598376,26.548666399708747,8.225125363917506,6.5954488718824855,-0.17171150975728633,0.0009992122650146484,D2,1,49,15
AdaptiveJackknifeCP,0.1,0.9,1.0,0.09999999999999998,35.292293894868315,0.8537081249717279,35.292293894868315,5.444314534813103,3.990235423229795,0.4866399606323575,0.0,D2,1,49,15
AdaptiveJackknifeCP,0.2,0.8,0.9090909090909091,0.10909090909090902,20.3655619540982,0.4926357510685012,22.42185785778062,5.444314534813103,3.990235423229795,0.4866399606323575,0.0,D2,1,49,15
AdaptiveJackknifeCP,0.3,0.7,0.8522727272727273,0.15227272727272734,16.997054130505123,0.41115273648750833,19.614456462425128,5.444314534813103,3.990235423229795,0.4866399606323575,0.0,D2,1,49,15
AdaptiveSplitCP,0.1,0.9,0.9545454545454546,0.054545454545454564,83.82715153599476,2.027749190027026,92.16647248152674,21.83842412108504,17.555899491000385,-7.259965554469009,0.0,D2,1,49,15
AdaptiveSplitCP,0.2,0.8,0.9204545454545454,0.12045454545454537,73.92499259324313,1.78821946239383,81.22200934409526,21.83842412108504,17.555899491000385,-7.259965554469009,0.0010001659393310547,D2,1,49,15
AdaptiveSplitCP,0.3,0.7,0.7727272727272727,0.07272727272727275,52.18510599713215,1.262339283611726,66.76777324758255,21.83842412108504,17.555899491000385,-7.259965554469009,0.0,D2,1,49,15
SplitCP,0.05,0.95,0.012048192771084338,0.9379518072289156,4.706306021651742,0.11686878620519132,634.4148934273821,19.266741054260265,18.09295331509717,-5.425014820121473,0.0,D2,1,49,20
SplitCP,0.1,0.9,0.0,0.9,3.148989098008158,0.07819689836667965,333.51816441986995,19.266741054260265,18.09295331509717,-5.425014820121473,0.0,D2,1,49,20
SplitCP,0.2,0.8,0.0,0.8,2.083144235541091,0.05172943220818964,172.5969562088073,19.266741054260265,18.09295331509717,-5.425014820121473,0.0,D2,1,49,20
SplitCP,0.3,0.7,0.0,0.7,1.6529602440497229,0.04104693925103684,116.76278153119844,19.266741054260265,18.09295331509717,-5.425014820121473,0.0010004043579101562,D2,1,49,20
TargetOnlyCP,0.1,0.9,0.7710843373493976,0.1289156626506024,13.32824833012688,0.3309721461836891,26.964653725839508,5.4715191272049575,4.106494481841922,0.4818285791429675,0.0,D2,1,49,20
TargetOnlyCP,0.2,0.8,0.7349397590361446,0.06506024096385543,11.755831026806918,0.2919252799574787,20.51548777137724,5.4715191272049575,4.106494481841922,0.4818285791429675,0.0,D2,1,49,20
TargetOnlyCP,0.3,0.7,0.7349397590361446,0.03493975903614466,11.346068202434466,0.28174989321124827,17.547878808701995,5.4715191272049575,4.106494481841922,0.4818285791429675,0.0,D2,1,49,20
TransferCal-CP-affine-localsigma,0.1,0.9,0.9518072289156626,0.051807228915662584,25.8646126366286,0.6422799262529377,28.800562590775087,6.714727327372258,5.39875588408435,0.21960518413956853,0.0,D2,1,49,20
TransferCal-CP-affine-localsigma,0.2,0.8,0.8554216867469879,0.055421686746987886,18.266059014688206,0.45358974447857736,23.066130918032464,6.714727327372258,5.39875588408435,0.21960518413956853,0.0,D2,1,49,20
TransferCal-CP-affine-localsigma,0.3,0.7,0.6987951807228916,0.00120481927710836,15.690168035575663,0.3896242371909467,20.807564452764794,6.714727327372258,5.39875588408435,0.21960518413956853,0.0009975433349609375,D2,1,49,20
AdaptiveJackknifeCP,0.05,0.95,0.9036144578313253,0.04638554216867463,18.22595965502443,0.45259398188474026,29.353647203035788,5.156817614048407,3.741161104121133,0.539721005217467,0.0,D2,1,49,20
AdaptiveJackknifeCP,0.1,0.9,0.8795180722891566,0.02048192771084345,15.878817214960918,0.3943088455678627,23.93027222511678,5.156817614048407,3.741161104121133,0.539721005217467,0.0,D2,1,49,20
AdaptiveJackknifeCP,0.2,0.8,0.8072289156626506,0.0072289156626506035,12.009655126058377,0.2982283368034789,18.868582155836844,5.156817614048407,3.741161104121133,0.539721005217467,0.0,D2,1,49,20
AdaptiveJackknifeCP,0.3,0.7,0.6024096385542169,0.09759036144578304,7.4314979683934395,0.18454179206724663,16.4071353012883,5.156817614048407,3.741161104121133,0.539721005217467,0.0,D2,1,49,20
AdaptiveSplitCP,0.1,0.9,0.9397590361445783,0.03975903614457832,18.066695271337906,0.44863906796254077,24.27809495935416,5.158993209680146,3.766575943069577,0.5393325516089329,0.0,D2,1,49,20
AdaptiveSplitCP,0.2,0.8,0.8433734939759037,0.04337349397590362,13.040912627143998,0.3238369164118607,18.909328865816608,5.158993209680146,3.766575943069577,0.5393325516089329,0.0010037422180175781,D2,1,49,20
AdaptiveSplitCP,0.3,0.7,0.6867469879518072,0.013253012048192736,8.74478223648835,0.21715376792443042,15.71915847377673,5.158993209680146,3.766575943069577,0.5393325516089329,0.0,D2,1,49,20
SplitCP,0.05,0.95,0.0,0.95,4.706306021651741,0.11384388051556125,632.3958770785483,19.233470822932546,18.045392287248287,-5.262193062897057,0.0010001659393310547,D2,1,49,30
SplitCP,0.1,0.9,0.0,0.9,3.1489890980081583,0.0761729341375527,332.56694386289223,19.233470822932546,18.045392287248287,-5.262193062897057,0.0,D2,1,49,30
SplitCP,0.2,0.8,0.0,0.8,2.0831442355410914,0.05039052334390871,172.12134593031848,19.233470822932546,18.045392287248287,-5.262193062897057,0.0,D2,1,49,30
SplitCP,0.3,0.7,0.0,0.7,1.6529602440497229,0.039984524519832546,116.44570801220587,19.233470822932546,18.045392287248287,-5.262193062897057,0.0,D2,1,49,30
TargetOnlyCP,0.1,0.9,0.9726027397260274,0.07260273972602738,28.71990640238755,0.6947243927295671,30.320211646899406,5.037100044458953,3.862681366771614,0.5704909884963854,0.0,D2,1,49,30
TargetOnlyCP,0.2,0.8,0.9315068493150684,0.1315068493150684,16.95432015067614,0.4101190166080055,19.792736440821095,5.037100044458953,3.862681366771614,0.5704909884963854,0.0,D2,1,49,30
TargetOnlyCP,0.3,0.7,0.9315068493150684,0.23150684931506849,16.912732787037953,0.40911303296920226,18.81450514568212,5.037100044458953,3.862681366771614,0.5704909884963854,0.00099945068359375,D2,1,49,30
TransferCal-CP-affine-localsigma,0.1,0.9,0.9726027397260274,0.07260273972602738,27.63255696098568,0.6684217937663633,30.098181172936684,6.702209661470216,5.418453038748575,0.23959117968853083,0.0,D2,1,49,30
TransferCal-CP-affine-localsigma,0.2,0.8,0.8082191780821918,0.008219178082191747,17.06553400895733,0.412809240561907,22.618648245980076,6.702209661470216,5.418453038748575,0.23959117968853083,0.0010001659393310547,D2,1,49,30
TransferCal-CP-affine-localsigma,0.3,0.7,0.7671232876712328,0.06712328767123288,16.32562782794579,0.39491117135937776,20.572081369187003,6.702209661470216,5.418453038748575,0.23959117968853083,0.0,D2,1,49,30
AdaptiveJackknifeCP,0.05,0.95,0.9863013698630136,0.03630136986301369,32.76928410292939,0.7926774091679394,33.92140517743532,4.323988208524323,3.301021097331383,0.6834953253800455,0.0,D2,1,49,30
AdaptiveJackknifeCP,0.1,0.9,0.9863013698630136,0.08630136986301362,23.41417715721434,0.5663806761381357,25.27175919388032,4.323988208524323,3.301021097331383,0.6834953253800455,0.0010001659393310547,D2,1,49,30
AdaptiveJackknifeCP,0.2,0.8,0.8767123287671232,0.0767123287671232,11.543340160611663,0.27922932166955416,15.462204212832843,4.323988208524323,3.301021097331383,0.6834953253800455,0.0,D2,1,49,30
AdaptiveJackknifeCP,0.3,0.7,0.726027397260274,0.026027397260274032,8.517023851682893,0.20602379897490697,12.976774163180908,4.323988208524323,3.301021097331383,0.6834953253800455,0.0,D2,1,49,30
AdaptiveSplitCP,0.1,0.9,0.9863013698630136,0.08630136986301362,32.2242945511324,0.779494304386489,34.26513036352158,5.191758299475015,3.652180539894102,0.5437109376761717,0.0010006427764892578,D2,1,49,30
AdaptiveSplitCP,0.2,0.8,0.821917808219178,0.021917808219177992,14.254828201287266,0.34481925974453487,19.178839958550444,5.191758299475015,3.652180539894102,0.5437109376761717,0.0010001659393310547,D2,1,49,30
AdaptiveSplitCP,0.3,0.7,0.821917808219178,0.12191780821917808,13.209037456173249,0.3195219509670544,17.11250098779538,5.191758299475015,3.652180539894102,0.5437109376761717,0.0010020732879638672,D2,1,49,30
SplitCP,0.1,0.9,0.0,0.9,2.843949935013626,0.10059957318739406,187.12437188132418,11.732197274573492,10.635996064822342,-1.1960659354848269,0.0,D3,2,49,10
SplitCP,0.2,0.8,0.0,0.8,2.0187873346417358,0.07141094212690578,98.28481130965645,11.732197274573492,10.635996064822342,-1.1960659354848269,0.0009999275207519531,D3,2,49,10
SplitCP,0.3,0.7,0.0,0.7,1.5188914123114472,0.05372803012996699,67.36256047008891,11.732197274573492,10.635996064822342,-1.1960659354848269,0.0,D3,2,49,10
TargetOnlyCP,0.1,0.9,1.0,0.09999999999999998,40.41999999999999,1.429784223052782,40.41999999999999,8.0556238740398,6.3164,-0.03534483708416136,0.0009996891021728516,D3,2,49,10
TargetOnlyCP,0.2,0.8,0.76,0.040000000000000036,22.41999999999999,0.7930668550431313,27.968000000000004,8.0556238740398,6.3164,-0.03534483708416136,0.0,D3,2,49,10
TargetOnlyCP,0.3,0.7,0.64,0.05999999999999994,17.820000000000007,0.6303501943295545,26.227999999999998,8.0556238740398,6.3164,-0.03534483708416136,0.0,D3,2,49,10
TransferCal-CP-affine-localsigma,0.1,0.9,0.88,0.020000000000000018,15.132612923229075,0.5352887484215135,16.744974378338096,4.82820503679127,4.142191099540086,0.6280726882985688,0.0009996891021728516,D3,2,49,10
TransferCal-CP-affine-localsigma,0.2,0.8,0.72,0.08000000000000007,12.081569037372162,0.4273636021612496,15.44312158520697,4.82820503679127,4.142191099540086,0.6280726882985688,0.0,D3,2,49,10
TransferCal-CP-affine-localsigma,0.3,0.7,0.56,0.1399999999999999,9.53094716111677,0.3371399772814068,14.65269149337415,4.82820503679127,4.142191099540086,0.6280726882985688,0.0,D3,2,49,10
AdaptiveJackknifeCP,0.1,0.9,0.92,0.020000000000000018,13.672634955248984,0.4836446745812712,14.215418755993351,4.425485980849226,3.798221145342794,0.6875298037750571,0.0,D3,2,49,10
AdaptiveJackknifeCP,0.2,0.8,0.72,0.08000000000000007,10.862771286466506,0.384250841267209,13.85017731991486,4.425485980849226,3.798221145342794,0.6875298037750571,0.0,D3,2,49,10
AdaptiveJackknifeCP,0.3,0.7,0.56,0.1399999999999999,8.819859598858157,0.31198654388886776,13.232495854505368,4.425485980849226,3.798221145342794,0.6875298037750571,0.0010008811950683594,D3,2,49,10
AdaptiveSplitCP,0.1,0.9,1.0,0.09999999999999998,40.41999999999999,1.429784223052782,40.41999999999999,8.0556238740398,6.3164,-0.03534483708416136,0.0,D3,2,49,10
AdaptiveSplitCP,0.2,0.8,0.76,0.040000000000000036,22.41999999999999,0.7930668550431313,27.968000000000004,8.0556238740398,6.3164,-0.03534483708416136,0.0,D3,2,49,10
AdaptiveSplitCP,0.3,0.7,0.64,0.05999999999999994,17.820000000000007,0.6303501943295545,26.227999999999998,8.0556238740398,6.3164,-0.03534483708416136,0.0,D3,2,49,10
SplitCP,0.1,0.9,0.08670520231213873,0.8132947976878613,3.990461780927546,0.06886846440812276,216.96276561749823,14.531048586317803,12.570307144185106,-0.3715177203236897,0.0010008811950683594,D4,3,49,10
SplitCP,0.2,0.8,0.04046242774566474,0.7595375722543353,2.1035294747547937,0.03630327834637592,117.42077680418203,14.531048586317803,12.570307144185106,-0.3715177203236897,0.0010001659393310547,D4,3,49,10
SplitCP,0.3,0.7,0.017341040462427744,0.6826589595375722,1.47342394656539,0.025428747396379774,80.38684698937782,14.531048586317803,12.570307144185106,-0.3715177203236897,0.0,D4,3,49,10
TargetOnlyCP,0.1,0.9,0.9710982658959537,0.0710982658959537,62.944046604800285,1.0863053128398363,66.49810425775293,12.858296074045521,9.970235889381986,-0.07392599910892317,0.001007080078125,D4,3,49,10
TargetOnlyCP,0.2,0.8,0.9710982658959537,0.17109826589595367,62.82930838652929,1.0843251297595187,64.62291788038581,12.858296074045521,9.970235889381986,-0.07392599910892317,0.0,D4,3,49,10
TargetOnlyCP,0.3,0.7,0.8497109826589595,0.14971098265895955,36.05045294618676,0.6221684285982755,43.373786605346304,12.858296074045521,9.970235889381986,-0.07392599910892317,0.0,D4,3,49,10
TransferCal-CP-affine-localsigma,0.1,0.9,0.9710982658959537,0.0710982658959537,55.63441145519368,0.9601536602809603,59.18119145941533,11.732398844441589,8.75946339905692,0.10591017956708104,0.0,D4,3,49,10
TransferCal-CP-affine-localsigma,0.2,0.8,0.9595375722543352,0.15953757225433518,49.55286022100989,0.8551966107687083,52.43818592004408,11.732398844441589,8.75946339905692,0.10591017956708104,0.0,D4,3,49,10
TransferCal-CP-affine-localsigma,0.3,0.7,0.8670520231213873,0.16705202312138734,36.265531024695846,0.625880304017197,41.73493330088231,11.732398844441589,8.75946339905692,0.10591017956708104,0.0,D4,3,49,10
AdaptiveJackknifeCP,0.1,0.9,0.8959537572254336,0.004046242774566444,17.89192727854423,0.30878370089005913,23.70715581219926,5.601594429038722,4.423500634407017,0.7961874905052351,0.0,D4,3,49,10
AdaptiveJackknifeCP,0.2,0.8,0.8670520231213873,0.06705202312138725,16.14550180939315,0.2786434196728528,20.150133671850842,5.601594429038722,4.423500634407017,0.7961874905052351,0.0,D4,3,49,10
AdaptiveJackknifeCP,0.3,0.7,0.6878612716763006,0.012138728323699333,10.963842950502281,0.18921695519594892,17.21722132527992,5.601594429038722,4.423500634407017,0.7961874905052351,0.0009996891021728516,D4,3,49,10
AdaptiveSplitCP,0.1,0.9,0.9710982658959537,0.0710982658959537,62.944046604800285,1.0863053128398363,66.49810425775293,12.858296074045521,9.970235889381986,-0.07392599910892317,0.0009999275207519531,D4,3,49,10
AdaptiveSplitCP,0.2,0.8,0.9710982658959537,0.17109826589595367,62.82930838652929,1.0843251297595187,64.62291788038581,12.858296074045521,9.970235889381986,-0.07392599910892317,0.0010001659393310547,D4,3,49,10
AdaptiveSplitCP,0.3,0.7,0.8497109826589595,0.14971098265895955,36.05045294618676,0.6221684285982755,43.373786605346304,12.858296074045521,9.970235889381986,-0.07392599910892317,0.0,D4,3,49,10
SplitCP,0.1,0.9,0.08928571428571429,0.8107142857142857,3.9904617809275464,0.06982125289910336,215.0926344462388,14.464297788039907,12.471216395550435,-0.4165759711997641,0.0010008811950683594,D4,3,49,15
SplitCP,0.2,0.8,0.047619047619047616,0.7523809523809524,2.1035294747547937,0.03680553066302859,116.45741863402479,14.464297788039907,12.471216395550435,-0.4165759711997641,0.0009996891021728516,D4,3,49,15
SplitCP,0.3,0.7,0.023809523809523808,0.6761904761904761,1.47342394656539,0.025780551637516094,79.73016880581376,14.464297788039907,12.471216395550435,-0.4165759711997641,0.0009996891021728516,D4,3,49,15
TargetOnlyCP,0.1,0.9,0.8630952380952381,0.036904761904761885,64.09863270812885,1.1215360753964485,81.9002814207025,20.150659929797857,16.22844533401897,-1.7493099859647288,0.0,D4,3,49,15
TargetOnlyCP,0.2,0.8,0.6666666666666666,0.13333333333333341,39.885833572069885,0.6978838605189495,75.15895544454439,20.150659929797857,16.22844533401897,-1.7493099859647288,0.0,D4,3,49,15
TargetOnlyCP,0.3,0.7,0.5476190476190477,0.15238095238095228,28.868006375158252,0.5051045428993796,66.98086105339382,20.150659929797857,16.22844533401897,-1.7493099859647288,0.0,D4,3,49,15
TransferCal-CP-affine-localsigma,0.1,0.9,0.9821428571428571,0.08214285714285707,40.540733941369865,0.7093426757686426,41.73712935767916,9.205011693745629,7.2475685013635385,0.42628810934162575,0.0010030269622802734,D4,3,49,15
TransferCal-CP-affine-localsigma,0.2,0.8,0.7678571428571429,0.03214285714285714,21.830159425580547,0.3819630824097044,33.44229353433401,9.205011693745629,7.2475685013635385,0.42628810934162575,0.0010004043579101562,D4,3,49,15
TransferCal-CP-affine-localsigma,0.3,0.7,0.7261904761904762,0.02619047619047621,19.74531424597265,0.34548447152897477,29.185753206371416,9.205011693745629,7.2475685013635385,0.42628810934162575,0.0009987354278564453,D4,3,49,15
AdaptiveJackknifeCP,0.1,0.9,0.9464285714285714,0.046428571428571375,17.13493382024411,0.2998105515985108,19.41086993592473,4.357697320336212,3.4587074956251604,0.8714241852806057,0.0009989738464355469,D4,3,49,15
AdaptiveJackknifeCP,0.2,0.8,0.8333333333333334,0.033333333333333326,11.308845452926036,0.19787127448244574,15.384908355605402,4.357697320336212,3.4587074956251604,0.8714241852806057,0.0,D4,3,49,15
AdaptiveJackknifeCP,0.3,0.7,0.7916666666666666,0.09166666666666667,10.631917637196821,0.18602704421256427,13.791580161992332,4.357697320336212,3.4587074956251604,0.8714241852806057,0.0,D4,3,49,15
AdaptiveSplitCP,0.1,0.9,0.8392857142857143,0.06071428571428572,15.131363357966848,0.26475400736183907,24.504831641804593,5.219649210897449,3.798188509119714,0.8155291299938059,0.0,D4,3,49,15
AdaptiveSplitCP,0.2,0.8,0.8095238095238095,0.00952380952380949,14.103873875912484,0.24677598704334575,19.671775410657126,5.219649210897449,3.798188509119714,0.8155291299938059,0.0,D4,3,49,15
AdaptiveSplitCP,0.3,0.7,0.7083333333333334,0.008333333333333415,10.034553175764827,0.17557493680636702,16.880729608217763,5.219649210897449,3.798188509119714,0.8155291299938059,0.0,D4,3,49,15
SplitCP,0.05,0.95,0.09815950920245399,0.851840490797546,5.295311912607942,0.09138791949501694,395.794203200615,14.222493616366371,12.27180936517403,-0.3422593862697867,0.0010008811950683594,D4,3,49,20
SplitCP,0.1,0.9,0.09202453987730061,0.8079754601226994,3.990461780927547,0.06886846440812278,211.0728119201423,14.222493616366371,12.27180936517403,-0.3422593862697867,0.00099945068359375,D4,3,49,20
SplitCP,0.2,0.8,0.04294478527607362,0.7570552147239265,2.1035294747547937,0.03630327834637592,114.43877135920211,14.222493616366371,12.27180936517403,-0.3422593862697867,0.0,D4,3,49,20
SplitCP,0.3,0.7,0.018404907975460124,0.6815950920245398,1.47342394656539,0.025428747396379774,78.39484988674678,14.222493616366371,12.27180936517403,-0.3422593862697867,0.000997781753540039,D4,3,49,20
TargetOnlyCP,0.1,0.9,0.9877300613496932,0.08773006134969319,49.5864229673807,0.8557758456870641,49.95793489737002,11.00281400351945,8.73815318361449,0.1966727527267833,0.0,D4,3,49,20
TargetOnlyCP,0.2,0.8,0.7239263803680982,0.07607361963190185,24.8687965552775,0.4291923903708905,39.97555012226588,11.00281400351945,8.73815318361449,0.1966727527267833,0.0,D4,3,49,20
TargetOnlyCP,0.3,0.7,0.6809815950920245,0.01901840490797546,21.350940681344287,0.36848028602126265,34.9693672426597,11.00281400351945,8.73815318361449,0.1966727527267833,0.0009984970092773438,D4,3,49,20
TransferCal-CP-affine-localsigma,0.1,0.9,0.8834355828220859,0.016564417177914126,30.388883588124482,0.5244595394432963,37.55220814192721,8.988622156627542,7.135304747354197,0.4638686483575569,0.0,D4,3,49,20
TransferCal-CP-affine-localsigma,0.2,0.8,0.7607361963190185,0.03926380368098159,20.855855430820643,0.3599359713964152,32.47864054180361,8.988622156627542,7.135304747354197,0.4638686483575569,0.0009996891021728516,D4,3,49,20
TransferCal-CP-affine-localsigma,0.3,0.7,0.7300613496932515,0.030061349693251582,19.493199202758404,0.3364188831257444,28.381866699362632,8.988622156627542,7.135304747354197,0.4638686483575569,0.0009999275207519531,D4,3,49,20
AdaptiveJackknifeCP,0.05,0.95,1.0,0.050000000000000044,32.88160989603895,0.5674796815823085,32.88160989603895,3.7336130434734307,2.8152727439109606,0.9074996097913081,0.0009999275207519531,D4,3,49,20
AdaptiveJackknifeCP,0.1,0.9,0.9877300613496932,0.08773006134969319,21.725253415228554,0.37494027601896757,22.100838270827683,3.7336130434734307,2.8152727439109606,0.9074996097913081,0.0010001659393310547,D4,3,49,20
AdaptiveJackknifeCP,0.2,0.8,0.9754601226993865,0.1754601226993865,19.74213208113375,0.3407150338009225,20.142487003513942,3.7336130434734307,2.8152727439109606,0.9074996097913081,0.0010001659393310547,D4,3,49,20
AdaptiveJackknifeCP,0.3,0.7,0.803680981595092,0.10368098159509209,9.251328666787344,0.15966192235235396,12.106660085469093,3.7336130434734307,2.8152727439109606,0.9074996097913081,0.0010037422180175781,D4,3,49,20
AdaptiveSplitCP,0.1,0.9,0.9938650306748467,0.09386503067484664,27.875390712754605,0.48108100228882067,27.895047513947514,5.501611981644141,4.576554771239251,0.7991532221017521,0.00099945068359375,D4,3,49,20
AdaptiveSplitCP,0.2,0.8,0.9447852760736196,0.14478527607361957,20.852728560404728,0.35988200702442785,21.49835877043477,5.501611981644141,4.576554771239251,0.7991532221017521,0.0,D4,3,49,20
AdaptiveSplitCP,0.3,0.7,0.7300613496932515,0.030061349693251582,12.466873507716898,0.2151566614546555,16.837566074507446,5.501611981644141,4.576554771239251,0.7991532221017521,0.0,D4,3,49,20
SplitCP,0.05,0.95,0.0915032679738562,0.8584967320261437,5.295311912607942,0.09138791949501694,410.5986783681091,14.621627426599971,12.6428356577971,-0.3361669716292017,0.0,D4,3,49,30
SplitCP,0.1,0.9,0.08496732026143791,0.8150326797385621,3.990461780927546,0.06886846440812276,218.56616737590033,14.621627426599971,12.6428356577971,-0.3361669716292017,0.0,D4,3,49,30
SplitCP,0.2,0.8,0.0457516339869281,0.754248366013072,2.1035294747547937,0.03630327834637592,118.19787697731056,14.621627426599971,12.6428356577971,-0.3361669716292017,0.0,D4,3,49,30
SplitCP,0.3,0.7,0.032679738562091505,0.6673202614379085,1.47342394656539,0.025428747396379774,80.88037016913452,14.621627426599971,12.6428356577971,-0.3361669716292017,0.0,D4,3,49,30
TargetOnlyCP,0.1,0.9,0.9869281045751634,0.08692810457516342,54.35675089565175,0.9381034501546468,55.209894660521876,9.24696041686715,7.060242503322927,0.4655989502881669,0.0,D4,3,49,30
TargetOnlyCP,0.2,0.8,0.9281045751633987,0.12810457516339868,35.142940584301705,0.6065063357815677,38.73761367185047,9.24696041686715,7.060242503322927,0.4655989502881669,0.0,D4,3,49,30
TargetOnlyCP,0.3,0.7,0.8888888888888888,0.18888888888888888,29.888897391762505,0.5158306429749021,33.84354982771407,9.24696041686715,7.060242503322927,0.4655989502881669,0.0,D4,3,49,30
TransferCal-CP-affine-localsigma,0.1,0.9,0.9150326797385621,0.015032679738562038,31.891054949042477,0.5503844174608564,41.940449264115045,9.733098274805396,7.536389103706043,0.40793209094169813,0.0,D4,3,49,30
TransferCal-CP-affine-localsigma,0.2,0.8,0.7973856209150327,0.002614379084967311,24.397338904050883,0.4210558472197642,34.39202848629447,9.733098274805396,7.536389103706043,0.40793209094169813,0.0,D4,3,49,30
TransferCal-CP-affine-localsigma,0.3,0.7,0.7712418300653595,0.07124183006535956,23.394918100832328,0.40375579895508135,30.79134402639381,9.733098274805396,7.536389103706043,0.40793209094169813,0.0,D4,3,49,30
AdaptiveJackknifeCP,0.05,0.95,0.9673202614379085,0.017320261437908546,15.450750828059794,0.2666532200776212,16.107542517371545,3.521284727457179,2.8461934783582987,0.9225053731145315,0.0,D4,3,49,30
AdaptiveJackknifeCP,0.1,0.9,0.9215686274509803,0.021568627450980316,12.03216519030012,0.2076543482063443,14.42352133738039,3.521284727457179,2.8461934783582987,0.9225053731145315,0.0,D4,3,49,30
AdaptiveJackknifeCP,0.2,0.8,0.8431372549019608,0.04313725490196074,10.356023503127592,0.1787270434323137,12.614927509025792,3.521284727457179,2.8461934783582987,0.9225053731145315,0.0,D4,3,49,30
AdaptiveJackknifeCP,0.3,0.7,0.7450980392156863,0.045098039215686336,7.493127924273918,0.12931842029531238,10.945188882870633,3.521284727457179,2.8461934783582987,0.9225053731145315,0.0,D4,3,49,30
AdaptiveSplitCP,0.1,0.9,0.9934640522875817,0.0934640522875817,24.5635764753017,0.4239248200072491,24.709140159885358,3.5237588811664495,2.6126753468726553,0.9223964350466844,0.0,D4,3,49,30
AdaptiveSplitCP,0.2,0.8,0.954248366013072,0.1542483660130719,14.601838310853651,0.2520024591666291,15.91131161724578,3.5237588811664495,2.6126753468726553,0.9223964350466844,0.0,D4,3,49,30
AdaptiveSplitCP,0.3,0.7,0.9477124183006536,0.2477124183006536,13.949045496393083,0.24073638491842367,14.921628485941415,3.5237588811664495,2.6126753468726553,0.9223964350466844,0.0,D4,3,49,30
SplitCP,0.05,0.95,0.09774436090225563,0.8522556390977443,5.295311912607943,0.09265226245166408,400.12180117739985,14.319859479794921,12.369224894658315,-0.29456339726035874,0.0,D4,3,49,50
SplitCP,0.1,0.9,0.09022556390977443,0.8097744360902256,3.990461780927546,0.06982125289910335,213.2567432341184,14.319859479794921,12.369224894658315,-0.29456339726035874,0.001001119613647461,D4,3,49,50
SplitCP,0.2,0.8,0.05263157894736842,0.7473684210526317,2.1035294747547937,0.03680553066302859,115.44693973999333,14.319859479794921,12.369224894658315,-0.29456339726035874,0.00099945068359375,D4,3,49,50
SplitCP,0.3,0.7,0.03007518796992481,0.6699248120300751,1.47342394656539,0.025780551637516094,79.04730473935857,14.319859479794921,12.369224894658315,-0.29456339726035874,0.00099945068359375,D4,3,49,50
TargetOnlyCP,0.05,0.95,0.9924812030075187,0.042481203007518786,43.83050877906303,0.7669039840917837,44.32937533665628,7.559302226672366,6.086920729105702,0.6392475998630724,0.0,D4,3,49,50
TargetOnlyCP,0.1,0.9,0.9097744360902256,0.009774436090225547,25.277499442859636,0.44228131433114753,31.01877126652539,7.559302226672366,6.086920729105702,0.6392475998630724,0.0,D4,3,49,50
TargetOnlyCP,0.2,0.8,0.7443609022556391,0.05563909774436093,16.970961951889567,0.2969415299370478,26.711511401072435,7.559302226672366,6.086920729105702,0.6392475998630724,0.0,D4,3,49,50
TargetOnlyCP,0.3,0.7,0.6992481203007519,0.0007518796992480592,15.08498822953197,0.2639425800763665,23.358276963394463,7.559302226672366,6.086920729105702,0.6392475998630724,0.0009996891021728516,D4,3,49,50
TransferCal-CP-affine-localsigma,0.05,0.95,0.9624060150375939,0.012406015037593976,38.10208916722905,0.6666736206933213,42.99737194006385,9.081770554499519,7.126684455989316,0.4793008580658358,0.0,D4,3,49,50
TransferCal-CP-affine-localsigma,0.1,0.9,0.9323308270676691,0.0323308270676691,34.92944720112061,0.6111617904252773,38.771888818615835,9.081770554499519,7.126684455989316,0.4793008580658358,0.0,D4,3,49,50
TransferCal-CP-affine-localsigma,0.2,0.8,0.8796992481203008,0.07969924812030071,29.413454258981602,0.5146482640851664,33.560085184623674,9.081770554499519,7.126684455989316,0.4793008580658358,0.0009999275207519531,D4,3,49,50
TransferCal-CP-affine-localsigma,0.3,0.7,0.8195488721804511,0.11954887218045118,25.948486248522904,0.4540215945348303,30.405283203577287,9.081770554499519,7.126684455989316,0.4793008580658358,0.0010001659393310547,D4,3,49,50
AdaptiveJackknifeCP,0.05,0.95,0.9699248120300752,0.019924812030075234,16.621578915440992,0.290828362417658,17.959347887722554,3.394551926812144,2.7048336974504417,0.9272537310349124,0.0,D4,3,49,50
AdaptiveJackknifeCP,0.1,0.9,0.8796992481203008,0.020300751879699264,10.22709312668819,0.17894381523313302,14.167960875826315,3.394551926812144,2.7048336974504417,0.9272537310349124,0.0,D4,3,49,50
AdaptiveJackknifeCP,0.2,0.8,0.7593984962406015,0.04060150375939853,8.35764473742739,0.1462340097183287,11.75025761492476,3.394551926812144,2.7048336974504417,0.9272537310349124,0.0,D4,3,49,50
AdaptiveJackknifeCP,0.3,0.7,0.6541353383458647,0.045864661654135275,6.215535414388425,0.10875344606620278,10.54092725060963,3.394551926812144,2.7048336974504417,0.9272537310349124,0.0,D4,3,49,50
AdaptiveSplitCP,0.05,0.95,0.9774436090225563,0.02744360902255638,15.601452720950364,0.27297917780575226,16.98434261323071,3.340135332123044,2.686712508278222,0.9295673647523375,0.0,D4,3,49,50
AdaptiveSplitCP,0.1,0.9,0.9548872180451128,0.05488721804511276,13.614669081548286,0.23821635321098836,14.97730437609123,3.340135332123044,2.686712508278222,0.9295673647523375,0.0,D4,3,49,50
AdaptiveSplitCP,0.2,0.8,0.6842105263157895,0.11578947368421055,7.021974777314113,0.12286374452232238,11.865681553110509,3.340135332123044,2.686712508278222,0.9295673647523375,0.0,D4,3,49,50
AdaptiveSplitCP,0.3,0.7,0.5939849624060151,0.1060150375939849,5.663790983949553,0.09909955397845803,10.514965517987418,3.340135332123044,2.686712508278222,0.9295673647523375,0.0,D4,3,49,50
SplitCP,0.1,0.9,0.09795479009687837,0.8020452099031217,3.4956881182987307,0.045797040715849086,170.44488797798255,12.079850490145974,10.003825808988216,0.4709163927225025,0.002000093460083008,D1,0,50,10
SplitCP,0.2,0.8,0.059203444564047365,0.7407965554359527,1.9544260994619977,0.025604953481015963,92.51593459693449,12.079850490145974,10.003825808988216,0.4709163927225025,0.0010001659393310547,D1,0,50,10
SplitCP,0.3,0.7,0.04413347685683531,0.6558665231431646,1.2897421388600274,0.01689692307993002,63.76434666418562,12.079850490145974,10.003825808988216,0.4709163927225025,0.00099945068359375,D1,0,50,10
TargetOnlyCP,0.1,0.9,0.9278794402583423,0.027879440258342325,80.6,1.0559413073423372,91.08417653390741,21.00876093330202,16.507104413347683,-0.6003024340242094,0.00099945068359375,D1,0,50,10
TargetOnlyCP,0.2,0.8,0.9235737351991389,0.12357373519913883,78.79999999999998,1.0323594915456098,84.71862217438104,21.00876093330202,16.507104413347683,-0.6003024340242094,0.0,D1,0,50,10
TargetOnlyCP,0.3,0.7,0.8923573735199138,0.1923573735199139,70.0,0.9170706143171663,76.57452457839972,21.00876093330202,16.507104413347683,-0.6003024340242094,0.0,D1,0,50,10
TransferCal-CP-affine-localsigma,0.1,0.9,0.9278794402583423,0.027879440258342325,62.44161868814753,0.8180481944185386,71.25118475946022,17.37960622804848,13.917884137977792,-0.09516877359837705,0.0010001659393310547,D1,0,50,10
TransferCal-CP-affine-localsigma,0.2,0.8,0.8966630785791173,0.09666307857911727,58.84560884487451,0.7709368379033821,64.86101326296922,17.37960622804848,13.917884137977792,-0.09516877359837705,0.0010001659393310547,D1,0,50,10
TransferCal-CP-affine-localsigma,0.3,0.7,0.8665231431646933,0.1665231431646933,54.48560919519052,0.7138164442296916,60.19140653528059,17.37960622804848,13.917884137977792,-0.09516877359837705,0.0009999275207519531,D1,0,50,10
AdaptiveJackknifeCP,0.1,0.9,0.9235737351991389,0.023573735199138857,66.84182567659855,0.8756953447902738,79.65040032381472,18.15819901313171,13.771071650803442,-0.1954921558972298,0.0010001659393310547,D1,0,50,10
AdaptiveJackknifeCP,0.2,0.8,0.8482238966630786,0.04822389666307858,51.49584514654934,0.6746475191903953,66.44001671070055,18.15819901313171,13.771071650803442,-0.1954921558972298,0.0019996166229248047,D1,0,50,10
AdaptiveJackknifeCP,0.3,0.7,0.8105489773950484,0.11054897739504843,47.29659285007031,0.6196330780017554,59.630943225731365,18.15819901313171,13.771071650803442,-0.1954921558972298,0.0010035037994384766,D1,0,50,10
AdaptiveSplitCP,0.1,0.9,0.9278794402583423,0.027879440258342325,80.6,1.0559413073423372,91.08417653390741,21.00876093330202,16.507104413347683,-0.6003024340242094,0.0009999275207519531,D1,0,50,10
AdaptiveSplitCP,0.2,0.8,0.9235737351991389,0.12357373519913883,78.79999999999998,1.0323594915456098,84.71862217438104,21.00876093330202,16.507104413347683,-0.6003024340242094,0.0009996891021728516,D1,0,50,10
AdaptiveSplitCP,0.3,0.7,0.8923573735199138,0.1923573735199139,70.0,0.9170706143171663,76.57452457839972,21.00876093330202,16.507104413347683,-0.6003024340242094,0.0010001659393310547,D1,0,50,10
SplitCP,0.1,0.9,0.10173160173160173,0.7982683982683982,3.4956881182987307,0.045797040715849086,168.87686502183595,11.976760962035224,9.922390112525886,0.4772438190962993,0.0010006427764892578,D1,0,50,15
SplitCP,0.2,0.8,0.06168831168831169,0.7383116883116884,1.9544260994619977,0.025604953481015963,91.70948548188943,11.976760962035224,9.922390112525886,0.4772438190962993,0.0010035037994384766,D1,0,50,15
SplitCP,0.3,0.7,0.045454545454545456,0.6545454545454545,1.2897421388600274,0.01689692307993002,63.22316694480741,11.976760962035224,9.922390112525886,0.4772438190962993,0.0009999275207519531,D1,0,50,15
TargetOnlyCP,0.1,0.9,0.9404761904761905,0.04047619047619044,74.6587974213842,0.9781055602201382,133.48880261331217,26.028193536413195,15.217929079144554,-1.4689282419347043,0.0,D1,0,50,15
TargetOnlyCP,0.2,0.8,0.933982683982684,0.13398268398268398,68.87308477081663,0.9023068880098726,100.08666062597479,26.028193536413195,15.217929079144554,-1.4689282419347043,0.0,D1,0,50,15
TargetOnlyCP,0.3,0.7,0.816017316017316,0.11601731601731602,40.53160868178593,0.5310049610438345,71.5726460652941,26.028193536413195,15.217929079144554,-1.4689282419347043,0.0,D1,0,50,15
TransferCal-CP-affine-localsigma,0.1,0.9,0.9945887445887446,0.09458874458874456,65.39258029609005,0.8567087683417132,65.60144770461477,12.30164101596767,10.132349767704744,0.44849873660786466,0.0009992122650146484,D1,0,50,15
TransferCal-CP-affine-localsigma,0.2,0.8,0.9902597402597403,0.19025974025974024,54.126649802161744,0.7091137140714086,54.63528219826335,12.30164101596767,10.132349767704744,0.44849873660786466,0.0009980201721191406,D1,0,50,15
TransferCal-CP-affine-localsigma,0.3,0.7,0.803030303030303,0.10303030303030303,33.383969069577404,0.43736367175689467,38.762488146440695,12.30164101596767,10.132349767704744,0.44849873660786466,0.0010008811950683594,D1,0,50,15
AdaptiveJackknifeCP,0.1,0.9,1.0,0.09999999999999998,118.9055938662878,1.5577832287529148,118.9055938662878,16.044741138974917,12.81962687805037,0.06182070885884783,0.001001119613647461,D1,0,50,15
AdaptiveJackknifeCP,0.2,0.8,0.9393939393939394,0.1393939393939394,61.14972898017929,0.8011231360168749,64.79178440272322,16.044741138974917,12.81962687805037,0.06182070885884783,0.0009987354278564453,D1,0,50,15
AdaptiveJackknifeCP,0.3,0.7,0.9393939393939394,0.2393939393939395,60.83660775794486,0.7970209321364425,63.3279015188801,16.044741138974917,12.81962687805037,0.06182070885884783,0.0009996891021728516,D1,0,50,15
AdaptiveSplitCP,0.1,0.9,0.9448051948051948,0.04480519480519474,185.40044556904655,2.428932864466884,215.32908832494925,45.60115643326885,34.03558465877827,-6.578305795694928,0.0010001659393310547,D1,0,50,15
AdaptiveSplitCP,0.2,0.8,0.8971861471861472,0.09718614718614715,145.34351376995173,1.9041466494289307,175.0649669981983,45.60115643326885,34.03558465877827,-6.578305795694928,0.0009996891021728516,D1,0,50,15
AdaptiveSplitCP,0.3,0.7,0.8041125541125541,0.10411255411255416,110.66199773515316,1.4497838034934538,147.0273284729515,45.60115643326885,34.03558465877827,-6.578305795694928,0.0,D1,0,50,15
SplitCP,0.05,0.95,0.16648531011969533,0.7835146898803046,5.848027948105881,0.07661506547019169,297.0829254955997,12.03510285698518,9.948288333316391,0.47720672619079374,0.0010006427764892578,D1,0,50,20
SplitCP,0.1,0.9,0.10119695321001088,0.7988030467899891,3.4956881182987307,0.045797040715849086,169.3924465667579,12.03510285698518,9.948288333316391,0.47720672619079374,0.0010001659393310547,D1,0,50,20
SplitCP,0.2,0.8,0.062023939064200215,0.7379760609357998,1.9544260994619977,0.025604953481015963,91.97011779183191,12.03510285698518,9.948288333316391,0.47720672619079374,0.0010006427764892578,D1,0,50,20
SplitCP,0.3,0.7,0.04570184983677911,0.6542981501632208,1.2897421388600274,0.01689692307993002,63.396274948401576,12.03510285698518,9.948288333316391,0.47720672619079374,0.0010001659393310547,D1,0,50,20
TargetOnlyCP,0.1,0.9,0.911860718171926,0.011860718171926021,56.60318672050121,0.7415588459725616,91.47396870932064,19.701376596694857,14.37033278323641,-0.40095286676255437,0.0,D1,0,50,20
TargetOnlyCP,0.2,0.8,0.8193688792165397,0.019368879216539625,41.15235546284077,0.5391373700700824,68.36334013265832,19.701376596694857,14.37033278323641,-0.40095286676255437,0.0009999275207519531,D1,0,50,20
TargetOnlyCP,0.3,0.7,0.7758433079434167,0.07584330794341676,37.75373368047594,0.4946119962731537,58.16674791519996,19.701376596694857,14.37033278323641,-0.40095286676255437,0.0,D1,0,50,20
TransferCal-CP-affine-localsigma,0.1,0.9,0.9347116430903155,0.03471164309031549,49.22134640656505,0.6448492912369522,55.11485804302113,13.564445675354088,11.20144760436598,0.3358984712850044,0.0010001659393310547,D1,0,50,20
TransferCal-CP-affine-localsigma,0.2,0.8,0.9325353645266594,0.13253536452665937,48.620475195473325,0.6369772722272181,51.76538875860356,13.564445675354088,11.20144760436598,0.3358984712850044,0.0010001659393310547,D1,0,50,20
TransferCal-CP-affine-localsigma,0.3,0.7,0.8890097932535365,0.1890097932535365,41.34860985775202,0.5417085006201354,45.469730281788834,13.564445675354088,11.20144760436598,0.3358984712850044,0.0009999275207519531,D1,0,50,20
AdaptiveJackknifeCP,0.05,0.95,0.9445048966267682,0.00549510337323178,65.72765623734767,0.8610986011887423,150.77025326766207,21.021763241191284,12.64033311676447,-0.595029279978093,0.0,D1,0,50,20
AdaptiveJackknifeCP,0.1,0.9,0.9140369967355821,0.014036996735582119,49.822462671195495,0.6527245206952477,103.51467082996415,21.021763241191284,12.64033311676447,-0.595029279978093,0.0009989738464355469,D1,0,50,20
AdaptiveJackknifeCP,0.2,0.8,0.8857453754080522,0.08574537540805216,44.36539777582664,0.5812314656100397,73.91642957714244,21.021763241191284,12.64033311676447,-0.595029279978093,0.0010001659393310547,D1,0,50,20
AdaptiveJackknifeCP,0.3,0.7,0.8313384113166485,0.13133841131664858,35.03040244617579,0.45893360987274284,59.02538764567099,21.021763241191284,12.64033311676447,-0.595029279978093,0.0010001659393310547,D1,0,50,20
AdaptiveSplitCP,0.1,0.9,0.8574537540805223,0.042546245919477754,113.29895629925385,1.4843306207835785,295.24241806509093,57.224638447143306,34.972867281339866,-10.819428931444712,0.0010001659393310547,D1,0,50,20
AdaptiveSplitCP,0.2,0.8,0.7965179542981502,0.003482045701849845,95.90407101779896,1.256440076054429,201.51027324896455,57.224638447143306,34.972867281339866,-10.819428931444712,0.0009999275207519531,D1,0,50,20
AdaptiveSplitCP,0.3,0.7,0.794341675734494,0.09434167573449403,95.23566720865459,1.247683311884944,166.09672019658615,57.224638447143306,34.972867281339866,-10.819428931444712,0.0010001659393310547,D1,0,50,20
SplitCP,0.05,0.95,0.16611661166116612,0.7838833883388339,5.84802794810588,0.07768368686675138,296.96823023360486,12.017738135802286,9.946123254741254,0.4738499685160833,0.0,D1,0,50,30
SplitCP,0.1,0.9,0.10121012101210121,0.7987898789878988,3.4956881182987303,0.04643581453021217,169.3504607950868,12.017738135802286,9.946123254741254,0.4738499685160833,0.0009996891021728516,D1,0,50,30
SplitCP,0.2,0.8,0.061606160616061605,0.7383938393839384,1.9544260994619975,0.025962089521816906,91.9491751689804,12.017738135802286,9.946123254741254,0.4738499685160833,0.0,D1,0,50,30
SplitCP,0.3,0.7,0.0462046204620462,0.6537953795379537,1.2897421388600276,0.01713260014198594,63.38276244492265,12.017738135802286,9.946123254741254,0.4738499685160833,0.0010018348693847656,D1,0,50,30
TargetOnlyCP,0.1,0.9,0.9053905390539054,0.005390539053905408,48.081856461429375,0.6387069135898288,67.42805012375426,15.395117667411897,11.899040334206964,0.13656399861247492,0.0,D1,0,50,30
TargetOnlyCP,0.2,0.8,0.8624862486248625,0.062486248624862406,42.62622040013532,0.5662356588001191,55.36720737029903,15.395117667411897,11.899040334206964,0.13656399861247492,0.001003265380859375,D1,0,50,30
TargetOnlyCP,0.3,0.7,0.7381738173817382,0.038173817381738195,31.8835121897701,0.42353230852198165,47.23823742904088,15.395117667411897,11.899040334206964,0.13656399861247492,0.0,D1,0,50,30
TransferCal-CP-affine-localsigma,0.1,0.9,0.9262926292629263,0.026292629262926304,41.091358537480566,0.5458469518068823,47.92779230889234,11.57460715410158,9.301329548079462,0.5119361434917452,0.0020003318786621094,D1,0,50,30
TransferCal-CP-affine-localsigma,0.2,0.8,0.7073707370737073,0.0926292629262927,24.551922642977544,0.32614137406636734,41.203294455882684,11.57460715410158,9.301329548079462,0.5119361434917452,0.0010004043579101562,D1,0,50,30
TransferCal-CP-affine-localsigma,0.3,0.7,0.6963696369636964,0.0036303630363035966,24.16251242304972,0.3209685496790653,35.652439224552026,11.57460715410158,9.301329548079462,0.5119361434917452,0.0,D1,0,50,30
AdaptiveJackknifeCP,0.05,0.95,0.9966996699669967,0.046699669966996704,74.63709841673696,0.9914598619397232,74.88890190237588,11.77485004226361,9.304768457944535,0.49490287402008293,0.0009999275207519531,D1,0,50,30
AdaptiveJackknifeCP,0.1,0.9,0.9581958195819582,0.058195819581958186,48.45049856507718,0.6436038597056476,52.78717993792449,11.77485004226361,9.304768457944535,0.49490287402008293,0.0009999275207519531,D1,0,50,30
AdaptiveJackknifeCP,0.2,0.8,0.7161716171617162,0.08382838283828387,24.668378572265794,0.3276883444339654,42.69963136931735,11.77485004226361,9.304768457944535,0.49490287402008293,0.0010001659393310547,D1,0,50,30
AdaptiveJackknifeCP,0.3,0.7,0.6776677667766776,0.02233223322332234,22.753466310515975,0.30225114648636375,36.70624607363882,11.77485004226361,9.304768457944535,0.49490287402008293,0.0009992122650146484,D1,0,50,30
AdaptiveSplitCP,0.1,0.9,0.9933993399339934,0.09339933993399341,68.44134109613411,0.9091570282550816,69.14305867944186,12.796000894725971,10.019835231001231,0.40349697405365825,0.0010001659393310547,D1,0,50,30
AdaptiveSplitCP,0.2,0.8,0.7854785478547854,0.014521452145214608,32.31716631946436,0.4292928575341583,45.68162323657729,12.796000894725971,10.019835231001231,0.40349697405365825,0.0019996166229248047,D1,0,50,30
AdaptiveSplitCP,0.3,0.7,0.7711771177117712,0.07117711771177127,30.947636356162043,0.4111003766212944,40.86619380035916,12.796000894725971,10.019835231001231,0.40349697405365825,0.0009999275207519531,D1,0,50,30
SplitCP,0.05,0.95,0.16760404949381327,0.7823959505061867,5.84802794810588,0.07661506547019167,295.2933427226224,11.938221746601373,9.905684249243876,0.4749842052272052,0.001001596450805664,D1,0,50,50
SplitCP,0.1,0.9,0.10123734533183353,0.7987626546681665,3.4956881182987303,0.04579704071584908,168.4911811371611,11.938221746601373,9.905684249243876,0.4749842052272052,0.0009999275207519531,D1,0,50,50
SplitCP,0.2,0.8,0.05961754780652419,0.7403824521934759,1.9544260994619977,0.025604953481015963,91.52604834231167,11.938221746601373,9.905684249243876,0.4749842052272052,0.0019991397857666016,D1,0,50,50
SplitCP,0.3,0.7,0.04274465691788527,0.6572553430821146,1.2897421388600274,0.01689692307993002,63.10616363993253,11.938221746601373,9.905684249243876,0.4749842052272052,0.0009999275207519531,D1,0,50,50
TargetOnlyCP,0.05,0.95,1.0,0.050000000000000044,86.87815439427636,1.1381914631585806,86.87815439427636,13.650367845354017,11.199768946202392,0.3135928547565423,0.0009996891021728516,D1,0,50,50
TargetOnlyCP,0.1,0.9,1.0,0.09999999999999998,82.29014094985847,1.0780838587590416,82.29014094985847,13.650367845354017,11.199768946202392,0.3135928547565423,0.0,D1,0,50,50
TargetOnlyCP,0.2,0.8,0.9010123734533183,0.10101237345331826,43.3108146015775,0.5674153621892224,48.17143510703344,13.650367845354017,11.199768946202392,0.3135928547565423,0.0009996891021728516,D1,0,50,50
TargetOnlyCP,0.3,0.7,0.8537682789651294,0.15376827896512946,40.05185393253211,0.5247196898635519,44.6136614193283,13.650367845354017,11.199768946202392,0.3135928547565423,0.0,D1,0,50,50
TransferCal-CP-affine-localsigma,0.05,0.95,1.0,0.050000000000000044,74.78683821927963,0.9797830238370472,74.78683821927963,11.882349071594716,9.854575526363789,0.4798870112969129,0.0010008811950683594,D1,0,50,50
TransferCal-CP-affine-localsigma,0.1,0.9,0.9977502812148481,0.09775028121484808,66.1140577560806,0.8661608508767064,66.19199324082412,11.882349071594716,9.854575526363789,0.4798870112969129,0.0019989013671875,D1,0,50,50
TransferCal-CP-affine-localsigma,0.2,0.8,0.9325084364454443,0.1325084364454443,40.173429229902354,0.5263124489013393,42.65748257332806,11.882349071594716,9.854575526363789,0.4798870112969129,0.0009999275207519531,D1,0,50,50
TransferCal-CP-affine-localsigma,0.3,0.7,0.843644544431946,0.14364454443194608,33.944639049869586,0.4447090140891196,37.90590644186369,11.882349071594716,9.854575526363789,0.4798870112969129,0.002000093460083008,D1,0,50,50
AdaptiveJackknifeCP,0.05,0.95,0.9977502812148481,0.047750281214848145,68.39675011361308,0.8960664234855551,68.59850120100748,11.371930590018428,9.391795516441162,0.5236112612709424,0.0009989738464355469,D1,0,50,50
AdaptiveJackknifeCP,0.1,0.9,0.9797525309336333,0.07975253093363333,47.08139047072678,0.6168137097413684,48.498693533341395,11.371930590018428,9.391795516441162,0.5236112612709424,0.0009999275207519531,D1,0,50,50
AdaptiveJackknifeCP,0.2,0.8,0.8998875140607424,0.09988751406074237,36.40061434330425,0.47688476796194684,40.002650071111894,11.371930590018428,9.391795516441162,0.5236112612709424,0.0010001659393310547,D1,0,50,50
AdaptiveJackknifeCP,0.3,0.7,0.8335208098987626,0.1335208098987627,31.47499560142966,0.4123541935976172,36.05117571873764,11.371930590018428,9.391795516441162,0.5236112612709424,0.0009999275207519531,D1,0,50,50
AdaptiveSplitCP,0.05,0.95,0.9988751406074241,0.04887514060742415,74.27223125998161,0.973041153547114,74.27696348103355,11.326493624220152,9.295528981469179,0.5274105134111846,0.0010001659393310547,D1,0,50,50
AdaptiveSplitCP,0.1,0.9,0.9977502812148481,0.09775028121484808,63.872549412480105,0.8367948303958098,64.10509848670019,11.326493624220152,9.295528981469179,0.5274105134111846,0.0009999275207519531,D1,0,50,50
AdaptiveSplitCP,0.2,0.8,0.9493813273340832,0.14938132733408316,41.83485427795675,0.548078793036499,43.44466534267953,11.326493624220152,9.295528981469179,0.5274105134111846,0.0009999275207519531,D1,0,50,50
AdaptiveSplitCP,0.3,0.7,0.9145106861642295,0.21451068616422952,39.34515314622231,0.5154611966601297,40.996948452112356,11.326493624220152,9.295528981469179,0.5274105134111846,0.0010001659393310547,D1,0,50,50
SplitCP,0.1,0.9,0.0,0.9,3.42696720900095,0.08289712646763374,350.49335312285075,20.266834187961212,19.066802900192965,-5.523712812497341,0.0,D2,1,50,10
SplitCP,0.2,0.8,0.0,0.8,2.0018235529450656,0.04842340475231813,182.66073479014938,20.266834187961212,19.066802900192965,-5.523712812497341,0.0,D2,1,50,10
SplitCP,0.3,0.7,0.0,0.7,1.5538277819807784,0.03758654527346185,123.4864211766646,20.266834187961212,19.066802900192965,-5.523712812497341,0.0,D2,1,50,10
TargetOnlyCP,0.1,0.9,0.8924731182795699,0.007526881720430145,34.239999999999995,0.8282535072984387,44.97763440860215,10.714486977116342,8.52010752688172,-0.8233320593557867,0.0,D2,1,50,10
TargetOnlyCP,0.2,0.8,0.8709677419354839,0.07096774193548383,31.559999999999995,0.7634252538066216,38.600860215053764,10.714486977116342,8.52010752688172,-0.8233320593557867,0.0,D2,1,50,10
TargetOnlyCP,0.3,0.7,0.8494623655913979,0.14946236559139792,30.500000000000004,0.7377842281717987,35.668458781362006,10.714486977116342,8.52010752688172,-0.8233320593557867,0.0,D2,1,50,10
TransferCal-CP-affine-localsigma,0.1,0.9,0.8387096774193549,0.06129032258064515,63.55128726759267,1.537283194296561,79.36509800884052,21.53584431288368,17.746460359666873,-6.3662560607755285,0.0,D2,1,50,10
TransferCal-CP-affine-localsigma,0.2,0.8,0.6774193548387096,0.12258064516129041,50.26688808327386,1.2159382697415209,72.98588496164184,21.53584431288368,17.746460359666873,-6.3662560607755285,0.0,D2,1,50,10
TransferCal-CP-affine-localsigma,0.3,0.7,0.5268817204301075,0.17311827956989245,35.26307468157114,0.8530013225215559,70.9711545473911,21.53584431288368,17.746460359666873,-6.3662560607755285,0.0,D2,1,50,10
AdaptiveJackknifeCP,0.1,0.9,0.8494623655913979,0.05053763440860215,31.478580139071514,0.7614557361261962,47.97238255408237,11.003930339324148,8.564904187368231,-0.9231744045690264,0.0,D2,1,50,10
AdaptiveJackknifeCP,0.2,0.8,0.8387096774193549,0.03870967741935483,28.20403465618422,0.6822456373817553,39.07088821124452,11.003930339324148,8.564904187368231,-0.9231744045690264,0.0009999275207519531,D2,1,50,10
AdaptiveJackknifeCP,0.3,0.7,0.7741935483870968,0.0741935483870968,25.255566386404848,0.6109232312601744,34.354380601060804,11.003930339324148,8.564904187368231,-0.9231744045690264,0.0,D2,1,50,10
AdaptiveSplitCP,0.1,0.9,0.8924731182795699,0.007526881720430145,34.239999999999995,0.8282535072984387,44.97763440860215,10.714486977116342,8.52010752688172,-0.8233320593557867,0.0,D2,1,50,10
AdaptiveSplitCP,0.2,0.8,0.8709677419354839,0.07096774193548383,31.559999999999995,0.7634252538066216,38.600860215053764,10.714486977116342,8.52010752688172,-0.8233320593557867,0.0,D2,1,50,10
AdaptiveSplitCP,0.3,0.7,0.8494623655913979,0.14946236559139792,30.500000000000004,0.7377842281717987,35.668458781362006,10.714486977116342,8.52010752688172,-0.8233320593557867,0.0,D2,1,50,10
SplitCP,0.1,0.9,0.0,0.9,3.4269672090009493,0.08289712646763371,350.5386862804473,20.31363443120913,19.069069558072787,-5.635263320118529,0.0,D2,1,50,15
SplitCP,0.2,0.8,0.0,0.8,2.001823552945066,0.04842340475231814,182.68340136894764,20.31363443120913,19.069069558072787,-5.635263320118529,0.0,D2,1,50,15
SplitCP,0.3,0.7,0.0,0.7,1.5538277819807789,0.037586545273461856,123.50153222919677,20.31363443120913,19.069069558072787,-5.635263320118529,0.0,D2,1,50,15
TargetOnlyCP,0.1,0.9,0.9772727272727273,0.07727272727272727,20.685809750723056,0.5003824321654385,23.391411712556717,4.853339505533374,3.8651756804274062,0.6212398825171425,0.0009992122650146484,D2,1,50,15
TargetOnlyCP,0.2,0.8,0.8636363636363636,0.0636363636363636,14.095428492242677,0.3409634370786899,17.194741715887968,4.853339505533374,3.8651756804274062,0.6212398825171425,0.0,D2,1,50,15
TargetOnlyCP,0.3,0.7,0.8181818181818182,0.11818181818181828,12.270733747657601,0.2968247156431871,15.279782789254483,4.853339505533374,3.8651756804274062,0.6212398825171425,0.0,D2,1,50,15
TransferCal-CP-affine-localsigma,0.1,0.9,0.6704545454545454,0.2295454545454546,13.01790656524849,0.3148985622181786,47.27253136648213,7.480142845089919,5.6264840383827925,0.10028972477003839,0.0,D2,1,50,15
TransferCal-CP-affine-localsigma,0.2,0.8,0.6477272727272727,0.15227272727272734,11.953159625298058,0.28914270978245354,30.919157719005046,7.480142845089919,5.6264840383827925,0.10028972477003839,0.0010004043579101562,D2,1,50,15
TransferCal-CP-affine-localsigma,0.3,0.7,0.38636363636363635,0.3136363636363636,5.682712628419964,0.1374628114911789,28.140467417747573,7.480142845089919,5.6264840383827925,0.10028972477003839,0.0,D2,1,50,15
AdaptiveJackknifeCP,0.1,0.9,0.9886363636363636,0.08863636363636362,33.857421314332875,0.8189990640092617,34.68934356687759,6.776066337209246,5.225092369709995,0.2616909438141287,0.0,D2,1,50,15
AdaptiveJackknifeCP,0.2,0.8,0.8181818181818182,0.018181818181818188,19.66927961510571,0.4757929271975757,24.873764178465727,6.776066337209246,5.225092369709995,0.2616909438141287,0.0,D2,1,50,15
AdaptiveJackknifeCP,0.3,0.7,0.7954545454545454,0.09545454545454546,17.946803714287338,0.4341268434916804,22.516513389749672,6.776066337209246,5.225092369709995,0.2616909438141287,0.0,D2,1,50,15
AdaptiveSplitCP,0.1,0.9,0.9886363636363636,0.08863636363636362,21.637822410012834,0.5234112821668776,22.82949237162322,4.489505673417889,3.6754343276866646,0.6758993165277118,0.0009996891021728516,D2,1,50,15
AdaptiveSplitCP,0.2,0.8,0.6363636363636364,0.1636363636363637,8.52700667639023,0.20626527997889635,16.064026292075177,4.489505673417889,3.6754343276866646,0.6758993165277118,0.0,D2,1,50,15
AdaptiveSplitCP,0.3,0.7,0.32954545454545453,0.3704545454545454,4.198779179051428,0.10156698543869758,16.87497830177263,4.489505673417889,3.6754343276866646,0.6758993165277118,0.0010001659393310547,D2,1,50,15
SplitCP,0.05,0.95,0.0,0.95,4.037779524590803,0.09767246065829895,698.2833419907723,20.585083529812277,19.37502882394994,-6.2763707160233215,0.0,D2,1,50,20
SplitCP,0.1,0.9,0.0,0.9,3.4269672090009498,0.08289712646763372,356.65787159799027,20.585083529812277,19.37502882394994,-6.2763707160233215,0.0,D2,1,50,20
SplitCP,0.2,0.8,0.0,0.8,2.0018235529450656,0.04842340475231813,185.74299402771913,20.585083529812277,19.37502882394994,-6.2763707160233215,0.0009996891021728516,D2,1,50,20
SplitCP,0.3,0.7,0.0,0.7,1.5538277819807786,0.037586545273461856,125.54126066837776,20.585083529812277,19.37502882394994,-6.2763707160233215,0.0,D2,1,50,20
TargetOnlyCP,0.1,0.9,0.8795180722891566,0.02048192771084345,15.337310316927315,0.3710041198165765,22.93357430215035,5.320477041158673,4.188397606184227,0.5139167039389738,0.0,D2,1,50,20
TargetOnlyCP,0.2,0.8,0.8674698795180723,0.06746987951807226,14.281556587104726,0.34546580995766973,18.774375876704337,5.320477041158673,4.188397606184227,0.5139167039389738,0.0,D2,1,50,20
TargetOnlyCP,0.3,0.7,0.7831325301204819,0.08313253012048194,12.288837905687636,0.2972626488320031,16.460603158363835,5.320477041158673,4.188397606184227,0.5139167039389738,0.0,D2,1,50,20
TransferCal-CP-affine-localsigma,0.1,0.9,0.9036144578313253,0.0036144578313253017,25.670214883624904,0.6209534319645711,31.677108299890563,7.124684719168405,5.3313857700801,0.12835257474754258,0.0010037422180175781,D2,1,50,20
TransferCal-CP-affine-localsigma,0.2,0.8,0.891566265060241,0.0915662650602409,24.615221440045868,0.5954335131613819,28.142832133626122,7.124684719168405,5.3313857700801,0.12835257474754258,0.0,D2,1,50,20
TransferCal-CP-affine-localsigma,0.3,0.7,0.8192771084337349,0.11927710843373496,18.348944116101663,0.4438544777857551,23.71565805584041,7.124684719168405,5.3313857700801,0.12835257474754258,0.0,D2,1,50,20
AdaptiveJackknifeCP,0.05,0.95,0.9879518072289156,0.03795180722891567,26.399583057223513,0.6385965904895391,27.500184439515046,5.0996855437538295,3.935038590371362,0.553423006937081,0.0,D2,1,50,20
AdaptiveJackknifeCP,0.1,0.9,0.9518072289156626,0.051807228915662584,21.65213629620942,0.5237575300186706,23.17268279602411,5.0996855437538295,3.935038590371362,0.553423006937081,0.0,D2,1,50,20
AdaptiveJackknifeCP,0.2,0.8,0.8192771084337349,0.01927710843373487,13.834504206214378,0.3346517707515205,18.63807441877579,5.0996855437538295,3.935038590371362,0.553423006937081,0.0,D2,1,50,20
AdaptiveJackknifeCP,0.3,0.7,0.6385542168674698,0.06144578313253013,8.236153535581593,0.1992296452247048,16.32024248775799,5.0996855437538295,3.935038590371362,0.553423006937081,0.0,D2,1,50,20
AdaptiveSplitCP,0.1,0.9,0.7469879518072289,0.15301204819277114,11.335689506276454,0.27420632567814196,25.60657239792356,5.15792135773704,4.046198720630707,0.5431654071146371,0.0,D2,1,50,20
AdaptiveSplitCP,0.2,0.8,0.6385542168674698,0.16144578313253022,10.014940307756888,0.2422578690211492,19.131521417814493,5.15792135773704,4.046198720630707,0.5431654071146371,0.0010008811950683594,D2,1,50,20
AdaptiveSplitCP,0.3,0.7,0.5301204819277109,0.16987951807228907,7.50323648983911,0.1815006407359483,17.15874223313413,5.15792135773704,4.046198720630707,0.5431654071146371,0.0,D2,1,50,20
SplitCP,0.05,0.95,0.0,0.95,4.037779524590803,0.11386857088133441,674.436732182191,19.966056291866845,18.778863578735407,-6.006750680879034,0.0010001659393310547,D2,1,50,30
SplitCP,0.1,0.9,0.0,0.9,3.4269672090009493,0.09664318127564912,344.73456669369966,19.966056291866845,18.778863578735407,-6.006750680879034,0.0,D2,1,50,30
SplitCP,0.2,0.8,0.0,0.8,2.001823552945065,0.05645300486126722,179.78134157557378,19.966056291866845,18.778863578735407,-6.006750680879034,0.0,D2,1,50,30
SplitCP,0.3,0.7,0.0,0.7,1.5538277819807789,0.0438191703762715,121.5668257002809,19.966056291866845,18.778863578735407,-6.006750680879034,0.0,D2,1,50,30
TargetOnlyCP,0.1,0.9,1.0,0.09999999999999998,35.28914225551184,0.9951816764117324,35.28914225551184,5.152738492570376,4.199509171885646,0.533331715989315,0.0,D2,1,50,30
TargetOnlyCP,0.2,0.8,0.9863013698630136,0.1863013698630136,23.674075863381717,0.66762763273281,23.72099993647114,5.152738492570376,4.199509171885646,0.533331715989315,0.0009996891021728516,D2,1,50,30
TargetOnlyCP,0.3,0.7,0.9452054794520548,0.24520547945205484,20.744474773792888,0.5850105687519116,21.072608977731203,5.152738492570376,4.199509171885646,0.533331715989315,0.0,D2,1,50,30
TransferCal-CP-affine-localsigma,0.1,0.9,1.0,0.09999999999999998,38.225683431255504,1.0779944563021875,38.225683431255504,7.067672002521345,5.456147396415759,0.12201953100572771,0.0,D2,1,50,30
TransferCal-CP-affine-localsigma,0.2,0.8,0.8767123287671232,0.0767123287671232,20.14527378527626,0.5681126277381595,25.830104317398998,7.067672002521345,5.456147396415759,0.12201953100572771,0.0,D2,1,50,30
TransferCal-CP-affine-localsigma,0.3,0.7,0.8767123287671232,0.17671232876712328,19.700783585932655,0.555577653140916,23.67333781255751,7.067672002521345,5.456147396415759,0.12201953100572771,0.0,D2,1,50,30
AdaptiveJackknifeCP,0.05,0.95,1.0,0.050000000000000044,42.34261388351669,1.1940951458425195,42.34261388351669,4.487387781925418,3.713936424391911,0.6460684449634355,0.0009989738464355469,D2,1,50,30
AdaptiveJackknifeCP,0.1,0.9,0.9863013698630136,0.08630136986301362,24.252580203335924,0.6839419119147352,24.426885008827906,4.487387781925418,3.713936424391911,0.6460684449634355,0.0,D2,1,50,30
AdaptiveJackknifeCP,0.2,0.8,0.9726027397260274,0.17260273972602735,17.367539107246778,0.48977831647910314,18.220271664560922,4.487387781925418,3.713936424391911,0.6460684449634355,0.0,D2,1,50,30
AdaptiveJackknifeCP,0.3,0.7,0.7808219178082192,0.08082191780821923,11.690565940710883,0.3296831905644121,14.019583786739883,4.487387781925418,3.713936424391911,0.6460684449634355,0.0,D2,1,50,30
AdaptiveSplitCP,0.1,0.9,1.0,0.09999999999999998,38.72235197676651,1.0920009014621124,38.72235197676651,4.347441152264397,3.4653551849093467,0.6678000933980351,0.0,D2,1,50,30
AdaptiveSplitCP,0.2,0.8,0.9726027397260274,0.17260273972602735,21.797781866049206,0.614714660459731,22.105615894675022,4.347441152264397,3.4653551849093467,0.6678000933980351,0.0005028247833251953,D2,1,50,30
AdaptiveSplitCP,0.3,0.7,0.958904109589041,0.2589041095890411,17.471792414517893,0.49271834206403586,18.080251751767726,4.347441152264397,3.4653551849093467,0.6678000933980351,0.0,D2,1,50,30
SplitCP,0.1,0.9,0.08,0.8200000000000001,3.5487788931287128,0.11872796560526709,165.78092718528717,11.146322105614235,9.77299229315668,-1.009522783782919,0.0,D3,2,50,10
SplitCP,0.2,0.8,0.08,0.7200000000000001,2.2920013829238997,0.0766812105104412,89.18925207594529,11.146322105614235,9.77299229315668,-1.009522783782919,0.0,D3,2,50,10
SplitCP,0.3,0.7,0.08,0.62,1.532593899275362,0.05127446968091728,61.7929439778118,11.146322105614235,9.77299229315668,-1.009522783782919,0.0,D3,2,50,10
TargetOnlyCP,0.1,0.9,1.0,0.09999999999999998,40.67999999999999,1.3609902973031145,40.67999999999999,9.424884296372026,8.5204,-0.4367520021275546,0.0,D3,2,50,10
TargetOnlyCP,0.2,0.8,1.0,0.19999999999999996,40.55999999999999,1.3569755766621021,40.55999999999999,9.424884296372026,8.5204,-0.4367520021275546,0.0,D3,2,50,10
TargetOnlyCP,0.3,0.7,0.84,0.14,26.080000000000005,0.8725326193133048,28.477333333333334,9.424884296372026,8.5204,-0.4367520021275546,0.0,D3,2,50,10
TransferCal-CP-affine-localsigma,0.1,0.9,1.0,0.09999999999999998,30.979458806939775,1.036448939330053,30.979458806939775,6.347159025788211,5.562870058436519,0.3483888375372778,0.0,D3,2,50,10
TransferCal-CP-affine-localsigma,0.2,0.8,1.0,0.19999999999999996,27.162954255609137,0.9087639426738541,27.162954255609137,6.347159025788211,5.562870058436519,0.3483888375372778,0.0010001659393310547,D3,2,50,10
TransferCal-CP-affine-localsigma,0.3,0.7,0.92,0.22000000000000008,20.751781572030303,0.6942717151250447,21.448804073973395,6.347159025788211,5.562870058436519,0.3483888375372778,0.0,D3,2,50,10
AdaptiveJackknifeCP,0.1,0.9,0.96,0.05999999999999994,43.10810854592856,1.4422251097860928,43.88268595050886,9.257739466903407,6.419664498549468,-0.3862439557319173,0.0010004043579101562,D3,2,50,10
AdaptiveJackknifeCP,0.2,0.8,0.84,0.039999999999999925,22.890707624447014,0.7658316365603446,36.00456990041386,9.257739466903407,6.419664498549468,-0.3862439557319173,0.0,D3,2,50,10
AdaptiveJackknifeCP,0.3,0.7,0.84,0.14,22.076295834250615,0.7385846713571351,31.25322363966659,9.257739466903407,6.419664498549468,-0.3862439557319173,0.0,D3,2,50,10
AdaptiveSplitCP,0.1,0.9,1.0,0.09999999999999998,40.67999999999999,1.3609902973031145,40.67999999999999,9.424884296372026,8.5204,-0.4367520021275546,0.0,D3,2,50,10
AdaptiveSplitCP,0.2,0.8,1.0,0.19999999999999996,40.55999999999999,1.3569755766621021,40.55999999999999,9.424884296372026,8.5204,-0.4367520021275546,0.0,D3,2,50,10
AdaptiveSplitCP,0.3,0.7,0.84,0.14,26.080000000000005,0.8725326193133048,28.477333333333334,9.424884296372026,8.5204,-0.4367520021275546,0.0,D3,2,50,10
SplitCP,0.1,0.9,0.03468208092485549,0.8653179190751445,2.757281125550321,0.0475859004503516,226.65683483888373,14.19046019654823,12.550179301044205,-0.26837375493146687,0.0,D4,3,50,10
SplitCP,0.2,0.8,0.023121387283236993,0.7768786127167631,1.8813962893537737,0.03246964399213404,118.08062167898935,14.19046019654823,12.550179301044205,-0.26837375493146687,0.0,D4,3,50,10
SplitCP,0.3,0.7,0.023121387283236993,0.676878612716763,1.3584959011262612,0.023445288227656697,80.52734684701913,14.19046019654823,12.550179301044205,-0.26837375493146687,0.0,D4,3,50,10
TargetOnlyCP,0.1,0.9,0.930635838150289,0.03063583815028903,65.10120063649032,1.123534058235752,74.58692699985212,16.611042641186756,12.258988099068546,-0.7379932024608782,0.0,D4,3,50,10
TargetOnlyCP,0.2,0.8,0.8208092485549133,0.020809248554913284,45.437012815366415,0.78416420747153,61.83169293769096,16.611042641186756,12.258988099068546,-0.7379932024608782,0.0,D4,3,50,10
TargetOnlyCP,0.3,0.7,0.7630057803468208,0.0630057803468208,38.5738690238722,0.6657182230515305,54.33927492623602,16.611042641186756,12.258988099068546,-0.7379932024608782,0.0,D4,3,50,10
TransferCal-CP-affine-localsigma,0.1,0.9,0.9248554913294798,0.02485549132947973,58.509385362333006,1.0097707344613036,68.9435825148565,16.4149631145509,12.988688175703308,-0.6972042464807757,0.001001119613647461,D4,3,50,10
TransferCal-CP-affine-localsigma,0.2,0.8,0.861271676300578,0.06127167630057795,51.160601045856076,0.8829434350341621,60.01820339340618,16.4149631145509,12.988688175703308,-0.6972042464807757,0.0009999275207519531,D4,3,50,10
TransferCal-CP-affine-localsigma,0.3,0.7,0.838150289017341,0.13815028901734105,47.373849720435345,0.8175906605448567,55.16182895781924,16.4149631145509,12.988688175703308,-0.6972042464807757,0.0,D4,3,50,10
AdaptiveJackknifeCP,0.1,0.9,1.0,0.09999999999999998,51.91464570706729,0.8959569409298853,51.91464570706729,6.548045439839563,5.1463395425347125,0.7299291841440905,0.0,D4,3,50,10
AdaptiveJackknifeCP,0.2,0.8,0.9826589595375722,0.18265895953757216,36.746634513334435,0.6341833176288769,37.08002851095673,6.548045439839563,5.1463395425347125,0.7299291841440905,0.0,D4,3,50,10
AdaptiveJackknifeCP,0.3,0.7,0.6011560693641619,0.09884393063583807,11.52388478568178,0.19888230805748014,20.219984647470703,6.548045439839563,5.1463395425347125,0.7299291841440905,0.0009996891021728516,D4,3,50,10
AdaptiveSplitCP,0.1,0.9,0.930635838150289,0.03063583815028903,65.10120063649032,1.123534058235752,74.58692699985212,16.611042641186756,12.258988099068546,-0.7379932024608782,0.0010001659393310547,D4,3,50,10
AdaptiveSplitCP,0.2,0.8,0.8208092485549133,0.020809248554913284,45.437012815366415,0.78416420747153,61.83169293769096,16.611042641186756,12.258988099068546,-0.7379932024608782,0.0,D4,3,50,10
AdaptiveSplitCP,0.3,0.7,0.7630057803468208,0.0630057803468208,38.5738690238722,0.6657182230515305,54.33927492623602,16.611042641186756,12.258988099068546,-0.7379932024608782,0.0,D4,3,50,10
SplitCP,0.1,0.9,0.041666666666666664,0.8583333333333334,2.757281125550321,0.0475859004503516,225.12647266902135,14.090697784001195,12.470298448350174,-0.2722353442802474,0.0,D4,3,50,15
SplitCP,0.2,0.8,0.02976190476190476,0.7702380952380953,1.8813962893537735,0.032469643992134034,117.30998494510509,14.090697784001195,12.470298448350174,-0.2722353442802474,0.0,D4,3,50,15
SplitCP,0.3,0.7,0.02976190476190476,0.6702380952380952,1.3584959011262612,0.023445288227656697,80.00201459387088,14.090697784001195,12.470298448350174,-0.2722353442802474,0.0,D4,3,50,15
TargetOnlyCP,0.1,0.9,0.9880952380952381,0.08809523809523812,59.602011495337095,1.0286275706078927,61.25929594433336,12.82046316179814,10.50672879948728,-0.05319766189246722,0.0,D4,3,50,15
TargetOnlyCP,0.2,0.8,0.7083333333333334,0.09166666666666667,28.175753925264136,0.4862647515253348,45.14022764440129,12.82046316179814,10.50672879948728,-0.05319766189246722,0.0,D4,3,50,15
TargetOnlyCP,0.3,0.7,0.4166666666666667,0.28333333333333327,15.709327177650142,0.2711158003768882,44.176828741115955,12.82046316179814,10.50672879948728,-0.05319766189246722,0.0,D4,3,50,15
TransferCal-CP-affine-localsigma,0.1,0.9,0.9940476190476191,0.09404761904761905,69.29126942181115,1.195847394097944,69.46752946678824,14.843720449144005,12.276958633420204,-0.4118481512783232,0.0010004043579101562,D4,3,50,15
TransferCal-CP-affine-localsigma,0.2,0.8,0.9523809523809523,0.15238095238095228,57.64583277818918,0.9948673113312045,59.18457588715152,14.843720449144005,12.276958633420204,-0.4118481512783232,0.0009996891021728516,D4,3,50,15
TransferCal-CP-affine-localsigma,0.3,0.7,0.6190476190476191,0.08095238095238089,28.41995425328787,0.49047922657164017,45.996996453129675,14.843720449144005,12.276958633420204,-0.4118481512783232,0.0,D4,3,50,15
AdaptiveJackknifeCP,0.1,0.9,1.0,0.09999999999999998,28.629876278336994,0.4941021174309573,28.629876278336994,3.217143835305084,2.530698194526698,0.9336801687507132,0.0,D4,3,50,15
AdaptiveJackknifeCP,0.2,0.8,0.9464285714285714,0.14642857142857135,12.203951114051945,0.21061907595596557,13.009481310737577,3.217143835305084,2.530698194526698,0.9336801687507132,0.0,D4,3,50,15
AdaptiveJackknifeCP,0.3,0.7,0.8452380952380952,0.14523809523809528,9.512281293779395,0.16416551308716634,10.972321173843833,3.217143835305084,2.530698194526698,0.9336801687507132,0.0,D4,3,50,15
AdaptiveSplitCP,0.1,0.9,1.0,0.09999999999999998,34.99211416980732,0.603903332889006,34.99211416980732,6.661740139554344,5.169614651401896,0.7156338935811759,0.0015063285827636719,D4,3,50,15
AdaptiveSplitCP,0.2,0.8,0.7678571428571429,0.03214285714285714,17.102413176909113,0.29515805383636634,24.346238437363684,6.661740139554344,5.169614651401896,0.7156338935811759,0.0,D4,3,50,15
AdaptiveSplitCP,0.3,0.7,0.5416666666666666,0.15833333333333333,9.2497076800569,0.1596339469266814,22.17169344812772,6.661740139554344,5.169614651401896,0.7156338935811759,0.0,D4,3,50,15
SplitCP,0.05,0.95,0.05521472392638037,0.8947852760736196,3.933880121514776,0.06789196288741026,421.89517447132454,14.110358631705513,12.354308516392233,-0.29421111847819414,0.0,D4,3,50,20
SplitCP,0.1,0.9,0.04294478527607362,0.8570552147239264,2.757281125550321,0.0475859004503516,222.87358001730877,14.110358631705513,12.354308516392233,-0.29421111847819414,0.0,D4,3,50,20
SplitCP,0.2,0.8,0.03067484662576687,0.7693251533742331,1.8813962893537732,0.032469643992134034,116.15415266905389,14.110358631705513,12.354308516392233,-0.29421111847819414,0.0,D4,3,50,20
SplitCP,0.3,0.7,0.03067484662576687,0.669325153374233,1.3584959011262612,0.023445288227656697,79.22986848431992,14.110358631705513,12.354308516392233,-0.29421111847819414,0.0,D4,3,50,20
TargetOnlyCP,0.1,0.9,0.9877300613496932,0.08773006134969319,51.34025308840045,0.8860439183809635,51.48910695824501,8.851601702878401,6.908907413484461,0.49070108635380927,0.0,D4,3,50,20
TargetOnlyCP,0.2,0.8,0.9754601226993865,0.1754601226993865,47.09886633694907,0.8128449232347132,47.524617196650624,8.851601702878401,6.908907413484461,0.49070108635380927,0.0,D4,3,50,20
TargetOnlyCP,0.3,0.7,0.8159509202453987,0.11595092024539877,23.64841858800422,0.408130778653341,29.09494363811424,8.851601702878401,6.908907413484461,0.49070108635380927,0.0,D4,3,50,20
TransferCal-CP-affine-localsigma,0.1,0.9,0.9877300613496932,0.08773006134969319,50.61365458007411,0.8735040855854628,51.18185814865308,9.212677868116538,7.406164612851518,0.44830278182410577,0.0,D4,3,50,20
TransferCal-CP-affine-localsigma,0.2,0.8,0.8895705521472392,0.08957055214723919,29.32761042213133,0.5061438012475764,33.334660391029765,9.212677868116538,7.406164612851518,0.44830278182410577,0.0,D4,3,50,20
TransferCal-CP-affine-localsigma,0.3,0.7,0.7300613496932515,0.030061349693251582,20.69855341390575,0.35722121081281394,28.314827054844226,9.212677868116538,7.406164612851518,0.44830278182410577,0.00099945068359375,D4,3,50,20
AdaptiveJackknifeCP,0.05,0.95,0.8404907975460123,0.10950920245398765,10.235995086149169,0.17665556067757335,22.699976386295884,3.79821082144132,3.022653992908954,0.9062249820300095,0.0,D4,3,50,20
AdaptiveJackknifeCP,0.1,0.9,0.7730061349693251,0.1269938650306749,8.578794598000718,0.14805514821888113,17.95798502650282,3.79821082144132,3.022653992908954,0.9062249820300095,0.0,D4,3,50,20
AdaptiveJackknifeCP,0.2,0.8,0.5828220858895705,0.21717791411042953,6.3229604471484615,0.10912335474296783,14.647752791303365,3.79821082144132,3.022653992908954,0.9062249820300095,0.0,D4,3,50,20
AdaptiveJackknifeCP,0.3,0.7,0.5521472392638037,0.14785276073619624,5.895088834476244,0.1017390311868822,12.061695103446578,3.79821082144132,3.022653992908954,0.9062249820300095,0.0,D4,3,50,20
AdaptiveSplitCP,0.1,0.9,0.9447852760736196,0.044785276073619595,13.026403000470367,0.2248131721725781,14.46511027932514,3.4197722183311483,2.714046115574321,0.9239807847267106,0.0,D4,3,50,20
AdaptiveSplitCP,0.2,0.8,0.7484662576687117,0.05153374233128838,7.4326449095607785,0.12827458813383766,12.250289948611073,3.4197722183311483,2.714046115574321,0.9239807847267106,0.0010004043579101562,D4,3,50,20
AdaptiveSplitCP,0.3,0.7,0.656441717791411,0.04355828220858893,6.5766421922325256,0.11350146263910496,10.61383132224057,3.4197722183311483,2.714046115574321,0.9239807847267106,0.0,D4,3,50,20
SplitCP,0.05,0.95,0.05228758169934641,0.8977124183006535,3.9338801215147754,0.06789196288741024,422.56771215730424,14.053108133947163,12.370294842520284,-0.27222843066917424,0.0,D4,3,50,30
SplitCP,0.1,0.9,0.0457516339869281,0.854248366013072,2.757281125550321,0.0475859004503516,223.2327143712043,14.053108133947163,12.370294842520284,-0.27222843066917424,0.0,D4,3,50,30
SplitCP,0.2,0.8,0.032679738562091505,0.7673202614379085,1.8813962893537737,0.03246964399213404,116.32294747690607,14.053108133947163,12.370294842520284,-0.27222843066917424,0.0,D4,3,50,30
SplitCP,0.3,0.7,0.032679738562091505,0.6673202614379085,1.3584959011262612,0.023445288227656697,79.33890382698188,14.053108133947163,12.370294842520284,-0.27222843066917424,0.0009999275207519531,D4,3,50,30
TargetOnlyCP,0.1,0.9,0.9934640522875817,0.0934640522875817,47.840285642640985,0.8256405373437326,48.16217918856341,8.379905662171923,6.654864911270817,0.547625017192914,0.0,D4,3,50,30
TargetOnlyCP,0.2,0.8,0.8496732026143791,0.04967320261437902,24.360115128914813,0.42041342928073094,30.07467356305861,8.379905662171923,6.654864911270817,0.547625017192914,0.0,D4,3,50,30
TargetOnlyCP,0.3,0.7,0.8235294117647058,0.12352941176470589,21.843508023838993,0.376981145911046,27.030630617019842,8.379905662171923,6.654864911270817,0.547625017192914,0.00099945068359375,D4,3,50,30
TransferCal-CP-affine-localsigma,0.1,0.9,0.9738562091503268,0.07385620915032676,44.90110039173197,0.77491528649468,46.869840433378684,9.198204076743764,7.38351765202621,0.4549624769584134,0.0,D4,3,50,30
TransferCal-CP-affine-localsigma,0.2,0.8,0.9084967320261438,0.10849673202614374,29.804259139706367,0.5143699332201682,33.857574129102055,9.198204076743764,7.38351765202621,0.4549624769584134,0.0,D4,3,50,30
TransferCal-CP-affine-localsigma,0.3,0.7,0.7516339869281046,0.051633986928104614,20.869288625419387,0.36016780508757656,28.04933138805109,9.198204076743764,7.38351765202621,0.4549624769584134,0.0,D4,3,50,30
AdaptiveJackknifeCP,0.05,0.95,0.9411764705882353,0.008823529411764675,13.01413881313688,0.22460151352372004,15.710215937281937,3.223220409391262,2.529740265936551,0.9330731585727671,0.0,D4,3,50,30
AdaptiveJackknifeCP,0.1,0.9,0.9084967320261438,0.00849673202614376,10.556447460686423,0.18218601408419324,13.842739445826291,3.223220409391262,2.529740265936551,0.9330731585727671,0.0009999275207519531,D4,3,50,30
AdaptiveJackknifeCP,0.2,0.8,0.7843137254901961,0.015686274509803977,7.640120734564776,0.13185526181379267,11.451342342126233,3.223220409391262,2.529740265936551,0.9330731585727671,0.0,D4,3,50,30
AdaptiveJackknifeCP,0.3,0.7,0.6405228758169934,0.05947712418300655,5.788358275423761,0.0998970464465456,10.10408020273354,3.223220409391262,2.529740265936551,0.9330731585727671,0.0,D4,3,50,30
AdaptiveSplitCP,0.1,0.9,0.9607843137254902,0.0607843137254902,15.140606422244131,0.26130066437206834,15.827078160316383,3.327712503857356,2.5793581743946183,0.9286634802789983,0.0010004043579101562,D4,3,50,30
AdaptiveSplitCP,0.2,0.8,0.8758169934640523,0.07581699346405224,9.988782543950405,0.17238910002757313,12.187435694631418,3.327712503857356,2.5793581743946183,0.9286634802789983,0.0,D4,3,50,30
AdaptiveSplitCP,0.3,0.7,0.6405228758169934,0.05947712418300655,6.250897957200972,0.10787968087849698,10.45060953904394,3.327712503857356,2.5793581743946183,0.9286634802789983,0.0,D4,3,50,30
SplitCP,0.05,0.95,0.045112781954887216,0.9048872180451127,3.933880121514776,0.06789196288741026,418.1337557610759,13.713284004971719,12.275756644276203,-0.15358328906468444,0.0,D4,3,50,50
SplitCP,0.1,0.9,0.03007518796992481,0.8699248120300752,2.757281125550321,0.0475859004503516,221.11608737342667,13.713284004971719,12.275756644276203,-0.15358328906468444,0.0,D4,3,50,50
SplitCP,0.2,0.8,0.022556390977443608,0.7774436090225565,1.8813962893537737,0.03246964399213404,115.33616719793645,13.713284004971719,12.275756644276203,-0.15358328906468444,0.0,D4,3,50,50
SplitCP,0.3,0.7,0.022556390977443608,0.6774436090225564,1.3584959011262612,0.023445288227656697,78.69869531560936,13.713284004971719,12.275756644276203,-0.15358328906468444,0.0009987354278564453,D4,3,50,50
TargetOnlyCP,0.05,0.95,0.9548872180451128,0.004887218045112829,28.96715727043652,0.4999230036529382,40.52175518842216,7.610879269020204,5.969817707590276,0.6446668867911827,0.0009992122650146484,D4,3,50,50
TargetOnlyCP,0.1,0.9,0.9473684210526315,0.047368421052631504,27.1401848790074,0.4683926219524741,33.80596181650853,7.610879269020204,5.969817707590276,0.6446668867911827,0.0,D4,3,50,50
TargetOnlyCP,0.2,0.8,0.8195488721804511,0.019548872180451093,18.72875159774134,0.32322584042336444,26.61383026227058,7.610879269020204,5.969817707590276,0.6446668867911827,0.0,D4,3,50,50
TargetOnlyCP,0.3,0.7,0.6240601503759399,0.07593984962406009,13.138416795408006,0.22674633642107478,23.164506639078436,7.610879269020204,5.969817707590276,0.6446668867911827,0.0,D4,3,50,50
TransferCal-CP-affine-localsigma,0.05,0.95,0.9699248120300752,0.019924812030075234,48.116387746687,0.830405581834669,51.722926133195486,8.77877064402458,6.391825616992866,0.5272479500275349,0.0,D4,3,50,50
TransferCal-CP-affine-localsigma,0.1,0.9,0.9624060150375939,0.06240601503759391,39.49776639035922,0.6816630926916251,44.090988681408355,8.77877064402458,6.391825616992866,0.5272479500275349,0.0,D4,3,50,50
TransferCal-CP-affine-localsigma,0.2,0.8,0.8872180451127819,0.08721804511278186,28.48028129663604,0.491520366937281,34.47134949761831,8.77877064402458,6.391825616992866,0.5272479500275349,0.0,D4,3,50,50
TransferCal-CP-affine-localsigma,0.3,0.7,0.8345864661654135,0.1345864661654136,25.337590544528638,0.4372829633260786,30.77623804330107,8.77877064402458,6.391825616992866,0.5272479500275349,0.0,D4,3,50,50
AdaptiveJackknifeCP,0.05,0.95,0.9699248120300752,0.019924812030075234,14.320967766061157,0.24715511964071696,15.940274364795334,3.461682648758365,2.7169922696019304,0.9264909994857824,0.0,D4,3,50,50
AdaptiveJackknifeCP,0.1,0.9,0.849624060150376,0.050375939849624074,10.476870828156294,0.18081265912279187,14.509649236550912,3.461682648758365,2.7169922696019304,0.9264909994857824,0.0,D4,3,50,50
AdaptiveJackknifeCP,0.2,0.8,0.6992481203007519,0.10075187969924815,7.386829334967942,0.12748389060522958,12.62232908122735,3.461682648758365,2.7169922696019304,0.9264909994857824,0.00099945068359375,D4,3,50,50
AdaptiveJackknifeCP,0.3,0.7,0.556390977443609,0.14360902255639096,5.544624709878633,0.09569062691283743,11.158516762566437,3.461682648758365,2.7169922696019304,0.9264909994857824,0.0,D4,3,50,50
AdaptiveSplitCP,0.05,0.95,0.9924812030075187,0.042481203007518786,17.846166262390796,0.30799394494569576,18.397119482744255,3.6241611204885227,2.8461645936914586,0.919428581566276,0.0,D4,3,50,50
AdaptiveSplitCP,0.1,0.9,0.8796992481203008,0.020300751879699264,11.399458384867458,0.19673492371292436,15.099471298723378,3.6241611204885227,2.8461645936914586,0.919428581566276,0.0,D4,3,50,50
AdaptiveSplitCP,0.2,0.8,0.7293233082706767,0.07067669172932334,7.8874833575580805,0.1361243125985754,13.158097917486037,3.6241611204885227,2.8461645936914586,0.919428581566276,0.0,D4,3,50,50
AdaptiveSplitCP,0.3,0.7,0.6090225563909775,0.09097744360902249,6.1715999228034795,0.10651113403872035,11.564745653782477,3.6241611204885227,2.8461645936914586,0.919428581566276,0.0009999275207519531,D4,3,50,50
SplitCP,0.1,0.9,0.08503767491926803,0.814962325080732,2.5914537077430144,0.03395065776763406,171.97388188006897,11.717803558242936,9.704961074951658,0.5010459949391466,0.0019981861114501953,D1,0,51,10
SplitCP,0.2,0.8,0.05489773950484392,0.7451022604951562,1.516364819549253,0.019865908808471035,91.19946710448501,11.717803558242936,9.704961074951658,0.5010459949391466,0.0009999275207519531,D1,0,51,10
SplitCP,0.3,0.7,0.04090419806243272,0.6590958019375672,1.0707954144884935,0.014028500122470963,62.27539430854592,11.717803558242936,9.704961074951658,0.5010459949391466,0.0010018348693847656,D1,0,51,10
TargetOnlyCP,0.1,0.9,0.9106566200215285,0.010656620021528451,86.64000000000001,1.135071400349133,92.22966630785793,26.809003253309374,23.252583423035524,-1.611736880108896,0.001004934310913086,D1,0,51,10
TargetOnlyCP,0.2,0.8,0.7717976318622174,0.028202368137782652,68.79999999999998,0.9013494037860146,85.87416576964475,26.809003253309374,23.252583423035524,-1.611736880108896,0.0,D1,0,51,10
TargetOnlyCP,0.3,0.7,0.71259418729817,0.012594187298170079,64.60000000000002,0.8463251669269851,79.58162899174741,26.809003253309374,23.252583423035524,-1.611736880108896,0.0009932518005371094,D1,0,51,10
TransferCal-CP-affine-localsigma,0.1,0.9,0.806243272335845,0.09375672766415499,34.766973364428566,0.45548242316092946,52.77807822267422,13.290270457806656,11.222667891551712,0.35814677920639315,0.00099945068359375,D1,0,51,10
TransferCal-CP-affine-localsigma,0.2,0.8,0.6383207750269106,0.1616792249730894,26.78772234842057,0.3509461855746248,46.67450000735644,13.290270457806656,11.222667891551712,0.35814677920639315,0.0009996891021728516,D1,0,51,10
TransferCal-CP-affine-localsigma,0.3,0.7,0.5575888051668461,0.1424111948331539,23.474893205191783,0.30754478189593004,41.18937048171227,13.290270457806656,11.222667891551712,0.35814677920639315,0.0009999275207519531,D1,0,51,10
AdaptiveJackknifeCP,0.1,0.9,0.9903121636167922,0.09031216361679217,64.8142516128604,0.8491320791873325,65.73508878190977,12.333651831589512,9.634871452660073,0.4472211017887696,0.0009999275207519531,D1,0,51,10
AdaptiveJackknifeCP,0.2,0.8,0.9590958019375673,0.15909580193756723,49.387267344429205,0.6470230229000259,51.656035376005505,12.333651831589512,9.634871452660073,0.4472211017887696,0.0020029544830322266,D1,0,51,10
AdaptiveJackknifeCP,0.3,0.7,0.9041980624327234,0.20419806243272343,42.23750909152203,0.5533539772827,45.37265992459519,12.333651831589512,9.634871452660073,0.4472211017887696,0.0009999275207519531,D1,0,51,10
AdaptiveSplitCP,0.1,0.9,0.9106566200215285,0.010656620021528451,86.64000000000001,1.135071400349133,92.22966630785793,26.809003253309374,23.252583423035524,-1.611736880108896,0.001999378204345703,D1,0,51,10
AdaptiveSplitCP,0.2,0.8,0.7717976318622174,0.028202368137782652,68.79999999999998,0.9013494037860146,85.87416576964475,26.809003253309374,23.252583423035524,-1.611736880108896,0.0009987354278564453,D1,0,51,10
AdaptiveSplitCP,0.3,0.7,0.71259418729817,0.012594187298170079,64.60000000000002,0.8463251669269851,79.58162899174741,26.809003253309374,23.252583423035524,-1.611736880108896,0.0010001659393310547,D1,0,51,10
SplitCP,0.1,0.9,0.08658008658008658,0.8134199134199135,2.591453707743014,0.033950657767634056,171.32920202299897,11.692126380146709,9.672189759572186,0.501857963744518,0.0010013580322265625,D1,0,51,15
SplitCP,0.2,0.8,0.05519480519480519,0.7448051948051948,1.5163648195492532,0.019865908808471038,90.87414752907085,11.692126380146709,9.672189759572186,0.501857963744518,0.0009999275207519531,D1,0,51,15
SplitCP,0.3,0.7,0.04112554112554113,0.6588744588744588,1.0707954144884932,0.01402850012247096,62.05813922735654,11.692126380146709,9.672189759572186,0.501857963744518,0.0009996891021728516,D1,0,51,15
TargetOnlyCP,0.1,0.9,0.9978354978354979,0.09783549783549783,364.08340497927145,4.769859883814658,364.42520059171517,42.79671696834228,29.970765252797253,-5.674013777836308,0.0,D1,0,51,15
TargetOnlyCP,0.2,0.8,0.9437229437229437,0.1437229437229437,164.0512410164636,2.1492367482637396,186.3060782453121,42.79671696834228,29.970765252797253,-5.674013777836308,0.0009975433349609375,D1,0,51,15
TargetOnlyCP,0.3,0.7,0.9166666666666666,0.21666666666666667,141.10456243323938,1.848612110765797,161.21993839703353,42.79671696834228,29.970765252797253,-5.674013777836308,0.0,D1,0,51,15
TransferCal-CP-affine-localsigma,0.1,0.9,0.9707792207792207,0.07077922077922072,56.15499309348433,0.7356870573316843,58.70885301846401,12.572517097357478,9.871825243959758,0.424015681761326,0.0010008811950683594,D1,0,51,15
TransferCal-CP-affine-localsigma,0.2,0.8,0.920995670995671,0.12099567099567099,45.53636818942368,0.5965723592749635,49.24463592102955,12.572517097357478,9.871825243959758,0.424015681761326,0.0009999275207519531,D1,0,51,15
TransferCal-CP-affine-localsigma,0.3,0.7,0.8852813852813853,0.18528138528138538,40.597025122980426,0.5318619824140156,44.58141314166698,12.572517097357478,9.871825243959758,0.424015681761326,0.0010023117065429688,D1,0,51,15
AdaptiveJackknifeCP,0.1,0.9,1.0,0.09999999999999998,93.11703184231321,1.2199270513574472,93.11703184231321,13.17156500220639,10.696061045847493,0.3678197139565965,0.0019986629486083984,D1,0,51,15
AdaptiveJackknifeCP,0.2,0.8,0.9523809523809523,0.15238095238095228,51.061635164366656,0.6689589304032106,52.81363983513389,13.17156500220639,10.696061045847493,0.3678197139565965,0.0009996891021728516,D1,0,51,15
AdaptiveJackknifeCP,0.3,0.7,0.8322510822510822,0.13225108225108229,37.02590342109499,0.485076685657595,42.848738308098014,13.17156500220639,10.696061045847493,0.3678197139565965,0.0009996891021728516,D1,0,51,15
AdaptiveSplitCP,0.1,0.9,0.9945887445887446,0.09458874458874456,1188.926041388813,15.576130502201648,1191.4106980390582,107.67393282850215,57.56484672969259,-41.24616995881897,0.0010018348693847656,D1,0,51,15
AdaptiveSplitCP,0.2,0.8,0.8528138528138528,0.05281385281385276,161.99969395626695,2.1223594122238096,350.9770953721727,107.67393282850215,57.56484672969259,-41.24616995881897,0.00099945068359375,D1,0,51,15
AdaptiveSplitCP,0.3,0.7,0.6883116883116883,0.011688311688311637,106.57070453120899,1.3961837353235578,273.6629366280973,107.67393282850215,57.56484672969259,-41.24616995881897,0.0019996166229248047,D1,0,51,15
SplitCP,0.05,0.95,0.13166485310119697,0.8183351468988029,4.447176801760533,0.05826250230810833,308.6299793010827,11.666750565154985,9.668755245827562,0.5049623400889318,0.0010008811950683594,D1,0,51,20
SplitCP,0.1,0.9,0.08487486398258977,0.8151251360174102,2.5914537077430144,0.03395065776763406,171.231744316282,11.666750565154985,9.668755245827562,0.5049623400889318,0.0009996891021728516,D1,0,51,20
SplitCP,0.2,0.8,0.05331882480957562,0.7466811751904244,1.516364819549253,0.019865908808471035,90.83497850198015,11.666750565154985,9.668755245827562,0.5049623400889318,0.0010030269622802734,D1,0,51,20
SplitCP,0.3,0.7,0.03917301414581066,0.6608269858541893,1.0707954144884932,0.01402850012247096,62.034879371046515,11.666750565154985,9.668755245827562,0.5049623400889318,0.0,D1,0,51,20
TargetOnlyCP,0.1,0.9,0.9270946681175191,0.02709466811751904,69.72950507625592,0.9135268579473426,95.318124687219,19.819483552796047,13.55831056727798,-0.4286409053665259,0.0,D1,0,51,20
TargetOnlyCP,0.2,0.8,0.9173014145810664,0.11730141458106635,67.43580313972144,0.8834770487473691,81.12156318964853,19.819483552796047,13.55831056727798,-0.4286409053665259,0.0,D1,0,51,20
TargetOnlyCP,0.3,0.7,0.7584330794341676,0.058433079434167645,37.04986132221185,0.48539055833038053,61.37629945058392,19.819483552796047,13.55831056727798,-0.4286409053665259,0.0,D1,0,51,20
TransferCal-CP-affine-localsigma,0.1,0.9,0.9945593035908596,0.09455930359085962,74.08939068109068,0.9706457575184623,74.81056264228913,13.244773821480448,10.395935585667031,0.36198996999712585,0.0009989738464355469,D1,0,51,20
TransferCal-CP-affine-localsigma,0.2,0.8,0.9869423286180631,0.18694232861806304,68.11153865156521,0.8923298656182618,68.68369995011766,13.244773821480448,10.395935585667031,0.36198996999712585,0.0009999275207519531,D1,0,51,20
TransferCal-CP-affine-localsigma,0.3,0.7,0.8661588683351469,0.16615886833514693,40.83333268373558,0.5349578498412945,46.14519059398856,13.244773821480448,10.395935585667031,0.36198996999712585,0.0009996891021728516,D1,0,51,20
AdaptiveJackknifeCP,0.05,0.95,0.9684439608269858,0.01844396082698585,76.48349063702916,1.0020108820517366,92.60902610253741,15.237906114421442,11.062004109056147,0.1555207158622267,0.0010001659393310547,D1,0,51,20
AdaptiveJackknifeCP,0.1,0.9,0.9336235038084875,0.03362350380848744,52.69776219162019,0.6903938449458439,71.42116361750323,15.237906114421442,11.062004109056147,0.1555207158622267,0.0015022754669189453,D1,0,51,20
AdaptiveJackknifeCP,0.2,0.8,0.8509249183895539,0.05092491838955382,37.83584707137309,0.49568776452792107,54.87115944012469,15.237906114421442,11.062004109056147,0.1555207158622267,0.0010001659393310547,D1,0,51,20
AdaptiveJackknifeCP,0.3,0.7,0.5930359085963003,0.10696409140369967,21.17048981514842,0.27735477285962107,46.73050836067832,15.237906114421442,11.062004109056147,0.1555207158622267,0.0010030269622802734,D1,0,51,20
AdaptiveSplitCP,0.1,0.9,0.9270946681175191,0.02709466811751904,69.72950507625592,0.9135268579473426,95.318124687219,19.819483552796047,13.55831056727798,-0.4286409053665259,0.0009992122650146484,D1,0,51,20
AdaptiveSplitCP,0.2,0.8,0.9173014145810664,0.11730141458106635,67.43580313972144,0.8834770487473691,81.12156318964853,19.819483552796047,13.55831056727798,-0.4286409053665259,0.0010001659393310547,D1,0,51,20
AdaptiveSplitCP,0.3,0.7,0.7584330794341676,0.058433079434167645,37.04986132221185,0.48539055833038053,61.37629945058392,19.819483552796047,13.55831056727798,-0.4286409053665259,0.0010001659393310547,D1,0,51,20
SplitCP,0.05,0.95,0.1331133113311331,0.8168866886688668,4.447176801760534,0.05826250230810834,309.8084964133626,11.706710364409476,9.69743461741343,0.5048891977761331,0.0010013580322265625,D1,0,51,30
SplitCP,0.1,0.9,0.0858085808580858,0.8141914191419142,2.5914537077430144,0.03395065776763406,171.79809788917657,11.706710364409476,9.69743461741343,0.5048891977761331,0.0009996891021728516,D1,0,51,30
SplitCP,0.2,0.8,0.052805280528052806,0.7471947194719473,1.516364819549253,0.019865908808471035,91.11546697509031,11.706710364409476,9.69743461741343,0.5048891977761331,0.0010004043579101562,D1,0,51,30
SplitCP,0.3,0.7,0.039603960396039604,0.6603960396039603,1.0707954144884932,0.01402850012247096,62.22237445009044,11.706710364409476,9.69743461741343,0.5048891977761331,0.00099945068359375,D1,0,51,30
TargetOnlyCP,0.1,0.9,0.944994499449945,0.044994499449944936,77.98512578077805,1.02168381724828,103.37993462860122,20.243915286101657,13.167386268870722,-0.4805452220102695,0.0,D1,0,51,30
TargetOnlyCP,0.2,0.8,0.8646864686468647,0.06468646864686467,49.80874821847966,0.65254484752986,75.31783527093582,20.243915286101657,13.167386268870722,-0.4805452220102695,0.0,D1,0,51,30
TargetOnlyCP,0.3,0.7,0.8437843784378438,0.14378437843784386,46.08469994767797,0.6037560584519902,64.90449201439007,20.243915286101657,13.167386268870722,-0.4805452220102695,0.0,D1,0,51,30
TransferCal-CP-affine-localsigma,0.1,0.9,0.9713971397139713,0.07139713971397132,53.54194869336663,0.7014535397137704,55.98385390182111,11.770935077919757,9.138527828299114,0.4994417964792631,0.0020003318786621094,D1,0,51,30
TransferCal-CP-affine-localsigma,0.2,0.8,0.878987898789879,0.078987898789879,37.78571982201264,0.4950310469941351,44.18710451620275,11.770935077919757,9.138527828299114,0.4994417964792631,0.0010020732879638672,D1,0,51,30
TransferCal-CP-affine-localsigma,0.3,0.7,0.8250825082508251,0.12508250825082512,31.180558531799537,0.40849677096442516,38.633438424876466,11.770935077919757,9.138527828299114,0.4994417964792631,0.00099945068359375,D1,0,51,30
AdaptiveJackknifeCP,0.05,0.95,0.9856985698569857,0.03569856985698572,57.26097125113117,0.7501764868810351,60.36036115692963,11.91046774052053,9.377195910574107,0.48750422565094653,0.0010004043579101562,D1,0,51,30
AdaptiveJackknifeCP,0.1,0.9,0.9284928492849285,0.028492849284928456,43.2727382287681,0.5669165232948898,50.12519814458586,11.91046774052053,9.377195910574107,0.48750422565094653,0.0009996891021728516,D1,0,51,30
AdaptiveJackknifeCP,0.2,0.8,0.8415841584158416,0.04158415841584151,32.940499789909836,0.43155377683210144,41.89956795052416,11.91046774052053,9.377195910574107,0.48750422565094653,0.0010001659393310547,D1,0,51,30
AdaptiveJackknifeCP,0.3,0.7,0.7392739273927392,0.03927392739273927,26.959192923125126,0.353192623078648,36.997492667982684,11.91046774052053,9.377195910574107,0.48750422565094653,0.0019998550415039062,D1,0,51,30
AdaptiveSplitCP,0.1,0.9,0.9548954895489549,0.054895489548954846,108.68195262445582,1.4238432151214122,151.4338019937725,29.549813277369836,18.377764611924697,-2.154584292137646,0.0009999275207519531,D1,0,51,30
AdaptiveSplitCP,0.2,0.8,0.8404840484048405,0.040484048404840434,64.5736282709719,0.8459796706735504,106.66877230458563,29.549813277369836,18.377764611924697,-2.154584292137646,0.0009982585906982422,D1,0,51,30
AdaptiveSplitCP,0.3,0.7,0.8294829482948295,0.12948294829482954,62.35965145699092,0.8169743410038147,91.65036550874952,29.549813277369836,18.377764611924697,-2.154584292137646,0.0019991397857666016,D1,0,51,30
SplitCP,0.05,0.95,0.13160854893138357,0.8183914510686163,4.447176801760534,0.05826250230810834,310.5497124438874,11.739450896909977,9.714196935211056,0.504042216651037,0.001001119613647461,D1,0,51,50
SplitCP,0.1,0.9,0.08773903262092239,0.8122609673790776,2.591453707743014,0.033950657767634056,172.16272823926516,11.739450896909977,9.714196935211056,0.504042216651037,0.0,D1,0,51,50
SplitCP,0.2,0.8,0.05399325084364454,0.7460067491563555,1.516364819549253,0.019865908808471035,91.28924076934395,11.739450896909977,9.714196935211056,0.504042216651037,0.0010035037994384766,D1,0,51,50
SplitCP,0.3,0.7,0.04049493813273341,0.6595050618672665,1.0707954144884932,0.01402850012247096,62.33673012353825,11.739450896909977,9.714196935211056,0.504042216651037,0.0009999275207519531,D1,0,51,50
TargetOnlyCP,0.05,0.95,0.9910011248593926,0.04100112485939267,77.95255988267058,1.0212571711313772,79.08151536320244,14.237223505566106,11.348174201744902,0.2705429114717962,0.0,D1,0,51,50
TargetOnlyCP,0.1,0.9,0.8110236220472441,0.08897637795275593,35.87512081167885,0.47000027259241256,64.51576894575774,14.237223505566106,11.348174201744902,0.2705429114717962,0.0,D1,0,51,50
TargetOnlyCP,0.2,0.8,0.6794150731158605,0.12058492688413958,27.37680982428572,0.35866382576574196,52.49800561366295,14.237223505566106,11.348174201744902,0.2705429114717962,0.0,D1,0,51,50
TargetOnlyCP,0.3,0.7,0.5286839145106862,0.17131608548931376,20.563051477009132,0.269396717860804,46.290801550492084,14.237223505566106,11.348174201744902,0.2705429114717962,0.0,D1,0,51,50
TransferCal-CP-affine-localsigma,0.05,0.95,0.9325084364454443,0.01749156355455561,40.011649068133416,0.5241929655822284,52.53464766099453,11.214479506989333,9.02498028994981,0.5474074651381216,0.0010001659393310547,D1,0,51,50
TransferCal-CP-affine-localsigma,0.1,0.9,0.8458942632170978,0.0541057367829022,31.714193440094977,0.41548792658116207,46.81535307236826,11.214479506989333,9.02498028994981,0.5474074651381216,0.001001119613647461,D1,0,51,50
TransferCal-CP-affine-localsigma,0.2,0.8,0.7221597300337458,0.07784026996625426,24.781429558275143,0.32466172612378524,39.51171584019986,11.214479506989333,9.02498028994981,0.5474074651381216,0.0010013580322265625,D1,0,51,50
TransferCal-CP-affine-localsigma,0.3,0.7,0.6490438695163104,0.05095613048368952,21.406700620849044,0.2804493726980814,34.76660707493665,11.214479506989333,9.02498028994981,0.5474074651381216,0.001003265380859375,D1,0,51,50
AdaptiveJackknifeCP,0.05,0.95,0.9493813273340832,0.000618672665916753,46.04218695902984,0.6031990954146188,53.54522640412617,11.53686996276744,9.2828502828649,0.521011443196256,0.0010008811950683594,D1,0,51,50
AdaptiveJackknifeCP,0.1,0.9,0.8740157480314961,0.025984251968503957,35.17959310161287,0.4608881579589152,47.48370251654841,11.53686996276744,9.2828502828649,0.521011443196256,0.0009951591491699219,D1,0,51,50
AdaptiveJackknifeCP,0.2,0.8,0.7626546681664792,0.037345331833520845,27.2850538789694,0.3574617303209064,40.309198168096096,11.53686996276744,9.2828502828649,0.521011443196256,0.0009999275207519531,D1,0,51,50
AdaptiveJackknifeCP,0.3,0.7,0.6321709786276716,0.06782902137232838,21.02773835342868,0.2754845847068497,35.99055365455318,11.53686996276744,9.2828502828649,0.521011443196256,0.0,D1,0,51,50
AdaptiveSplitCP,0.05,0.95,0.9550056242969629,0.0050056242969629405,41.24392662746113,0.5403370447013986,49.47965502569713,10.858811592174238,8.76794586356207,0.5756602278889531,0.001003265380859375,D1,0,51,50
AdaptiveSplitCP,0.1,0.9,0.7772778402699663,0.12272215973003375,26.568375760640606,0.3480725240031427,48.15091536548004,10.858811592174238,8.76794586356207,0.5756602278889531,0.0010030269622802734,D1,0,51,50
AdaptiveSplitCP,0.2,0.8,0.6816647919010124,0.11833520809898768,22.58588921178946,0.2958979327765031,38.72397838400657,10.858811592174238,8.76794586356207,0.5756602278889531,0.0009989738464355469,D1,0,51,50
AdaptiveSplitCP,0.3,0.7,0.5973003374578177,0.10269966254218221,19.334985484711606,0.2533078145182566,33.96297567379933,10.858811592174238,8.76794586356207,0.5756602278889531,0.0009999275207519531,D1,0,51,50
SplitCP,0.1,0.9,0.0,0.9,3.2738069885077086,0.09232394212026142,330.41825481162215,18.823680751220955,17.994125885409574,-5.588820855007957,0.0010004043579101562,D2,1,51,10
SplitCP,0.2,0.8,0.0,0.8,2.2949228998505125,0.06471863787939443,170.76156725469372,18.823680751220955,17.994125885409574,-5.588820855007957,0.0,D2,1,51,10
SplitCP,0.3,0.7,0.0,0.7,1.7152474216934195,0.048371331675400635,115.95859525211252,18.823680751220955,17.994125885409574,-5.588820855007957,0.0,D2,1,51,10
TargetOnlyCP,0.1,0.9,0.989247311827957,0.08924731182795698,46.56000000000002,1.3130287644351308,46.79010752688175,9.31853806199788,7.703548387096774,-0.6147086404767765,0.0,D2,1,51,10
TargetOnlyCP,0.2,0.8,0.967741935483871,0.16774193548387095,33.98000000000001,0.9582628310890409,35.996129032258075,9.31853806199788,7.703548387096774,-0.6147086404767765,0.0,D2,1,51,10
TargetOnlyCP,0.3,0.7,0.946236559139785,0.24623655913978504,30.519999999999985,0.8606880990240583,32.331469534050164,9.31853806199788,7.703548387096774,-0.6147086404767765,0.0,D2,1,51,10
TransferCal-CP-affine-localsigma,0.1,0.9,0.989247311827957,0.08924731182795698,48.42432967670432,1.3656043334192973,48.60878255372564,9.674308953983418,8.032860120264663,-0.7403576545212405,0.0,D2,1,51,10
TransferCal-CP-affine-localsigma,0.2,0.8,0.946236559139785,0.14623655913978495,32.1886570425779,0.9077455452199789,34.76631704441954,9.674308953983418,8.032860120264663,-0.7403576545212405,0.0010008811950683594,D2,1,51,10
TransferCal-CP-affine-localsigma,0.3,0.7,0.8172043010752689,0.11720430107526891,26.256535377164603,0.7404550301680783,29.962688516940453,9.674308953983418,8.032860120264663,-0.7403576545212405,0.0,D2,1,51,10
AdaptiveJackknifeCP,0.1,0.9,0.8279569892473119,0.07204301075268815,28.721052656750803,0.8099563634701422,45.12760504582998,10.859546582260478,8.756047009184796,-1.1929159556005944,0.0,D2,1,51,10
AdaptiveJackknifeCP,0.2,0.8,0.7849462365591398,0.01505376344086029,27.200127966074835,0.767065086249413,36.930521985143606,10.859546582260478,8.756047009184796,-1.1929159556005944,0.0010001659393310547,D2,1,51,10
AdaptiveJackknifeCP,0.3,0.7,0.6451612903225806,0.05483870967741933,19.926560581873858,0.5619447427031702,32.811332007021804,10.859546582260478,8.756047009184796,-1.1929159556005944,0.0,D2,1,51,10
AdaptiveSplitCP,0.1,0.9,0.989247311827957,0.08924731182795698,46.56000000000002,1.3130287644351308,46.79010752688175,9.31853806199788,7.703548387096774,-0.6147086404767765,0.0010001659393310547,D2,1,51,10
AdaptiveSplitCP,0.2,0.8,0.967741935483871,0.16774193548387095,33.98000000000001,0.9582628310890409,35.996129032258075,9.31853806199788,7.703548387096774,-0.6147086404767765,0.0,D2,1,51,10
AdaptiveSplitCP,0.3,0.7,0.946236559139785,0.24623655913978504,30.519999999999985,0.8606880990240583,32.331469534050164,9.31853806199788,7.703548387096774,-0.6147086404767765,0.0,D2,1,51,10
SplitCP,0.1,0.9,0.0,0.9,3.273806988507708,0.07919223482621639,334.0147994180375,19.1037289278763,18.173953115730345,-4.969984824390977,0.0,D2,1,51,15
SplitCP,0.2,0.8,0.0,0.8,2.294922899850512,0.05551337443868839,172.55983955790137,19.1037289278763,18.173953115730345,-4.969984824390977,0.00099945068359375,D2,1,51,15
SplitCP,0.3,0.7,0.0,0.7,1.7152474216934195,0.041491229348778594,117.157443454251,19.1037289278763,18.173953115730345,-4.969984824390977,0.0,D2,1,51,15
TargetOnlyCP,0.1,0.9,0.9659090909090909,0.06590909090909092,22.274280654725004,0.5388069823255184,25.49310521931225,5.326664112388268,4.112661615078817,0.535861539925452,0.0,D2,1,51,15
TargetOnlyCP,0.2,0.8,0.8977272727272727,0.09772727272727266,17.05446241813476,0.4125414226901148,20.159870573352247,5.326664112388268,4.112661615078817,0.535861539925452,0.0,D2,1,51,15
TargetOnlyCP,0.3,0.7,0.8863636363636364,0.1863636363636364,16.111645168214523,0.38973500639373904,18.53210205644651,5.326664112388268,4.112661615078817,0.535861539925452,0.0009992122650146484,D2,1,51,15
TransferCal-CP-affine-localsigma,0.1,0.9,0.9204545454545454,0.020454545454545392,22.070762173541834,0.5338839421432751,27.345015740152288,6.441143993954208,5.134396652892114,0.3213232848777495,0.0,D2,1,51,15
TransferCal-CP-affine-localsigma,0.2,0.8,0.8522727272727273,0.05227272727272725,17.223891793889464,0.41663985945145293,22.498648839549375,6.441143993954208,5.134396652892114,0.3213232848777495,0.0010008811950683594,D2,1,51,15
TransferCal-CP-affine-localsigma,0.3,0.7,0.8409090909090909,0.14090909090909098,16.89270220141127,0.40862850017718877,20.578747343006498,6.441143993954208,5.134396652892114,0.3213232848777495,0.0,D2,1,51,15
AdaptiveJackknifeCP,0.1,0.9,1.0,0.09999999999999998,73.61872393932023,1.7808109318217735,73.61872393932023,5.587857120820491,4.133333747042358,0.48922748598236865,0.0,D2,1,51,15
AdaptiveJackknifeCP,0.2,0.8,0.8977272727272727,0.09772727272727266,17.358046695941226,0.4198850191519684,21.401692861259896,5.587857120820491,4.133333747042358,0.48922748598236865,0.0,D2,1,51,15
AdaptiveJackknifeCP,0.3,0.7,0.8409090909090909,0.14090909090909098,14.688148914788288,0.3553011347662137,18.548844555522475,5.587857120820491,4.133333747042358,0.48922748598236865,0.0,D2,1,51,15
AdaptiveSplitCP,0.1,0.9,0.9772727272727273,0.07727272727272727,29.587258426947518,0.7157053318768859,31.23585942505346,5.939176291195946,4.490313939865314,0.42298199343207954,0.0,D2,1,51,15
AdaptiveSplitCP,0.2,0.8,0.8636363636363636,0.0636363636363636,16.49111785595298,0.39891431668998145,22.32882129160562,5.939176291195946,4.490313939865314,0.42298199343207954,0.0,D2,1,51,15
AdaptiveSplitCP,0.3,0.7,0.8522727272727273,0.15227272727272734,16.075501397253095,0.3888607013392474,20.15814057098455,5.939176291195946,4.490313939865314,0.42298199343207954,0.00099945068359375,D2,1,51,15
SplitCP,0.05,0.95,0.0,0.95,5.327509766178808,0.13229475452833028,638.8493609889048,19.405888596630444,18.50180116365755,-5.390534661184581,0.0009992122650146484,D2,1,51,20
SplitCP,0.1,0.9,0.0,0.9,3.2738069885077086,0.08129642383150595,340.5717603765817,19.405888596630444,18.50180116365755,-5.390534661184581,0.0,D2,1,51,20
SplitCP,0.2,0.8,0.0,0.8,2.2949228998505125,0.0569884007767725,175.83832003717347,19.405888596630444,18.50180116365755,-5.390534661184581,0.0,D2,1,51,20
SplitCP,0.3,0.7,0.0,0.7,1.7152474216934195,0.042593678203811346,119.34309710709904,19.405888596630444,18.50180116365755,-5.390534661184581,0.0,D2,1,51,20
TargetOnlyCP,0.1,0.9,0.8674698795180723,0.032530120481927716,15.319484895544038,0.3804192920720101,24.650420464836714,5.304459822204,3.9911655024773207,0.522523001163807,0.0010004043579101562,D2,1,51,20
TargetOnlyCP,0.2,0.8,0.8313253012048193,0.031325301204819245,12.280507727215847,0.3049542519038069,19.291393370775754,5.304459822204,3.9911655024773207,0.522523001163807,0.0,D2,1,51,20
TargetOnlyCP,0.3,0.7,0.7710843373493976,0.07108433734939767,9.92550662047266,0.2464739661784932,16.141302301869274,5.304459822204,3.9911655024773207,0.522523001163807,0.0,D2,1,51,20
TransferCal-CP-affine-localsigma,0.1,0.9,0.927710843373494,0.027710843373493943,24.31827642090785,0.6038807155418189,29.046180219376186,6.835759381182428,5.570693365517114,0.20705391133279294,0.0,D2,1,51,20
TransferCal-CP-affine-localsigma,0.2,0.8,0.927710843373494,0.12771084337349392,21.124851347828354,0.5245803660934332,24.6430532734768,6.835759381182428,5.570693365517114,0.20705391133279294,0.001001119613647461,D2,1,51,20
TransferCal-CP-affine-localsigma,0.3,0.7,0.5421686746987951,0.1578313253012048,11.193900236911103,0.2779712002515866,21.387702090209526,6.835759381182428,5.570693365517114,0.20705391133279294,0.0,D2,1,51,20
AdaptiveJackknifeCP,0.05,0.95,0.9759036144578314,0.025903614457831403,22.347526529961684,0.5549423025679727,26.753036957217915,4.787874199986763,3.625492295686569,0.6109946369686878,0.0,D2,1,51,20
AdaptiveJackknifeCP,0.1,0.9,0.9397590361445783,0.03975903614457832,15.614953634699905,0.3877564845001823,20.511357559517297,4.787874199986763,3.625492295686569,0.6109946369686878,0.0,D2,1,51,20
AdaptiveJackknifeCP,0.2,0.8,0.6746987951807228,0.1253012048192772,9.621657605469675,0.23892867154408715,17.086274574067804,4.787874199986763,3.625492295686569,0.6109946369686878,0.001001119613647461,D2,1,51,20
AdaptiveJackknifeCP,0.3,0.7,0.6265060240963856,0.0734939759036144,8.204523574927366,0.20373785877551498,14.850712609328852,4.787874199986763,3.625492295686569,0.6109946369686878,0.0,D2,1,51,20
AdaptiveSplitCP,0.1,0.9,0.9397590361445783,0.03975903614457832,18.936689773931334,0.4702431032835586,23.528684376084627,5.587400989849456,4.322183143804146,0.4702270157045898,0.0,D2,1,51,20
AdaptiveSplitCP,0.2,0.8,0.7228915662650602,0.07710843373493981,11.08643003882793,0.2753024593015869,20.192007950449106,5.587400989849456,4.322183143804146,0.4702270157045898,0.0,D2,1,51,20
AdaptiveSplitCP,0.3,0.7,0.5542168674698795,0.14578313253012043,8.673538710752327,0.21538462151970403,17.778059722904185,5.587400989849456,4.322183143804146,0.4702270157045898,0.0,D2,1,51,20
SplitCP,0.05,0.95,0.0,0.95,5.327509766178807,0.15491450318783545,608.8239469326887,18.590485632707672,17.751165812252154,-5.619314570033083,0.0,D2,1,51,30
SplitCP,0.1,0.9,0.0,0.9,3.273806988507708,0.0951964811734732,325.5590533484737,18.590485632707672,17.751165812252154,-5.619314570033083,0.0,D2,1,51,30
SplitCP,0.2,0.8,0.0,0.8,2.294922899850512,0.06673227389308488,168.33196652311952,18.590485632707672,17.751165812252154,-5.619314570033083,0.0010013580322265625,D2,1,51,30
SplitCP,0.3,0.7,0.0,0.7,1.7152474216934195,0.04987634257617493,114.33886143106304,18.590485632707672,17.751165812252154,-5.619314570033083,0.0,D2,1,51,30
TargetOnlyCP,0.1,0.9,1.0,0.09999999999999998,39.545118091662516,1.1499016597895755,39.545118091662516,4.668993533522631,3.665891066980186,0.5824792194314266,0.0,D2,1,51,30
TargetOnlyCP,0.2,0.8,0.9315068493150684,0.1315068493150684,16.83413088968308,0.4895065683276538,18.6946636637986,4.668993533522631,3.665891066980186,0.5824792194314266,0.0010023117065429688,D2,1,51,30
TargetOnlyCP,0.3,0.7,0.8356164383561644,0.13561643835616444,13.525940039663283,0.3933102656507758,15.821262673701515,4.668993533522631,3.665891066980186,0.5824792194314266,0.0,D2,1,51,30
TransferCal-CP-affine-localsigma,0.1,0.9,1.0,0.09999999999999998,39.95692612340708,1.1618763045009688,39.95692612340708,5.507576494449133,4.608529254612851,0.419031445492973,0.000997304916381836,D2,1,51,30
TransferCal-CP-affine-localsigma,0.2,0.8,0.863013698630137,0.06301369863013695,16.309698183835735,0.4742569985197198,18.946270081436005,5.507576494449133,4.608529254612851,0.419031445492973,0.0,D2,1,51,30
TransferCal-CP-affine-localsigma,0.3,0.7,0.821917808219178,0.12191780821917808,15.32773606566475,0.44570328761871814,17.593946241727917,5.507576494449133,4.608529254612851,0.419031445492973,0.00099945068359375,D2,1,51,30
AdaptiveJackknifeCP,0.05,0.95,1.0,0.050000000000000044,33.315951255411925,0.9687685735889572,33.315951255411925,4.336853777837605,3.361004064967343,0.6397689780283375,0.0,D2,1,51,30
AdaptiveJackknifeCP,0.1,0.9,1.0,0.09999999999999998,27.120480499820303,0.7886153094485068,27.120480499820303,4.336853777837605,3.361004064967343,0.6397689780283375,0.0,D2,1,51,30
AdaptiveJackknifeCP,0.2,0.8,0.8904109589041096,0.09041095890410955,14.181985054640364,0.41238688719152355,16.382125750046637,4.336853777837605,3.361004064967343,0.6397689780283375,0.0,D2,1,51,30
AdaptiveJackknifeCP,0.3,0.7,0.8356164383561644,0.13561643835616444,11.941301389041614,0.3472317937065803,14.452893592201868,4.336853777837605,3.361004064967343,0.6397689780283375,0.0,D2,1,51,30
AdaptiveSplitCP,0.1,0.9,1.0,0.09999999999999998,40.50691709821462,1.1778690632868836,40.50691709821462,4.163567821798858,3.282855632896585,0.6679810760299829,0.0010001659393310547,D2,1,51,30
AdaptiveSplitCP,0.2,0.8,0.8767123287671232,0.0767123287671232,11.344397521165718,0.3298748914762131,14.733625557271129,4.163567821798858,3.282855632896585,0.6679810760299829,0.0,D2,1,51,30
AdaptiveSplitCP,0.3,0.7,0.8767123287671232,0.17671232876712328,11.317835017270454,0.3291025011334524,13.588236472165267,4.163567821798858,3.282855632896585,0.6679810760299829,0.0,D2,1,51,30
SplitCP,0.1,0.9,0.04,0.86,2.692950916898752,0.10741726828179417,137.26281806315893,8.789173415791245,8.032248778543389,-0.6178003002088555,0.0,D3,2,51,10
SplitCP,0.2,0.8,0.04,0.76,1.858819993391137,0.07414519316512505,73.14758199935778,8.789173415791245,8.032248778543389,-0.6178003002088555,0.0,D3,2,51,10
SplitCP,0.3,0.7,0.04,0.6599999999999999,1.290926132310567,0.05149286524912798,50.634027825079485,8.789173415791245,8.032248778543389,-0.6178003002088555,0.0,D3,2,51,10
TargetOnlyCP,0.1,0.9,1.0,0.09999999999999998,52.29999999999999,2.086158754652509,52.29999999999999,10.540635085230871,8.326,-1.3268179291280755,0.0,D3,2,51,10
TargetOnlyCP,0.2,0.8,0.88,0.07999999999999996,35.86,1.430394893725411,38.848,10.540635085230871,8.326,-1.3268179291280755,0.0,D3,2,51,10
TargetOnlyCP,0.3,0.7,0.68,0.019999999999999907,18.200000000000003,0.7259672912939901,34.81333333333335,10.540635085230871,8.326,-1.3268179291280755,0.0,D3,2,51,10
TransferCal-CP-affine-localsigma,0.1,0.9,0.92,0.020000000000000018,18.32907230997614,0.7311157679563217,20.495248050095196,4.8593168100425785,3.9288877121069405,0.5054852230138152,0.0,D3,2,51,10
TransferCal-CP-affine-localsigma,0.2,0.8,0.92,0.12,15.85015027778278,0.6322357507562993,17.92480696071965,4.8593168100425785,3.9288877121069405,0.5054852230138152,0.0,D3,2,51,10
TransferCal-CP-affine-localsigma,0.3,0.7,0.92,0.22000000000000008,14.647939405673014,0.5842815875480734,16.3516334268602,4.8593168100425785,3.9288877121069405,0.5054852230138152,0.0005056858062744141,D3,2,51,10
AdaptiveJackknifeCP,0.1,0.9,1.0,0.09999999999999998,69.34647631325468,2.7661139324129858,69.34647631325468,6.8435117587984555,5.081368808100293,0.019185493853768443,0.0,D3,2,51,10
AdaptiveJackknifeCP,0.2,0.8,0.96,0.15999999999999992,27.260200996976824,1.0873634218629116,29.51541037734773,6.8435117587984555,5.081368808100293,0.019185493853768443,0.0,D3,2,51,10
AdaptiveJackknifeCP,0.3,0.7,0.84,0.14,18.37271145446428,0.7328564597979943,22.4553203154481,6.8435117587984555,5.081368808100293,0.019185493853768443,0.0010039806365966797,D3,2,51,10
AdaptiveSplitCP,0.1,0.9,1.0,0.09999999999999998,52.29999999999999,2.086158754652509,52.29999999999999,10.540635085230871,8.326,-1.3268179291280755,0.0,D3,2,51,10
AdaptiveSplitCP,0.2,0.8,0.88,0.07999999999999996,35.86,1.430394893725411,38.848,10.540635085230871,8.326,-1.3268179291280755,0.0,D3,2,51,10
AdaptiveSplitCP,0.3,0.7,0.68,0.019999999999999907,18.200000000000003,0.7259672912939901,34.81333333333335,10.540635085230871,8.326,-1.3268179291280755,0.0,D3,2,51,10
SplitCP,0.1,0.9,0.046242774566473986,0.8537572254335261,2.6739879739929506,0.04642723044196773,245.52524648992437,15.47952529817888,13.447471084084757,-0.5045440263917724,0.0,D4,3,51,10
SplitCP,0.2,0.8,0.028901734104046242,0.7710982658959538,1.6433440698307604,0.028532631622701147,128.01878637118156,15.47952529817888,13.447471084084757,-0.5045440263917724,0.0010008811950683594,D4,3,51,10
SplitCP,0.3,0.7,0.028901734104046242,0.6710982658959537,1.2844843914169815,0.022301915124313905,86.69640596367618,15.47952529817888,13.447471084084757,-0.5045440263917724,0.0009996891021728516,D4,3,51,10
TargetOnlyCP,0.1,0.9,0.9826589595375722,0.08265895953757219,55.48765276976904,0.9634067418706903,56.14119187718683,15.199784405957363,13.192445780122107,-0.4506561383184262,0.0,D4,3,51,10
TargetOnlyCP,0.2,0.8,0.8439306358381503,0.04393063583815027,42.67952067936364,0.7410250012361376,47.60864904999278,15.199784405957363,13.192445780122107,-0.4506561383184262,0.00099945068359375,D4,3,51,10
TargetOnlyCP,0.3,0.7,0.5953757225433526,0.10462427745664737,30.889466755430824,0.5363196862633568,45.32126416146078,15.199784405957363,13.192445780122107,-0.4506561383184262,0.0,D4,3,51,10
TransferCal-CP-affine-localsigma,0.1,0.9,0.861271676300578,0.03872832369942203,29.55840440846943,0.5132090593959054,41.58898700022637,10.542766217885532,8.907898622757939,0.30209103559322603,0.0,D4,3,51,10
TransferCal-CP-affine-localsigma,0.2,0.8,0.791907514450867,0.008092485549133,25.837179093462137,0.44859912587838735,35.17887408330164,10.542766217885532,8.907898622757939,0.30209103559322603,0.001001596450805664,D4,3,51,10
TransferCal-CP-affine-localsigma,0.3,0.7,0.7861271676300579,0.0861271676300579,25.452435750402596,0.4419190031467339,31.94864248951634,10.542766217885532,8.907898622757939,0.30209103559322603,0.0010068416595458984,D4,3,51,10
AdaptiveJackknifeCP,0.1,0.9,1.0,0.09999999999999998,28.769381465048784,0.4995096148305327,28.769381465048784,3.8223097188444277,2.970127620314297,0.908263667518341,0.0010001659393310547,D4,3,51,10
AdaptiveJackknifeCP,0.2,0.8,0.9017341040462428,0.10173410404624272,13.506268826813324,0.23450316954764303,15.117330536950764,3.8223097188444277,2.970127620314297,0.908263667518341,0.0009984970092773438,D4,3,51,10
AdaptiveJackknifeCP,0.3,0.7,0.8959537572254336,0.19595375722543362,12.659489148385601,0.21980092120310996,14.025554773364146,3.8223097188444277,2.970127620314297,0.908263667518341,0.0010004043579101562,D4,3,51,10
AdaptiveSplitCP,0.1,0.9,0.9826589595375722,0.08265895953757219,55.48765276976904,0.9634067418706903,56.14119187718683,15.199784405957363,13.192445780122107,-0.4506561383184262,0.0009999275207519531,D4,3,51,10
AdaptiveSplitCP,0.2,0.8,0.8439306358381503,0.04393063583815027,42.67952067936364,0.7410250012361376,47.60864904999278,15.199784405957363,13.192445780122107,-0.4506561383184262,0.0,D4,3,51,10
AdaptiveSplitCP,0.3,0.7,0.5953757225433526,0.10462427745664737,30.889466755430824,0.5363196862633568,45.32126416146078,15.199784405957363,13.192445780122107,-0.4506561383184262,0.0,D4,3,51,10
SplitCP,0.1,0.9,0.041666666666666664,0.8583333333333334,2.6739879739929506,0.0461484048023828,247.99654563407958,15.63106673988981,13.575801007243063,-0.552766948158163,0.001001119613647461,D4,3,51,15
SplitCP,0.2,0.8,0.023809523809523808,0.7761904761904762,1.6433440698307606,0.02836127465857672,129.27905610476918,15.63106673988981,13.575801007243063,-0.552766948158163,0.0,D4,3,51,15
SplitCP,0.3,0.7,0.023809523809523808,0.6761904761904761,1.2844843914169815,0.02216797765508928,87.54267708256363,15.63106673988981,13.575801007243063,-0.552766948158163,0.0,D4,3,51,15
TargetOnlyCP,0.1,0.9,0.9285714285714286,0.02857142857142858,44.40427633142041,0.7663409630220936,54.071956927438954,12.794555702590523,10.27611981781713,-0.04034997764658277,0.0,D4,3,51,15
TargetOnlyCP,0.2,0.8,0.9047619047619048,0.10476190476190472,42.877550033407545,0.7399923092852811,48.368462545493664,12.794555702590523,10.27611981781713,-0.04034997764658277,0.0,D4,3,51,15
TargetOnlyCP,0.3,0.7,0.8869047619047619,0.1869047619047619,39.1802738179502,0.6761837203474772,44.12895875867225,12.794555702590523,10.27611981781713,-0.04034997764658277,0.0,D4,3,51,15
TransferCal-CP-affine-localsigma,0.1,0.9,0.9523809523809523,0.052380952380952306,38.634351650857205,0.6667620485214886,44.29921233636386,10.002320923806957,7.8678194441813245,0.36418522924754193,0.0,D4,3,51,15
TransferCal-CP-affine-localsigma,0.2,0.8,0.7916666666666666,0.008333333333333415,25.342223986389886,0.43736292851392566,35.408163854742924,10.002320923806957,7.8678194441813245,0.36418522924754193,0.0,D4,3,51,15
TransferCal-CP-affine-localsigma,0.3,0.7,0.6845238095238095,0.015476190476190421,18.601783457615934,0.3210345900570573,31.040189000048205,10.002320923806957,7.8678194441813245,0.36418522924754193,0.0,D4,3,51,15
AdaptiveJackknifeCP,0.1,0.9,0.9821428571428571,0.08214285714285707,16.350396240761413,0.28217954296603914,16.96369004409702,3.4866536706666165,2.71582613142626,0.9227414299862494,0.0,D4,3,51,15
AdaptiveJackknifeCP,0.2,0.8,0.7440476190476191,0.055952380952380976,7.92690385152477,0.1368046421029629,12.515108399143829,3.4866536706666165,2.71582613142626,0.9227414299862494,0.0,D4,3,51,15
AdaptiveJackknifeCP,0.3,0.7,0.7202380952380952,0.020238095238095277,7.689210645822256,0.1327024687266347,10.959472180538064,3.4866536706666165,2.71582613142626,0.9227414299862494,0.0,D4,3,51,15
AdaptiveSplitCP,0.1,0.9,1.0,0.09999999999999998,106.28637813321608,1.8343189463737335,106.28637813321608,17.849518955909236,14.034745622596027,-1.024799738945759,0.0,D4,3,51,15
AdaptiveSplitCP,0.2,0.8,0.9642857142857143,0.16428571428571426,81.30688387476799,1.403216105220605,82.54999675700753,17.849518955909236,14.034745622596027,-1.024799738945759,0.0,D4,3,51,15
AdaptiveSplitCP,0.3,0.7,0.9047619047619048,0.2047619047619048,62.79516274131891,1.0837358350159623,67.61131292389398,17.849518955909236,14.034745622596027,-1.024799738945759,0.0,D4,3,51,15
SplitCP,0.05,0.95,0.08588957055214724,0.8641104294478528,4.955565484994877,0.08552448412277824,456.207576902199,15.681998757468893,13.669144104043934,-0.5188598628467995,0.0,D4,3,51,20
SplitCP,0.1,0.9,0.03680981595092025,0.8631901840490798,2.6739879739929506,0.0461484048023828,249.77237958552624,15.681998757468893,13.669144104043934,-0.5188598628467995,0.0010001659393310547,D4,3,51,20
SplitCP,0.2,0.8,0.018404907975460124,0.7815950920245399,1.6433440698307609,0.028361274658576723,130.19310368135896,15.681998757468893,13.669144104043934,-0.5188598628467995,0.001001596450805664,D4,3,51,20
SplitCP,0.3,0.7,0.018404907975460124,0.6815950920245398,1.2844843914169815,0.02216797765508928,88.1585071292907,15.681998757468893,13.669144104043934,-0.5188598628467995,0.0009992122650146484,D4,3,51,20
TargetOnlyCP,0.1,0.9,0.8220858895705522,0.07791411042944785,29.674501995031335,0.5121305494620121,55.05607040481071,11.251425029215742,8.156454330978498,0.2181383046149329,0.0010020732879638672,D4,3,51,20
TargetOnlyCP,0.2,0.8,0.803680981595092,0.0036809815950920033,28.750882953920556,0.49619048323623877,42.309135567588406,11.251425029215742,8.156454330978498,0.2181383046149329,0.0,D4,3,51,20
TargetOnlyCP,0.3,0.7,0.754601226993865,0.05460122699386505,23.405135695425233,0.40393213695508956,36.208475389391076,11.251425029215742,8.156454330978498,0.2181383046149329,0.0,D4,3,51,20
TransferCal-CP-affine-localsigma,0.1,0.9,0.9815950920245399,0.08159509202453985,56.28078227609147,0.9713089020342347,57.096363917702746,9.956755037627419,7.837541053913526,0.38771937000694034,0.0,D4,3,51,20
TransferCal-CP-affine-localsigma,0.2,0.8,0.8773006134969326,0.07730061349693251,30.54125295960586,0.5270891711031976,36.19707032547949,9.956755037627419,7.837541053913526,0.38771937000694034,0.0,D4,3,51,20
TransferCal-CP-affine-localsigma,0.3,0.7,0.6625766871165644,0.03742331288343559,18.14580790942657,0.31316524121088085,30.80722381746757,9.956755037627419,7.837541053913526,0.38771937000694034,0.0,D4,3,51,20
AdaptiveJackknifeCP,0.05,0.95,0.950920245398773,0.0009202453987730008,16.01348778786033,0.27636508612590355,20.77072393254519,3.9816514869189694,3.1042092814821984,0.9020867733212327,0.0,D4,3,51,20
AdaptiveJackknifeCP,0.1,0.9,0.7607361963190185,0.13926380368098157,8.701817645404574,0.1501783131122289,19.761626266505214,3.9816514869189694,3.1042092814821984,0.9020867733212327,0.0,D4,3,51,20
AdaptiveJackknifeCP,0.2,0.8,0.7177914110429447,0.0822085889570553,7.635928940605863,0.13178291870441988,14.536558817324135,3.9816514869189694,3.1042092814821984,0.9020867733212327,0.0,D4,3,51,20
AdaptiveJackknifeCP,0.3,0.7,0.6073619631901841,0.09263803680981586,6.395610083085856,0.11037716173110407,12.323047427533984,3.9816514869189694,3.1042092814821984,0.9020867733212327,0.00099945068359375,D4,3,51,20
AdaptiveSplitCP,0.1,0.9,0.8895705521472392,0.010429447852760787,12.151339150454376,0.20971108451503054,20.033678046451893,4.017674779563676,2.843175733954556,0.9003070532748911,0.0010001659393310547,D4,3,51,20
AdaptiveSplitCP,0.2,0.8,0.852760736196319,0.052760736196318936,10.428925654214654,0.17998520839492807,15.506110774409981,4.017674779563676,2.843175733954556,0.9003070532748911,0.0010001659393310547,D4,3,51,20
AdaptiveSplitCP,0.3,0.7,0.8159509202453987,0.11595092024539877,8.376162980800546,0.14455807718218855,12.896639958324764,4.017674779563676,2.843175733954556,0.9003070532748911,0.0009996891021728516,D4,3,51,20
SplitCP,0.05,0.95,0.0915032679738562,0.8584967320261437,4.955565484994878,0.08604121745490144,438.7899477356662,15.303512185363896,13.216937269114117,-0.5327035447957753,0.0,D4,3,51,30
SplitCP,0.1,0.9,0.0392156862745098,0.8607843137254902,2.6739879739929506,0.04642723044196773,240.9064834190219,15.303512185363896,13.216937269114117,-0.5327035447957753,0.0010008811950683594,D4,3,51,30
SplitCP,0.2,0.8,0.032679738562091505,0.7673202614379085,1.6433440698307606,0.02853263162270115,125.72880139920811,15.303512185363896,13.216937269114117,-0.5327035447957753,0.0,D4,3,51,30
SplitCP,0.3,0.7,0.032679738562091505,0.6673202614379085,1.2844843914169815,0.022301915124313905,85.16523007081102,15.303512185363896,13.216937269114117,-0.5327035447957753,0.0,D4,3,51,30
TargetOnlyCP,0.1,0.9,1.0,0.09999999999999998,52.93904697327822,0.9191564648424339,52.93904697327822,8.892904356637265,6.917237549571338,0.48243705252020497,0.0010006427764892578,D4,3,51,30
TargetOnlyCP,0.2,0.8,0.9411764705882353,0.14117647058823524,33.32557572227137,0.5786167322804934,36.1579290902449,8.892904356637265,6.917237549571338,0.48243705252020497,0.0,D4,3,51,30
TargetOnlyCP,0.3,0.7,0.8954248366013072,0.19542483660130727,30.840539454599885,0.5354701839123086,33.3771793967394,8.892904356637265,6.917237549571338,0.48243705252020497,0.0,D4,3,51,30
TransferCal-CP-affine-localsigma,0.1,0.9,0.9869281045751634,0.08692810457516342,59.09787815237619,1.0260894343195475,59.35587796582048,10.048814847455738,7.805252670437731,0.33914584778737367,0.0,D4,3,51,30
TransferCal-CP-affine-localsigma,0.2,0.8,0.8954248366013072,0.09542483660130718,32.76387664098336,0.5688642079835877,37.60061306617055,10.048814847455738,7.805252670437731,0.33914584778737367,0.001001596450805664,D4,3,51,30
TransferCal-CP-affine-localsigma,0.3,0.7,0.7843137254901961,0.08431372549019611,24.765941083388213,0.4299997101608849,32.18263535214441,10.048814847455738,7.805252670437731,0.33914584778737367,0.0,D4,3,51,30
AdaptiveJackknifeCP,0.05,0.95,0.9673202614379085,0.017320261437908546,17.38221199506052,0.3017993984022076,18.60503332706569,3.942571641083711,3.1201520669518406,0.8982732612060608,0.0,D4,3,51,30
AdaptiveJackknifeCP,0.1,0.9,0.8300653594771242,0.06993464052287579,11.165594768099496,0.19386311620021937,16.579093843018793,3.942571641083711,3.1201520669518406,0.8982732612060608,0.0010001659393310547,D4,3,51,30
AdaptiveJackknifeCP,0.2,0.8,0.738562091503268,0.06143790849673203,9.440552754002756,0.16391200052973556,14.087934024291428,3.942571641083711,3.1201520669518406,0.8982732612060608,0.0009996891021728516,D4,3,51,30
AdaptiveJackknifeCP,0.3,0.7,0.7124183006535948,0.012418300653594838,8.47433745307117,0.14713604608670927,12.449871246843067,3.942571641083711,3.1201520669518406,0.8982732612060608,0.0010020732879638672,D4,3,51,30
AdaptiveSplitCP,0.1,0.9,0.9477124183006536,0.047712418300653536,16.56977254149127,0.28769338367893227,17.729476601224633,4.162798477308085,3.3194858819857034,0.886591212160643,0.0,D4,3,51,30
AdaptiveSplitCP,0.2,0.8,0.6928104575163399,0.1071895424836602,8.210988611240566,0.14256364056910428,15.53069053949293,4.162798477308085,3.3194858819857034,0.886591212160643,0.0,D4,3,51,30
AdaptiveSplitCP,0.3,0.7,0.673202614379085,0.026797385620914937,7.8212623138375506,0.13579700107977039,13.115887657930257,4.162798477308085,3.3194858819857034,0.886591212160643,0.0,D4,3,51,30
SplitCP,0.05,0.95,0.08270676691729323,0.8672932330827068,4.955565484994877,0.08604121745490143,448.20133303296535,15.523257329378323,13.48004794657582,-0.4982461292215272,0.0,D4,3,51,50
SplitCP,0.1,0.9,0.022556390977443608,0.8774436090225564,2.6739879739929506,0.04642723044196773,245.87317619911093,15.523257329378323,13.48004794657582,-0.4982461292215272,0.0,D4,3,51,50
SplitCP,0.2,0.8,0.015037593984962405,0.7849624060150376,1.6433440698307606,0.02853263162270115,128.2964534807433,15.523257329378323,13.48004794657582,-0.4982461292215272,0.0,D4,3,51,50
SplitCP,0.3,0.7,0.015037593984962405,0.6849624060150376,1.2844843914169815,0.022301915124313905,86.8981016395994,15.523257329378323,13.48004794657582,-0.4982461292215272,0.0,D4,3,51,50
TargetOnlyCP,0.05,0.95,0.9172932330827067,0.03270676691729324,22.53683558574969,0.39129677072178864,35.42880118957325,6.595499758737626,5.167234093644921,0.7295338816379026,0.0,D4,3,51,50
TargetOnlyCP,0.1,0.9,0.9097744360902256,0.009774436090225547,21.585041119721073,0.37477119864088115,28.84860418479625,6.595499758737626,5.167234093644921,0.7295338816379026,0.0,D4,3,51,50
TargetOnlyCP,0.2,0.8,0.8872180451127819,0.08721804511278186,19.523010499249253,0.33896910389470214,24.26690967177718,6.595499758737626,5.167234093644921,0.7295338816379026,0.0,D4,3,51,50
TargetOnlyCP,0.3,0.7,0.8345864661654135,0.1345864661654136,17.644654472718738,0.30635606713314606,21.64776797945521,6.595499758737626,5.167234093644921,0.7295338816379026,0.0,D4,3,51,50
TransferCal-CP-affine-localsigma,0.05,0.95,0.924812030075188,0.02518796992481198,36.833601429143265,0.6395249784930165,49.654090677726224,10.10288704955666,8.108881219031742,0.3653877576682254,0.0009999275207519531,D4,3,51,50
TransferCal-CP-affine-localsigma,0.1,0.9,0.8721804511278195,0.027819548872180522,31.28398510145095,0.5431695279015408,43.168932054265724,10.10288704955666,8.108881219031742,0.3653877576682254,0.0010030269622802734,D4,3,51,50
TransferCal-CP-affine-localsigma,0.2,0.8,0.7744360902255639,0.025563909774436122,23.620833387757585,0.4101177288718943,36.26351625673829,10.10288704955666,8.108881219031742,0.3653877576682254,0.0,D4,3,51,50
TransferCal-CP-affine-localsigma,0.3,0.7,0.7518796992481203,0.0518796992481203,21.338948729529335,0.370498409002121,31.576983911918816,10.10288704955666,8.108881219031742,0.3653877576682254,0.0,D4,3,51,50
AdaptiveJackknifeCP,0.05,0.95,0.9699248120300752,0.019924812030075234,13.598097661923303,0.23609755162053703,14.821333808403248,3.2793752112617542,2.7053090413124385,0.9331348736363949,0.0,D4,3,51,50
AdaptiveJackknifeCP,0.1,0.9,0.8120300751879699,0.08796992481203014,8.76218367116495,0.15213378834631006,13.89486308074002,3.2793752112617542,2.7053090413124385,0.9331348736363949,0.0,D4,3,51,50
AdaptiveJackknifeCP,0.2,0.8,0.6390977443609023,0.16090225563909777,6.277715908739691,0.10899711067475164,12.032412105478206,3.2793752112617542,2.7053090413124385,0.9331348736363949,0.0,D4,3,51,50
AdaptiveJackknifeCP,0.3,0.7,0.5413533834586466,0.15864661654135337,5.014513731844914,0.08706470890934125,10.5217825489893,3.2793752112617542,2.7053090413124385,0.9331348736363949,0.0010001659393310547,D4,3,51,50
AdaptiveSplitCP,0.05,0.95,1.0,0.050000000000000044,18.710233604652927,0.32485723033717734,18.710233604652927,3.419256758088923,2.82571767268268,0.9273089606405147,0.0,D4,3,51,50
AdaptiveSplitCP,0.1,0.9,0.7518796992481203,0.14812030075187976,8.238741908616047,0.1430455083805185,15.42527305738248,3.419256758088923,2.82571767268268,0.9273089606405147,0.0,D4,3,51,50
AdaptiveSplitCP,0.2,0.8,0.6917293233082706,0.1082706766917294,7.317512309597621,0.12705062010892945,12.223166400007369,3.419256758088923,2.82571767268268,0.9273089606405147,0.0,D4,3,51,50
AdaptiveSplitCP,0.3,0.7,0.6766917293233082,0.023308270676691722,6.730263488660525,0.11685448736577887,10.60994372944229,3.419256758088923,2.82571767268268,0.9273089606405147,0.001001119613647461,D4,3,51,50
