seed,fold,draw,method,K,alpha,calib_time_sec,selected_candidate,coverage,width,winkler,n_eval
142,D1,strength_quartile,SplitCP-source,20,0.1,0.0,,0.11316648531011969,3.5469000136228597,168.01930236650733,919
142,D1,strength_quartile,AdaptiveJackknifeCP,20,0.1,0.3637540340423584,stacked,0.9586507072905331,47.16420538745558,51.51561137607599,919
142,D1,strength_quartile,AdaptiveJackknifeCP-exactJK+,20,0.1,0.32398414611816406,stacked,0.9227421109902068,43.006639250392084,51.07514286701883,919
142,D1,strength_quartile,TargetOnlyJKplus,20,0.1,0.3253946304321289,local-ridge,0.998911860718172,91.1180656093872,91.1915779563432,919
142,D1,strength_quartile,TargetOnlyJKplus-exactJK+,20,0.1,0.3253905773162842,local-ridge,0.9619151251360174,63.5659292182237,67.67010495430067,919
142,D1,strength_quartile,StackedOnlyCP,20,0.1,0.003999471664428711,stacked,0.9586507072905331,47.16420538745558,51.51561137607599,919
142,D1,strength_quartile,TargetOnlyCP,20,0.1,0.0010001659393310547,,0.9727965179542981,137.30407311084713,153.79264995646247,919
142,D1,strength_quartile,AdaptiveSplitCP,20,0.1,0.0009999275207519531,stacked,0.9749727965179543,158.5596018062848,171.21513021220673,919
142,D1,strength_quartile,TransferCal-CP-affine-localsigma,20,0.1,0.002001047134399414,,0.9532100108813928,49.0960691309695,53.51995954832003,919
142,D1,random,SplitCP-source,20,0.1,0.0,,0.11099020674646355,3.5469000136228597,169.0904244397729,919
142,D1,random,AdaptiveJackknifeCP,20,0.1,0.3091096878051758,stacked,0.9314472252448314,41.417532948171946,47.045175362614906,919
142,D1,random,AdaptiveJackknifeCP-exactJK+,20,0.1,0.3169362545013428,stacked,0.955386289445049,44.235249022894884,47.73353776861255,919
142,D1,random,TargetOnlyJKplus,20,0.1,0.3244616985321045,local-ridge,0.9270946681175191,52.08514546160128,62.51463934223128,919
142,D1,random,TargetOnlyJKplus-exactJK+,20,0.1,0.3292264938354492,local-ridge,0.8813928182807399,46.6188552015404,64.67456438854273,919
142,D1,random,StackedOnlyCP,20,0.1,0.004001140594482422,stacked,0.9314472252448314,41.417532948171946,47.045175362614906,919
142,D1,random,TargetOnlyCP,20,0.1,0.0009982585906982422,,0.9684439608269858,103.60391172853791,115.3702113445,919
142,D1,random,AdaptiveSplitCP,20,0.1,0.0010008811950683594,stacked,0.9662676822633297,87.49779588964263,102.35970161665935,919
142,D1,random,TransferCal-CP-affine-localsigma,20,0.1,0.0009999275207519531,,0.8694232861806311,43.50928905772793,58.775423845262665,919
142,D1,covariate,SplitCP-source,20,0.1,0.0009996891021728516,,0.11316648531011969,3.5469000136228597,167.70661170579277,919
142,D1,covariate,AdaptiveJackknifeCP,20,0.1,0.341170072555542,stacked,0.779107725788901,36.9238913561329,70.98228480259468,919
142,D1,covariate,AdaptiveJackknifeCP-exactJK+,20,0.1,0.3518807888031006,stacked,0.8607181719260065,44.95171093153878,65.73784330034304,919
142,D1,covariate,TargetOnlyJKplus,20,0.1,0.3398914337158203,local-ridge,0.970620239390642,74.75309498682712,82.71326787553947,919
142,D1,covariate,TargetOnlyJKplus-exactJK+,20,0.1,0.32233190536499023,local-ridge,0.9347116430903155,60.296718445933294,74.69938985185863,919
142,D1,covariate,StackedOnlyCP,20,0.1,0.003706216812133789,stacked,0.779107725788901,36.9238913561329,70.98228480259468,919
142,D1,covariate,TargetOnlyCP,20,0.1,0.001636505126953125,,0.8792165397170838,47.149793276733426,72.3668308830313,919
142,D1,covariate,AdaptiveSplitCP,20,0.1,0.0020051002502441406,stacked,0.7029379760609358,29.043321949598813,72.41432218359844,919
142,D1,covariate,TransferCal-CP-affine-localsigma,20,0.1,0.0010001659393310547,,0.9031556039173014,38.56897352117216,46.71701792052726,919
142,D2,strength_quartile,SplitCP-source,20,0.1,0.0,,0.0,3.346222831894263,304.0226723254801,83
142,D2,strength_quartile,AdaptiveJackknifeCP,20,0.1,0.3150451183319092,stacked,0.9879518072289156,30.889035298701803,31.243789067830946,83
142,D2,strength_quartile,AdaptiveJackknifeCP-exactJK+,20,0.1,0.33120274543762207,stacked,0.9879518072289156,29.84220703732641,30.659259909017166,83
142,D2,strength_quartile,TargetOnlyJKplus,20,0.1,0.32204508781433105,local-ridge,1.0,29.26187895626797,29.26187895626797,83
142,D2,strength_quartile,TargetOnlyJKplus-exactJK+,20,0.1,0.3240218162536621,local-ridge,0.9759036144578314,27.422486012053096,28.318676626083903,83
142,D2,strength_quartile,StackedOnlyCP,20,0.1,0.00651240348815918,stacked,0.9879518072289156,30.889035298701803,31.243789067830946,83
142,D2,strength_quartile,TargetOnlyCP,20,0.1,0.0009999275207519531,,0.9759036144578314,25.41870802546019,26.368077663538163,83
142,D2,strength_quartile,AdaptiveSplitCP,20,0.1,0.0035085678100585938,stacked,0.9879518072289156,39.1544570530151,40.448818279135295,83
142,D2,strength_quartile,TransferCal-CP-affine-localsigma,20,0.1,0.0019998550415039062,,0.9879518072289156,35.52028748535666,35.60610240114285,83
142,D2,random,SplitCP-source,20,0.1,0.0010006427764892578,,0.0,3.346222831894263,310.6274791399106,83
142,D2,random,AdaptiveJackknifeCP,20,0.1,0.33270764350891113,stacked,0.927710843373494,16.882795682537452,22.21107194676247,83
142,D2,random,AdaptiveJackknifeCP-exactJK+,20,0.1,0.3218653202056885,stacked,0.927710843373494,18.376948148580464,22.444330223838705,83
142,D2,random,TargetOnlyJKplus,20,0.1,0.34404873847961426,local-ridge,0.891566265060241,17.163747520785094,23.328271058289033,83
142,D2,random,TargetOnlyJKplus-exactJK+,20,0.1,0.33767056465148926,local-ridge,0.8795180722891566,16.0012048982613,23.012094067158408,83
142,D2,random,StackedOnlyCP,20,0.1,0.005011796951293945,stacked,0.927710843373494,16.882795682537452,22.21107194676247,83
142,D2,random,TargetOnlyCP,20,0.1,0.0015354156494140625,,0.8192771084337349,15.684812346361058,24.246422438048004,83
142,D2,random,AdaptiveSplitCP,20,0.1,0.0020058155059814453,stacked,0.8313253012048193,18.70663499977542,29.444369433641118,83
142,D2,random,TransferCal-CP-affine-localsigma,20,0.1,0.002000570297241211,,0.9156626506024096,23.835771922497308,27.93195381537079,83
142,D2,covariate,SplitCP-source,20,0.1,0.0,,0.0,3.346222831894263,307.0699328884268,83
142,D2,covariate,AdaptiveJackknifeCP,20,0.1,0.337935209274292,stacked,1.0,31.981651784566797,31.981651784566797,83
142,D2,covariate,AdaptiveJackknifeCP-exactJK+,20,0.1,0.34595823287963867,stacked,0.9879518072289156,33.272511431880105,33.87548747420768,83
142,D2,covariate,TargetOnlyJKplus,20,0.1,0.35068368911743164,local-ridge,0.8554216867469879,16.059365497293957,22.451738682465898,83
142,D2,covariate,TargetOnlyJKplus-exactJK+,20,0.1,0.34979677200317383,local-ridge,0.9036144578313253,17.910218147321704,22.59088490182296,83
142,D2,covariate,StackedOnlyCP,20,0.1,0.006308794021606445,stacked,1.0,31.981651784566797,31.981651784566797,83
142,D2,covariate,TargetOnlyCP,20,0.1,0.0025086402893066406,,1.0,36.971434230056566,36.971434230056566,83
142,D2,covariate,AdaptiveSplitCP,20,0.1,0.0029993057250976562,stacked,1.0,33.8179163083112,33.8179163083112,83
142,D2,covariate,TransferCal-CP-affine-localsigma,20,0.1,0.002072572708129883,,1.0,39.28368354096697,39.28368354096697,83
142,D4,strength_quartile,SplitCP-source,20,0.1,0.0009996891021728516,,0.05521472392638037,3.25681885303625,216.50361516456223,163
142,D4,strength_quartile,AdaptiveJackknifeCP,20,0.1,0.33213376998901367,stacked,0.8834355828220859,11.577989279315172,15.062971724015927,163
142,D4,strength_quartile,AdaptiveJackknifeCP-exactJK+,20,0.1,0.33275413513183594,stacked,0.8834355828220859,11.601869779471865,14.793903440262026,163
142,D4,strength_quartile,TargetOnlyJKplus,20,0.1,0.3320469856262207,local-ridge,0.9202453987730062,29.15962128538675,35.825281529648066,163
142,D4,strength_quartile,TargetOnlyJKplus-exactJK+,20,0.1,0.33762288093566895,local-ridge,0.9141104294478528,30.79103228418529,37.60402711284347,163
142,D4,strength_quartile,StackedOnlyCP,20,0.1,0.006000995635986328,stacked,0.8834355828220859,11.577989279315172,15.062971724015927,163
142,D4,strength_quartile,TargetOnlyCP,20,0.1,0.0019989013671875,,0.9325153374233128,35.567206891694994,42.415624342825936,163
142,D4,strength_quartile,AdaptiveSplitCP,20,0.1,0.0019998550415039062,stacked,0.9202453987730062,13.887273782647753,18.657083307473115,163
142,D4,strength_quartile,TransferCal-CP-affine-localsigma,20,0.1,0.0020003318786621094,,0.8711656441717791,28.04680659214041,39.52206816534545,163
142,D4,random,SplitCP-source,20,0.1,0.0,,0.049079754601226995,3.25681885303625,214.8800729452148,163
142,D4,random,AdaptiveJackknifeCP,20,0.1,0.32720041275024414,stacked,0.9141104294478528,15.556663600807243,20.77571781716899,163
142,D4,random,AdaptiveJackknifeCP-exactJK+,20,0.1,0.3167717456817627,stacked,0.8773006134969326,14.425956722178066,22.927394714476033,163
142,D4,random,TargetOnlyJKplus,20,0.1,0.3176846504211426,local-ridge,0.8098159509202454,21.482761746003174,38.29404776543619,163
142,D4,random,TargetOnlyJKplus-exactJK+,20,0.1,0.3256549835205078,local-ridge,0.8282208588957055,23.26983642016771,36.20472749380502,163
142,D4,random,StackedOnlyCP,20,0.1,0.003000974655151367,stacked,0.9141104294478528,15.556663600807243,20.77571781716899,163
142,D4,random,TargetOnlyCP,20,0.1,0.0009999275207519531,,0.9325153374233128,37.65765782842675,43.950751198524124,163
142,D4,random,AdaptiveSplitCP,20,0.1,0.001508951187133789,stacked,0.9386503067484663,15.844315140055443,19.33984772882735,163
142,D4,random,TransferCal-CP-affine-localsigma,20,0.1,0.0019989013671875,,0.9754601226993865,35.94030519037784,37.7510520652334,163
142,D4,covariate,SplitCP-source,20,0.1,0.0,,0.049079754601226995,3.25681885303625,219.8543885703093,163
142,D4,covariate,AdaptiveJackknifeCP,20,0.1,0.3157472610473633,stacked,0.9693251533742331,15.287472549237929,17.105016353690907,163
142,D4,covariate,AdaptiveJackknifeCP-exactJK+,20,0.1,0.32126784324645996,stacked,0.9693251533742331,15.828952274960391,17.109542782903237,163
142,D4,covariate,TargetOnlyJKplus,20,0.1,0.32453441619873047,local-ridge,0.950920245398773,33.67659210988869,35.34684256247154,163
142,D4,covariate,TargetOnlyJKplus-exactJK+,20,0.1,0.32639384269714355,local-ridge,0.950920245398773,34.86655801855869,37.14423306255631,163
142,D4,covariate,StackedOnlyCP,20,0.1,0.006000995635986328,stacked,0.9693251533742331,15.287472549237929,17.105016353690907,163
142,D4,covariate,TargetOnlyCP,20,0.1,0.0009989738464355469,,1.0,41.91465831493781,41.91465831493781,163
142,D4,covariate,AdaptiveSplitCP,20,0.1,0.0035064220428466797,stacked,0.9815950920245399,16.865729441796432,17.34283971478103,163
142,D4,covariate,TransferCal-CP-affine-localsigma,20,0.1,0.002507448196411133,,0.9263803680981595,30.636888030944352,35.24197147675495,163
143,D1,strength_quartile,SplitCP-source,20,0.1,0.0,,0.07834602829162132,2.3827762567707533,182.8121784362577,919
143,D1,strength_quartile,AdaptiveJackknifeCP,20,0.1,0.3312408924102783,stacked,0.9194776931447225,45.71160067643727,57.2162569093182,919
143,D1,strength_quartile,AdaptiveJackknifeCP-exactJK+,20,0.1,0.35091710090637207,stacked,0.911860718171926,45.657520586978094,55.39190307771606,919
143,D1,strength_quartile,TargetOnlyJKplus,20,0.1,0.3609914779663086,local-ridge,0.8770402611534276,43.10615145661545,76.18897696842784,919
143,D1,strength_quartile,TargetOnlyJKplus-exactJK+,20,0.1,0.3728165626525879,local-ridge,0.8683351468988031,42.72726857715468,77.79524933705605,919
143,D1,strength_quartile,StackedOnlyCP,20,0.1,0.003000497817993164,stacked,0.9194776931447225,45.71160067643727,57.2162569093182,919
143,D1,strength_quartile,TargetOnlyCP,20,0.1,0.0019996166229248047,,0.8922742110990207,47.711523853504794,102.09032020455976,919
143,D1,strength_quartile,AdaptiveSplitCP,20,0.1,0.0010001659393310547,stacked,0.9205658324265505,60.45757335471061,105.06328504441676,919
143,D1,strength_quartile,TransferCal-CP-affine-localsigma,20,0.1,0.0015032291412353516,,0.7377584330794341,28.52113888396072,57.79364283523623,919
143,D1,random,SplitCP-source,20,0.1,0.0,,0.07834602829162132,2.3827762567707533,182.83796961387515,919
143,D1,random,AdaptiveJackknifeCP,20,0.1,0.3475074768066406,stacked,0.9630032644178455,45.389217430012984,49.31944450123831,919
143,D1,random,AdaptiveJackknifeCP-exactJK+,20,0.1,0.3569507598876953,stacked,0.9434167573449401,45.60860640028578,51.000768241795924,919
143,D1,random,TargetOnlyJKplus,20,0.1,0.3715081214904785,local-ridge,0.9575625680087051,78.12373926025647,97.94843273255225,919
143,D1,random,TargetOnlyJKplus-exactJK+,20,0.1,0.35666918754577637,local-ridge,0.9194776931447225,54.59020095452163,85.02807639280749,919
143,D1,random,StackedOnlyCP,20,0.1,0.00450444221496582,stacked,0.9630032644178455,45.389217430012984,49.31944450123831,919
143,D1,random,TargetOnlyCP,20,0.1,0.002540111541748047,,0.8900979325353645,84.31798067429202,216.50045229089443,919
143,D1,random,AdaptiveSplitCP,20,0.1,0.0019989013671875,stacked,0.8900979325353645,125.12216908562667,313.5620708483515,919
143,D1,random,TransferCal-CP-affine-localsigma,20,0.1,0.001001119613647461,,0.5658324265505985,20.92493116483922,72.56034124495663,919
143,D1,covariate,SplitCP-source,20,0.1,0.0,,0.08052230685527748,2.3827762567707533,181.042711633501,919
143,D1,covariate,AdaptiveJackknifeCP,20,0.1,0.34369874000549316,stacked,0.9673558215451578,65.09202826665174,70.23293159865305,919
143,D1,covariate,AdaptiveJackknifeCP-exactJK+,20,0.1,0.339613676071167,stacked,0.9597388465723613,60.202144961864256,65.92900038741276,919
143,D1,covariate,TargetOnlyJKplus,20,0.1,0.3234086036682129,local-ridge,0.9945593035908596,80.2956675710948,80.64481322296307,919
143,D1,covariate,TargetOnlyJKplus-exactJK+,20,0.1,0.3506491184234619,local-ridge,0.9749727965179543,69.05216942597933,71.42274273457356,919
143,D1,covariate,StackedOnlyCP,20,0.1,0.006999969482421875,stacked,0.9673558215451578,65.09202826665174,70.23293159865305,919
143,D1,covariate,TargetOnlyCP,20,0.1,0.0010001659393310547,,0.9608269858541894,70.9249310979087,75.21460473319169,919
143,D1,covariate,AdaptiveSplitCP,20,0.1,0.002999544143676758,stacked,0.9782372143634385,74.8326699694934,78.19595287439074,919
143,D1,covariate,TransferCal-CP-affine-localsigma,20,0.1,0.0015032291412353516,,0.9945593035908596,73.91275300656626,74.17270315612724,919
143,D2,strength_quartile,SplitCP-source,20,0.1,0.0,,0.0,2.8472876652916455,346.89868923149135,83
143,D2,strength_quartile,AdaptiveJackknifeCP,20,0.1,0.3124227523803711,stacked,0.9036144578313253,13.8879225349461,22.597789856157668,83
143,D2,strength_quartile,AdaptiveJackknifeCP-exactJK+,20,0.1,0.3022768497467041,stacked,0.9156626506024096,14.917078847048899,22.74391694267176,83
143,D2,strength_quartile,TargetOnlyJKplus,20,0.1,0.32477569580078125,local-ridge,0.891566265060241,15.706428501024492,23.38217060169692,83
143,D2,strength_quartile,TargetOnlyJKplus-exactJK+,20,0.1,0.30476975440979004,local-ridge,0.8674698795180723,14.642129490991271,23.963236879914273,83
143,D2,strength_quartile,StackedOnlyCP,20,0.1,0.006001710891723633,stacked,0.9036144578313253,13.8879225349461,22.597789856157668,83
143,D2,strength_quartile,TargetOnlyCP,20,0.1,0.001504659652709961,,0.9036144578313253,18.07455788160766,24.477039473620056,83
143,D2,strength_quartile,AdaptiveSplitCP,20,0.1,0.002005338668823242,stacked,0.927710843373494,26.967162081694532,30.50498742572723,83
143,D2,strength_quartile,TransferCal-CP-affine-localsigma,20,0.1,0.0019996166229248047,,0.9759036144578314,30.408175672646554,31.52724821261613,83
143,D2,random,SplitCP-source,20,0.1,0.0010077953338623047,,0.0,2.8472876652916455,352.6599723957122,83
143,D2,random,AdaptiveJackknifeCP,20,0.1,0.3155710697174072,stacked,0.8554216867469879,14.120778980612709,23.863666411197265,83
143,D2,random,AdaptiveJackknifeCP-exactJK+,20,0.1,0.34154367446899414,stacked,0.891566265060241,15.240794725348568,22.71003377494898,83
143,D2,random,TargetOnlyJKplus,20,0.1,0.3404662609100342,local-ridge,0.8795180722891566,15.86912810896795,23.50617906816865,83
143,D2,random,TargetOnlyJKplus-exactJK+,20,0.1,0.33915281295776367,local-ridge,0.8433734939759037,14.79070731272499,24.27961278283896,83
143,D2,random,StackedOnlyCP,20,0.1,0.00600743293762207,stacked,0.8554216867469879,14.120778980612709,23.863666411197265,83
143,D2,random,TargetOnlyCP,20,0.1,0.0019996166229248047,,0.9518072289156626,31.670147805249496,35.159742635138315,83
143,D2,random,AdaptiveSplitCP,20,0.1,0.0019998550415039062,stacked,0.8554216867469879,12.74221868115556,24.311648249043973,83
143,D2,random,TransferCal-CP-affine-localsigma,20,0.1,0.0010006427764892578,,0.9397590361445783,31.302421110127447,34.535556141450435,83
143,D2,covariate,SplitCP-source,20,0.1,0.00099945068359375,,0.0,2.8472876652916455,348.93471243625885,83
143,D2,covariate,AdaptiveJackknifeCP,20,0.1,0.35347485542297363,stacked,0.891566265060241,16.794501316848223,23.400402171042735,83
143,D2,covariate,AdaptiveJackknifeCP-exactJK+,20,0.1,0.3443453311920166,stacked,0.8433734939759037,14.189035006355834,25.5204459780076,83
143,D2,covariate,TargetOnlyJKplus,20,0.1,0.33269762992858887,local-ridge,0.9156626506024096,16.817112026436366,23.898032068938683,83
143,D2,covariate,TargetOnlyJKplus-exactJK+,20,0.1,0.34096860885620117,local-ridge,0.8674698795180723,15.699475849988948,24.621447126736104,83
143,D2,covariate,StackedOnlyCP,20,0.1,0.0060040950775146484,stacked,0.891566265060241,16.794501316848223,23.400402171042735,83
143,D2,covariate,TargetOnlyCP,20,0.1,0.0019996166229248047,,0.9036144578313253,18.147079741459223,24.133972678444042,83
143,D2,covariate,AdaptiveSplitCP,20,0.1,0.0025053024291992188,stacked,0.9397590361445783,22.47342333947888,25.48608002351077,83
143,D2,covariate,TransferCal-CP-affine-localsigma,20,0.1,0.0020041465759277344,,0.7108433734939759,16.264160172594973,31.21388482537049,83
143,D4,strength_quartile,SplitCP-source,20,0.1,0.001003265380859375,,0.03680981595092025,2.927131092889099,202.180986509973,163
143,D4,strength_quartile,AdaptiveJackknifeCP,20,0.1,0.3167409896850586,stacked,0.8711656441717791,10.345610449523761,18.365208383347564,163
143,D4,strength_quartile,AdaptiveJackknifeCP-exactJK+,20,0.1,0.3170740604400635,stacked,0.8404907975460123,9.773928658610549,18.551443254649993,163
143,D4,strength_quartile,TargetOnlyJKplus,20,0.1,0.3202176094055176,local-ridge,0.8895705521472392,25.335424270007884,37.37500907636946,163
143,D4,strength_quartile,TargetOnlyJKplus-exactJK+,20,0.1,0.32079410552978516,local-ridge,0.8834355828220859,25.132513391299156,37.69792308948993,163
143,D4,strength_quartile,StackedOnlyCP,20,0.1,0.005999088287353516,stacked,0.8711656441717791,10.345610449523761,18.365208383347564,163
143,D4,strength_quartile,TargetOnlyCP,20,0.1,0.0009996891021728516,,0.8650306748466258,32.81009986370213,50.114713489025995,163
143,D4,strength_quartile,AdaptiveSplitCP,20,0.1,0.002505064010620117,stacked,0.7914110429447853,7.659235645930252,18.63656358043916,163
143,D4,strength_quartile,TransferCal-CP-affine-localsigma,20,0.1,0.002000570297241211,,0.9754601226993865,51.62354363656873,53.518546476210155,163
143,D4,random,SplitCP-source,20,0.1,0.0,,0.03680981595092025,2.927131092889099,202.27783445164923,163
143,D4,random,AdaptiveJackknifeCP,20,0.1,0.3121650218963623,stacked,0.7791411042944786,11.955339406691536,29.064022070947733,163
143,D4,random,AdaptiveJackknifeCP-exactJK+,20,0.1,0.3005380630493164,stacked,0.7668711656441718,11.749923486523365,29.859989995744087,163
143,D4,random,TargetOnlyJKplus,20,0.1,0.3115065097808838,local-ridge,0.9693251533742331,39.0546159786723,40.145063732299356,163
143,D4,random,TargetOnlyJKplus-exactJK+,20,0.1,0.3182504177093506,local-ridge,0.9631901840490797,39.45902380024647,41.165313450605886,163
143,D4,random,StackedOnlyCP,20,0.1,0.005505561828613281,stacked,0.7791411042944786,11.955339406691536,29.064022070947733,163
143,D4,random,TargetOnlyCP,20,0.1,0.0019998550415039062,,0.8650306748466258,26.654403928137793,37.03962005557632,163
143,D4,random,AdaptiveSplitCP,20,0.1,0.0015027523040771484,stacked,0.6687116564417178,12.92620636983155,38.986799226640414,163
143,D4,random,TransferCal-CP-affine-localsigma,20,0.1,0.0020041465759277344,,0.8895705521472392,29.70227107956205,35.21569660387802,163
143,D4,covariate,SplitCP-source,20,0.1,0.0,,0.03067484662576687,2.927131092889099,204.7982067367746,163
143,D4,covariate,AdaptiveJackknifeCP,20,0.1,0.30911827087402344,stacked,0.9693251533742331,15.110979157973654,15.45195363095836,163
143,D4,covariate,AdaptiveJackknifeCP-exactJK+,20,0.1,0.3228433132171631,stacked,0.9631901840490797,15.258028957942324,15.763509126044017,163
143,D4,covariate,TargetOnlyJKplus,20,0.1,0.3275606632232666,local-ridge,0.8773006134969326,27.54910015518922,37.94272201654703,163
143,D4,covariate,TargetOnlyJKplus-exactJK+,20,0.1,0.33594703674316406,local-ridge,0.8773006134969326,28.30026417140943,39.366229309106565,163
143,D4,covariate,StackedOnlyCP,20,0.1,0.003999233245849609,stacked,0.9693251533742331,15.110979157973654,15.45195363095836,163
143,D4,covariate,TargetOnlyCP,20,0.1,0.0010006427764892578,,0.8650306748466258,35.807052530724945,46.216862868703444,163
143,D4,covariate,AdaptiveSplitCP,20,0.1,0.001999378204345703,stacked,0.9325153374233128,21.050028558496816,24.3945892745236,163
143,D4,covariate,TransferCal-CP-affine-localsigma,20,0.1,0.0020012855529785156,,0.9877300613496932,42.580485232155915,42.60651779414876,163
144,D1,strength_quartile,SplitCP-source,20,0.1,0.0,,0.05223068552774755,1.9534479961798965,184.10419306489175,919
144,D1,strength_quartile,AdaptiveJackknifeCP,20,0.1,0.3219146728515625,stacked,0.8008705114254625,32.77127452953547,61.9869381170444,919
144,D1,strength_quartile,AdaptiveJackknifeCP-exactJK+,20,0.1,0.3312537670135498,stacked,0.7812840043525572,33.65736215877885,65.20942833363563,919
144,D1,strength_quartile,TargetOnlyJKplus,20,0.1,0.32913804054260254,local-ridge,0.809575625680087,35.91379301311134,68.50232197681846,919
144,D1,strength_quartile,TargetOnlyJKplus-exactJK+,20,0.1,0.32576537132263184,local-ridge,0.8150163220892275,35.4995466664513,66.0955441408314,919
144,D1,strength_quartile,StackedOnlyCP,20,0.1,0.00250244140625,stacked,0.8008705114254625,32.77127452953547,61.9869381170444,919
144,D1,strength_quartile,TargetOnlyCP,20,0.1,0.0016410350799560547,,0.9162132752992383,51.57242847454166,66.90762829225889,919
144,D1,strength_quartile,AdaptiveSplitCP,20,0.1,0.002004861831665039,stacked,0.8487486398258978,67.5399410981064,119.11586494421493,919
144,D1,strength_quartile,TransferCal-CP-affine-localsigma,20,0.1,0.0010001659393310547,,0.9096844396082698,41.355028228405935,49.27005999310941,919
144,D1,random,SplitCP-source,20,0.1,0.0,,0.04896626768226333,1.9534479961798965,182.4345583674041,919
144,D1,random,AdaptiveJackknifeCP,20,0.1,0.31792545318603516,stacked,0.8770402611534276,43.519562047736635,56.127542128479554,919
144,D1,random,AdaptiveJackknifeCP-exactJK+,20,0.1,0.3246297836303711,stacked,0.8846572361262242,42.836744773928146,55.10031019499016,919
144,D1,random,TargetOnlyJKplus,20,0.1,0.3288455009460449,local-ridge,0.9129488574537541,52.960108290950984,63.767380412699325,919
144,D1,random,TargetOnlyJKplus-exactJK+,20,0.1,0.325977087020874,local-ridge,0.9619151251360174,62.80368745338325,66.12983244448999,919
144,D1,random,StackedOnlyCP,20,0.1,0.005506753921508789,stacked,0.8770402611534276,43.519562047736635,56.127542128479554,919
144,D1,random,TargetOnlyCP,20,0.1,0.0009996891021728516,,0.9880304678998912,86.33260037658707,87.28699685248507,919
144,D1,random,AdaptiveSplitCP,20,0.1,0.002001047134399414,stacked,0.9434167573449401,139.29352498218756,152.20443546507246,919
144,D1,random,TransferCal-CP-affine-localsigma,20,0.1,0.0009999275207519531,,0.9869423286180631,95.89307307947153,96.7717862878745,919
144,D1,covariate,SplitCP-source,20,0.1,0.0,,0.05005440696409141,1.9534479961798965,183.78958531453523,919
144,D1,covariate,AdaptiveJackknifeCP,20,0.1,0.32580065727233887,stacked,0.9314472252448314,49.86721295512505,55.883548515324804,919
144,D1,covariate,AdaptiveJackknifeCP-exactJK+,20,0.1,0.3215665817260742,stacked,0.9357997823721437,55.00350302160957,61.18894870217456,919
144,D1,covariate,TargetOnlyJKplus,20,0.1,0.3135981559753418,local-ridge,0.8824809575625681,46.50548116813934,68.97294035023056,919
144,D1,covariate,TargetOnlyJKplus-exactJK+,20,0.1,0.3224375247955322,local-ridge,0.8781284004352558,46.51652301863965,68.83632643903921,919
144,D1,covariate,StackedOnlyCP,20,0.1,0.006000041961669922,stacked,0.9314472252448314,49.86721295512505,55.883548515324804,919
144,D1,covariate,TargetOnlyCP,20,0.1,0.0010006427764892578,,0.955386289445049,72.2650578084928,85.17979305412672,919
144,D1,covariate,AdaptiveSplitCP,20,0.1,0.0031447410583496094,stacked,0.9314472252448314,63.87965472929396,77.80735754460137,919
144,D1,covariate,TransferCal-CP-affine-localsigma,20,0.1,0.002542734146118164,,0.8378672470076169,35.722300134487966,53.235571083334655,919
144,D2,strength_quartile,SplitCP-source,20,0.1,0.0,,0.0,3.2977172857033565,311.5527170873427,83
144,D2,strength_quartile,AdaptiveJackknifeCP,20,0.1,0.3518247604370117,stacked,0.8313253012048193,13.621833481606044,27.604857646685577,83
144,D2,strength_quartile,AdaptiveJackknifeCP-exactJK+,20,0.1,0.45592212677001953,stacked,0.8313253012048193,13.96284680724055,28.013555678233995,83
144,D2,strength_quartile,TargetOnlyJKplus,20,0.1,0.33107542991638184,local-ridge,0.8313253012048193,14.085413755549164,26.679811815594295,83
144,D2,strength_quartile,TargetOnlyJKplus-exactJK+,20,0.1,0.3253328800201416,local-ridge,0.7831325301204819,13.140066319310952,26.5828720242171,83
144,D2,strength_quartile,StackedOnlyCP,20,0.1,0.006000518798828125,stacked,0.8313253012048193,13.621833481606044,27.604857646685577,83
144,D2,strength_quartile,TargetOnlyCP,20,0.1,0.001999378204345703,,0.8554216867469879,15.392752311231051,24.758902963565507,83
144,D2,strength_quartile,AdaptiveSplitCP,20,0.1,0.0020003318786621094,stacked,0.7590361445783133,15.669959368369181,29.451525092478885,83
144,D2,strength_quartile,TransferCal-CP-affine-localsigma,20,0.1,0.002000093460083008,,0.8674698795180723,24.44755607371536,28.141274904320994,83
144,D2,random,SplitCP-source,20,0.1,0.0,,0.0,3.2977172857033565,291.4022001109507,83
144,D2,random,AdaptiveJackknifeCP,20,0.1,0.329420804977417,local-ridge,1.0,27.421971331560062,27.421971331560062,83
144,D2,random,AdaptiveJackknifeCP-exactJK+,20,0.1,0.3368496894836426,local-ridge,1.0,26.39916168812857,26.39916168812857,83
144,D2,random,TargetOnlyJKplus,20,0.1,0.33568692207336426,local-ridge,1.0,30.71324496945854,30.71324496945854,83
144,D2,random,TargetOnlyJKplus-exactJK+,20,0.1,0.326462984085083,local-ridge,1.0,27.097363797815806,27.097363797815806,83
144,D2,random,StackedOnlyCP,20,0.1,0.0029997825622558594,stacked,0.9879518072289156,26.639523799007534,26.726666311934352,83
144,D2,random,TargetOnlyCP,20,0.1,0.0009999275207519531,,1.0,39.1220761444012,39.1220761444012,83
144,D2,random,AdaptiveSplitCP,20,0.1,0.0019998550415039062,stacked,1.0,39.38448583349064,39.38448583349064,83
144,D2,random,TransferCal-CP-affine-localsigma,20,0.1,0.0019996166229248047,,0.9518072289156626,40.62201377676167,41.422612644202374,83
144,D2,covariate,SplitCP-source,20,0.1,0.0,,0.0,3.2977172857033565,302.7767807837574,83
144,D2,covariate,AdaptiveJackknifeCP,20,0.1,0.31952857971191406,stacked,0.9036144578313253,14.58140736341174,22.552561250733223,83
144,D2,covariate,AdaptiveJackknifeCP-exactJK+,20,0.1,0.3319375514984131,stacked,0.891566265060241,14.661961880219684,22.46775407477053,83
144,D2,covariate,TargetOnlyJKplus,20,0.1,0.3297595977783203,local-ridge,0.8795180722891566,16.089371708745624,23.524386130439648,83
144,D2,covariate,TargetOnlyJKplus-exactJK+,20,0.1,0.323702335357666,local-ridge,0.9036144578313253,16.77072088988773,23.86802621887376,83
144,D2,covariate,StackedOnlyCP,20,0.1,0.005513906478881836,stacked,0.9036144578313253,14.58140736341174,22.552561250733223,83
144,D2,covariate,TargetOnlyCP,20,0.1,0.002000093460083008,,0.9156626506024096,16.044139954193216,23.13515897783604,83
144,D2,covariate,AdaptiveSplitCP,20,0.1,0.0019989013671875,stacked,0.9156626506024096,19.36791955209667,24.26696649185488,83
144,D2,covariate,TransferCal-CP-affine-localsigma,20,0.1,0.002000570297241211,,0.9759036144578314,31.665483628718334,33.22272824109272,83
144,D4,strength_quartile,SplitCP-source,20,0.1,0.0010004043579101562,,0.06748466257668712,3.6337576316572244,188.27387631936395,163
144,D4,strength_quartile,AdaptiveJackknifeCP,20,0.1,0.3296058177947998,stacked,0.9631901840490797,13.543588253050487,14.962952117852208,163
144,D4,strength_quartile,AdaptiveJackknifeCP-exactJK+,20,0.1,0.3362760543823242,stacked,0.9570552147239264,13.529670983126062,14.961363918121734,163
144,D4,strength_quartile,TargetOnlyJKplus,20,0.1,0.33333849906921387,local-ridge,0.950920245398773,31.207902296293305,37.67960765549413,163
144,D4,strength_quartile,TargetOnlyJKplus-exactJK+,20,0.1,0.32993435859680176,local-ridge,0.9386503067484663,33.65994955011212,40.57872186008756,163
144,D4,strength_quartile,StackedOnlyCP,20,0.1,0.003000020980834961,stacked,0.9631901840490797,13.543588253050487,14.962952117852208,163
144,D4,strength_quartile,TargetOnlyCP,20,0.1,0.0009999275207519531,,0.9754601226993865,52.95745120304625,56.441250713351266,163
144,D4,strength_quartile,AdaptiveSplitCP,20,0.1,0.0019996166229248047,stacked,0.9877300613496932,21.216969875532385,21.700452919053237,163
144,D4,strength_quartile,TransferCal-CP-affine-localsigma,20,0.1,0.001001596450805664,,1.0,67.67494746066474,67.67494746066474,163
144,D4,random,SplitCP-source,20,0.1,0.0010042190551757812,,0.05521472392638037,3.633757631657225,190.0814357471001,163
144,D4,random,AdaptiveJackknifeCP,20,0.1,0.33133816719055176,stacked,0.8834355828220859,12.148166130686178,16.820444644711074,163
144,D4,random,AdaptiveJackknifeCP-exactJK+,20,0.1,0.3253467082977295,stacked,0.8650306748466258,10.79565133338163,16.781118225931206,163
144,D4,random,TargetOnlyJKplus,20,0.1,0.3329775333404541,local-ridge,0.7914110429447853,22.94632318683615,50.223277752135964,163
144,D4,random,TargetOnlyJKplus-exactJK+,20,0.1,0.3201603889465332,local-ridge,0.8098159509202454,24.19941602356765,50.04309665033341,163
144,D4,random,StackedOnlyCP,20,0.1,0.004999637603759766,stacked,0.8834355828220859,12.148166130686178,16.820444644711074,163
144,D4,random,TargetOnlyCP,20,0.1,0.0019998550415039062,,0.9141104294478528,34.882428438390356,43.253372889133175,163
144,D4,random,AdaptiveSplitCP,20,0.1,0.0015032291412353516,stacked,0.9386503067484663,18.155675922481528,21.50189213276924,163
144,D4,random,TransferCal-CP-affine-localsigma,20,0.1,0.0016758441925048828,,0.8404907975460123,26.74164338745028,46.47636841533661,163
144,D4,covariate,SplitCP-source,20,0.1,0.0010004043579101562,,0.06748466257668712,3.6337576316572244,184.55256018344562,163
144,D4,covariate,AdaptiveJackknifeCP,20,0.1,0.3278379440307617,stacked,0.8466257668711656,9.915774325728405,17.53042793471202,163
144,D4,covariate,AdaptiveJackknifeCP-exactJK+,20,0.1,0.32448863983154297,stacked,0.8650306748466258,10.852666126258326,17.640133977404947,163
144,D4,covariate,TargetOnlyJKplus,20,0.1,0.3371446132659912,local-ridge,0.901840490797546,27.70244462957224,37.710415763843415,163
144,D4,covariate,TargetOnlyJKplus-exactJK+,20,0.1,0.3434605598449707,local-ridge,0.901840490797546,29.805660325667834,39.23094584436685,163
144,D4,covariate,StackedOnlyCP,20,0.1,0.005999565124511719,stacked,0.8466257668711656,9.915774325728405,17.53042793471202,163
144,D4,covariate,TargetOnlyCP,20,0.1,0.002000570297241211,,0.9693251533742331,43.06584346254244,45.08595734276081,163
144,D4,covariate,AdaptiveSplitCP,20,0.1,0.002502918243408203,stacked,0.7116564417177914,6.818802985085313,26.469075623387074,163
144,D4,covariate,TransferCal-CP-affine-localsigma,20,0.1,0.002003908157348633,,0.9447852760736196,34.222864678396256,40.173690409270044,163
145,D1,strength_quartile,SplitCP-source,20,0.1,0.0010004043579101562,,0.06746463547334058,2.1926512187869633,174.90627693752057,919
145,D1,strength_quartile,AdaptiveJackknifeCP,20,0.1,0.3782463073730469,stacked,0.9902067464635473,73.20827324081402,73.69293753490231,919
145,D1,strength_quartile,AdaptiveJackknifeCP-exactJK+,20,0.1,0.34378623962402344,stacked,0.9782372143634385,63.90565414933199,65.19446757794597,919
145,D1,strength_quartile,TargetOnlyJKplus,20,0.1,0.3560476303100586,local-ridge,1.0,109.42957387637286,109.42957387637286,919
145,D1,strength_quartile,TargetOnlyJKplus-exactJK+,20,0.1,0.35701990127563477,local-ridge,0.9978237214363439,84.6381596909088,84.76034199656938,919
145,D1,strength_quartile,StackedOnlyCP,20,0.1,0.0030035972595214844,stacked,0.9902067464635473,73.20827324081402,73.69293753490231,919
145,D1,strength_quartile,TargetOnlyCP,20,0.1,0.0009996891021728516,,0.9880304678998912,277.19969768342753,279.0702679938108,919
145,D1,strength_quartile,AdaptiveSplitCP,20,0.1,0.0020003318786621094,stacked,0.9880304678998912,258.2451754354811,260.76550959298146,919
145,D1,strength_quartile,TransferCal-CP-affine-localsigma,20,0.1,0.002000570297241211,,0.9956474428726877,75.05725967364711,75.57911178107278,919
145,D1,random,SplitCP-source,20,0.1,0.0009999275207519531,,0.06855277475516866,2.1926512187869633,174.78350487630541,919
145,D1,random,AdaptiveJackknifeCP,20,0.1,0.33969569206237793,stacked,0.9651795429815017,50.23946312323715,53.21732021527155,919
145,D1,random,AdaptiveJackknifeCP-exactJK+,20,0.1,0.3425920009613037,stacked,0.9662676822633297,52.03421886724189,55.662531845239855,919
145,D1,random,TargetOnlyJKplus,20,0.1,0.3502070903778076,local-ridge,0.940152339499456,55.260229581243614,64.99138650785153,919
145,D1,random,TargetOnlyJKplus-exactJK+,20,0.1,0.34249258041381836,local-ridge,0.9085963003264418,55.53686094784194,69.14854322260076,919
145,D1,random,StackedOnlyCP,20,0.1,0.004999637603759766,stacked,0.9651795429815017,50.23946312323715,53.21732021527155,919
145,D1,random,TargetOnlyCP,20,0.1,0.002003192901611328,,0.9064200217627857,52.7656516576816,67.97503632648687,919
145,D1,random,AdaptiveSplitCP,20,0.1,0.0020003318786621094,stacked,0.941240478781284,49.7815317309368,56.44317262299663,919
145,D1,random,TransferCal-CP-affine-localsigma,20,0.1,0.0009999275207519531,,0.8759521218715995,35.62386767377648,46.92633707460181,919
145,D1,covariate,SplitCP-source,20,0.1,0.001001596450805664,,0.06746463547334058,2.1926512187869633,175.3124423484246,919
145,D1,covariate,AdaptiveJackknifeCP,20,0.1,0.32804155349731445,stacked,0.7431991294885746,31.283944638976834,71.87679865882026,919
145,D1,covariate,AdaptiveJackknifeCP-exactJK+,20,0.1,0.3239772319793701,stacked,0.6898803046789989,27.595885866017127,80.37612386860437,919
145,D1,covariate,TargetOnlyJKplus,20,0.1,0.32228851318359375,local-ridge,0.9445048966267682,53.83194769257785,63.44883584991003,919
145,D1,covariate,TargetOnlyJKplus-exactJK+,20,0.1,0.3230466842651367,local-ridge,0.911860718171926,48.01417681263333,62.619246291459135,919
145,D1,covariate,StackedOnlyCP,20,0.1,0.003999471664428711,stacked,0.7431991294885746,31.283944638976834,71.87679865882026,919
145,D1,covariate,TargetOnlyCP,20,0.1,0.00099945068359375,,0.9521218715995647,68.17269224748465,73.5961611553803,919
145,D1,covariate,AdaptiveSplitCP,20,0.1,0.002000093460083008,stacked,0.7965179542981502,35.429498830706486,67.16065048371365,919
145,D1,covariate,TransferCal-CP-affine-localsigma,20,0.1,0.0020003318786621094,,0.8552774755168662,33.22256827658796,46.041796885811685,919
145,D2,strength_quartile,SplitCP-source,20,0.1,0.0010001659393310547,,0.0,2.4173465418466686,350.066164619371,83
145,D2,strength_quartile,AdaptiveJackknifeCP,20,0.1,0.32967448234558105,stacked,0.8433734939759037,13.827356858355133,23.628201792386584,83
145,D2,strength_quartile,AdaptiveJackknifeCP-exactJK+,20,0.1,0.32051563262939453,stacked,0.891566265060241,16.939280132729227,23.06284882134498,83
145,D2,strength_quartile,TargetOnlyJKplus,20,0.1,0.3278779983520508,local-ridge,0.9036144578313253,17.269958958263725,24.02812112901367,83
145,D2,strength_quartile,TargetOnlyJKplus-exactJK+,20,0.1,0.3244502544403076,local-ridge,0.9036144578313253,16.803764134257936,24.029885782913798,83
145,D2,strength_quartile,StackedOnlyCP,20,0.1,0.006005048751831055,stacked,0.8433734939759037,13.827356858355133,23.628201792386584,83
145,D2,strength_quartile,TargetOnlyCP,20,0.1,0.00099945068359375,,0.963855421686747,22.352107592337543,26.884526213747456,83
145,D2,strength_quartile,AdaptiveSplitCP,20,0.1,0.0030007362365722656,stacked,0.963855421686747,21.289725480708793,26.77325738114016,83
145,D2,strength_quartile,TransferCal-CP-affine-localsigma,20,0.1,0.0009989738464355469,,0.9518072289156626,26.066317754723645,28.714614737132223,83
145,D2,random,SplitCP-source,20,0.1,0.0,,0.0,2.4173465418466686,363.74640001697026,83
145,D2,random,AdaptiveJackknifeCP,20,0.1,0.31533098220825195,stacked,0.8554216867469879,15.550081295463071,24.17850787678673,83
145,D2,random,AdaptiveJackknifeCP-exactJK+,20,0.1,0.3192024230957031,stacked,0.8554216867469879,15.85581759563875,25.288854626706698,83
145,D2,random,TargetOnlyJKplus,20,0.1,0.32995057106018066,local-ridge,0.8433734939759037,15.712188953388395,26.323065459901834,83
145,D2,random,TargetOnlyJKplus-exactJK+,20,0.1,0.3335897922515869,local-ridge,0.8674698795180723,17.914779374479387,26.35025684851354,83
145,D2,random,StackedOnlyCP,20,0.1,0.00600743293762207,stacked,0.8554216867469879,15.550081295463071,24.17850787678673,83
145,D2,random,TargetOnlyCP,20,0.1,0.0010004043579101562,,0.927710843373494,19.35765524110185,24.888692426388168,83
145,D2,random,AdaptiveSplitCP,20,0.1,0.002001523971557617,stacked,0.963855421686747,23.524820307611552,26.501334833024632,83
145,D2,random,TransferCal-CP-affine-localsigma,20,0.1,0.0009984970092773438,,0.927710843373494,26.93446499615052,31.311716818352526,83
145,D2,covariate,SplitCP-source,20,0.1,0.0010044574737548828,,0.0,2.4173465418466686,351.60941452725257,83
145,D2,covariate,AdaptiveJackknifeCP,20,0.1,0.32805967330932617,stacked,0.9397590361445783,20.15763109727646,26.12891335455244,83
145,D2,covariate,AdaptiveJackknifeCP-exactJK+,20,0.1,0.3246934413909912,stacked,0.9397590361445783,21.944584958622414,25.063028120091438,83
145,D2,covariate,TargetOnlyJKplus,20,0.1,0.31353235244750977,local-ridge,0.9759036144578314,23.607246960566034,25.8626329588839,83
145,D2,covariate,TargetOnlyJKplus-exactJK+,20,0.1,0.3207826614379883,local-ridge,0.9759036144578314,22.941837503025234,25.019858726194972,83
145,D2,covariate,StackedOnlyCP,20,0.1,0.006999969482421875,stacked,0.9397590361445783,20.15763109727646,26.12891335455244,83
145,D2,covariate,TargetOnlyCP,20,0.1,0.002000093460083008,,1.0,34.52134779398611,34.52134779398611,83
145,D2,covariate,AdaptiveSplitCP,20,0.1,0.0020003318786621094,stacked,1.0,30.006425438964815,30.006425438964815,83
145,D2,covariate,TransferCal-CP-affine-localsigma,20,0.1,0.0019996166229248047,,0.8795180722891566,25.622199560097215,29.91793447891961,83
145,D4,strength_quartile,SplitCP-source,20,0.1,0.001001119613647461,,0.049079754601226995,3.453643892531929,194.81679590973752,163
145,D4,strength_quartile,AdaptiveJackknifeCP,20,0.1,0.38086652755737305,stacked,0.9202453987730062,12.143468746835953,14.087983204632188,163
145,D4,strength_quartile,AdaptiveJackknifeCP-exactJK+,20,0.1,0.36725902557373047,stacked,0.8588957055214724,10.786256455306656,13.354755211335457,163
145,D4,strength_quartile,TargetOnlyJKplus,20,0.1,0.34543752670288086,local-ridge,1.0,47.180517616949885,47.180517616949885,163
145,D4,strength_quartile,TargetOnlyJKplus-exactJK+,20,0.1,0.3424358367919922,local-ridge,0.9754601226993865,39.883471808256274,40.4074856474483,163
145,D4,strength_quartile,StackedOnlyCP,20,0.1,0.006507396697998047,stacked,0.9202453987730062,12.143468746835953,14.087983204632188,163
145,D4,strength_quartile,TargetOnlyCP,20,0.1,0.0009996891021728516,,1.0,59.35980887741967,59.35980887741967,163
145,D4,strength_quartile,AdaptiveSplitCP,20,0.1,0.002000093460083008,stacked,0.852760736196319,9.669318041924372,14.105472717572718,163
145,D4,strength_quartile,TransferCal-CP-affine-localsigma,20,0.1,0.0020008087158203125,,0.9815950920245399,41.36577220259482,42.15512283875788,163
145,D4,random,SplitCP-source,20,0.1,0.0,,0.049079754601226995,3.453643892531929,189.51112353390823,163
145,D4,random,AdaptiveJackknifeCP,20,0.1,0.33125829696655273,stacked,0.9325153374233128,16.373516686474485,21.05492908278823,163
145,D4,random,AdaptiveJackknifeCP-exactJK+,20,0.1,0.3425307273864746,stacked,0.9202453987730062,14.744026167778365,21.130799954350675,163
145,D4,random,TargetOnlyJKplus,20,0.1,0.3522946834564209,local-ridge,0.950920245398773,36.30717354541404,40.719865176335226,163
145,D4,random,TargetOnlyJKplus-exactJK+,20,0.1,0.3426952362060547,local-ridge,0.9141104294478528,30.995290814277794,39.950910364146864,163
145,D4,random,StackedOnlyCP,20,0.1,0.004000186920166016,stacked,0.9325153374233128,16.373516686474485,21.05492908278823,163
145,D4,random,TargetOnlyCP,20,0.1,0.0009996891021728516,,0.9079754601226994,33.67147093985494,42.70103241129284,163
145,D4,random,AdaptiveSplitCP,20,0.1,0.0010001659393310547,stacked,0.9570552147239264,21.973078335854087,24.90994613004461,163
145,D4,random,TransferCal-CP-affine-localsigma,20,0.1,0.002000570297241211,,0.9693251533742331,40.21848463567628,42.553438730680156,163
145,D4,covariate,SplitCP-source,20,0.1,0.0010001659393310547,,0.049079754601226995,3.453643892531929,181.446158409741,163
145,D4,covariate,AdaptiveJackknifeCP,20,0.1,0.35304808616638184,stacked,0.9877300613496932,19.19713198672405,19.381105538038792,163
145,D4,covariate,AdaptiveJackknifeCP-exactJK+,20,0.1,0.3249175548553467,stacked,0.9631901840490797,16.129707793740668,16.957778038962164,163
145,D4,covariate,TargetOnlyJKplus,20,0.1,0.3222811222076416,local-ridge,0.9079754601226994,29.21344884174863,39.993651169793615,163
145,D4,covariate,TargetOnlyJKplus-exactJK+,20,0.1,0.3352799415588379,local-ridge,0.901840490797546,30.851313911368564,40.77344330663521,163
145,D4,covariate,StackedOnlyCP,20,0.1,0.002998828887939453,stacked,0.9877300613496932,19.19713198672405,19.381105538038792,163
145,D4,covariate,TargetOnlyCP,20,0.1,0.0010004043579101562,,0.9815950920245399,65.41117645722416,68.31995025754718,163
145,D4,covariate,AdaptiveSplitCP,20,0.1,0.0019998550415039062,stacked,0.9754601226993865,27.008093290894234,28.43760186767172,163
145,D4,covariate,TransferCal-CP-affine-localsigma,20,0.1,0.0019998550415039062,,0.9754601226993865,57.46813126057583,59.94549724883232,163
146,D1,strength_quartile,SplitCP-source,20,0.1,0.0,,0.0750816104461371,2.2593892485768516,178.50473670809515,919
146,D1,strength_quartile,AdaptiveJackknifeCP,20,0.1,0.31842732429504395,stacked,0.9934711643090316,61.8194051069304,62.540344203086704,919
146,D1,strength_quartile,AdaptiveJackknifeCP-exactJK+,20,0.1,0.32357072830200195,stacked,0.9793253536452666,52.39010174990175,54.431838317472206,919
146,D1,strength_quartile,TargetOnlyJKplus,20,0.1,0.35065722465515137,local-ridge,0.9575625680087051,63.0765634198135,68.86661336135492,919
146,D1,strength_quartile,TargetOnlyJKplus-exactJK+,20,0.1,0.3310568332672119,local-ridge,0.9162132752992383,51.30129804618819,65.35041835914005,919
146,D1,strength_quartile,StackedOnlyCP,20,0.1,0.0059986114501953125,stacked,0.9934711643090316,61.8194051069304,62.540344203086704,919
146,D1,strength_quartile,TargetOnlyCP,20,0.1,0.0015025138854980469,,0.9934711643090316,103.75783660049655,104.4862969278882,919
146,D1,strength_quartile,AdaptiveSplitCP,20,0.1,0.002003908157348633,stacked,0.9923830250272034,80.91406011822276,81.46834828676565,919
146,D1,strength_quartile,TransferCal-CP-affine-localsigma,20,0.1,0.002000093460083008,,0.8672470076169749,34.207274720154565,45.669590753213974,919
146,D1,random,SplitCP-source,20,0.1,0.0,,0.0750816104461371,2.2593892485768516,178.82151246367644,919
146,D1,random,AdaptiveJackknifeCP,20,0.1,0.3114283084869385,stacked,0.9129488574537541,53.298293098728465,98.63853136289762,919
146,D1,random,AdaptiveJackknifeCP-exactJK+,20,0.1,0.32051634788513184,stacked,0.8683351468988031,45.94082143747604,84.3337375999211,919
146,D1,random,TargetOnlyJKplus,20,0.1,0.33049631118774414,local-ridge,0.823721436343852,42.97662538236927,131.34667727473195,919
146,D1,random,TargetOnlyJKplus-exactJK+,20,0.1,0.32358288764953613,local-ridge,0.8106637649619152,40.91580808746419,113.89398671612382,919
146,D1,random,StackedOnlyCP,20,0.1,0.005642414093017578,stacked,0.9129488574537541,53.298293098728465,98.63853136289762,919
146,D1,random,TargetOnlyCP,20,0.1,0.0020041465759277344,,0.9434167573449401,63.770358269339795,91.06237601573244,919
146,D1,random,AdaptiveSplitCP,20,0.1,0.0019996166229248047,stacked,0.9455930359085963,66.60876269545611,83.07624033405506,919
146,D1,random,TransferCal-CP-affine-localsigma,20,0.1,0.0010006427764892578,,0.985854189336235,59.33328712371371,60.36927424350437,919
146,D1,covariate,SplitCP-source,20,0.1,0.0,,0.07072905331882481,2.2593892485768516,178.48870770605237,919
146,D1,covariate,AdaptiveJackknifeCP,20,0.1,0.3212242126464844,stacked,0.7388465723612623,32.50933173456615,118.76396862590283,919
146,D1,covariate,AdaptiveJackknifeCP-exactJK+,20,0.1,0.3404521942138672,stacked,0.8139281828073993,40.55913017895758,100.00119755549204,919
146,D1,covariate,TargetOnlyJKplus,20,0.1,0.33057093620300293,local-ridge,0.8008705114254625,34.59561660660427,91.30404120167441,919
146,D1,covariate,TargetOnlyJKplus-exactJK+,20,0.1,0.3124067783355713,local-ridge,0.8443960826985855,38.41791210799942,86.31480677395274,919
146,D1,covariate,StackedOnlyCP,20,0.1,0.007006168365478516,stacked,0.7388465723612623,32.50933173456615,118.76396862590283,919
146,D1,covariate,TargetOnlyCP,20,0.1,0.0019996166229248047,,0.8890097932535365,61.019487488741674,94.71456229751234,919
146,D1,covariate,AdaptiveSplitCP,20,0.1,0.0020008087158203125,stacked,0.9445048966267682,93.11082328784627,109.68785153274912,919
146,D1,covariate,TransferCal-CP-affine-localsigma,20,0.1,0.003000020980834961,,0.8248095756256801,36.30678915595531,57.08515639572433,919
146,D2,strength_quartile,SplitCP-source,20,0.1,0.0010051727294921875,,0.0,3.445791408336547,352.3215507031466,83
146,D2,strength_quartile,AdaptiveJackknifeCP,20,0.1,0.3605835437774658,stacked,1.0,26.80968387693761,26.80968387693761,83
146,D2,strength_quartile,AdaptiveJackknifeCP-exactJK+,20,0.1,0.3504667282104492,stacked,1.0,31.40687611119827,31.40687611119827,83
146,D2,strength_quartile,TargetOnlyJKplus,20,0.1,0.35723090171813965,local-ridge,0.9759036144578314,24.99176986579046,25.53460429567962,83
146,D2,strength_quartile,TargetOnlyJKplus-exactJK+,20,0.1,0.34282612800598145,local-ridge,0.963855421686747,23.601272851191872,24.38720875849655,83
146,D2,strength_quartile,StackedOnlyCP,20,0.1,0.0029997825622558594,stacked,1.0,26.80968387693761,26.80968387693761,83
146,D2,strength_quartile,TargetOnlyCP,20,0.1,0.0009999275207519531,,0.9759036144578314,25.78348813426521,26.491956207251587,83
146,D2,strength_quartile,AdaptiveSplitCP,20,0.1,0.002016782760620117,stacked,0.9879518072289156,44.10030082260143,44.38516447209699,83
146,D2,strength_quartile,TransferCal-CP-affine-localsigma,20,0.1,0.0015091896057128906,,1.0,60.328168419294386,60.328168419294386,83
146,D2,random,SplitCP-source,20,0.1,0.0,,0.0,3.445791408336547,354.6428085976852,83
146,D2,random,AdaptiveJackknifeCP,20,0.1,0.3485848903656006,stacked,0.9397590361445783,18.925342870802652,24.471508277105226,83
146,D2,random,AdaptiveJackknifeCP-exactJK+,20,0.1,0.34749913215637207,stacked,0.9397590361445783,18.686484532250674,24.29396560750114,83
146,D2,random,TargetOnlyJKplus,20,0.1,0.3495464324951172,local-ridge,0.9397590361445783,19.20085296988755,24.33776691852011,83
146,D2,random,TargetOnlyJKplus-exactJK+,20,0.1,0.34540534019470215,local-ridge,0.9036144578313253,18.650389365689268,24.28197129191391,83
146,D2,random,StackedOnlyCP,20,0.1,0.006999015808105469,stacked,0.9397590361445783,18.925342870802652,24.471508277105226,83
146,D2,random,TargetOnlyCP,20,0.1,0.0005025863647460938,,0.9397590361445783,19.19104774977023,24.06672703888558,83
146,D2,random,AdaptiveSplitCP,20,0.1,0.0025420188903808594,stacked,0.9397590361445783,18.831616710005537,24.836695669108746,83
146,D2,random,TransferCal-CP-affine-localsigma,20,0.1,0.0020046234130859375,,0.9759036144578314,27.781734184399426,30.096210973357806,83
146,D2,covariate,SplitCP-source,20,0.1,0.0,,0.0,3.445791408336547,347.7783241075219,83
146,D2,covariate,AdaptiveJackknifeCP,20,0.1,0.3509960174560547,stacked,1.0,38.61976861018215,38.61976861018215,83
146,D2,covariate,AdaptiveJackknifeCP-exactJK+,20,0.1,0.3392331600189209,stacked,1.0,41.645662667785125,41.645662667785125,83
146,D2,covariate,TargetOnlyJKplus,20,0.1,0.35988450050354004,local-ridge,0.9759036144578314,25.140067827851574,25.66554343561627,83
146,D2,covariate,TargetOnlyJKplus-exactJK+,20,0.1,0.35166430473327637,local-ridge,0.963855421686747,23.109155478696746,23.92673664182347,83
146,D2,covariate,StackedOnlyCP,20,0.1,0.007011890411376953,stacked,1.0,38.61976861018215,38.61976861018215,83
146,D2,covariate,TargetOnlyCP,20,0.1,0.0015499591827392578,,1.0,39.27852079868257,39.27852079868257,83
146,D2,covariate,AdaptiveSplitCP,20,0.1,0.003000020980834961,stacked,1.0,32.525342559961786,32.525342559961786,83
146,D2,covariate,TransferCal-CP-affine-localsigma,20,0.1,0.002001047134399414,,1.0,38.346436307754175,38.346436307754175,83
146,D4,strength_quartile,SplitCP-source,20,0.1,0.0010020732879638672,,0.03680981595092025,3.239977406303496,215.02921988868687,163
146,D4,strength_quartile,AdaptiveJackknifeCP,20,0.1,0.33626294136047363,stacked,0.9079754601226994,11.88265056432487,14.739596406013792,163
146,D4,strength_quartile,AdaptiveJackknifeCP-exactJK+,20,0.1,0.3295285701751709,stacked,0.901840490797546,11.922879447758213,14.8339385896534,163
146,D4,strength_quartile,TargetOnlyJKplus,20,0.1,0.3339724540710449,local-ridge,0.8895705521472392,26.2607052069238,36.04662725758331,163
146,D4,strength_quartile,TargetOnlyJKplus-exactJK+,20,0.1,0.31862711906433105,local-ridge,0.8895705521472392,29.050799913567396,38.60397026459419,163
146,D4,strength_quartile,StackedOnlyCP,20,0.1,0.0028960704803466797,stacked,0.9079754601226994,11.88265056432487,14.739596406013792,163
146,D4,strength_quartile,TargetOnlyCP,20,0.1,0.0010037422180175781,,0.9631901840490797,36.460660423823136,41.50809070425932,163
146,D4,strength_quartile,AdaptiveSplitCP,20,0.1,0.002000093460083008,stacked,0.9631901840490797,17.92724605095241,19.4544433423567,163
146,D4,strength_quartile,TransferCal-CP-affine-localsigma,20,0.1,0.0009999275207519531,,0.9447852760736196,36.328732659056094,39.60961720003062,163
146,D4,random,SplitCP-source,20,0.1,0.0,,0.03680981595092025,3.239977406303496,207.73761047963075,163
146,D4,random,AdaptiveJackknifeCP,20,0.1,0.33101391792297363,stacked,0.9938650306748467,21.70146060601427,21.721031514684928,163
146,D4,random,AdaptiveJackknifeCP-exactJK+,20,0.1,0.32988858222961426,stacked,1.0,20.61557200509079,20.61557200509079,163
146,D4,random,TargetOnlyJKplus,20,0.1,0.3322594165802002,local-ridge,0.8895705521472392,25.314717026049674,37.705498084289374,163
146,D4,random,TargetOnlyJKplus-exactJK+,20,0.1,0.3295266628265381,local-ridge,0.9202453987730062,28.62258391146824,37.35987711557535,163
146,D4,random,StackedOnlyCP,20,0.1,0.00550389289855957,stacked,0.9938650306748467,21.70146060601427,21.721031514684928,163
146,D4,random,TargetOnlyCP,20,0.1,0.001004934310913086,,0.9079754601226994,33.68863090539506,44.74933328873374,163
146,D4,random,AdaptiveSplitCP,20,0.1,0.0019991397857666016,stacked,0.9877300613496932,26.211794269900924,26.920067230405685,163
146,D4,random,TransferCal-CP-affine-localsigma,20,0.1,0.0019998550415039062,,0.8098159509202454,31.759121956069166,46.242580695297576,163
146,D4,covariate,SplitCP-source,20,0.1,0.0,,0.03680981595092025,3.239977406303496,212.09387631826684,163
146,D4,covariate,AdaptiveJackknifeCP,20,0.1,0.3179786205291748,stacked,0.8404907975460123,8.940069909637103,16.10273444637365,163
146,D4,covariate,AdaptiveJackknifeCP-exactJK+,20,0.1,0.313091516494751,stacked,0.8098159509202454,8.271569978487092,16.858996890347676,163
146,D4,covariate,TargetOnlyJKplus,20,0.1,0.322371244430542,local-ridge,0.8957055214723927,26.140398531372018,37.72863340132467,163
146,D4,covariate,TargetOnlyJKplus-exactJK+,20,0.1,0.32559752464294434,local-ridge,0.8957055214723927,28.010261537305247,39.45853389013332,163
146,D4,covariate,StackedOnlyCP,20,0.1,0.0060007572174072266,stacked,0.8404907975460123,8.940069909637103,16.10273444637365,163
146,D4,covariate,TargetOnlyCP,20,0.1,0.001999378204345703,,0.9386503067484663,47.00025822321377,56.98016687484642,163
146,D4,covariate,AdaptiveSplitCP,20,0.1,0.0029997825622558594,stacked,0.8957055214723927,17.044839878393816,23.13961211384622,163
146,D4,covariate,TransferCal-CP-affine-localsigma,20,0.1,0.0020012855529785156,,0.9141104294478528,40.06510498127597,44.96953621159561,163
147,D1,strength_quartile,SplitCP-source,20,0.1,0.0,,0.07181719260065289,2.5940354537555095,177.79462307919522,919
147,D1,strength_quartile,AdaptiveJackknifeCP,20,0.1,0.33512210845947266,stacked,0.9891186071817193,60.983172140501665,61.91161806723136,919
147,D1,strength_quartile,AdaptiveJackknifeCP-exactJK+,20,0.1,0.3321049213409424,stacked,0.9173014145810664,45.68216144522659,53.22407889704747,919
147,D1,strength_quartile,TargetOnlyJKplus,20,0.1,0.3319876194000244,local-ridge,0.9521218715995647,58.71331583739844,63.03399087408823,919
147,D1,strength_quartile,TargetOnlyJKplus-exactJK+,20,0.1,0.3648405075073242,local-ridge,0.9173014145810664,48.98226331103875,60.48946022972082,919
147,D1,strength_quartile,StackedOnlyCP,20,0.1,0.0050411224365234375,stacked,0.9891186071817193,60.983172140501665,61.91161806723136,919
147,D1,strength_quartile,TargetOnlyCP,20,0.1,0.0020003318786621094,,0.9793253536452666,64.37353243892879,66.06401870350952,919
147,D1,strength_quartile,AdaptiveSplitCP,20,0.1,0.0019996166229248047,stacked,0.9923830250272034,93.61231357045608,94.48832174223288,919
147,D1,strength_quartile,TransferCal-CP-affine-localsigma,20,0.1,0.0020003318786621094,,0.9760609357997824,50.167504792408,52.057025725280376,919
147,D1,random,SplitCP-source,20,0.1,0.0,,0.07399347116430903,2.5940354537555095,176.86997191159816,919
147,D1,random,AdaptiveJackknifeCP,20,0.1,0.31035852432250977,stacked,0.9956474428726877,68.07143399774388,68.66800262865884,919
147,D1,random,AdaptiveJackknifeCP-exactJK+,20,0.1,0.3288743495941162,stacked,0.9782372143634385,52.911115252386374,55.14378437254402,919
147,D1,random,TargetOnlyJKplus,20,0.1,0.38811445236206055,local-ridge,0.9749727965179543,72.10723125534439,73.98677141538728,919
147,D1,random,TargetOnlyJKplus-exactJK+,20,0.1,0.3305189609527588,local-ridge,0.970620239390642,70.9908570905585,74.48994804686811,919
147,D1,random,StackedOnlyCP,20,0.1,0.0060002803802490234,stacked,0.9956474428726877,68.07143399774388,68.66800262865884,919
147,D1,random,TargetOnlyCP,20,0.1,0.0009999275207519531,,0.9967355821545157,257.88847384231303,258.4710787289395,919
147,D1,random,AdaptiveSplitCP,20,0.1,0.002072572708129883,stacked,0.998911860718172,121.43687525124408,121.70320750263589,919
147,D1,random,TransferCal-CP-affine-localsigma,20,0.1,0.0020008087158203125,,0.9499455930359086,55.32975520350259,60.65760513006987,919
147,D1,covariate,SplitCP-source,20,0.1,0.0,,0.07290533188248095,2.5940354537555095,177.4231074726393,919
147,D1,covariate,AdaptiveJackknifeCP,20,0.1,0.3555150032043457,affine-transfer,0.9542981501632208,46.18468379825459,50.53055654947488,919
147,D1,covariate,AdaptiveJackknifeCP-exactJK+,20,0.1,0.3908095359802246,affine-transfer,0.9423286180631121,44.979804832787266,49.86709814015848,919
147,D1,covariate,TargetOnlyJKplus,20,0.1,0.3567678928375244,local-ridge,0.8813928182807399,46.598340516448616,66.238419492672,919
147,D1,covariate,TargetOnlyJKplus-exactJK+,20,0.1,0.3554661273956299,local-ridge,0.8378672470076169,43.45163084255995,70.64334584588813,919
147,D1,covariate,StackedOnlyCP,20,0.1,0.006875753402709961,stacked,0.9423286180631121,44.02904685787417,49.2512794837592,919
147,D1,covariate,TargetOnlyCP,20,0.1,0.0011692047119140625,,0.9183895538628944,47.435372212180276,59.519635094361355,919
147,D1,covariate,AdaptiveSplitCP,20,0.1,0.003261566162109375,stacked,0.9292709466811752,68.29137971720253,75.83925404211105,919
147,D1,covariate,TransferCal-CP-affine-localsigma,20,0.1,0.002000570297241211,,0.9020674646354734,37.254227335467306,46.33253737249274,919
147,D2,strength_quartile,SplitCP-source,20,0.1,0.0009999275207519531,,0.0,3.162632055807521,344.0772152352267,83
147,D2,strength_quartile,AdaptiveJackknifeCP,20,0.1,0.36348724365234375,stacked,0.8433734939759037,13.238950401382171,23.04485337891479,83
147,D2,strength_quartile,AdaptiveJackknifeCP-exactJK+,20,0.1,0.353456974029541,stacked,0.8674698795180723,13.017084851388143,22.7285971158254,83
147,D2,strength_quartile,TargetOnlyJKplus,20,0.1,0.3363163471221924,local-ridge,0.46987951807228917,7.614855212082189,37.18609368952261,83
147,D2,strength_quartile,TargetOnlyJKplus-exactJK+,20,0.1,0.3421440124511719,local-ridge,0.4939759036144578,7.87912175674789,36.67508338978912,83
147,D2,strength_quartile,StackedOnlyCP,20,0.1,0.006506919860839844,stacked,0.8433734939759037,13.238950401382171,23.04485337891479,83
147,D2,strength_quartile,TargetOnlyCP,20,0.1,0.0010046958923339844,,0.4457831325301205,7.467176036160054,40.52805515676875,83
147,D2,strength_quartile,AdaptiveSplitCP,20,0.1,0.0019981861114501953,stacked,0.7590361445783133,11.441771773492446,25.887541027819477,83
147,D2,strength_quartile,TransferCal-CP-affine-localsigma,20,0.1,0.002000570297241211,,0.9036144578313253,21.874695595814014,30.064244620701974,83
147,D2,random,SplitCP-source,20,0.1,0.001001596450805664,,0.0,3.162632055807521,344.4509057854226,83
147,D2,random,AdaptiveJackknifeCP,20,0.1,0.3378427028656006,stacked,0.9156626506024096,16.138780789296973,22.56369238745842,83
147,D2,random,AdaptiveJackknifeCP-exactJK+,20,0.1,0.33855390548706055,stacked,0.9156626506024096,16.941546442207603,22.712118870971,83
147,D2,random,TargetOnlyJKplus,20,0.1,0.32889270782470703,local-ridge,0.8674698795180723,15.041098772871974,23.784397626166584,83
147,D2,random,TargetOnlyJKplus-exactJK+,20,0.1,0.33905792236328125,local-ridge,0.8795180722891566,15.857282671040231,23.502810014952907,83
147,D2,random,StackedOnlyCP,20,0.1,0.0029997825622558594,stacked,0.9156626506024096,16.138780789296973,22.56369238745842,83
147,D2,random,TargetOnlyCP,20,0.1,0.0009999275207519531,,0.7710843373493976,11.282186577658267,26.692308857355442,83
147,D2,random,AdaptiveSplitCP,20,0.1,0.0010013580322265625,stacked,0.9759036144578314,23.925840002268288,24.943038898382262,83
147,D2,random,TransferCal-CP-affine-localsigma,20,0.1,0.0009984970092773438,,0.9518072289156626,30.484540649849652,31.689499676703175,83
147,D2,covariate,SplitCP-source,20,0.1,0.0010004043579101562,,0.0,3.162632055807521,340.3586181530205,83
147,D2,covariate,AdaptiveJackknifeCP,20,0.1,0.3307173252105713,stacked,0.8674698795180723,14.058909972199686,23.23797534040292,83
147,D2,covariate,AdaptiveJackknifeCP-exactJK+,20,0.1,0.31606340408325195,stacked,0.8795180722891566,14.043458464151051,23.20362599561478,83
147,D2,covariate,TargetOnlyJKplus,20,0.1,0.329833984375,local-ridge,0.7951807228915663,12.674973759445878,25.186760571548003,83
147,D2,covariate,TargetOnlyJKplus-exactJK+,20,0.1,0.33739638328552246,local-ridge,0.7831325301204819,12.131413957518035,26.12147457378072,83
147,D2,covariate,StackedOnlyCP,20,0.1,0.003999948501586914,stacked,0.8674698795180723,14.058909972199686,23.23797534040292,83
147,D2,covariate,TargetOnlyCP,20,0.1,0.0010018348693847656,,0.7951807228915663,13.188722883227477,24.31016815573745,83
147,D2,covariate,AdaptiveSplitCP,20,0.1,0.002006053924560547,stacked,0.8795180722891566,12.043648709687872,21.062670818063626,83
147,D2,covariate,TransferCal-CP-affine-localsigma,20,0.1,0.00099945068359375,,0.9397590361445783,28.133024571345334,30.212163990424973,83
147,D4,strength_quartile,SplitCP-source,20,0.1,0.001001119613647461,,0.06134969325153374,2.8046299221283424,203.62962269690186,163
147,D4,strength_quartile,AdaptiveJackknifeCP,20,0.1,0.33544349670410156,stacked,0.9263803680981595,14.999235585196129,18.530238306845977,163
147,D4,strength_quartile,AdaptiveJackknifeCP-exactJK+,20,0.1,0.36571359634399414,stacked,0.9263803680981595,14.629396235760757,17.989397305882218,163
147,D4,strength_quartile,TargetOnlyJKplus,20,0.1,0.3778235912322998,local-ridge,0.9263803680981595,27.913054003334654,36.693586325639544,163
147,D4,strength_quartile,TargetOnlyJKplus-exactJK+,20,0.1,0.36516547203063965,local-ridge,0.9141104294478528,27.559338500856555,36.50971157804927,163
147,D4,strength_quartile,StackedOnlyCP,20,0.1,0.006508588790893555,stacked,0.9263803680981595,14.999235585196129,18.530238306845977,163
147,D4,strength_quartile,TargetOnlyCP,20,0.1,0.0009982585906982422,,0.9631901840490797,34.17666830139767,38.924193612582265,163
147,D4,strength_quartile,AdaptiveSplitCP,20,0.1,0.0030002593994140625,stacked,0.9815950920245399,22.919329060220708,23.882810581080534,163
147,D4,strength_quartile,TransferCal-CP-affine-localsigma,20,0.1,0.0020003318786621094,,0.9141104294478528,29.875989045770332,38.72145424056969,163
147,D4,random,SplitCP-source,20,0.1,0.0009999275207519531,,0.0736196319018405,2.8046299221283424,202.38591023458395,163
147,D4,random,AdaptiveJackknifeCP,20,0.1,0.36132049560546875,stacked,1.0,21.971947226103666,21.971947226103666,163
147,D4,random,AdaptiveJackknifeCP-exactJK+,20,0.1,0.3370540142059326,stacked,1.0,20.39828229704017,20.39828229704017,163
147,D4,random,TargetOnlyJKplus,20,0.1,0.3262503147125244,local-ridge,0.9325153374233128,34.308826477340524,38.48998235736003,163
147,D4,random,TargetOnlyJKplus-exactJK+,20,0.1,0.3317432403564453,local-ridge,0.9263803680981595,33.639468849224286,39.267575175069176,163
147,D4,random,StackedOnlyCP,20,0.1,0.004048585891723633,stacked,1.0,21.971947226103666,21.971947226103666,163
147,D4,random,TargetOnlyCP,20,0.1,0.001001119613647461,,0.8957055214723927,42.349221916572226,49.22140811439374,163
147,D4,random,AdaptiveSplitCP,20,0.1,0.0009987354278564453,stacked,0.9693251533742331,16.704017460414562,17.287858868040328,163
147,D4,random,TransferCal-CP-affine-localsigma,20,0.1,0.002001047134399414,,0.9754601226993865,39.44535852132486,40.17128794324151,163
147,D4,covariate,SplitCP-source,20,0.1,0.0,,0.0736196319018405,2.8046299221283424,206.95309690886495,163
147,D4,covariate,AdaptiveJackknifeCP,20,0.1,0.35666584968566895,stacked,0.9754601226993865,13.913758576676935,14.283406720394504,163
147,D4,covariate,AdaptiveJackknifeCP-exactJK+,20,0.1,0.35097575187683105,stacked,0.9570552147239264,13.732087479155691,14.607376719578603,163
147,D4,covariate,TargetOnlyJKplus,20,0.1,0.35703086853027344,local-ridge,0.9263803680981595,28.51123758009555,33.941048875742105,163
147,D4,covariate,TargetOnlyJKplus-exactJK+,20,0.1,0.3755972385406494,local-ridge,0.9263803680981595,28.60109782528397,34.52468803604144,163
147,D4,covariate,StackedOnlyCP,20,0.1,0.0030002593994140625,stacked,0.9754601226993865,13.913758576676935,14.283406720394504,163
147,D4,covariate,TargetOnlyCP,20,0.1,0.002000093460083008,,0.9325153374233128,32.86106086571954,41.96788467947757,163
147,D4,covariate,AdaptiveSplitCP,20,0.1,0.0009996891021728516,stacked,0.9693251533742331,14.2185720857779,14.847375329685585,163
147,D4,covariate,TransferCal-CP-affine-localsigma,20,0.1,0.003000497817993164,,0.9754601226993865,41.23749530387192,42.360114829196554,163
148,D1,strength_quartile,SplitCP-source,20,0.1,0.0009999275207519531,,0.051142546245919476,1.912550256234326,178.29216236420083,919
148,D1,strength_quartile,AdaptiveJackknifeCP,20,0.1,0.34447360038757324,stacked,0.9923830250272034,71.96600320164539,72.77552190261684,919
148,D1,strength_quartile,AdaptiveJackknifeCP-exactJK+,20,0.1,0.3542757034301758,stacked,0.9760609357997824,59.958803088979344,63.40881466032538,919
148,D1,strength_quartile,TargetOnlyJKplus,20,0.1,0.38816213607788086,local-ridge,0.9825897714907508,86.05103503480154,88.95908219025902,919
148,D1,strength_quartile,TargetOnlyJKplus-exactJK+,20,0.1,0.3566465377807617,local-ridge,0.9608269858541894,69.41388564230566,76.59217791520109,919
148,D1,strength_quartile,StackedOnlyCP,20,0.1,0.003000020980834961,stacked,0.9923830250272034,71.96600320164539,72.77552190261684,919
148,D1,strength_quartile,TargetOnlyCP,20,0.1,0.0009999275207519531,,0.9597388465723613,115.05093842492396,149.4277845747763,919
148,D1,strength_quartile,AdaptiveSplitCP,20,0.1,0.0010004043579101562,stacked,0.9836779107725789,96.11537490040352,100.30418934320693,919
148,D1,strength_quartile,TransferCal-CP-affine-localsigma,20,0.1,0.0020036697387695312,,0.956474428726877,42.928169169232206,47.352099916861526,919
148,D1,random,SplitCP-source,20,0.1,0.0,,0.04896626768226333,1.9125502562343257,178.04890906755705,919
148,D1,random,AdaptiveJackknifeCP,20,0.1,0.3536090850830078,stacked,0.8672470076169749,47.18490239907498,85.09730270334182,919
148,D1,random,AdaptiveJackknifeCP-exactJK+,20,0.1,0.3476107120513916,stacked,0.8280739934711643,42.28119574848571,85.25139342447298,919
148,D1,random,TargetOnlyJKplus,20,0.1,0.3394498825073242,local-ridge,0.85310119695321,47.20253668306701,88.93505142089589,919
148,D1,random,TargetOnlyJKplus-exactJK+,20,0.1,0.3327443599700928,local-ridge,0.8487486398258978,48.01050314294013,90.65831712820015,919
148,D1,random,StackedOnlyCP,20,0.1,0.003000020980834961,stacked,0.8672470076169749,47.18490239907498,85.09730270334182,919
148,D1,random,TargetOnlyCP,20,0.1,0.00099945068359375,,0.926006528835691,65.11096844385862,107.90365334505191,919
148,D1,random,AdaptiveSplitCP,20,0.1,0.0010013580322265625,stacked,0.8683351468988031,120.45748632531489,325.08851073595457,919
148,D1,random,TransferCal-CP-affine-localsigma,20,0.1,0.0010001659393310547,,0.9815016322089227,60.069458371499536,61.61878649534498,919
148,D1,covariate,SplitCP-source,20,0.1,0.0,,0.05005440696409141,1.912550256234326,179.60392665167893,919
148,D1,covariate,AdaptiveJackknifeCP,20,0.1,0.3455984592437744,stacked,0.8911860718171926,45.965814107708134,89.27638145757888,919
148,D1,covariate,AdaptiveJackknifeCP-exactJK+,20,0.1,0.3338749408721924,stacked,0.8759521218715995,47.434646251848875,81.8530926065571,919
148,D1,covariate,TargetOnlyJKplus,20,0.1,0.3153674602508545,local-ridge,0.794341675734494,39.334775310664156,163.28376297401877,919
148,D1,covariate,TargetOnlyJKplus-exactJK+,20,0.1,0.323610782623291,local-ridge,0.7780195865070729,39.21874738203321,170.84545880820374,919
148,D1,covariate,StackedOnlyCP,20,0.1,0.006508350372314453,stacked,0.8911860718171926,45.965814107708134,89.27638145757888,919
148,D1,covariate,TargetOnlyCP,20,0.1,0.0019996166229248047,,0.7627856365614799,39.45720332408631,204.41411888529933,919
148,D1,covariate,AdaptiveSplitCP,20,0.1,0.003000020980834961,stacked,0.7606093579978237,39.628456207936196,132.473194565844,919
148,D1,covariate,TransferCal-CP-affine-localsigma,20,0.1,0.0020003318786621094,,0.8030467899891186,30.285753195360535,54.597061099024295,919
148,D2,strength_quartile,SplitCP-source,20,0.1,0.0010004043579101562,,0.0,2.803684483702668,351.5377485595668,83
148,D2,strength_quartile,AdaptiveJackknifeCP,20,0.1,0.34439969062805176,stacked,0.9156626506024096,17.236995983646914,23.664394709971994,83
148,D2,strength_quartile,AdaptiveJackknifeCP-exactJK+,20,0.1,0.33331799507141113,stacked,0.927710843373494,16.996432232172292,23.261144720596583,83
148,D2,strength_quartile,TargetOnlyJKplus,20,0.1,0.3320128917694092,local-ridge,0.9518072289156626,20.11066439568196,25.033583908562893,83
148,D2,strength_quartile,TargetOnlyJKplus-exactJK+,20,0.1,0.3390238285064697,local-ridge,0.9036144578313253,17.77362032079185,24.568650810914974,83
148,D2,strength_quartile,StackedOnlyCP,20,0.1,0.006502628326416016,stacked,0.9156626506024096,17.236995983646914,23.664394709971994,83
148,D2,strength_quartile,TargetOnlyCP,20,0.1,0.0010042190551757812,,0.7831325301204819,12.199105568607278,26.768863198526134,83
148,D2,strength_quartile,AdaptiveSplitCP,20,0.1,0.0030031204223632812,stacked,0.891566265060241,19.331851199954414,26.23136388829576,83
148,D2,strength_quartile,TransferCal-CP-affine-localsigma,20,0.1,0.0009999275207519531,,0.8674698795180723,20.75290128889642,29.286210022121384,83
148,D2,random,SplitCP-source,20,0.1,0.0,,0.0,2.803684483702668,342.51611301101406,83
148,D2,random,AdaptiveJackknifeCP,20,0.1,0.3331916332244873,stacked,0.7831325301204819,11.682199039696483,22.27675350383902,83
148,D2,random,AdaptiveJackknifeCP-exactJK+,20,0.1,0.32036590576171875,stacked,0.7831325301204819,11.650109063612641,23.323582633564058,83
148,D2,random,TargetOnlyJKplus,20,0.1,0.3286571502685547,local-ridge,0.7951807228915663,14.591592403336518,24.70803022112767,83
148,D2,random,TargetOnlyJKplus-exactJK+,20,0.1,0.439098596572876,local-ridge,0.7831325301204819,13.254388848243227,25.75585540242293,83
148,D2,random,StackedOnlyCP,20,0.1,0.00551295280456543,stacked,0.7831325301204819,11.682199039696483,22.27675350383902,83
148,D2,random,TargetOnlyCP,20,0.1,0.002000093460083008,,0.6987951807228916,12.397058199970843,28.808534586274355,83
148,D2,random,AdaptiveSplitCP,20,0.1,0.0019991397857666016,stacked,0.8554216867469879,13.601112388511114,23.678103544591792,83
148,D2,random,TransferCal-CP-affine-localsigma,20,0.1,0.0019998550415039062,,0.9036144578313253,22.977417241313383,30.774267655775038,83
148,D2,covariate,SplitCP-source,20,0.1,0.0,,0.0,2.803684483702668,349.5169694385295,83
148,D2,covariate,AdaptiveJackknifeCP,20,0.1,0.46782493591308594,stacked,0.8795180722891566,15.240357584905242,24.16720018066181,83
148,D2,covariate,AdaptiveJackknifeCP-exactJK+,20,0.1,0.46892309188842773,stacked,0.9036144578313253,16.109061701013,23.864342622661948,83
148,D2,covariate,TargetOnlyJKplus,20,0.1,0.46956372261047363,local-ridge,0.9518072289156626,20.963162234876336,24.908996318423974,83
148,D2,covariate,TargetOnlyJKplus-exactJK+,20,0.1,0.46804141998291016,local-ridge,0.9156626506024096,17.879915720671573,23.85720966230385,83
148,D2,covariate,StackedOnlyCP,20,0.1,0.00599980354309082,stacked,0.8795180722891566,15.240357584905242,24.16720018066181,83
148,D2,covariate,TargetOnlyCP,20,0.1,0.002503633499145508,,0.9397590361445783,21.552468118843453,26.059316267775788,83
148,D2,covariate,AdaptiveSplitCP,20,0.1,0.002007007598876953,stacked,0.891566265060241,17.401667948272866,25.128210903058044,83
148,D2,covariate,TransferCal-CP-affine-localsigma,20,0.1,0.002999544143676758,,0.963855421686747,32.873267954166785,34.88340960321741,83
148,D4,strength_quartile,SplitCP-source,20,0.1,0.0010001659393310547,,0.05521472392638037,3.2168758602785545,231.18209741103456,163
148,D4,strength_quartile,AdaptiveJackknifeCP,20,0.1,0.48318910598754883,stacked,0.9877300613496932,15.993126750415067,16.265162904739395,163
148,D4,strength_quartile,AdaptiveJackknifeCP-exactJK+,20,0.1,0.49131202697753906,stacked,0.9938650306748467,17.57459240065388,17.800988051364865,163
148,D4,strength_quartile,TargetOnlyJKplus,20,0.1,0.4680001735687256,local-ridge,0.9938650306748467,41.9528865374655,42.217086102415266,163
148,D4,strength_quartile,TargetOnlyJKplus-exactJK+,20,0.1,0.493999719619751,local-ridge,0.9815950920245399,42.05880285953277,42.73825008717737,163
148,D4,strength_quartile,StackedOnlyCP,20,0.1,0.0065119266510009766,stacked,0.9877300613496932,15.993126750415067,16.265162904739395,163
148,D4,strength_quartile,TargetOnlyCP,20,0.1,0.0009999275207519531,,0.9938650306748467,58.642037841321844,58.84489291853401,163
148,D4,strength_quartile,AdaptiveSplitCP,20,0.1,0.0029997825622558594,stacked,0.9938650306748467,20.864546164940304,21.08841751478268,163
148,D4,strength_quartile,TransferCal-CP-affine-localsigma,20,0.1,0.002003192901611328,,1.0,59.397641134905506,59.397641134905506,163
148,D4,random,SplitCP-source,20,0.1,0.0015721321105957031,,0.05521472392638037,3.2168758602785554,231.72409394832022,163
148,D4,random,AdaptiveJackknifeCP,20,0.1,0.4688711166381836,stacked,0.9938650306748467,17.894014470608045,17.934932579941712,163
148,D4,random,AdaptiveJackknifeCP-exactJK+,20,0.1,0.4797952175140381,stacked,0.9877300613496932,17.085359018781478,17.351063843719626,163
148,D4,random,TargetOnlyJKplus,20,0.1,0.47442030906677246,local-ridge,0.950920245398773,35.207465659710124,39.710748937187354,163
148,D4,random,TargetOnlyJKplus-exactJK+,20,0.1,0.49756717681884766,local-ridge,0.9325153374233128,33.031911095704075,40.334843018522236,163
148,D4,random,StackedOnlyCP,20,0.1,0.0059986114501953125,stacked,0.9938650306748467,17.894014470608045,17.934932579941712,163
148,D4,random,TargetOnlyCP,20,0.1,0.0010004043579101562,,0.901840490797546,27.019493741074758,38.119533806929404,163
148,D4,random,AdaptiveSplitCP,20,0.1,0.0020074844360351562,stacked,0.9447852760736196,12.044035136643236,13.792972801714058,163
148,D4,random,TransferCal-CP-affine-localsigma,20,0.1,0.0017044544219970703,,0.9631901840490797,38.78413906184386,42.16044629171586,163
148,D4,covariate,SplitCP-source,20,0.1,0.0010004043579101562,,0.06134969325153374,3.2168758602785554,228.98094671429408,163
148,D4,covariate,AdaptiveJackknifeCP,20,0.1,0.473222017288208,stacked,1.0,21.429841162009982,21.429841162009982,163
148,D4,covariate,AdaptiveJackknifeCP-exactJK+,20,0.1,0.4763960838317871,stacked,1.0,21.063382911364148,21.063382911364148,163
148,D4,covariate,TargetOnlyJKplus,20,0.1,0.4871535301208496,local-ridge,0.9815950920245399,39.2903291992345,40.10151950066261,163
148,D4,covariate,TargetOnlyJKplus-exactJK+,20,0.1,0.45744872093200684,local-ridge,0.9693251533742331,40.9113258552009,43.30472054103355,163
148,D4,covariate,StackedOnlyCP,20,0.1,0.006001949310302734,stacked,1.0,21.429841162009982,21.429841162009982,163
148,D4,covariate,TargetOnlyCP,20,0.1,0.0020003318786621094,,1.0,60.60616356014803,60.60616356014803,163
148,D4,covariate,AdaptiveSplitCP,20,0.1,0.0030002593994140625,stacked,0.9938650306748467,30.96823083500539,30.993778170146136,163
148,D4,covariate,TransferCal-CP-affine-localsigma,20,0.1,0.0019996166229248047,,0.9938650306748467,48.0516212782064,48.46464303792346,163
149,D1,strength_quartile,SplitCP-source,20,0.1,0.0,,0.08378672470076169,2.85460561751384,173.52124779066838,919
149,D1,strength_quartile,AdaptiveJackknifeCP,20,0.1,0.4788670539855957,stacked,1.0,85.81002464865395,85.81002464865395,919
149,D1,strength_quartile,AdaptiveJackknifeCP-exactJK+,20,0.1,0.4572412967681885,stacked,0.9956474428726877,78.12938951383414,78.22613174604746,919
149,D1,strength_quartile,TargetOnlyJKplus,20,0.1,0.471405029296875,local-ridge,0.9662676822633297,62.90956873038306,65.74102218796827,919
149,D1,strength_quartile,TargetOnlyJKplus-exactJK+,20,0.1,0.47982263565063477,local-ridge,0.9619151251360174,61.47680083894531,65.9907031642291,919
149,D1,strength_quartile,StackedOnlyCP,20,0.1,0.005503416061401367,stacked,1.0,85.81002464865395,85.81002464865395,919
149,D1,strength_quartile,TargetOnlyCP,20,0.1,0.002004861831665039,,0.9978237214363439,103.65463598187445,103.76060014442274,919
149,D1,strength_quartile,AdaptiveSplitCP,20,0.1,0.002000093460083008,stacked,0.984766050054407,89.88776805602421,91.56460620198166,919
149,D1,strength_quartile,TransferCal-CP-affine-localsigma,20,0.1,0.0019991397857666016,,0.9673558215451578,58.23800406888493,60.43916829073045,919
149,D1,random,SplitCP-source,20,0.1,0.0,,0.08378672470076169,2.85460561751384,174.5601714328153,919
149,D1,random,AdaptiveJackknifeCP,20,0.1,0.480574369430542,stacked,0.9978237214363439,79.99429500278079,80.05145551211852,919
149,D1,random,AdaptiveJackknifeCP-exactJK+,20,0.1,0.4678182601928711,stacked,0.9804134929270947,61.903962449867244,63.56931537780555,919
149,D1,random,TargetOnlyJKplus,20,0.1,0.4827389717102051,local-ridge,0.9434167573449401,61.108944603339204,68.14001317647698,919
149,D1,random,TargetOnlyJKplus-exactJK+,20,0.1,0.46982598304748535,local-ridge,0.9325353645266594,55.87773255358488,66.69028828169701,919
149,D1,random,StackedOnlyCP,20,0.1,0.006000041961669922,stacked,0.9978237214363439,79.99429500278079,80.05145551211852,919
149,D1,random,TargetOnlyCP,20,0.1,0.0010004043579101562,,0.9499455930359086,97.18226605704379,130.95444952687433,919
149,D1,random,AdaptiveSplitCP,20,0.1,0.0019996166229248047,stacked,0.9532100108813928,328.70864925408574,434.91110773849726,919
149,D1,random,TransferCal-CP-affine-localsigma,20,0.1,0.002000093460083008,,0.9532100108813928,47.6640128716996,52.10358068917616,919
149,D1,covariate,SplitCP-source,20,0.1,0.0,,0.08269858541893363,2.85460561751384,174.6617608788629,919
149,D1,covariate,AdaptiveJackknifeCP,20,0.1,0.4702150821685791,stacked,0.8498367791077258,38.9993459620881,66.09911510352364,919
149,D1,covariate,AdaptiveJackknifeCP-exactJK+,20,0.1,0.45592808723449707,stacked,0.8813928182807399,42.54113572587132,65.03590428714153,919
149,D1,covariate,TargetOnlyJKplus,20,0.1,0.49939441680908203,local-ridge,0.8574537540805223,49.5345559381468,135.6474513986056,919
149,D1,covariate,TargetOnlyJKplus-exactJK+,20,0.1,0.42557644844055176,local-ridge,0.8433079434167573,47.90765936405826,143.74690138331755,919
149,D1,covariate,StackedOnlyCP,20,0.1,0.007001638412475586,stacked,0.8498367791077258,38.9993459620881,66.09911510352364,919
149,D1,covariate,TargetOnlyCP,20,0.1,0.0015022754669189453,,0.6659412404787813,30.58173763373804,172.3489169250681,919
149,D1,covariate,AdaptiveSplitCP,20,0.1,0.003004312515258789,stacked,0.6996735582154516,27.77830418234589,72.85637356622857,919
149,D1,covariate,TransferCal-CP-affine-localsigma,20,0.1,0.0029997825622558594,,0.8008705114254625,31.317830051246872,55.83740386276874,919
149,D2,strength_quartile,SplitCP-source,20,0.1,0.0010004043579101562,,0.0,3.3009510111663483,327.5310829985826,83
149,D2,strength_quartile,AdaptiveJackknifeCP,20,0.1,0.47360849380493164,stacked,0.9879518072289156,25.119981096828862,25.793482800259273,83
149,D2,strength_quartile,AdaptiveJackknifeCP-exactJK+,20,0.1,0.4937558174133301,stacked,0.9759036144578314,22.96648478837271,24.347134762170317,83
149,D2,strength_quartile,TargetOnlyJKplus,20,0.1,0.5156357288360596,local-ridge,0.963855421686747,20.32529991238366,23.962972352707265,83
149,D2,strength_quartile,TargetOnlyJKplus-exactJK+,20,0.1,0.42502641677856445,local-ridge,0.9518072289156626,19.49628473684133,23.040969184458916,83
149,D2,strength_quartile,StackedOnlyCP,20,0.1,0.0060002803802490234,stacked,0.9879518072289156,25.119981096828862,25.793482800259273,83
149,D2,strength_quartile,TargetOnlyCP,20,0.1,0.0009996891021728516,,0.891566265060241,15.228777081942862,23.430831189579745,83
149,D2,strength_quartile,AdaptiveSplitCP,20,0.1,0.0030002593994140625,stacked,0.6506024096385542,12.309674004269354,30.408695964497007,83
149,D2,strength_quartile,TransferCal-CP-affine-localsigma,20,0.1,0.0010001659393310547,,0.7951807228915663,17.738370960341825,33.137543860512714,83
149,D2,random,SplitCP-source,20,0.1,0.0010008811950683594,,0.0,3.3009510111663483,324.9613335741082,83
149,D2,random,AdaptiveJackknifeCP,20,0.1,0.44867587089538574,stacked,0.9036144578313253,18.899326448119677,23.61907565063937,83
149,D2,random,AdaptiveJackknifeCP-exactJK+,20,0.1,0.456784725189209,stacked,0.9397590361445783,19.452833141655265,22.520629033201796,83
149,D2,random,TargetOnlyJKplus,20,0.1,0.45737361907958984,local-ridge,0.963855421686747,21.753841773820845,24.094484280357573,83
149,D2,random,TargetOnlyJKplus-exactJK+,20,0.1,0.450120210647583,local-ridge,0.9759036144578314,24.963958526274926,26.2059390022096,83
149,D2,random,StackedOnlyCP,20,0.1,0.006002664566040039,stacked,0.9036144578313253,18.899326448119677,23.61907565063937,83
149,D2,random,TargetOnlyCP,20,0.1,0.0010006427764892578,,0.9397590361445783,23.14185729156004,24.859018331283227,83
149,D2,random,AdaptiveSplitCP,20,0.1,0.0019996166229248047,stacked,0.963855421686747,26.028267996344603,29.8862812061514,83
149,D2,random,TransferCal-CP-affine-localsigma,20,0.1,0.002000093460083008,,0.9036144578313253,23.929132999192287,29.708360717886514,83
149,D2,covariate,SplitCP-source,20,0.1,0.0,,0.0,3.3009510111663483,329.3057527667411,83
149,D2,covariate,AdaptiveJackknifeCP,20,0.1,0.4553344249725342,stacked,0.9156626506024096,17.49114213414467,23.30880457928419,83
149,D2,covariate,AdaptiveJackknifeCP-exactJK+,20,0.1,0.45702028274536133,stacked,0.9156626506024096,17.922308970458776,23.902589593999146,83
149,D2,covariate,TargetOnlyJKplus,20,0.1,0.456892728805542,local-ridge,0.9518072289156626,21.590338089545813,25.191398687983906,83
149,D2,covariate,TargetOnlyJKplus-exactJK+,20,0.1,0.4689333438873291,local-ridge,0.9518072289156626,21.035101921471295,25.421264392952583,83
149,D2,covariate,StackedOnlyCP,20,0.1,0.007002353668212891,stacked,0.9156626506024096,17.49114213414467,23.30880457928419,83
149,D2,covariate,TargetOnlyCP,20,0.1,0.0019998550415039062,,0.963855421686747,27.093534801918658,29.78153253304508,83
149,D2,covariate,AdaptiveSplitCP,20,0.1,0.0020003318786621094,stacked,0.9036144578313253,31.48765864736964,40.28338912393375,83
149,D2,covariate,TransferCal-CP-affine-localsigma,20,0.1,0.003000497817993164,,0.9518072289156626,28.505111534858255,30.892821996400777,83
149,D4,strength_quartile,SplitCP-source,20,0.1,0.0010001659393310547,,0.06134969325153374,3.8163478409115896,159.007237901595,163
149,D4,strength_quartile,AdaptiveJackknifeCP,20,0.1,0.31487011909484863,stacked,0.9938650306748467,18.313822446613802,18.456111671119974,163
149,D4,strength_quartile,AdaptiveJackknifeCP-exactJK+,20,0.1,0.3450460433959961,stacked,0.9877300613496932,17.485381448227432,17.72570654588713,163
149,D4,strength_quartile,TargetOnlyJKplus,20,0.1,0.33278346061706543,local-ridge,0.8711656441717791,22.036144256514103,33.07483341587439,163
149,D4,strength_quartile,TargetOnlyJKplus-exactJK+,20,0.1,0.3190276622772217,local-ridge,0.9141104294478528,25.837041976507454,34.13156502614603,163
149,D4,strength_quartile,StackedOnlyCP,20,0.1,0.0055048465728759766,stacked,0.9938650306748467,18.313822446613802,18.456111671119974,163
149,D4,strength_quartile,TargetOnlyCP,20,0.1,0.002000570297241211,,0.7668711656441718,23.98940704452096,38.09033307603668,163
149,D4,strength_quartile,AdaptiveSplitCP,20,0.1,0.0019998550415039062,stacked,0.8711656441717791,12.388075812224074,16.0889974981498,163
149,D4,strength_quartile,TransferCal-CP-affine-localsigma,20,0.1,0.0020008087158203125,,0.9631901840490797,38.10385870378185,40.029886449127325,163
149,D4,random,SplitCP-source,20,0.1,0.0009999275207519531,,0.06134969325153374,3.8163478409115896,161.25606412466487,163
149,D4,random,AdaptiveJackknifeCP,20,0.1,0.32129907608032227,stacked,0.852760736196319,10.334966714642604,14.584277123273809,163
149,D4,random,AdaptiveJackknifeCP-exactJK+,20,0.1,0.329730749130249,stacked,0.8282208588957055,9.988172425908878,15.433270498865454,163
149,D4,random,TargetOnlyJKplus,20,0.1,0.3240692615509033,local-ridge,0.8650306748466258,28.010763666638034,44.37150300213402,163
149,D4,random,TargetOnlyJKplus-exactJK+,20,0.1,0.3212244510650635,local-ridge,0.8159509202453987,24.729793402645146,48.71519817964852,163
149,D4,random,StackedOnlyCP,20,0.1,0.0060079097747802734,stacked,0.852760736196319,10.334966714642604,14.584277123273809,163
149,D4,random,TargetOnlyCP,20,0.1,0.0010001659393310547,,0.8343558282208589,28.067516590856354,52.2524922092661,163
149,D4,random,AdaptiveSplitCP,20,0.1,0.0029985904693603516,stacked,0.803680981595092,10.341807027764364,14.770896988308264,163
149,D4,random,TransferCal-CP-affine-localsigma,20,0.1,0.001001119613647461,,0.7055214723926381,20.021019171306538,53.7089500283682,163
149,D4,covariate,SplitCP-source,20,0.1,0.0010008811950683594,,0.05521472392638037,3.8163478409115896,166.46261458252533,163
149,D4,covariate,AdaptiveJackknifeCP,20,0.1,0.32348203659057617,stacked,0.950920245398773,12.728734947849071,14.356241810523873,163
149,D4,covariate,AdaptiveJackknifeCP-exactJK+,20,0.1,0.33361005783081055,stacked,0.9325153374233128,12.132322705909548,14.402468419096914,163
149,D4,covariate,TargetOnlyJKplus,20,0.1,0.326892614364624,local-ridge,0.9447852760736196,29.993058378988938,35.10157182769857,163
149,D4,covariate,TargetOnlyJKplus-exactJK+,20,0.1,0.32244133949279785,local-ridge,0.9386503067484663,30.676800314346284,36.761552887356515,163
149,D4,covariate,StackedOnlyCP,20,0.1,0.0035054683685302734,stacked,0.950920245398773,12.728734947849071,14.356241810523873,163
149,D4,covariate,TargetOnlyCP,20,0.1,0.0009996891021728516,,0.9815950920245399,44.03746610784867,46.05385816714593,163
149,D4,covariate,AdaptiveSplitCP,20,0.1,0.0020003318786621094,stacked,0.8466257668711656,13.014978952748645,18.18385220927661,163
149,D4,covariate,TransferCal-CP-affine-localsigma,20,0.1,0.0019998550415039062,,0.901840490797546,37.24030542465283,42.27403823618288,163
150,D1,strength_quartile,SplitCP-source,20,0.1,0.0,,0.07181719260065289,2.882431872107709,178.3424573943713,919
150,D1,strength_quartile,AdaptiveJackknifeCP,20,0.1,0.3253207206726074,stacked,0.9586507072905331,51.00773516303986,54.63878347704343,919
150,D1,strength_quartile,AdaptiveJackknifeCP-exactJK+,20,0.1,0.3297770023345947,stacked,0.9477693144722524,48.716567684772336,53.39818948485624,919
150,D1,strength_quartile,TargetOnlyJKplus,20,0.1,0.32524967193603516,local-ridge,0.9727965179542981,65.1190210004211,67.76879938984949,919
150,D1,strength_quartile,TargetOnlyJKplus-exactJK+,20,0.1,0.33286190032958984,local-ridge,0.9891186071817193,69.50161726762306,70.57462874654921,919
150,D1,strength_quartile,StackedOnlyCP,20,0.1,0.0060405731201171875,stacked,0.9586507072905331,51.00773516303986,54.63878347704343,919
150,D1,strength_quartile,TargetOnlyCP,20,0.1,0.001003265380859375,,0.9934711643090316,601.1844380921093,601.6738704116557,919
150,D1,strength_quartile,AdaptiveSplitCP,20,0.1,0.0025081634521484375,stacked,0.9945593035908596,615.5077488881252,615.9787620328751,919
150,D1,strength_quartile,TransferCal-CP-affine-localsigma,20,0.1,0.002003908157348633,,0.8226332970620239,32.91341226139978,51.758222089464894,919
150,D1,random,SplitCP-source,20,0.1,0.0,,0.07290533188248095,2.8824318721077087,177.8220803416595,919
150,D1,random,AdaptiveJackknifeCP,20,0.1,0.39555978775024414,stacked,0.9945593035908596,73.24888522803644,73.55158946243765,919
150,D1,random,AdaptiveJackknifeCP-exactJK+,20,0.1,0.37291717529296875,stacked,0.9717083786724701,61.228335510868476,64.13284863030822,919
150,D1,random,TargetOnlyJKplus,20,0.1,0.3588850498199463,local-ridge,0.911860718171926,58.725512000293776,72.36228038738398,919
150,D1,random,TargetOnlyJKplus-exactJK+,20,0.1,0.35183119773864746,local-ridge,0.8857453754080522,55.24590611498588,73.31526022498521,919
150,D1,random,StackedOnlyCP,20,0.1,0.00650787353515625,stacked,0.9945593035908596,73.24888522803644,73.55158946243765,919
150,D1,random,TargetOnlyCP,20,0.1,0.0009999275207519531,,0.7475516866158868,47.69871345773648,109.14187435593311,919
150,D1,random,AdaptiveSplitCP,20,0.1,0.002004384994506836,stacked,0.9967355821545157,133.3676072663922,133.8100716920038,919
150,D1,random,TransferCal-CP-affine-localsigma,20,0.1,0.0009999275207519531,,0.8715995647442872,45.34871527164444,60.3469175790541,919
150,D1,covariate,SplitCP-source,20,0.1,0.0,,0.06964091403699674,2.8824318721077087,179.75499184559754,919
150,D1,covariate,AdaptiveJackknifeCP,20,0.1,0.359607458114624,stacked,0.8520130576713819,35.78459859589889,52.99897962100602,919
150,D1,covariate,AdaptiveJackknifeCP-exactJK+,20,0.1,0.34460020065307617,stacked,0.8204570184983678,33.06960370950087,56.20126211931896,919
150,D1,covariate,TargetOnlyJKplus,20,0.1,0.35712647438049316,local-ridge,0.7279651795429815,30.98717766630195,74.16697113552617,919
150,D1,covariate,TargetOnlyJKplus-exactJK+,20,0.1,0.3751840591430664,local-ridge,0.719260065288357,30.708938542404447,75.12495516917144,919
150,D1,covariate,StackedOnlyCP,20,0.1,0.00599980354309082,stacked,0.8171926006528836,32.96212786692229,54.87439144467965,919
150,D1,covariate,TargetOnlyCP,20,0.1,0.002505779266357422,,0.6158868335146899,24.83651713463301,92.98612353857642,919
150,D1,covariate,AdaptiveSplitCP,20,0.1,0.002999544143676758,stacked,0.7976060935799782,34.56337819760899,68.8884542946069,919
150,D1,covariate,TransferCal-CP-affine-localsigma,20,0.1,0.002000570297241211,,0.6920565832426551,25.246971647283974,58.358141590486284,919
150,D2,strength_quartile,SplitCP-source,20,0.1,0.0010001659393310547,,0.0,3.085108204353667,334.86170950070147,83
150,D2,strength_quartile,AdaptiveJackknifeCP,20,0.1,0.340726375579834,stacked,0.9397590361445783,21.087895611027673,24.02788294535174,83
150,D2,strength_quartile,AdaptiveJackknifeCP-exactJK+,20,0.1,0.3387303352355957,stacked,0.9518072289156626,21.434022326411128,23.998015241265772,83
150,D2,strength_quartile,TargetOnlyJKplus,20,0.1,0.32409071922302246,local-ridge,0.9397590361445783,19.783299185739974,24.29829828447376,83
150,D2,strength_quartile,TargetOnlyJKplus-exactJK+,20,0.1,0.3415110111236572,local-ridge,0.9397590361445783,19.22546711511101,24.347869583257804,83
150,D2,strength_quartile,StackedOnlyCP,20,0.1,0.005509138107299805,stacked,0.9397590361445783,21.087895611027673,24.02788294535174,83
150,D2,strength_quartile,TargetOnlyCP,20,0.1,0.0019991397857666016,,0.9397590361445783,18.630429992911612,24.015534638458487,83
150,D2,strength_quartile,AdaptiveSplitCP,20,0.1,0.002000093460083008,stacked,0.9518072289156626,28.658013026481616,33.179521272197654,83
150,D2,strength_quartile,TransferCal-CP-affine-localsigma,20,0.1,0.0019998550415039062,,0.963855421686747,27.834814368709317,29.65807414771597,83
150,D2,random,SplitCP-source,20,0.1,0.0,,0.0,3.085108204353667,340.4248394722935,83
150,D2,random,AdaptiveJackknifeCP,20,0.1,0.34769296646118164,stacked,0.9759036144578314,25.95840069439175,26.77388801010672,83
150,D2,random,AdaptiveJackknifeCP-exactJK+,20,0.1,0.3417999744415283,stacked,0.9759036144578314,26.594913050715697,27.160831471836083,83
150,D2,random,TargetOnlyJKplus,20,0.1,0.3427767753601074,local-ridge,0.9518072289156626,23.910561165795805,25.71961889130753,83
150,D2,random,TargetOnlyJKplus-exactJK+,20,0.1,0.33184051513671875,local-ridge,0.9397590361445783,20.54945589073823,24.482846537800143,83
150,D2,random,StackedOnlyCP,20,0.1,0.005505084991455078,stacked,0.9759036144578314,25.95840069439175,26.77388801010672,83
150,D2,random,TargetOnlyCP,20,0.1,0.0019998550415039062,,0.8313253012048193,16.775426660706703,24.74941446515768,83
150,D2,random,AdaptiveSplitCP,20,0.1,0.002000093460083008,stacked,0.9518072289156626,20.80943775943956,23.197237815704796,83
150,D2,random,TransferCal-CP-affine-localsigma,20,0.1,0.0020003318786621094,,0.963855421686747,30.882706601449513,31.60168221730368,83
150,D2,covariate,SplitCP-source,20,0.1,0.0010004043579101562,,0.0,3.085108204353667,328.48640325862715,83
150,D2,covariate,AdaptiveJackknifeCP,20,0.1,0.33292555809020996,stacked,0.9879518072289156,28.83449899509646,29.109609554652376,83
150,D2,covariate,AdaptiveJackknifeCP-exactJK+,20,0.1,0.3365499973297119,stacked,0.9879518072289156,25.80582500945398,26.579982569974025,83
150,D2,covariate,TargetOnlyJKplus,20,0.1,0.34053587913513184,local-ridge,0.963855421686747,23.10803581750835,25.117964311717113,83
150,D2,covariate,TargetOnlyJKplus-exactJK+,20,0.1,0.3467068672180176,local-ridge,0.963855421686747,24.62416441581423,26.1206125739181,83
150,D2,covariate,StackedOnlyCP,20,0.1,0.006002902984619141,stacked,0.9879518072289156,28.83449899509646,29.109609554652376,83
150,D2,covariate,TargetOnlyCP,20,0.1,0.002000093460083008,,0.9759036144578314,29.210250844728307,30.46719109485233,83
150,D2,covariate,AdaptiveSplitCP,20,0.1,0.0019998550415039062,stacked,0.9879518072289156,34.402420890374685,35.247561531113746,83
150,D2,covariate,TransferCal-CP-affine-localsigma,20,0.1,0.002001047134399414,,0.9879518072289156,34.805560913999585,36.28702444302487,83
150,D4,strength_quartile,SplitCP-source,20,0.1,0.0010006427764892578,,0.0736196319018405,3.4238604814613036,202.58640028637237,163
150,D4,strength_quartile,AdaptiveJackknifeCP,20,0.1,0.34901881217956543,stacked,0.9815950920245399,17.775468316315322,18.253185154326296,163
150,D4,strength_quartile,AdaptiveJackknifeCP-exactJK+,20,0.1,0.3410027027130127,stacked,0.9754601226993865,16.768953452216987,17.325414304852803,163
150,D4,strength_quartile,TargetOnlyJKplus,20,0.1,0.36118340492248535,local-ridge,0.9141104294478528,34.11238463706209,38.454479979834915,163
150,D4,strength_quartile,TargetOnlyJKplus-exactJK+,20,0.1,0.35887622833251953,local-ridge,0.8895705521472392,30.95018067516725,38.415992077099155,163
150,D4,strength_quartile,StackedOnlyCP,20,0.1,0.007081270217895508,stacked,0.9815950920245399,17.775468316315322,18.253185154326296,163
150,D4,strength_quartile,TargetOnlyCP,20,0.1,0.0014433860778808594,,0.7730061349693251,29.964081378794265,54.21734609380166,163
150,D4,strength_quartile,AdaptiveSplitCP,20,0.1,0.0020771026611328125,stacked,0.6257668711656442,6.886599675750504,22.541311340422656,163
150,D4,strength_quartile,TransferCal-CP-affine-localsigma,20,0.1,0.002004861831665039,,0.8895705521472392,37.0641342642495,44.510859181680004,163
150,D4,random,SplitCP-source,20,0.1,0.0010006427764892578,,0.06748466257668712,3.4238604814613036,207.10115332821093,163
150,D4,random,AdaptiveJackknifeCP,20,0.1,0.36518335342407227,stacked,0.9079754601226994,11.481930780051698,15.431787788073967,163
150,D4,random,AdaptiveJackknifeCP-exactJK+,20,0.1,0.3610198497772217,stacked,0.9141104294478528,11.881095163436557,15.007625757435683,163
150,D4,random,TargetOnlyJKplus,20,0.1,0.3584916591644287,local-ridge,0.950920245398773,30.448071058150273,35.2983365406937,163
150,D4,random,TargetOnlyJKplus-exactJK+,20,0.1,0.36100029945373535,local-ridge,0.9447852760736196,29.193808181638413,35.584058606302534,163
150,D4,random,StackedOnlyCP,20,0.1,0.005999565124511719,stacked,0.9079754601226994,11.481930780051698,15.431787788073967,163
150,D4,random,TargetOnlyCP,20,0.1,0.002000093460083008,,0.9815950920245399,47.901015060372664,48.90276727926655,163
150,D4,random,AdaptiveSplitCP,20,0.1,0.0020003318786621094,stacked,0.8895705521472392,9.93066348138078,13.871380281120345,163
150,D4,random,TransferCal-CP-affine-localsigma,20,0.1,0.0020003318786621094,,0.9263803680981595,35.16164044665528,38.17855255798502,163
150,D4,covariate,SplitCP-source,20,0.1,0.001001119613647461,,0.06748466257668712,3.4238604814613036,205.95594626664607,163
150,D4,covariate,AdaptiveJackknifeCP,20,0.1,0.35286879539489746,stacked,0.9202453987730062,11.377609569292817,13.867458349921137,163
150,D4,covariate,AdaptiveJackknifeCP-exactJK+,20,0.1,0.3656044006347656,stacked,0.9693251533742331,14.54487962385451,15.309732751538133,163
150,D4,covariate,TargetOnlyJKplus,20,0.1,0.36591172218322754,local-ridge,0.9570552147239264,32.65181607279708,36.182211671940905,163
150,D4,covariate,TargetOnlyJKplus-exactJK+,20,0.1,0.3303956985473633,local-ridge,0.9754601226993865,38.3236658433101,40.22935685314961,163
150,D4,covariate,StackedOnlyCP,20,0.1,0.006999969482421875,stacked,0.9202453987730062,11.377609569292817,13.867458349921137,163
150,D4,covariate,TargetOnlyCP,20,0.1,0.002000570297241211,,0.9877300613496932,50.915491596996155,52.58810324836767,163
150,D4,covariate,AdaptiveSplitCP,20,0.1,0.003283977508544922,stacked,0.9815950920245399,24.56636780769321,25.37976113267731,163
150,D4,covariate,TransferCal-CP-affine-localsigma,20,0.1,0.0020008087158203125,,0.9570552147239264,35.21892404172151,38.4400820498555,163
151,D1,strength_quartile,SplitCP-source,20,0.1,0.0,,0.05984766050054407,1.9407670643826056,182.71872193038516,919
151,D1,strength_quartile,AdaptiveJackknifeCP,20,0.1,0.3788745403289795,stacked,0.9891186071817193,70.77654695757272,71.70858979783134,919
151,D1,strength_quartile,AdaptiveJackknifeCP-exactJK+,20,0.1,0.37688469886779785,stacked,0.9477693144722524,55.357480408809536,60.85035590497802,919
151,D1,strength_quartile,TargetOnlyJKplus,20,0.1,0.3776357173919678,local-ridge,0.9967355821545157,89.93460386074858,89.95758768013081,919
151,D1,strength_quartile,TargetOnlyJKplus-exactJK+,20,0.1,0.3673543930053711,local-ridge,0.9869423286180631,72.68006313877704,73.61134849320514,919
151,D1,strength_quartile,StackedOnlyCP,20,0.1,0.007003068923950195,stacked,0.9891186071817193,70.77654695757272,71.70858979783134,919
151,D1,strength_quartile,TargetOnlyCP,20,0.1,0.002000093460083008,,0.9782372143634385,264.7967152325991,282.97404799278746,919
151,D1,strength_quartile,AdaptiveSplitCP,20,0.1,0.0019998550415039062,stacked,0.9673558215451578,102.36271621482001,113.72174419846421,919
151,D1,strength_quartile,TransferCal-CP-affine-localsigma,20,0.1,0.002001047134399414,,0.9891186071817193,68.4750989208176,68.85943669933378,919
151,D1,random,SplitCP-source,20,0.1,0.0,,0.058759521218716,1.9407670643826056,183.72885171029486,919
151,D1,random,AdaptiveJackknifeCP,20,0.1,0.3841261863708496,stacked,0.9815016322089227,58.27417714290532,60.174726169591466,919
151,D1,random,AdaptiveJackknifeCP-exactJK+,20,0.1,0.3513822555541992,stacked,0.985854189336235,58.07212678382834,59.5375069808734,919
151,D1,random,TargetOnlyJKplus,20,0.1,0.342909574508667,local-ridge,0.9923830250272034,83.09498366184997,83.83162191750422,919
151,D1,random,TargetOnlyJKplus-exactJK+,20,0.1,0.3577451705932617,local-ridge,0.9912948857453754,77.02441369178592,77.92281247846587,919
151,D1,random,StackedOnlyCP,20,0.1,0.006003141403198242,stacked,0.9815016322089227,58.27417714290532,60.174726169591466,919
151,D1,random,TargetOnlyCP,20,0.1,0.0009982585906982422,,0.9793253536452666,69.30190706582582,70.99069732917113,919
151,D1,random,AdaptiveSplitCP,20,0.1,0.001999378204345703,stacked,0.9825897714907508,56.605652511871476,57.605164653583174,919
151,D1,random,TransferCal-CP-affine-localsigma,20,0.1,0.0020008087158203125,,0.9880304678998912,59.190534340761474,59.768849399882185,919
151,D1,covariate,SplitCP-source,20,0.1,0.0,,0.05767138193688792,1.9407670643826056,183.5369817331234,919
151,D1,covariate,AdaptiveJackknifeCP,20,0.1,0.3504354953765869,stacked,0.6866158868335147,29.62323613317415,90.79584127473571,919
151,D1,covariate,AdaptiveJackknifeCP-exactJK+,20,0.1,0.3652458190917969,stacked,0.809575625680087,39.73419659669726,79.91663648702203,919
151,D1,covariate,TargetOnlyJKplus,20,0.1,0.3626415729522705,local-ridge,0.9521218715995647,66.74814284118244,85.60905714848121,919
151,D1,covariate,TargetOnlyJKplus-exactJK+,20,0.1,0.36084794998168945,local-ridge,0.9216539717083787,59.759064774174,88.34774261401813,919
151,D1,covariate,StackedOnlyCP,20,0.1,0.00400233268737793,stacked,0.6866158868335147,29.62323613317415,90.79584127473571,919
151,D1,covariate,TargetOnlyCP,20,0.1,0.00099945068359375,,0.9107725788900979,51.44260679446052,85.08855830210624,919
151,D1,covariate,AdaptiveSplitCP,20,0.1,0.0019991397857666016,stacked,0.8737758433079434,122.03541881802815,185.99779426368855,919
151,D1,covariate,TransferCal-CP-affine-localsigma,20,0.1,0.002000093460083008,,0.969532100108814,47.89758474555146,50.29673713388518,919
151,D2,strength_quartile,SplitCP-source,20,0.1,0.0010044574737548828,,0.0,3.5430758933951982,331.9802347368456,83
151,D2,strength_quartile,AdaptiveJackknifeCP,20,0.1,0.34259796142578125,stacked,0.9036144578313253,17.875708890054312,25.043595063423073,83
151,D2,strength_quartile,AdaptiveJackknifeCP-exactJK+,20,0.1,0.32634997367858887,stacked,0.891566265060241,18.61109480461234,26.118092860806467,83
151,D2,strength_quartile,TargetOnlyJKplus,20,0.1,0.33420586585998535,local-ridge,0.9518072289156626,18.978115220088657,21.704436832781543,83
151,D2,strength_quartile,TargetOnlyJKplus-exactJK+,20,0.1,0.31456875801086426,local-ridge,0.9518072289156626,21.264864649157527,23.072798871066972,83
151,D2,strength_quartile,StackedOnlyCP,20,0.1,0.00599980354309082,stacked,0.9036144578313253,17.875708890054312,25.043595063423073,83
151,D2,strength_quartile,TargetOnlyCP,20,0.1,0.002000570297241211,,0.9397590361445783,18.725554437309633,21.33792817399654,83
151,D2,strength_quartile,AdaptiveSplitCP,20,0.1,0.0019998550415039062,stacked,0.7228915662650602,16.190796552120272,37.87823147542385,83
151,D2,strength_quartile,TransferCal-CP-affine-localsigma,20,0.1,0.0010008811950683594,,1.0,34.044357708722764,34.044357708722764,83
151,D2,random,SplitCP-source,20,0.1,0.0,,0.0,3.5430758933951982,324.9050158050435,83
151,D2,random,AdaptiveJackknifeCP,20,0.1,0.3367278575897217,stacked,0.9156626506024096,17.8857181619276,21.657044913152188,83
151,D2,random,AdaptiveJackknifeCP-exactJK+,20,0.1,0.32297635078430176,stacked,0.8795180722891566,18.36793993529931,23.900598340263812,83
151,D2,random,TargetOnlyJKplus,20,0.1,0.33968496322631836,local-ridge,0.8554216867469879,14.162131703825274,22.370631796120847,83
151,D2,random,TargetOnlyJKplus-exactJK+,20,0.1,0.33922791481018066,local-ridge,0.8795180722891566,16.11261112084776,22.13134116054486,83
151,D2,random,StackedOnlyCP,20,0.1,0.006000041961669922,stacked,0.9156626506024096,17.8857181619276,21.657044913152188,83
151,D2,random,TargetOnlyCP,20,0.1,0.0009999275207519531,,0.8192771084337349,14.581975861766896,26.54043801874944,83
151,D2,random,AdaptiveSplitCP,20,0.1,0.0019998550415039062,stacked,0.927710843373494,38.796056321029326,42.75886407591678,83
151,D2,random,TransferCal-CP-affine-localsigma,20,0.1,0.002001047134399414,,0.8554216867469879,21.58544859472177,31.71660309675296,83
151,D2,covariate,SplitCP-source,20,0.1,0.0009984970092773438,,0.0,3.5430758933951982,324.13924132260803,83
151,D2,covariate,AdaptiveJackknifeCP,20,0.1,0.3404567241668701,stacked,0.9156626506024096,19.21114096803599,26.230561047929605,83
151,D2,covariate,AdaptiveJackknifeCP-exactJK+,20,0.1,0.3136100769042969,stacked,0.927710843373494,23.09402760599071,29.31061992019785,83
151,D2,covariate,TargetOnlyJKplus,20,0.1,0.35871076583862305,local-ridge,0.891566265060241,16.506613869678457,21.427676497199023,83
151,D2,covariate,TargetOnlyJKplus-exactJK+,20,0.1,0.34545063972473145,local-ridge,0.891566265060241,17.667193974153328,22.04978650434479,83
151,D2,covariate,StackedOnlyCP,20,0.1,0.0030002593994140625,stacked,0.9156626506024096,19.21114096803599,26.230561047929605,83
151,D2,covariate,TargetOnlyCP,20,0.1,0.0019996166229248047,,0.8554216867469879,15.58578085890481,22.867074470902487,83
151,D2,covariate,AdaptiveSplitCP,20,0.1,0.0019996166229248047,stacked,0.891566265060241,21.699979881632345,30.477899547806807,83
151,D2,covariate,TransferCal-CP-affine-localsigma,20,0.1,0.0010013580322265625,,0.9518072289156626,27.50831837374742,29.005420053928166,83
151,D4,strength_quartile,SplitCP-source,20,0.1,0.0010001659393310547,,0.049079754601226995,2.941985651813866,209.17580355680448,163
151,D4,strength_quartile,AdaptiveJackknifeCP,20,0.1,0.47402429580688477,stacked,0.656441717791411,6.393798341413927,19.319830482285806,163
151,D4,strength_quartile,AdaptiveJackknifeCP-exactJK+,20,0.1,0.47094225883483887,stacked,0.6993865030674846,7.135993891801033,17.526976915904445,163
151,D4,strength_quartile,TargetOnlyJKplus,20,0.1,0.4717381000518799,local-ridge,0.9202453987730062,28.547777721421134,33.85561496134934,163
151,D4,strength_quartile,TargetOnlyJKplus-exactJK+,20,0.1,0.47130489349365234,local-ridge,0.9325153374233128,29.213836062603736,33.969148339108024,163
151,D4,strength_quartile,StackedOnlyCP,20,0.1,0.006003141403198242,stacked,0.656441717791411,6.393798341413927,19.319830482285806,163
151,D4,strength_quartile,TargetOnlyCP,20,0.1,0.0019998550415039062,,0.9386503067484663,33.16911328133562,38.77743087017852,163
151,D4,strength_quartile,AdaptiveSplitCP,20,0.1,0.0019998550415039062,stacked,0.8159509202453987,8.919005180565057,14.225882725668813,163
151,D4,strength_quartile,TransferCal-CP-affine-localsigma,20,0.1,0.0020003318786621094,,0.9570552147239264,34.75748270540183,40.49607947133432,163
151,D4,random,SplitCP-source,20,0.1,0.001001119613647461,,0.03680981595092025,2.941985651813866,209.10896580442986,163
151,D4,random,AdaptiveJackknifeCP,20,0.1,0.4675023555755615,stacked,0.9877300613496932,17.454080933150493,17.650140926896526,163
151,D4,random,AdaptiveJackknifeCP-exactJK+,20,0.1,0.46639418601989746,stacked,0.9447852760736196,13.099679891330624,14.813946327457723,163
151,D4,random,TargetOnlyJKplus,20,0.1,0.47064995765686035,local-ridge,0.9386503067484663,27.543231005287083,32.93246535510379,163
151,D4,random,TargetOnlyJKplus-exactJK+,20,0.1,0.4771428108215332,local-ridge,0.950920245398773,30.967488765375666,36.12801236515459,163
151,D4,random,StackedOnlyCP,20,0.1,0.005510568618774414,stacked,0.9877300613496932,17.454080933150493,17.650140926896526,163
151,D4,random,TargetOnlyCP,20,0.1,0.0010001659393310547,,0.9877300613496932,58.34928227365526,58.64686941452329,163
151,D4,random,AdaptiveSplitCP,20,0.1,0.002000570297241211,stacked,0.9754601226993865,23.975687216519464,25.857797223802507,163
151,D4,random,TransferCal-CP-affine-localsigma,20,0.1,0.02351069450378418,,0.9938650306748467,49.52986429198433,49.7940200908718,163
151,D4,covariate,SplitCP-source,20,0.1,0.0005030632019042969,,0.03680981595092025,2.941985651813866,210.21059938957268,163
151,D4,covariate,AdaptiveJackknifeCP,20,0.1,0.3758664131164551,stacked,0.9570552147239264,15.055288211125172,16.230295195792625,163
151,D4,covariate,AdaptiveJackknifeCP-exactJK+,20,0.1,0.44766879081726074,stacked,0.9570552147239264,14.995818760326465,16.11431529173758,163
151,D4,covariate,TargetOnlyJKplus,20,0.1,0.46337032318115234,local-ridge,0.8711656441717791,24.572334621917168,35.632523493411895,163
151,D4,covariate,TargetOnlyJKplus-exactJK+,20,0.1,0.4727315902709961,local-ridge,0.8588957055214724,24.581674924536955,36.980154940523185,163
151,D4,covariate,StackedOnlyCP,20,0.1,0.006000041961669922,stacked,0.9570552147239264,15.055288211125172,16.230295195792625,163
151,D4,covariate,TargetOnlyCP,20,0.1,0.002000093460083008,,0.7361963190184049,18.359379449032733,43.78298797978086,163
151,D4,covariate,AdaptiveSplitCP,20,0.1,0.002999544143676758,stacked,0.8711656441717791,13.175048658729182,18.44179840548152,163
151,D4,covariate,TransferCal-CP-affine-localsigma,20,0.1,0.0020008087158203125,,1.0,48.38175149977652,48.38175149977652,163
152,D1,strength_quartile,SplitCP-source,20,0.1,0.0,,0.060935799782372145,2.0147490873739065,182.12391927194614,919
152,D1,strength_quartile,AdaptiveJackknifeCP,20,0.1,0.484311580657959,stacked,0.9303590859630033,48.29219675399666,63.613068436362845,919
152,D1,strength_quartile,AdaptiveJackknifeCP-exactJK+,20,0.1,0.4931371212005615,stacked,0.9020674646354734,44.91268282268692,64.79152553305269,919
152,D1,strength_quartile,TargetOnlyJKplus,20,0.1,0.4870309829711914,local-ridge,0.8628944504896626,40.77864337169039,85.09058908095447,919
152,D1,strength_quartile,TargetOnlyJKplus-exactJK+,20,0.1,0.4937124252319336,local-ridge,0.8879216539717084,45.23978626431791,81.59869104302895,919
152,D1,strength_quartile,StackedOnlyCP,20,0.1,0.00599980354309082,stacked,0.9303590859630033,48.29219675399666,63.613068436362845,919
152,D1,strength_quartile,TargetOnlyCP,20,0.1,0.001504659652709961,,0.941240478781284,67.60508008747195,93.86186985895665,919
152,D1,strength_quartile,AdaptiveSplitCP,20,0.1,0.003009319305419922,stacked,0.9347116430903155,93.05482366852017,168.18494976886663,919
152,D1,strength_quartile,TransferCal-CP-affine-localsigma,20,0.1,0.0019998550415039062,,0.9771490750816104,52.63700458570637,54.492967037472646,919
152,D1,random,SplitCP-source,20,0.1,0.0,,0.062023939064200215,2.0147490873739065,183.421782550742,919
152,D1,random,AdaptiveJackknifeCP,20,0.1,0.4753410816192627,stacked,0.8389553862894451,34.753790162882005,54.09310144459632,919
152,D1,random,AdaptiveJackknifeCP-exactJK+,20,0.1,0.4822220802307129,stacked,0.85310119695321,36.91621007203462,53.13324023013492,919
152,D1,random,TargetOnlyJKplus,20,0.1,0.4268214702606201,local-ridge,0.7910772578890098,35.13422807186207,68.11534003094361,919
152,D1,random,TargetOnlyJKplus-exactJK+,20,0.1,0.3809800148010254,local-ridge,0.7856365614798694,35.40864485250027,69.7349169795201,919
152,D1,random,StackedOnlyCP,20,0.1,0.0030031204223632812,stacked,0.8389553862894451,34.753790162882005,54.09310144459632,919
152,D1,random,TargetOnlyCP,20,0.1,0.0009992122650146484,,0.9521218715995647,60.54456414334143,67.3143620460688,919
152,D1,random,AdaptiveSplitCP,20,0.1,0.0020003318786621094,stacked,0.9727965179542981,57.95211696233987,59.92728504401186,919
152,D1,random,TransferCal-CP-affine-localsigma,20,0.1,0.0010006427764892578,,0.9684439608269858,55.52664778016002,58.5323023660953,919
152,D1,covariate,SplitCP-source,20,0.1,0.0,,0.06311207834602829,2.014749087373907,181.8243198636321,919
152,D1,covariate,AdaptiveJackknifeCP,20,0.1,0.3872554302215576,stacked,0.9205658324265505,61.66859020070673,70.71536353263355,919
152,D1,covariate,AdaptiveJackknifeCP-exactJK+,20,0.1,0.4080514907836914,stacked,0.940152339499456,57.898496922406345,63.89071568928712,919
152,D1,covariate,TargetOnlyJKplus,20,0.1,0.4630923271179199,local-ridge,0.9684439608269858,63.65797193313402,66.01246667977101,919
152,D1,covariate,TargetOnlyJKplus-exactJK+,20,0.1,0.4913778305053711,local-ridge,0.9782372143634385,64.4383100319197,65.98061429503365,919
152,D1,covariate,StackedOnlyCP,20,0.1,0.006511688232421875,stacked,0.9205658324265505,61.66859020070673,70.71536353263355,919
152,D1,covariate,TargetOnlyCP,20,0.1,0.002000093460083008,,0.9891186071817193,633.7632894528577,635.3489418737978,919
152,D1,covariate,AdaptiveSplitCP,20,0.1,0.0029990673065185547,stacked,0.998911860718172,1203.4219173399702,1203.8932428076673,919
152,D1,covariate,TransferCal-CP-affine-localsigma,20,0.1,0.003000497817993164,,0.9978237214363439,101.05385272452853,101.2120467428566,919
152,D2,strength_quartile,SplitCP-source,20,0.1,0.0010008811950683594,,0.0,3.4045883185667662,346.6828139738039,83
152,D2,strength_quartile,AdaptiveJackknifeCP,20,0.1,0.47391581535339355,stacked,0.9879518072289156,44.02370232271004,45.25803732926607,83
152,D2,strength_quartile,AdaptiveJackknifeCP-exactJK+,20,0.1,0.473846435546875,stacked,0.9879518072289156,24.978209998305577,25.320599808839436,83
152,D2,strength_quartile,TargetOnlyJKplus,20,0.1,0.46062183380126953,local-ridge,0.9759036144578314,25.414275581986367,26.245895977800057,83
152,D2,strength_quartile,TargetOnlyJKplus-exactJK+,20,0.1,0.45308470726013184,local-ridge,0.9759036144578314,22.21232138462718,23.64788950422715,83
152,D2,strength_quartile,StackedOnlyCP,20,0.1,0.006000041961669922,stacked,0.891566265060241,19.175432468541914,32.140486851810415,83
152,D2,strength_quartile,TargetOnlyCP,20,0.1,0.0019998550415039062,,0.9759036144578314,22.109233461920947,22.957749615586916,83
152,D2,strength_quartile,AdaptiveSplitCP,20,0.1,0.0019998550415039062,stacked,0.9518072289156626,55.77379370069718,60.38043823741102,83
152,D2,strength_quartile,TransferCal-CP-affine-localsigma,20,0.1,0.002003192901611328,,0.9759036144578314,36.17278247361952,36.203797426946025,83
152,D2,random,SplitCP-source,20,0.1,0.0,,0.0,3.4045883185667662,349.3122778270827,83
152,D2,random,AdaptiveJackknifeCP,20,0.1,0.45331263542175293,stacked,1.0,32.657120249754236,32.657120249754236,83
152,D2,random,AdaptiveJackknifeCP-exactJK+,20,0.1,0.45032382011413574,stacked,0.9879518072289156,25.857408305299376,27.039137438985378,83
152,D2,random,TargetOnlyJKplus,20,0.1,0.45200133323669434,local-ridge,0.9879518072289156,30.801454678557747,31.36673272418749,83
152,D2,random,TargetOnlyJKplus-exactJK+,20,0.1,0.4515993595123291,local-ridge,0.9879518072289156,29.048830346775503,29.983033163257204,83
152,D2,random,StackedOnlyCP,20,0.1,0.006506443023681641,stacked,1.0,32.657120249754236,32.657120249754236,83
152,D2,random,TargetOnlyCP,20,0.1,0.0010030269622802734,,0.9879518072289156,26.650971226600916,27.841112067976486,83
152,D2,random,AdaptiveSplitCP,20,0.1,0.0019998550415039062,stacked,0.963855421686747,18.8990659563843,21.412770377051046,83
152,D2,random,TransferCal-CP-affine-localsigma,20,0.1,0.0015034675598144531,,0.963855421686747,33.41801074718213,34.39245304000093,83
152,D2,covariate,SplitCP-source,20,0.1,0.0010039806365966797,,0.0,3.4045883185667662,349.3353122234831,83
152,D2,covariate,AdaptiveJackknifeCP,20,0.1,0.4478638172149658,stacked,0.9397590361445783,18.39637794677496,24.944109668261696,83
152,D2,covariate,AdaptiveJackknifeCP-exactJK+,20,0.1,0.4605391025543213,stacked,0.8795180722891566,15.55726797583593,25.07728880419745,83
152,D2,covariate,TargetOnlyJKplus,20,0.1,0.4449906349182129,local-ridge,0.9036144578313253,16.324158326004174,23.75630967255735,83
152,D2,covariate,TargetOnlyJKplus-exactJK+,20,0.1,0.4535410404205322,local-ridge,0.9156626506024096,17.02054561438864,24.01556281299322,83
152,D2,covariate,StackedOnlyCP,20,0.1,0.00650787353515625,stacked,0.9397590361445783,18.39637794677496,24.944109668261696,83
152,D2,covariate,TargetOnlyCP,20,0.1,0.0020020008087158203,,0.9156626506024096,18.756073217639535,27.070897188812918,83
152,D2,covariate,AdaptiveSplitCP,20,0.1,0.00299835205078125,stacked,0.8313253012048193,15.882247233251874,27.91007234240665,83
152,D2,covariate,TransferCal-CP-affine-localsigma,20,0.1,0.0019998550415039062,,0.891566265060241,25.679222928822576,31.759979920927456,83
152,D4,strength_quartile,SplitCP-source,20,0.1,0.0010046958923339844,,0.049079754601226995,2.8484010893962615,213.4745865025239,163
152,D4,strength_quartile,AdaptiveJackknifeCP,20,0.1,0.4584333896636963,stacked,0.9938650306748467,21.662405017789084,21.672293737151065,163
152,D4,strength_quartile,AdaptiveJackknifeCP-exactJK+,20,0.1,0.46417713165283203,stacked,0.9815950920245399,20.22989969544803,20.67059140056395,163
152,D4,strength_quartile,TargetOnlyJKplus,20,0.1,0.45726966857910156,local-ridge,0.9693251533742331,38.0635896369098,41.32848484224705,163
152,D4,strength_quartile,TargetOnlyJKplus-exactJK+,20,0.1,0.46029210090637207,local-ridge,0.9447852760736196,34.596044094501735,41.30396899434644,163
152,D4,strength_quartile,StackedOnlyCP,20,0.1,0.005000114440917969,stacked,0.9938650306748467,21.662405017789084,21.672293737151065,163
152,D4,strength_quartile,TargetOnlyCP,20,0.1,0.002505779266357422,,0.9386503067484663,44.354110773064555,49.72435079755226,163
152,D4,strength_quartile,AdaptiveSplitCP,20,0.1,0.0019998550415039062,stacked,1.0,67.13001871722861,67.13001871722861,163
152,D4,strength_quartile,TransferCal-CP-affine-localsigma,20,0.1,0.0016753673553466797,,0.8404907975460123,31.36598809871177,42.09114025916871,163
152,D4,random,SplitCP-source,20,0.1,0.0010008811950683594,,0.049079754601226995,2.8484010893962615,218.03737711647716,163
152,D4,random,AdaptiveJackknifeCP,20,0.1,0.45836925506591797,stacked,0.9815950920245399,16.590309778435437,17.122334696613223,163
152,D4,random,AdaptiveJackknifeCP-exactJK+,20,0.1,0.4613611698150635,stacked,0.9877300613496932,16.223771899187952,16.577013829090415,163
152,D4,random,TargetOnlyJKplus,20,0.1,0.46573710441589355,local-ridge,0.9877300613496932,51.53061613825644,51.84851051557469,163
152,D4,random,TargetOnlyJKplus-exactJK+,20,0.1,0.5165271759033203,local-ridge,0.9693251533742331,42.70389325620689,45.59088883124321,163
152,D4,random,StackedOnlyCP,20,0.1,0.0060024261474609375,stacked,0.9815950920245399,16.590309778435437,17.122334696613223,163
152,D4,random,TargetOnlyCP,20,0.1,0.0009999275207519531,,0.9877300613496932,59.29073837688519,60.821256287146376,163
152,D4,random,AdaptiveSplitCP,20,0.1,0.002000570297241211,stacked,0.9938650306748467,18.72437211613027,18.72555252336383,163
152,D4,random,TransferCal-CP-affine-localsigma,20,0.1,0.0019998550415039062,,0.9447852760736196,37.081505570719905,40.15008322740219,163
152,D4,covariate,SplitCP-source,20,0.1,0.0009999275207519531,,0.049079754601226995,2.8484010893962615,211.39367965921014,163
152,D4,covariate,AdaptiveJackknifeCP,20,0.1,0.39691853523254395,stacked,0.9325153374233128,13.454545592838356,15.444271843677095,163
152,D4,covariate,AdaptiveJackknifeCP-exactJK+,20,0.1,0.3867969512939453,stacked,0.9570552147239264,14.51055277471319,16.091320511259216,163
152,D4,covariate,TargetOnlyJKplus,20,0.1,0.3966190814971924,local-ridge,0.9570552147239264,35.246447853558195,39.529226330218975,163
152,D4,covariate,TargetOnlyJKplus-exactJK+,20,0.1,0.3897380828857422,local-ridge,0.9386503067484663,30.78584126820713,39.05913475108146,163
152,D4,covariate,StackedOnlyCP,20,0.1,0.005999326705932617,stacked,0.9325153374233128,13.454545592838356,15.444271843677095,163
152,D4,covariate,TargetOnlyCP,20,0.1,0.002000093460083008,,0.9447852760736196,41.37135767830582,48.37401643776051,163
152,D4,covariate,AdaptiveSplitCP,20,0.1,0.0030024051666259766,stacked,0.8957055214723927,16.268168349690757,22.22896647490944,163
152,D4,covariate,TransferCal-CP-affine-localsigma,20,0.1,0.0020020008087158203,,0.9570552147239264,54.11151889958203,60.041524243931065,163
153,D1,strength_quartile,SplitCP-source,20,0.1,0.0010001659393310547,,0.0544069640914037,2.079354963929702,181.6447366261015,919
153,D1,strength_quartile,AdaptiveJackknifeCP,20,0.1,0.4283626079559326,stacked,0.9075081610446137,43.1272297291352,52.354779347315386,919
153,D1,strength_quartile,AdaptiveJackknifeCP-exactJK+,20,0.1,0.44724345207214355,stacked,0.8868335146898803,40.61158909085563,52.951685541495905,919
153,D1,strength_quartile,TargetOnlyJKplus,20,0.1,0.4532930850982666,local-ridge,0.9336235038084875,48.83029920416022,59.755510271190445,919
153,D1,strength_quartile,TargetOnlyJKplus-exactJK+,20,0.1,0.4535205364227295,local-ridge,0.9379760609357998,50.1984169606625,60.656837230036665,919
153,D1,strength_quartile,StackedOnlyCP,20,0.1,0.006002187728881836,stacked,0.9075081610446137,43.1272297291352,52.354779347315386,919
153,D1,strength_quartile,TargetOnlyCP,20,0.1,0.0009999275207519531,,0.9673558215451578,65.56530596399408,69.33508204125512,919
153,D1,strength_quartile,AdaptiveSplitCP,20,0.1,0.0019998550415039062,stacked,0.9891186071817193,70.036893983445,71.25719364243568,919
153,D1,strength_quartile,TransferCal-CP-affine-localsigma,20,0.1,0.002000093460083008,,0.9608269858541894,52.326136328494385,56.15969864933368,919
153,D1,random,SplitCP-source,20,0.1,0.0,,0.056583242655059846,2.079354963929702,181.32591140273917,919
153,D1,random,AdaptiveJackknifeCP,20,0.1,0.44719529151916504,stacked,0.9542981501632208,50.98058826189555,54.36724862297937,919
153,D1,random,AdaptiveJackknifeCP-exactJK+,20,0.1,0.45406365394592285,stacked,0.9183895538628944,46.85873718254305,53.70442760368834,919
153,D1,random,TargetOnlyJKplus,20,0.1,0.45243310928344727,local-ridge,0.940152339499456,58.14621005482355,65.69053391055049,919
153,D1,random,TargetOnlyJKplus-exactJK+,20,0.1,0.44450926780700684,local-ridge,0.8998911860718172,53.918854002714276,66.48125184167607,919
153,D1,random,StackedOnlyCP,20,0.1,0.005954265594482422,stacked,0.9542981501632208,50.98058826189555,54.36724862297937,919
153,D1,random,TargetOnlyCP,20,0.1,0.0016472339630126953,,0.8944504896626768,55.81778905623094,74.47608159006028,919
153,D1,random,AdaptiveSplitCP,20,0.1,0.00200653076171875,stacked,0.7671381936887922,51.14046749666029,114.35831113075882,919
153,D1,random,TransferCal-CP-affine-localsigma,20,0.1,0.0010013580322265625,,0.940152339499456,48.58222873692973,56.12098995813078,919
153,D1,covariate,SplitCP-source,20,0.1,0.0,,0.055495103373231776,2.079354963929702,181.66317627091144,919
153,D1,covariate,AdaptiveJackknifeCP,20,0.1,0.451915979385376,stacked,0.8911860718171926,37.43763847969103,48.882287624705,919
153,D1,covariate,AdaptiveJackknifeCP-exactJK+,20,0.1,0.45502185821533203,stacked,0.8955386289445049,38.42808044524942,49.35540350610632,919
153,D1,covariate,TargetOnlyJKplus,20,0.1,0.4574565887451172,local-ridge,0.941240478781284,51.40856482371294,61.05663143438793,919
153,D1,covariate,TargetOnlyJKplus-exactJK+,20,0.1,0.45345330238342285,local-ridge,0.9347116430903155,52.55717168093406,61.523522089126004,919
153,D1,covariate,StackedOnlyCP,20,0.1,0.0061223506927490234,stacked,0.8911860718171926,37.43763847969103,48.882287624705,919
153,D1,covariate,TargetOnlyCP,20,0.1,0.0020003318786621094,,0.9651795429815017,62.56204747927801,66.9943086962861,919
153,D1,covariate,AdaptiveSplitCP,20,0.1,0.001999378204345703,stacked,0.9325353645266594,78.0200029874812,96.1313630138225,919
153,D1,covariate,TransferCal-CP-affine-localsigma,20,0.1,0.003002166748046875,,0.8988030467899891,37.78675685149563,47.37491305877443,919
153,D2,strength_quartile,SplitCP-source,20,0.1,0.0,,0.0,2.9162404019097177,336.9552982345386,83
153,D2,strength_quartile,AdaptiveJackknifeCP,20,0.1,0.427445650100708,stacked,0.9879518072289156,26.223014187423328,27.32036683890882,83
153,D2,strength_quartile,AdaptiveJackknifeCP-exactJK+,20,0.1,0.4305241107940674,stacked,0.9879518072289156,24.499723035001757,25.949674089858753,83
153,D2,strength_quartile,TargetOnlyJKplus,20,0.1,0.46660423278808594,local-ridge,0.9759036144578314,26.02761341420239,27.708926865725658,83
153,D2,strength_quartile,TargetOnlyJKplus-exactJK+,20,0.1,0.46999120712280273,local-ridge,0.9759036144578314,22.206422663909528,24.558664041140727,83
153,D2,strength_quartile,StackedOnlyCP,20,0.1,0.006021738052368164,stacked,0.9879518072289156,26.223014187423328,27.32036683890882,83
153,D2,strength_quartile,TargetOnlyCP,20,0.1,0.002000093460083008,,0.963855421686747,20.17095622014276,23.58351197030071,83
153,D2,strength_quartile,AdaptiveSplitCP,20,0.1,0.002509593963623047,stacked,0.963855421686747,41.619998359826134,45.28097920061201,83
153,D2,strength_quartile,TransferCal-CP-affine-localsigma,20,0.1,0.0019996166229248047,,0.8433734939759037,18.28283914154679,28.139668308166044,83
153,D2,random,SplitCP-source,20,0.1,0.0,,0.0,2.9162404019097177,338.8273775216631,83
153,D2,random,AdaptiveJackknifeCP,20,0.1,0.47910404205322266,stacked,0.9397590361445783,16.91201747230838,21.63877993952579,83
153,D2,random,AdaptiveJackknifeCP-exactJK+,20,0.1,0.47499799728393555,stacked,0.9518072289156626,19.098102164092804,21.91675053001837,83
153,D2,random,TargetOnlyJKplus,20,0.1,0.47708559036254883,local-ridge,0.8795180722891566,16.14113787813442,23.57775028056382,83
153,D2,random,TargetOnlyJKplus-exactJK+,20,0.1,0.48798203468322754,local-ridge,0.8795180722891566,16.709781518115754,23.4280813998102,83
153,D2,random,StackedOnlyCP,20,0.1,0.00599980354309082,stacked,0.9397590361445783,16.91201747230838,21.63877993952579,83
153,D2,random,TargetOnlyCP,20,0.1,0.00150299072265625,,0.7710843373493976,10.602652501793713,28.09947344131224,83
153,D2,random,AdaptiveSplitCP,20,0.1,0.0020046234130859375,stacked,0.9397590361445783,16.018060095812633,21.19646138051643,83
153,D2,random,TransferCal-CP-affine-localsigma,20,0.1,0.0019986629486083984,,0.9156626506024096,21.809926141463105,26.622727615592936,83
153,D2,covariate,SplitCP-source,20,0.1,0.001001119613647461,,0.0,2.9162404019097177,333.9572121347289,83
153,D2,covariate,AdaptiveJackknifeCP,20,0.1,0.477679967880249,stacked,0.9879518072289156,24.3630474250209,25.880326549947103,83
153,D2,covariate,AdaptiveJackknifeCP-exactJK+,20,0.1,0.4832892417907715,stacked,0.9879518072289156,25.745116643974818,27.244432503323857,83
153,D2,covariate,TargetOnlyJKplus,20,0.1,0.48203229904174805,local-ridge,0.9759036144578314,24.13145546259598,26.2378125989682,83
153,D2,covariate,TargetOnlyJKplus-exactJK+,20,0.1,0.46259379386901855,local-ridge,0.9759036144578314,23.03994217447273,25.142632163149965,83
153,D2,covariate,StackedOnlyCP,20,0.1,0.006002664566040039,stacked,0.9879518072289156,24.3630474250209,25.880326549947103,83
153,D2,covariate,TargetOnlyCP,20,0.1,0.002000570297241211,,0.9879518072289156,29.758616489922954,31.003387587056828,83
153,D2,covariate,AdaptiveSplitCP,20,0.1,0.003000497817993164,stacked,0.9759036144578314,28.87035818795853,31.239304646914366,83
153,D2,covariate,TransferCal-CP-affine-localsigma,20,0.1,0.001999378204345703,,0.963855421686747,25.644640691732448,28.140598299658237,83
153,D4,strength_quartile,SplitCP-source,20,0.1,0.0010013580322265625,,0.049079754601226995,2.961469927899543,200.1641269544165,163
153,D4,strength_quartile,AdaptiveJackknifeCP,20,0.1,0.4659292697906494,stacked,0.8834355828220859,12.90270574358489,17.78212681390474,163
153,D4,strength_quartile,AdaptiveJackknifeCP-exactJK+,20,0.1,0.46350860595703125,stacked,0.8588957055214724,11.10943099124115,17.712106273088633,163
153,D4,strength_quartile,TargetOnlyJKplus,20,0.1,0.461972713470459,local-ridge,0.9877300613496932,39.079222971911,39.44725933501981,163
153,D4,strength_quartile,TargetOnlyJKplus-exactJK+,20,0.1,0.46988582611083984,local-ridge,0.9815950920245399,37.834876188036155,38.613072971992516,163
153,D4,strength_quartile,StackedOnlyCP,20,0.1,0.005506038665771484,stacked,0.8834355828220859,12.90270574358489,17.78212681390474,163
153,D4,strength_quartile,TargetOnlyCP,20,0.1,0.002000570297241211,,0.9447852760736196,29.250213970495338,33.824126674636226,163
153,D4,strength_quartile,AdaptiveSplitCP,20,0.1,0.0020046234130859375,stacked,0.8466257668711656,14.565322336328418,22.105246720874533,163
153,D4,strength_quartile,TransferCal-CP-affine-localsigma,20,0.1,0.0019996166229248047,,0.9877300613496932,47.67131013110225,48.35936915638027,163
153,D4,random,SplitCP-source,20,0.1,0.0010004043579101562,,0.049079754601226995,2.961469927899543,198.4180766628962,163
153,D4,random,AdaptiveJackknifeCP,20,0.1,0.45816588401794434,stacked,0.9754601226993865,18.22886701958755,19.085516938661744,163
153,D4,random,AdaptiveJackknifeCP-exactJK+,20,0.1,0.45888590812683105,stacked,1.0,18.95348197184714,18.95348197184714,163
153,D4,random,TargetOnlyJKplus,20,0.1,0.46318936347961426,local-ridge,0.8773006134969326,27.56644355796394,40.958519145334414,163
153,D4,random,TargetOnlyJKplus-exactJK+,20,0.1,0.4579484462738037,local-ridge,0.8957055214723927,31.245670039235023,41.96677775625611,163
153,D4,random,StackedOnlyCP,20,0.1,0.006003379821777344,stacked,0.9754601226993865,18.22886701958755,19.085516938661744,163
153,D4,random,TargetOnlyCP,20,0.1,0.00099945068359375,,0.9263803680981595,35.9824539363708,43.67603376690632,163
153,D4,random,AdaptiveSplitCP,20,0.1,0.002000570297241211,stacked,1.0,23.005289031050403,23.005289031050403,163
153,D4,random,TransferCal-CP-affine-localsigma,20,0.1,0.002000093460083008,,0.852760736196319,25.32158531025935,37.848831970954805,163
153,D4,covariate,SplitCP-source,20,0.1,0.0009999275207519531,,0.05521472392638037,2.961469927899543,202.24512884885837,163
153,D4,covariate,AdaptiveJackknifeCP,20,0.1,0.4622807502746582,stacked,0.9447852760736196,14.06041631727598,16.40490850568568,163
153,D4,covariate,AdaptiveJackknifeCP-exactJK+,20,0.1,0.45642685890197754,stacked,0.9447852760736196,14.20119608238493,16.03586216480133,163
153,D4,covariate,TargetOnlyJKplus,20,0.1,0.4599013328552246,local-ridge,0.901840490797546,27.953075917951242,33.98930989358646,163
153,D4,covariate,TargetOnlyJKplus-exactJK+,20,0.1,0.45737504959106445,local-ridge,0.8957055214723927,30.47029936468873,36.10455093623223,163
153,D4,covariate,StackedOnlyCP,20,0.1,0.006011009216308594,stacked,0.9447852760736196,14.06041631727598,16.40490850568568,163
153,D4,covariate,TargetOnlyCP,20,0.1,0.0020055770874023438,,0.9325153374233128,44.335169987915485,48.311077714875225,163
153,D4,covariate,AdaptiveSplitCP,20,0.1,0.00299835205078125,stacked,0.9202453987730062,21.37397536699517,24.60392091299414,163
153,D4,covariate,TransferCal-CP-affine-localsigma,20,0.1,0.0025098323822021484,,0.8343558282208589,31.528121771101155,44.413754615854394,163
154,D1,strength_quartile,SplitCP-source,20,0.1,0.0010001659393310547,,0.11534276387377584,3.403035756726837,165.018052171627,919
154,D1,strength_quartile,AdaptiveJackknifeCP,20,0.1,0.3658466339111328,stacked,0.9967355821545157,76.59423467933821,76.6806179947814,919
154,D1,strength_quartile,AdaptiveJackknifeCP-exactJK+,20,0.1,0.3350398540496826,stacked,0.9945593035908596,66.48600786749952,67.0780413205888,919
154,D1,strength_quartile,TargetOnlyJKplus,20,0.1,0.3338181972503662,local-ridge,1.0,102.90893159596581,102.90893159596581,919
154,D1,strength_quartile,TargetOnlyJKplus-exactJK+,20,0.1,0.40816497802734375,local-ridge,0.9760609357997824,79.24011539462842,83.0005481375637,919
154,D1,strength_quartile,StackedOnlyCP,20,0.1,0.006505727767944336,stacked,0.9967355821545157,76.59423467933821,76.6806179947814,919
154,D1,strength_quartile,TargetOnlyCP,20,0.1,0.0010001659393310547,,0.9608269858541894,90.53296207455217,111.30797448554505,919
154,D1,strength_quartile,AdaptiveSplitCP,20,0.1,0.0010001659393310547,stacked,0.8966267682263329,51.61517807474043,84.78621889446094,919
154,D1,strength_quartile,TransferCal-CP-affine-localsigma,20,0.1,0.0025053024291992188,,0.8596300326441785,34.253588853037265,46.37921666652909,919
154,D1,random,SplitCP-source,20,0.1,0.0010008811950683594,,0.117519042437432,3.403035756726837,163.96132266760713,919
154,D1,random,AdaptiveJackknifeCP,20,0.1,0.4608912467956543,stacked,0.9357997823721437,69.85602483418269,113.78595410660404,919
154,D1,random,AdaptiveJackknifeCP-exactJK+,20,0.1,0.468585729598999,stacked,0.8922742110990207,67.07552319818132,122.97746285733137,919
154,D1,random,TargetOnlyJKplus,20,0.1,0.46300220489501953,local-ridge,0.9390642002176278,84.55563813866023,161.6207023415158,919
154,D1,random,TargetOnlyJKplus-exactJK+,20,0.1,0.4623074531555176,local-ridge,0.926006528835691,75.16182700240078,159.37870655722762,919
154,D1,random,StackedOnlyCP,20,0.1,0.0050048828125,stacked,0.9357997823721437,69.85602483418269,113.78595410660404,919
154,D1,random,TargetOnlyCP,20,0.1,0.0019986629486083984,,0.9140369967355821,147.51354043040504,362.51225669400617,919
154,D1,random,AdaptiveSplitCP,20,0.1,0.001999378204345703,stacked,0.9009793253536452,146.8037579619781,400.37016553433057,919
154,D1,random,TransferCal-CP-affine-localsigma,20,0.1,0.0009999275207519531,,0.8911860718171926,51.736513087067806,64.06713108723815,919
154,D1,covariate,SplitCP-source,20,0.1,0.0,,0.11534276387377584,3.403035756726837,165.72943839461342,919
154,D1,covariate,AdaptiveJackknifeCP,20,0.1,0.4676032066345215,stacked,0.941240478781284,47.55569138317607,54.35840749389562,919
154,D1,covariate,AdaptiveJackknifeCP-exactJK+,20,0.1,0.45487117767333984,stacked,0.941240478781284,47.65410473358686,53.53722013384895,919
154,D1,covariate,TargetOnlyJKplus,20,0.1,0.460735559463501,local-ridge,0.9303590859630033,51.92215301308214,65.40487301100431,919
154,D1,covariate,TargetOnlyJKplus-exactJK+,20,0.1,0.4554440975189209,local-ridge,0.9390642002176278,58.06165316688713,68.42349828413721,919
154,D1,covariate,StackedOnlyCP,20,0.1,0.006451845169067383,stacked,0.941240478781284,47.55569138317607,54.35840749389562,919
154,D1,covariate,TargetOnlyCP,20,0.1,0.0020008087158203125,,0.8879216539717084,43.833990031431746,60.95876971999428,919
154,D1,covariate,AdaptiveSplitCP,20,0.1,0.002507448196411133,stacked,0.955386289445049,87.50747568618068,98.27456386314705,919
154,D1,covariate,TransferCal-CP-affine-localsigma,20,0.1,0.0019998550415039062,,0.7899891186071817,29.69662122832026,51.34616276775666,919
154,D2,strength_quartile,SplitCP-source,20,0.1,0.0010013580322265625,,0.0,2.8485237160913357,339.74559817458083,83
154,D2,strength_quartile,AdaptiveJackknifeCP,20,0.1,0.4935016632080078,stacked,0.9036144578313253,14.439771798969382,22.384632791507812,83
154,D2,strength_quartile,AdaptiveJackknifeCP-exactJK+,20,0.1,0.4921610355377197,stacked,0.9036144578313253,15.985858955242799,22.35794286777386,83
154,D2,strength_quartile,TargetOnlyJKplus,20,0.1,0.4907357692718506,local-ridge,0.9036144578313253,16.04915354562934,23.187642180168336,83
154,D2,strength_quartile,TargetOnlyJKplus-exactJK+,20,0.1,0.5026235580444336,local-ridge,0.927710843373494,16.890439097382163,22.977321332623607,83
154,D2,strength_quartile,StackedOnlyCP,20,0.1,0.006368875503540039,stacked,0.9036144578313253,14.439771798969382,22.384632791507812,83
154,D2,strength_quartile,TargetOnlyCP,20,0.1,0.0019998550415039062,,0.891566265060241,16.401510140049087,23.01768868334469,83
154,D2,strength_quartile,AdaptiveSplitCP,20,0.1,0.0020003318786621094,stacked,0.8674698795180723,16.086350704900944,24.204586410771576,83
154,D2,strength_quartile,TransferCal-CP-affine-localsigma,20,0.1,0.002000093460083008,,0.9879518072289156,25.603198068996495,27.164760503269314,83
154,D2,random,SplitCP-source,20,0.1,0.0010008811950683594,,0.0,2.8485237160913357,334.051448831595,83
154,D2,random,AdaptiveJackknifeCP,20,0.1,0.5124101638793945,stacked,1.0,45.14970845296543,45.14970845296543,83
154,D2,random,AdaptiveJackknifeCP-exactJK+,20,0.1,0.4520583152770996,stacked,1.0,33.181576525501235,33.181576525501235,83
154,D2,random,TargetOnlyJKplus,20,0.1,0.47191524505615234,local-ridge,1.0,32.25106342649382,32.25106342649382,83
154,D2,random,TargetOnlyJKplus-exactJK+,20,0.1,0.48943614959716797,local-ridge,0.9879518072289156,28.241786602639213,28.349372821239275,83
154,D2,random,StackedOnlyCP,20,0.1,0.005709409713745117,stacked,1.0,45.14970845296543,45.14970845296543,83
154,D2,random,TargetOnlyCP,20,0.1,0.0011513233184814453,,1.0,31.651577576297747,31.651577576297747,83
154,D2,random,AdaptiveSplitCP,20,0.1,0.0032105445861816406,stacked,1.0,80.40679192537583,80.40679192537583,83
154,D2,random,TransferCal-CP-affine-localsigma,20,0.1,0.002000093460083008,,1.0,36.9988726122994,36.9988726122994,83
154,D2,covariate,SplitCP-source,20,0.1,0.0009996891021728516,,0.0,2.8485237160913357,333.855586985081,83
154,D2,covariate,AdaptiveJackknifeCP,20,0.1,0.44376444816589355,stacked,0.9759036144578314,24.73199790356664,26.97466369619217,83
154,D2,covariate,AdaptiveJackknifeCP-exactJK+,20,0.1,0.47646498680114746,stacked,0.9759036144578314,24.47504692021674,25.830861192851806,83
154,D2,covariate,TargetOnlyJKplus,20,0.1,0.5127947330474854,local-ridge,0.9518072289156626,19.454223270573927,23.887787918238526,83
154,D2,covariate,TargetOnlyJKplus-exactJK+,20,0.1,0.45834827423095703,local-ridge,0.9518072289156626,19.866598886734277,24.50180975765705,83
154,D2,covariate,StackedOnlyCP,20,0.1,0.00699925422668457,stacked,0.9759036144578314,24.73199790356664,26.97466369619217,83
154,D2,covariate,TargetOnlyCP,20,0.1,0.0019998550415039062,,0.9518072289156626,23.782627004875195,27.353937843321333,83
154,D2,covariate,AdaptiveSplitCP,20,0.1,0.0025048255920410156,stacked,0.963855421686747,18.99440725230601,24.13728823332389,83
154,D2,covariate,TransferCal-CP-affine-localsigma,20,0.1,0.0020036697387695312,,0.927710843373494,27.020736368892297,29.935517100086834,83
154,D4,strength_quartile,SplitCP-source,20,0.1,0.0010001659393310547,,0.049079754601226995,3.173697270400453,215.2468959756122,163
154,D4,strength_quartile,AdaptiveJackknifeCP,20,0.1,0.45294761657714844,stacked,0.9141104294478528,15.606747804438509,17.91292054642394,163
154,D4,strength_quartile,AdaptiveJackknifeCP-exactJK+,20,0.1,0.46624279022216797,stacked,0.8404907975460123,11.49142731439876,17.276618369829876,163
154,D4,strength_quartile,TargetOnlyJKplus,20,0.1,0.47392845153808594,local-ridge,0.7852760736196319,23.275174893367648,42.298098470764515,163
154,D4,strength_quartile,TargetOnlyJKplus-exactJK+,20,0.1,0.4757425785064697,local-ridge,0.8098159509202454,26.170083050141116,42.54495948092878,163
154,D4,strength_quartile,StackedOnlyCP,20,0.1,0.007006645202636719,stacked,0.9141104294478528,15.606747804438509,17.91292054642394,163
154,D4,strength_quartile,TargetOnlyCP,20,0.1,0.001998424530029297,,0.7484662576687117,24.613835479845427,48.667449845517254,163
154,D4,strength_quartile,AdaptiveSplitCP,20,0.1,0.0019996166229248047,stacked,0.9325153374233128,21.64220381086965,25.099984214773176,163
154,D4,strength_quartile,TransferCal-CP-affine-localsigma,20,0.1,0.0015058517456054688,,1.0,46.74091878430397,46.74091878430397,163
154,D4,random,SplitCP-source,20,0.1,0.0010001659393310547,,0.06134969325153374,3.173697270400453,212.54876209746678,163
154,D4,random,AdaptiveJackknifeCP,20,0.1,0.4704301357269287,stacked,0.9079754601226994,11.762286090335436,15.732788128697884,163
154,D4,random,AdaptiveJackknifeCP-exactJK+,20,0.1,0.46601414680480957,stacked,0.9079754601226994,12.251487241143693,16.106677234995388,163
154,D4,random,TargetOnlyJKplus,20,0.1,0.4343113899230957,local-ridge,0.9263803680981595,27.422828464157355,35.45080897457717,163
154,D4,random,TargetOnlyJKplus-exactJK+,20,0.1,0.4632241725921631,local-ridge,0.9141104294478528,27.694781665633446,37.29135125149716,163
154,D4,random,StackedOnlyCP,20,0.1,0.006841182708740234,stacked,0.9079754601226994,11.762286090335436,15.732788128697884,163
154,D4,random,TargetOnlyCP,20,0.1,0.0009999275207519531,,0.950920245398773,31.91669788809776,35.415617638576194,163
154,D4,random,AdaptiveSplitCP,20,0.1,0.0020003318786621094,stacked,0.9693251533742331,18.846891478512763,19.488467706054678,163
154,D4,random,TransferCal-CP-affine-localsigma,20,0.1,0.002000093460083008,,0.7975460122699386,25.800688753339173,41.231846620892284,163
154,D4,covariate,SplitCP-source,20,0.1,0.0009999275207519531,,0.06134969325153374,3.173697270400453,215.04919636654705,163
154,D4,covariate,AdaptiveJackknifeCP,20,0.1,0.4716007709503174,stacked,0.9631901840490797,15.028009931410736,16.06088605329435,163
154,D4,covariate,AdaptiveJackknifeCP-exactJK+,20,0.1,0.46892738342285156,stacked,0.9631901840490797,15.098688891350623,16.494659795104937,163
154,D4,covariate,TargetOnlyJKplus,20,0.1,0.46973395347595215,local-ridge,0.9877300613496932,40.98633499811321,41.1869995883121,163
154,D4,covariate,TargetOnlyJKplus-exactJK+,20,0.1,0.4754927158355713,local-ridge,0.9754601226993865,37.58765656176796,38.714632984052514,163
154,D4,covariate,StackedOnlyCP,20,0.1,0.0070836544036865234,stacked,0.9631901840490797,15.028009931410736,16.06088605329435,163
154,D4,covariate,TargetOnlyCP,20,0.1,0.002000570297241211,,0.9938650306748467,67.02039181298288,67.62117427181322,163
154,D4,covariate,AdaptiveSplitCP,20,0.1,0.002999544143676758,stacked,0.9938650306748467,26.24816906437616,26.309310254439215,163
154,D4,covariate,TransferCal-CP-affine-localsigma,20,0.1,0.002004384994506836,,1.0,52.17275584552306,52.17275584552306,163
155,D1,strength_quartile,SplitCP-source,20,0.1,0.00099945068359375,,0.058759521218716,2.1927227155135682,178.46129600634217,919
155,D1,strength_quartile,AdaptiveJackknifeCP,20,0.1,0.5247206687927246,stacked,0.779107725788901,31.717484934047498,57.67677736214246,919
155,D1,strength_quartile,AdaptiveJackknifeCP-exactJK+,20,0.1,0.4832923412322998,stacked,0.8650707290533188,38.40141241500692,55.29273307934706,919
155,D1,strength_quartile,TargetOnlyJKplus,20,0.1,0.502091646194458,local-ridge,0.9434167573449401,55.755121444554725,61.72445922527728,919
155,D1,strength_quartile,TargetOnlyJKplus-exactJK+,20,0.1,0.5029492378234863,local-ridge,0.9292709466811752,51.06323516459254,59.979344373315165,919
155,D1,strength_quartile,StackedOnlyCP,20,0.1,0.007836103439331055,stacked,0.8650707290533188,37.9311018801659,53.05402715948074,919
155,D1,strength_quartile,TargetOnlyCP,20,0.1,0.002002716064453125,,0.956474428726877,59.06643023928235,64.2161801226377,919
155,D1,strength_quartile,AdaptiveSplitCP,20,0.1,0.0019998550415039062,stacked,0.941240478781284,53.53733486423824,59.49109054823797,919
155,D1,strength_quartile,TransferCal-CP-affine-localsigma,20,0.1,0.002000570297241211,,0.984766050054407,53.28114813436791,54.96659912357175,919
155,D1,random,SplitCP-source,20,0.1,0.0,,0.055495103373231776,2.1927227155135682,178.94053059625662,919
155,D1,random,AdaptiveJackknifeCP,20,0.1,0.4972543716430664,stacked,0.9651795429815017,49.15274160849388,52.25495937404086,919
155,D1,random,AdaptiveJackknifeCP-exactJK+,20,0.1,0.49515652656555176,stacked,0.9510337323177367,45.884096648364924,50.39307576483695,919
155,D1,random,TargetOnlyJKplus,20,0.1,0.5012795925140381,local-ridge,0.984766050054407,74.46642894169436,75.83220831440465,919
155,D1,random,TargetOnlyJKplus-exactJK+,20,0.1,0.493056058883667,local-ridge,0.955386289445049,66.65884566085703,72.2931525036621,919
155,D1,random,StackedOnlyCP,20,0.1,0.006505012512207031,stacked,0.9651795429815017,49.15274160849388,52.25495937404086,919
155,D1,random,TargetOnlyCP,20,0.1,0.0010001659393310547,,0.9466811751904244,65.22166606320968,71.93469489639007,919
155,D1,random,AdaptiveSplitCP,20,0.1,0.0021772384643554688,stacked,0.9238302502720348,72.10827859597634,97.27451630966411,919
155,D1,random,TransferCal-CP-affine-localsigma,20,0.1,0.0024521350860595703,,0.8933623503808488,37.693988008871266,48.22761333532183,919
155,D1,covariate,SplitCP-source,20,0.1,0.0,,0.058759521218716,2.1927227155135682,178.9550837022109,919
155,D1,covariate,AdaptiveJackknifeCP,20,0.1,0.49318695068359375,stacked,0.9945593035908596,79.90476007947599,80.5480793908889,919
155,D1,covariate,AdaptiveJackknifeCP-exactJK+,20,0.1,0.4934418201446533,stacked,0.9760609357997824,63.73584600470544,67.00840074580363,919
155,D1,covariate,TargetOnlyJKplus,20,0.1,0.49983692169189453,local-ridge,0.8041349292709467,36.64056555985337,70.49097313623582,919
155,D1,covariate,TargetOnlyJKplus-exactJK+,20,0.1,0.49832940101623535,local-ridge,0.808487486398259,37.995929840178285,68.42009453235363,919
155,D1,covariate,StackedOnlyCP,20,0.1,0.008020401000976562,stacked,0.9945593035908596,79.90476007947599,80.5480793908889,919
155,D1,covariate,TargetOnlyCP,20,0.1,0.002009153366088867,,0.7606093579978237,34.483618191342956,79.80359199531422,919
155,D1,covariate,AdaptiveSplitCP,20,0.1,0.0030002593994140625,stacked,0.73449401523395,31.829502764809103,71.88023631253255,919
155,D1,covariate,TransferCal-CP-affine-localsigma,20,0.1,0.0019996166229248047,,0.780195865070729,28.7390582809395,57.66684049479918,919
155,D2,strength_quartile,SplitCP-source,20,0.1,0.0,,0.0,3.3011959640575492,340.16413522440865,83
155,D2,strength_quartile,AdaptiveJackknifeCP,20,0.1,0.46444034576416016,stacked,0.9397590361445783,20.849051458892962,23.764948737093412,83
155,D2,strength_quartile,AdaptiveJackknifeCP-exactJK+,20,0.1,0.5005788803100586,stacked,0.963855421686747,21.71151442429461,23.924746220834813,83
155,D2,strength_quartile,TargetOnlyJKplus,20,0.1,0.5003924369812012,local-ridge,0.9156626506024096,17.99022009442936,23.635503103511653,83
155,D2,strength_quartile,TargetOnlyJKplus-exactJK+,20,0.1,0.4877207279205322,local-ridge,0.927710843373494,18.470035122680542,23.91845418187023,83
155,D2,strength_quartile,StackedOnlyCP,20,0.1,0.007002592086791992,stacked,0.9397590361445783,20.849051458892962,23.764948737093412,83
155,D2,strength_quartile,TargetOnlyCP,20,0.1,0.0019998550415039062,,0.9036144578313253,16.608237133773454,23.18803972784749,83
155,D2,strength_quartile,AdaptiveSplitCP,20,0.1,0.0030002593994140625,stacked,0.963855421686747,31.672025153733262,37.358309491917296,83
155,D2,strength_quartile,TransferCal-CP-affine-localsigma,20,0.1,0.0019998550415039062,,0.963855421686747,32.296578294740705,33.89865578264061,83
155,D2,random,SplitCP-source,20,0.1,0.0,,0.012048192771084338,3.3011959640575492,336.4048341412716,83
155,D2,random,AdaptiveJackknifeCP,20,0.1,0.4913294315338135,stacked,0.8313253012048193,15.071342393503794,25.161690926792915,83
155,D2,random,AdaptiveJackknifeCP-exactJK+,20,0.1,0.508941650390625,stacked,0.8433734939759037,15.831386644193921,25.046897274574665,83
155,D2,random,TargetOnlyJKplus,20,0.1,0.49794960021972656,local-ridge,0.8313253012048193,15.728200158854795,25.615283905682315,83
155,D2,random,TargetOnlyJKplus-exactJK+,20,0.1,0.4931776523590088,local-ridge,0.8313253012048193,15.672833016766416,25.559377749101532,83
155,D2,random,StackedOnlyCP,20,0.1,0.006077766418457031,stacked,0.8313253012048193,15.071342393503794,25.161690926792915,83
155,D2,random,TargetOnlyCP,20,0.1,0.0015027523040771484,,0.8554216867469879,18.165009243260556,26.937587083997045,83
155,D2,random,AdaptiveSplitCP,20,0.1,0.0015063285827636719,stacked,0.8795180722891566,17.90651162834848,30.226849279073978,83
155,D2,random,TransferCal-CP-affine-localsigma,20,0.1,0.0024466514587402344,,0.927710843373494,31.996515854541606,37.49796974587791,83
155,D2,covariate,SplitCP-source,20,0.1,0.0010023117065429688,,0.012048192771084338,3.3011959640575492,331.1662745595523,83
155,D2,covariate,AdaptiveJackknifeCP,20,0.1,0.49407410621643066,stacked,0.9036144578313253,15.724775447049296,23.413406088112954,83
155,D2,covariate,AdaptiveJackknifeCP-exactJK+,20,0.1,0.497969388961792,stacked,0.8795180722891566,14.654517679999264,23.389444901740323,83
155,D2,covariate,TargetOnlyJKplus,20,0.1,0.49359989166259766,local-ridge,0.9397590361445783,19.011836847607253,23.889979341633886,83
155,D2,covariate,TargetOnlyJKplus-exactJK+,20,0.1,0.4972422122955322,local-ridge,0.9397590361445783,18.1384779819206,23.546291159413318,83
155,D2,covariate,StackedOnlyCP,20,0.1,0.007008075714111328,stacked,0.9036144578313253,15.724775447049296,23.413406088112954,83
155,D2,covariate,TargetOnlyCP,20,0.1,0.0020029544830322266,,0.9518072289156626,24.102280250035857,27.10681995078771,83
155,D2,covariate,AdaptiveSplitCP,20,0.1,0.0030002593994140625,stacked,0.963855421686747,21.438594032377228,24.65552174437065,83
155,D2,covariate,TransferCal-CP-affine-localsigma,20,0.1,0.0020003318786621094,,0.963855421686747,29.48871487338824,31.35018230843867,83
155,D4,strength_quartile,SplitCP-source,20,0.1,0.0009999275207519531,,0.05521472392638037,3.0348717065196094,168.73127798413577,163
155,D4,strength_quartile,AdaptiveJackknifeCP,20,0.1,0.46546244621276855,stacked,1.0,23.10992009287946,23.10992009287946,163
155,D4,strength_quartile,AdaptiveJackknifeCP-exactJK+,20,0.1,0.47519755363464355,stacked,0.9815950920245399,17.983651648354524,18.86966406337858,163
155,D4,strength_quartile,TargetOnlyJKplus,20,0.1,0.4495728015899658,local-ridge,0.9815950920245399,38.07424741365232,38.92817443777882,163
155,D4,strength_quartile,TargetOnlyJKplus-exactJK+,20,0.1,0.4910104274749756,local-ridge,0.9877300613496932,41.46103966621232,42.0062135895463,163
155,D4,strength_quartile,StackedOnlyCP,20,0.1,0.006000041961669922,stacked,1.0,23.10992009287946,23.10992009287946,163
155,D4,strength_quartile,TargetOnlyCP,20,0.1,0.0020024776458740234,,0.9938650306748467,57.749831917730745,57.78589235062017,163
155,D4,strength_quartile,AdaptiveSplitCP,20,0.1,0.002000093460083008,stacked,0.9570552147239264,30.051484816814924,31.05126895329699,163
155,D4,strength_quartile,TransferCal-CP-affine-localsigma,20,0.1,0.0020003318786621094,,0.8834355828220859,27.061181096253215,34.31015684352884,163
155,D4,random,SplitCP-source,20,0.1,0.001001119613647461,,0.06748466257668712,3.034871706519609,170.4690640031033,163
155,D4,random,AdaptiveJackknifeCP,20,0.1,0.45909571647644043,stacked,0.8466257668711656,12.542313787956246,20.01530335356306,163
155,D4,random,AdaptiveJackknifeCP-exactJK+,20,0.1,0.46320533752441406,stacked,0.9079754601226994,13.572135601175862,17.345422017875503,163
155,D4,random,TargetOnlyJKplus,20,0.1,0.48456549644470215,local-ridge,0.9202453987730062,32.11192495205444,40.1955317543848,163
155,D4,random,TargetOnlyJKplus-exactJK+,20,0.1,0.46515440940856934,local-ridge,0.8834355828220859,29.362158207619352,43.65999100336123,163
155,D4,random,StackedOnlyCP,20,0.1,0.005506992340087891,stacked,0.8466257668711656,12.542313787956246,20.01530335356306,163
155,D4,random,TargetOnlyCP,20,0.1,0.00099945068359375,,0.9815950920245399,53.96685783552253,55.783432522188534,163
155,D4,random,AdaptiveSplitCP,20,0.1,0.0021910667419433594,stacked,0.7730061349693251,13.39205028675032,32.50975582354479,163
155,D4,random,TransferCal-CP-affine-localsigma,20,0.1,0.0020008087158203125,,0.9141104294478528,32.419446574513586,40.34429235228954,163
155,D4,covariate,SplitCP-source,20,0.1,0.0010001659393310547,,0.05521472392638037,3.0348717065196094,175.8574263642534,163
155,D4,covariate,AdaptiveJackknifeCP,20,0.1,0.4869072437286377,stacked,0.9079754601226994,12.583073823286007,15.470272650178833,163
155,D4,covariate,AdaptiveJackknifeCP-exactJK+,20,0.1,0.45255208015441895,stacked,0.9079754601226994,13.288820796044734,16.138618291449653,163
155,D4,covariate,TargetOnlyJKplus,20,0.1,0.4664793014526367,local-ridge,0.9325153374233128,31.83571571321669,37.13516424888417,163
155,D4,covariate,TargetOnlyJKplus-exactJK+,20,0.1,0.4778633117675781,local-ridge,0.9263803680981595,32.34737698395153,37.553121924747934,163
155,D4,covariate,StackedOnlyCP,20,0.1,0.006506681442260742,stacked,0.9079754601226994,12.583073823286007,15.470272650178833,163
155,D4,covariate,TargetOnlyCP,20,0.1,0.0019996166229248047,,0.9877300613496932,56.71792634273134,57.09092966623884,163
155,D4,covariate,AdaptiveSplitCP,20,0.1,0.0019998550415039062,stacked,0.9877300613496932,25.191298767544207,25.75799013726302,163
155,D4,covariate,TransferCal-CP-affine-localsigma,20,0.1,0.003000497817993164,,0.9631901840490797,35.905791856020926,37.782041195464046,163
156,D1,strength_quartile,SplitCP-source,20,0.1,0.0009996891021728516,,0.06311207834602829,1.8634217506690334,182.0476112560508,919
156,D1,strength_quartile,AdaptiveJackknifeCP,20,0.1,0.4554629325866699,stacked,0.779107725788901,31.767413188376278,66.71627220833174,919
156,D1,strength_quartile,AdaptiveJackknifeCP-exactJK+,20,0.1,0.45324087142944336,stacked,0.8204570184983678,33.68162766878664,59.93279880943493,919
156,D1,strength_quartile,TargetOnlyJKplus,20,0.1,0.45842552185058594,local-ridge,0.8280739934711643,42.29653494613751,91.75102161379408,919
156,D1,strength_quartile,TargetOnlyJKplus-exactJK+,20,0.1,0.4569568634033203,local-ridge,0.8139281828073993,40.064846847525956,88.72265747389301,919
156,D1,strength_quartile,StackedOnlyCP,20,0.1,0.006000041961669922,stacked,0.7627856365614799,29.564721215431643,69.59829444780826,919
156,D1,strength_quartile,TargetOnlyCP,20,0.1,0.0009999275207519531,,0.7170837867247007,33.1575888177594,115.10762696784455,919
156,D1,strength_quartile,AdaptiveSplitCP,20,0.1,0.0020017623901367188,stacked,0.8193688792165397,42.746112905456116,67.7179349888002,919
156,D1,strength_quartile,TransferCal-CP-affine-localsigma,20,0.1,0.0025081634521484375,,0.8280739934711643,43.13908959373049,64.42399557931944,919
156,D1,random,SplitCP-source,20,0.1,0.0005025863647460938,,0.06528835690968444,1.8634217506690334,182.13096976481108,919
156,D1,random,AdaptiveJackknifeCP,20,0.1,0.4450991153717041,stacked,0.8911860718171926,37.98687628147393,49.33151133970069,919
156,D1,random,AdaptiveJackknifeCP-exactJK+,20,0.1,0.4360358715057373,stacked,0.8857453754080522,38.05242856002274,49.73975044392738,919
156,D1,random,TargetOnlyJKplus,20,0.1,0.46198201179504395,local-ridge,0.9314472252448314,51.78384800674225,62.13218558493077,919
156,D1,random,TargetOnlyJKplus-exactJK+,20,0.1,0.47035789489746094,local-ridge,0.8726877040261154,43.50552554925821,63.86875053429783,919
156,D1,random,StackedOnlyCP,20,0.1,0.0060007572174072266,stacked,0.8911860718171926,37.98687628147393,49.33151133970069,919
156,D1,random,TargetOnlyCP,20,0.1,0.00099945068359375,,0.8715995647442872,40.67276861011634,58.54230128541877,919
156,D1,random,AdaptiveSplitCP,20,0.1,0.002363920211791992,stacked,0.7845484221980413,31.774349771622617,54.179690835863816,919
156,D1,random,TransferCal-CP-affine-localsigma,20,0.1,0.0020046234130859375,,0.8411316648531012,35.593447442703685,50.30663573466923,919
156,D1,covariate,SplitCP-source,20,0.1,0.0,,0.06528835690968444,1.8634217506690334,180.7781854004151,919
156,D1,covariate,AdaptiveJackknifeCP,20,0.1,0.47043299674987793,stacked,1.0,85.6397524119303,85.6397524119303,919
156,D1,covariate,AdaptiveJackknifeCP-exactJK+,20,0.1,0.4745597839355469,stacked,0.9934711643090316,69.58031191893114,70.01304580049222,919
156,D1,covariate,TargetOnlyJKplus,20,0.1,0.47736120223999023,local-ridge,0.998911860718172,76.46352176090285,76.48887632078151,919
156,D1,covariate,TargetOnlyJKplus-exactJK+,20,0.1,0.48185276985168457,local-ridge,0.9542981501632208,63.160284163349324,64.82081493756304,919
156,D1,covariate,StackedOnlyCP,20,0.1,0.007083892822265625,stacked,1.0,85.6397524119303,85.6397524119303,919
156,D1,covariate,TargetOnlyCP,20,0.1,0.002000093460083008,,0.9499455930359086,62.43129550142349,65.1027916043523,919
156,D1,covariate,AdaptiveSplitCP,20,0.1,0.003000497817993164,stacked,0.9978237214363439,79.24674817454792,79.56940670522215,919
156,D1,covariate,TransferCal-CP-affine-localsigma,20,0.1,0.002000570297241211,,0.9499455930359086,46.86385948167901,50.36878262201238,919
156,D2,strength_quartile,SplitCP-source,20,0.1,0.0010001659393310547,,0.0,3.2453367518543814,338.07769862087616,83
156,D2,strength_quartile,AdaptiveJackknifeCP,20,0.1,0.4977896213531494,stacked,0.7710843373493976,11.850145339789973,27.816602926438986,83
156,D2,strength_quartile,AdaptiveJackknifeCP-exactJK+,20,0.1,0.49096035957336426,stacked,0.7349397590361446,11.637440976615006,29.580405443045855,83
156,D2,strength_quartile,TargetOnlyJKplus,20,0.1,0.49495697021484375,local-ridge,0.6987951807228916,10.042429259179523,30.177571206830827,83
156,D2,strength_quartile,TargetOnlyJKplus-exactJK+,20,0.1,0.4912707805633545,local-ridge,0.7469879518072289,10.912968349666686,28.935909539177928,83
156,D2,strength_quartile,StackedOnlyCP,20,0.1,0.006000518798828125,stacked,0.7710843373493976,11.850145339789973,27.816602926438986,83
156,D2,strength_quartile,TargetOnlyCP,20,0.1,0.0015039443969726562,,0.6987951807228916,11.341984978910913,30.408139897357188,83
156,D2,strength_quartile,AdaptiveSplitCP,20,0.1,0.0030090808868408203,stacked,0.7349397590361446,12.297560446686335,31.143947569694785,83
156,D2,strength_quartile,TransferCal-CP-affine-localsigma,20,0.1,0.002000570297241211,,0.9518072289156626,23.319593724712536,25.710325945010343,83
156,D2,random,SplitCP-source,20,0.1,0.0010013580322265625,,0.0,3.2453367518543814,347.83518277819354,83
156,D2,random,AdaptiveJackknifeCP,20,0.1,0.4923727512359619,stacked,0.927710843373494,19.127192763637648,24.44045359098158,83
156,D2,random,AdaptiveJackknifeCP-exactJK+,20,0.1,0.48963284492492676,stacked,0.9156626506024096,18.664176894687678,24.079981008917013,83
156,D2,random,TargetOnlyJKplus,20,0.1,0.4902353286743164,local-ridge,0.9036144578313253,17.264426647544312,23.749664558424712,83
156,D2,random,TargetOnlyJKplus-exactJK+,20,0.1,0.4983539581298828,local-ridge,0.891566265060241,16.680390145335465,23.50596215932291,83
156,D2,random,StackedOnlyCP,20,0.1,0.007117748260498047,stacked,0.927710843373494,19.127192763637648,24.44045359098158,83
156,D2,random,TargetOnlyCP,20,0.1,0.0009996891021728516,,0.8674698795180723,15.672438645220275,22.99072969586032,83
156,D2,random,AdaptiveSplitCP,20,0.1,0.0019996166229248047,stacked,0.8554216867469879,17.886190222735465,26.299716699351986,83
156,D2,random,TransferCal-CP-affine-localsigma,20,0.1,0.002001047134399414,,0.9518072289156626,24.956820090977008,27.59720830049712,83
156,D2,covariate,SplitCP-source,20,0.1,0.0010004043579101562,,0.0,3.2453367518543814,335.5787809978686,83
156,D2,covariate,AdaptiveJackknifeCP,20,0.1,0.47605133056640625,stacked,0.9879518072289156,33.83530242470057,33.928308550761116,83
156,D2,covariate,AdaptiveJackknifeCP-exactJK+,20,0.1,0.47440099716186523,stacked,0.9879518072289156,28.071729676836753,29.33017253284929,83
156,D2,covariate,TargetOnlyJKplus,20,0.1,0.4813714027404785,local-ridge,0.963855421686747,21.651237923083166,24.565882736350765,83
156,D2,covariate,TargetOnlyJKplus-exactJK+,20,0.1,0.4779350757598877,local-ridge,0.9759036144578314,26.048742229635952,27.820689272457667,83
156,D2,covariate,StackedOnlyCP,20,0.1,0.005998849868774414,stacked,0.9879518072289156,33.83530242470057,33.928308550761116,83
156,D2,covariate,TargetOnlyCP,20,0.1,0.002000093460083008,,0.9759036144578314,27.17410610058794,29.387941826474286,83
156,D2,covariate,AdaptiveSplitCP,20,0.1,0.0030050277709960938,stacked,0.9518072289156626,26.921282106439293,28.505037786105664,83
156,D2,covariate,TransferCal-CP-affine-localsigma,20,0.1,0.0019996166229248047,,0.963855421686747,32.81909963750777,34.2646818659059,83
156,D4,strength_quartile,SplitCP-source,20,0.1,0.0009999275207519531,,0.03680981595092025,3.341654948639914,228.47637882033732,163
156,D4,strength_quartile,AdaptiveJackknifeCP,20,0.1,0.4869353771209717,stacked,1.0,17.730857983679392,17.730857983679392,163
156,D4,strength_quartile,AdaptiveJackknifeCP-exactJK+,20,0.1,0.4612233638763428,stacked,0.9815950920245399,16.018002699520203,16.133134059619564,163
156,D4,strength_quartile,TargetOnlyJKplus,20,0.1,0.4589519500732422,local-ridge,0.8834355828220859,24.81737953026301,37.393838955496385,163
156,D4,strength_quartile,TargetOnlyJKplus-exactJK+,20,0.1,0.4742856025695801,local-ridge,0.8834355828220859,25.4476225712395,38.006869257959984,163
156,D4,strength_quartile,StackedOnlyCP,20,0.1,0.006000041961669922,stacked,1.0,17.730857983679392,17.730857983679392,163
156,D4,strength_quartile,TargetOnlyCP,20,0.1,0.0020029544830322266,,0.8834355828220859,31.07727217073277,44.41809615725981,163
156,D4,strength_quartile,AdaptiveSplitCP,20,0.1,0.003000020980834961,stacked,0.9877300613496932,19.645240466929415,19.720201407622557,163
156,D4,strength_quartile,TransferCal-CP-affine-localsigma,20,0.1,0.0020012855529785156,,0.8957055214723927,39.250403786954514,44.45916260853678,163
156,D4,random,SplitCP-source,20,0.1,0.0,,0.049079754601226995,3.341654948639914,225.41967776623727,163
156,D4,random,AdaptiveJackknifeCP,20,0.1,0.4427187442779541,stacked,0.9570552147239264,14.703056292529544,16.458150005866504,163
156,D4,random,AdaptiveJackknifeCP-exactJK+,20,0.1,0.45460963249206543,stacked,0.950920245398773,14.635782895389292,16.575035422835157,163
156,D4,random,TargetOnlyJKplus,20,0.1,0.4563276767730713,local-ridge,0.9693251533742331,35.28723447746632,36.70614730614768,163
156,D4,random,TargetOnlyJKplus-exactJK+,20,0.1,0.4347379207611084,local-ridge,0.9693251533742331,34.07045720441199,36.18087737850827,163
156,D4,random,StackedOnlyCP,20,0.1,0.005000114440917969,stacked,0.9570552147239264,14.703056292529544,16.458150005866504,163
156,D4,random,TargetOnlyCP,20,0.1,0.0019998550415039062,,1.0,47.77120108318412,47.77120108318412,163
156,D4,random,AdaptiveSplitCP,20,0.1,0.0020003318786621094,stacked,0.9815950920245399,22.975891857470696,23.793465360797867,163
156,D4,random,TransferCal-CP-affine-localsigma,20,0.1,0.0019996166229248047,,0.8650306748466258,58.06655048937452,68.22099710712139,163
156,D4,covariate,SplitCP-source,20,0.1,0.0009992122650146484,,0.049079754601226995,3.341654948639914,223.78109468871594,163
156,D4,covariate,AdaptiveJackknifeCP,20,0.1,0.40174221992492676,stacked,1.0,19.26736617249813,19.26736617249813,163
156,D4,covariate,AdaptiveJackknifeCP-exactJK+,20,0.1,0.4223012924194336,stacked,0.9877300613496932,17.072375691024924,17.239211739974948,163
156,D4,covariate,TargetOnlyJKplus,20,0.1,0.44078874588012695,local-ridge,0.9693251533742331,40.661267229683446,42.91243394170923,163
156,D4,covariate,TargetOnlyJKplus-exactJK+,20,0.1,0.4310719966888428,local-ridge,0.9570552147239264,37.10877367767206,41.91372648294328,163
156,D4,covariate,StackedOnlyCP,20,0.1,0.007009744644165039,stacked,1.0,19.26736617249813,19.26736617249813,163
156,D4,covariate,TargetOnlyCP,20,0.1,0.002000093460083008,,0.9754601226993865,50.81848555797257,52.8966889507307,163
156,D4,covariate,AdaptiveSplitCP,20,0.1,0.003000497817993164,stacked,0.9202453987730062,19.905427304227487,22.307223719109334,163
156,D4,covariate,TransferCal-CP-affine-localsigma,20,0.1,0.0030014514923095703,,0.9447852760736196,36.10106190182828,38.753322566435806,163
157,D1,strength_quartile,SplitCP-source,20,0.1,0.0,,0.051142546245919476,1.846156575575641,188.08999609401326,919
157,D1,strength_quartile,AdaptiveJackknifeCP,20,0.1,0.44252443313598633,stacked,0.9085963003264418,45.463339742123345,76.3989558683171,919
157,D1,strength_quartile,AdaptiveJackknifeCP-exactJK+,20,0.1,0.45291900634765625,stacked,0.8813928182807399,40.32216860101584,65.86270431752281,919
157,D1,strength_quartile,TargetOnlyJKplus,20,0.1,0.4433631896972656,local-ridge,0.8487486398258978,37.111602186863614,82.28735802554408,919
157,D1,strength_quartile,TargetOnlyJKplus-exactJK+,20,0.1,0.4505491256713867,local-ridge,0.8008705114254625,33.806715654600026,82.68456116532728,919
157,D1,strength_quartile,StackedOnlyCP,20,0.1,0.006505250930786133,stacked,0.9085963003264418,45.463339742123345,76.3989558683171,919
157,D1,strength_quartile,TargetOnlyCP,20,0.1,0.0009999275207519531,,0.8890097932535365,55.713261133728224,86.22510628127836,919
157,D1,strength_quartile,AdaptiveSplitCP,20,0.1,0.0019998550415039062,stacked,0.8335146898803046,42.76072665148218,135.19266714082443,919
157,D1,strength_quartile,TransferCal-CP-affine-localsigma,20,0.1,0.0020008087158203125,,0.9357997823721437,42.355902418441346,49.16195671495777,919
157,D1,random,SplitCP-source,20,0.1,0.0,,0.05005440696409141,1.8461565755756408,187.3749721485331,919
157,D1,random,AdaptiveJackknifeCP,20,0.1,0.410947322845459,stacked,0.9923830250272034,66.10199541108308,66.77792298449015,919
157,D1,random,AdaptiveJackknifeCP-exactJK+,20,0.1,0.4571864604949951,stacked,0.9727965179542981,55.91345321489208,58.51192801422449,919
157,D1,random,TargetOnlyJKplus,20,0.1,0.42928576469421387,local-ridge,0.969532100108814,62.57710984067881,65.93500257627579,919
157,D1,random,TargetOnlyJKplus-exactJK+,20,0.1,0.4186575412750244,local-ridge,0.9357997823721437,52.683360039435065,60.175244669775104,919
157,D1,random,StackedOnlyCP,20,0.1,0.006888151168823242,stacked,0.9891186071817193,62.392418371396126,63.42654403525987,919
157,D1,random,TargetOnlyCP,20,0.1,0.0013327598571777344,,0.9227421109902068,48.62412489252143,60.99498083573565,919
157,D1,random,AdaptiveSplitCP,20,0.1,0.0014197826385498047,stacked,0.9281828073993471,75.15265842732151,86.26466048913969,919
157,D1,random,TransferCal-CP-affine-localsigma,20,0.1,0.002184629440307617,,0.7127312295973884,26.523985907687685,54.318006846178065,919
157,D1,covariate,SplitCP-source,20,0.1,0.0009999275207519531,,0.05005440696409141,1.846156575575641,187.29535176372602,919
157,D1,covariate,AdaptiveJackknifeCP,20,0.1,0.452472448348999,stacked,0.8073993471164309,32.90633273556567,53.79040657688833,919
157,D1,covariate,AdaptiveJackknifeCP-exactJK+,20,0.1,0.41463589668273926,stacked,0.8770402611534276,37.96175036242737,50.960559587519384,919
157,D1,covariate,TargetOnlyJKplus,20,0.1,0.45145273208618164,local-ridge,0.8900979325353645,49.748315284734076,60.821828209732395,919
157,D1,covariate,TargetOnlyJKplus-exactJK+,20,0.1,0.44409704208374023,local-ridge,0.8835690968443961,46.943867965471384,59.699796582786476,919
157,D1,covariate,StackedOnlyCP,20,0.1,0.0060002803802490234,stacked,0.8073993471164309,32.90633273556567,53.79040657688833,919
157,D1,covariate,TargetOnlyCP,20,0.1,0.0019998550415039062,,0.7138193688792165,35.39927648113763,78.32173517717848,919
157,D1,covariate,AdaptiveSplitCP,20,0.1,0.0029997825622558594,stacked,0.970620239390642,62.70328489016344,64.47500795918113,919
157,D1,covariate,TransferCal-CP-affine-localsigma,20,0.1,0.0020055770874023438,,0.985854189336235,63.68211202531518,64.36145491972138,919
157,D2,strength_quartile,SplitCP-source,20,0.1,0.0010001659393310547,,0.0,3.704177488744847,339.6212914332461,83
157,D2,strength_quartile,AdaptiveJackknifeCP,20,0.1,0.40699148178100586,stacked,0.9156626506024096,18.188902045930007,25.336499423082742,83
157,D2,strength_quartile,AdaptiveJackknifeCP-exactJK+,20,0.1,0.440169095993042,stacked,0.9036144578313253,17.64500780222958,25.185789087308045,83
157,D2,strength_quartile,TargetOnlyJKplus,20,0.1,0.42929649353027344,local-ridge,0.9036144578313253,16.255867012652246,23.04074175767295,83
157,D2,strength_quartile,TargetOnlyJKplus-exactJK+,20,0.1,0.4461331367492676,local-ridge,0.9036144578313253,15.920293920869089,22.859843563166766,83
157,D2,strength_quartile,StackedOnlyCP,20,0.1,0.02193164825439453,stacked,0.9156626506024096,18.188902045930007,25.336499423082742,83
157,D2,strength_quartile,TargetOnlyCP,20,0.1,0.0020029544830322266,,0.9036144578313253,16.375720332691746,23.452853438914666,83
157,D2,strength_quartile,AdaptiveSplitCP,20,0.1,0.003000020980834961,stacked,0.9036144578313253,15.060856023716486,23.60595889334239,83
157,D2,strength_quartile,TransferCal-CP-affine-localsigma,20,0.1,0.0019998550415039062,,0.9759036144578314,25.393086884050827,27.37221485884151,83
157,D2,random,SplitCP-source,20,0.1,0.0010013580322265625,,0.0,3.704177488744847,346.2872912803983,83
157,D2,random,AdaptiveJackknifeCP,20,0.1,0.32396721839904785,stacked,0.8795180722891566,16.528470207973772,23.523086395725652,83
157,D2,random,AdaptiveJackknifeCP-exactJK+,20,0.1,0.30475568771362305,stacked,0.8674698795180723,16.228659685090136,23.442321049993932,83
157,D2,random,TargetOnlyJKplus,20,0.1,0.3057441711425781,local-ridge,0.9036144578313253,17.395977531129525,24.16334322376614,83
157,D2,random,TargetOnlyJKplus-exactJK+,20,0.1,0.29499340057373047,local-ridge,0.8795180722891566,17.07105266345039,24.72805007462857,83
157,D2,random,StackedOnlyCP,20,0.1,0.004999399185180664,stacked,0.8795180722891566,16.528470207973772,23.523086395725652,83
157,D2,random,TargetOnlyCP,20,0.1,0.0020029544830322266,,0.9518072289156626,21.838900777633715,25.37255254198204,83
157,D2,random,AdaptiveSplitCP,20,0.1,0.0019996166229248047,stacked,0.9759036144578314,24.58347626225412,26.34347613217389,83
157,D2,random,TransferCal-CP-affine-localsigma,20,0.1,0.0010001659393310547,,0.8674698795180723,24.691109554897622,34.10298230688346,83
157,D2,covariate,SplitCP-source,20,0.1,0.0010008811950683594,,0.0,3.704177488744847,347.0593791929609,83
157,D2,covariate,AdaptiveJackknifeCP,20,0.1,0.3086235523223877,stacked,0.7710843373493976,11.054457762247527,28.18265468892214,83
157,D2,covariate,AdaptiveJackknifeCP-exactJK+,20,0.1,0.31968092918395996,stacked,0.7469879518072289,10.187166617810005,30.360814338245298,83
157,D2,covariate,TargetOnlyJKplus,20,0.1,0.33847475051879883,local-ridge,0.9879518072289156,28.908452216023132,30.12569842120318,83
157,D2,covariate,TargetOnlyJKplus-exactJK+,20,0.1,0.4275970458984375,local-ridge,0.9518072289156626,20.572751586534462,24.461598538923546,83
157,D2,covariate,StackedOnlyCP,20,0.1,0.006002664566040039,stacked,0.7710843373493976,11.054457762247527,28.18265468892214,83
157,D2,covariate,TargetOnlyCP,20,0.1,0.0010006427764892578,,0.963855421686747,21.427051252578725,25.107023939522804,83
157,D2,covariate,AdaptiveSplitCP,20,0.1,0.0019996166229248047,stacked,0.9518072289156626,22.987008120114158,27.102638731517075,83
157,D2,covariate,TransferCal-CP-affine-localsigma,20,0.1,0.0020008087158203125,,0.7590361445783133,15.148078557482616,28.82772080005393,83
157,D4,strength_quartile,SplitCP-source,20,0.1,0.0010056495666503906,,0.06134969325153374,3.2780479790614754,213.12741673088811,163
157,D4,strength_quartile,AdaptiveJackknifeCP,20,0.1,0.4748876094818115,stacked,0.8773006134969326,11.463003727694414,15.323807871363702,163
157,D4,strength_quartile,AdaptiveJackknifeCP-exactJK+,20,0.1,0.38437533378601074,stacked,0.9263803680981595,15.003385829966222,16.427128306910525,163
157,D4,strength_quartile,TargetOnlyJKplus,20,0.1,0.3808929920196533,local-ridge,0.950920245398773,35.51774132358219,40.28068344900552,163
157,D4,strength_quartile,TargetOnlyJKplus-exactJK+,20,0.1,0.37920212745666504,local-ridge,0.9263803680981595,32.067825671881316,39.68614193590251,163
157,D4,strength_quartile,StackedOnlyCP,20,0.1,0.0029997825622558594,stacked,0.8773006134969326,11.463003727694414,15.323807871363702,163
157,D4,strength_quartile,TargetOnlyCP,20,0.1,0.0020020008087158203,,0.9631901840490797,45.53887738726514,50.650301196882744,163
157,D4,strength_quartile,AdaptiveSplitCP,20,0.1,0.001998424530029297,stacked,0.9693251533742331,27.52432912341759,29.23838038914813,163
157,D4,strength_quartile,TransferCal-CP-affine-localsigma,20,0.1,0.0010001659393310547,,0.9754601226993865,52.88040013645281,55.857948703478776,163
157,D4,random,SplitCP-source,20,0.1,0.0009996891021728516,,0.09202453987730061,3.2780479790614754,208.89232515063392,163
157,D4,random,AdaptiveJackknifeCP,20,0.1,0.38918423652648926,stacked,0.9754601226993865,15.932328596779527,16.521892838508382,163
157,D4,random,AdaptiveJackknifeCP-exactJK+,20,0.1,0.4002065658569336,stacked,0.9815950920245399,15.758581962704337,16.271515179484773,163
157,D4,random,TargetOnlyJKplus,20,0.1,0.39811182022094727,local-ridge,0.9570552147239264,34.655604340429825,37.037331659049684,163
157,D4,random,TargetOnlyJKplus-exactJK+,20,0.1,0.39382052421569824,local-ridge,0.9202453987730062,33.66397229399888,37.26646568943554,163
157,D4,random,StackedOnlyCP,20,0.1,0.003039121627807617,stacked,0.9754601226993865,15.932328596779527,16.521892838508382,163
157,D4,random,TargetOnlyCP,20,0.1,0.0009999275207519531,,0.9938650306748467,102.33029622643423,102.34263124214141,163
157,D4,random,AdaptiveSplitCP,20,0.1,0.0020117759704589844,stacked,0.9938650306748467,59.58445403436975,59.74932780733954,163
157,D4,random,TransferCal-CP-affine-localsigma,20,0.1,0.0010056495666503906,,1.0,90.59965806466742,90.59965806466742,163
157,D4,covariate,SplitCP-source,20,0.1,0.0,,0.08588957055214724,3.2780479790614754,207.20422442236006,163
157,D4,covariate,AdaptiveJackknifeCP,20,0.1,0.40720224380493164,stacked,0.901840490797546,14.42472089338337,17.76293456351288,163
157,D4,covariate,AdaptiveJackknifeCP-exactJK+,20,0.1,0.3980245590209961,stacked,0.901840490797546,13.516687030749493,17.974985300753488,163
157,D4,covariate,TargetOnlyJKplus,20,0.1,0.3969838619232178,local-ridge,0.9202453987730062,27.607705426366948,34.527782749296136,163
157,D4,covariate,TargetOnlyJKplus-exactJK+,20,0.1,0.4004483222961426,local-ridge,0.9325153374233128,28.283585920147306,35.361681377036554,163
157,D4,covariate,StackedOnlyCP,20,0.1,0.003000974655151367,stacked,0.901840490797546,14.42472089338337,17.76293456351288,163
157,D4,covariate,TargetOnlyCP,20,0.1,0.00099945068359375,,0.9141104294478528,37.571619058990564,49.02431721207095,163
157,D4,covariate,AdaptiveSplitCP,20,0.1,0.002000093460083008,stacked,0.9079754601226994,19.503907724952104,26.64624785652039,163
157,D4,covariate,TransferCal-CP-affine-localsigma,20,0.1,0.0019996166229248047,,0.9693251533742331,45.61806277373404,49.48247183475491,163
158,D1,strength_quartile,SplitCP-source,20,0.1,0.0,,0.058759521218716,2.0290684235336722,181.88297440690394,919
158,D1,strength_quartile,AdaptiveJackknifeCP,20,0.1,0.3862316608428955,stacked,0.9194776931447225,49.53147759328411,60.4444828761514,919
158,D1,strength_quartile,AdaptiveJackknifeCP-exactJK+,20,0.1,0.4220921993255615,stacked,0.8900979325353645,45.90006801881527,61.655111277116056,919
158,D1,strength_quartile,TargetOnlyJKplus,20,0.1,0.3943657875061035,local-ridge,0.8487486398258978,41.74659817828915,65.88032801787234,919
158,D1,strength_quartile,TargetOnlyJKplus-exactJK+,20,0.1,0.4103820323944092,local-ridge,0.8509249183895539,41.94984548266478,67.12454182249824,919
158,D1,strength_quartile,StackedOnlyCP,20,0.1,0.003999233245849609,stacked,0.9194776931447225,49.53147759328411,60.4444828761514,919
158,D1,strength_quartile,TargetOnlyCP,20,0.1,0.002000093460083008,,0.8879216539717084,44.069770415009664,58.60368308664687,919
158,D1,strength_quartile,AdaptiveSplitCP,20,0.1,0.0009999275207519531,stacked,0.8944504896626768,46.65561687954409,59.55554212469265,919
158,D1,strength_quartile,TransferCal-CP-affine-localsigma,20,0.1,0.002000093460083008,,0.9303590859630033,44.323874150781776,50.804051717723596,919
158,D1,random,SplitCP-source,20,0.1,0.0,,0.056583242655059846,2.0290684235336722,182.9477862544438,919
158,D1,random,AdaptiveJackknifeCP,20,0.1,0.4096553325653076,stacked,0.9912948857453754,57.340709763653905,58.148251144150954,919
158,D1,random,AdaptiveJackknifeCP-exactJK+,20,0.1,0.40758275985717773,stacked,0.984766050054407,47.66047744408818,49.34202714532376,919
158,D1,random,TargetOnlyJKplus,20,0.1,0.4534482955932617,local-ridge,0.9423286180631121,55.35518784154522,62.650008990379746,919
158,D1,random,TargetOnlyJKplus-exactJK+,20,0.1,0.47934603691101074,local-ridge,0.8792165397170838,42.535684083270226,62.03413070017666,919
158,D1,random,StackedOnlyCP,20,0.1,0.006077289581298828,stacked,0.9912948857453754,57.340709763653905,58.148251144150954,919
158,D1,random,TargetOnlyCP,20,0.1,0.0010001659393310547,,0.9586507072905331,374.4527943404613,482.51194979547535,919
158,D1,random,AdaptiveSplitCP,20,0.1,0.002000093460083008,stacked,0.9597388465723613,330.83118851879397,423.8357954670928,919
158,D1,random,TransferCal-CP-affine-localsigma,20,0.1,0.0019998550415039062,,0.8302502720348205,33.65801648966634,49.439780911911804,919
158,D1,covariate,SplitCP-source,20,0.1,0.0,,0.05767138193688792,2.0290684235336722,182.12203996666378,919
158,D1,covariate,AdaptiveJackknifeCP,20,0.1,0.4807713031768799,stacked,0.9162132752992383,45.71871811089516,60.76442774230542,919
158,D1,covariate,AdaptiveJackknifeCP-exactJK+,20,0.1,0.4760701656341553,stacked,0.9009793253536452,42.44818932015177,62.9851529401718,919
158,D1,covariate,TargetOnlyJKplus,20,0.1,0.4792788028717041,local-ridge,0.8193688792165397,36.90691115580228,85.00061631063161,919
158,D1,covariate,TargetOnlyJKplus-exactJK+,20,0.1,0.4772636890411377,local-ridge,0.7899891186071817,33.73187790948273,86.76307142794501,919
158,D1,covariate,StackedOnlyCP,20,0.1,0.0060007572174072266,stacked,0.9162132752992383,45.71871811089516,60.76442774230542,919
158,D1,covariate,TargetOnlyCP,20,0.1,0.0019998550415039062,,0.8150163220892275,34.762536906634296,86.67010315396118,919
158,D1,covariate,AdaptiveSplitCP,20,0.1,0.0029997825622558594,stacked,0.8618063112078346,38.909579375797755,80.31086766241997,919
158,D1,covariate,TransferCal-CP-affine-localsigma,20,0.1,0.0020029544830322266,,0.9368879216539717,43.477450146639235,48.5766339936633,919
158,D2,strength_quartile,SplitCP-source,20,0.1,0.0010008811950683594,,0.0,2.5628029163757162,328.44688778552546,83
158,D2,strength_quartile,AdaptiveJackknifeCP,20,0.1,0.49443674087524414,stacked,0.9759036144578314,23.726182553997244,25.26282643911607,83
158,D2,strength_quartile,AdaptiveJackknifeCP-exactJK+,20,0.1,0.5062522888183594,stacked,0.963855421686747,20.065870482494873,23.19680896964057,83
158,D2,strength_quartile,TargetOnlyJKplus,20,0.1,0.48797130584716797,local-ridge,0.9518072289156626,20.810816764019027,25.329250749486256,83
158,D2,strength_quartile,TargetOnlyJKplus-exactJK+,20,0.1,0.4853935241699219,local-ridge,0.963855421686747,20.334318720400034,24.599508581318446,83
158,D2,strength_quartile,StackedOnlyCP,20,0.1,0.0059909820556640625,stacked,0.9759036144578314,23.726182553997244,25.26282643911607,83
158,D2,strength_quartile,TargetOnlyCP,20,0.1,0.0010004043579101562,,0.9518072289156626,19.097981495256075,24.50628159252845,83
158,D2,strength_quartile,AdaptiveSplitCP,20,0.1,0.0030040740966796875,stacked,0.963855421686747,22.241776550677308,25.402565348525815,83
158,D2,strength_quartile,TransferCal-CP-affine-localsigma,20,0.1,0.0019996166229248047,,0.7831325301204819,15.994817858876386,25.91444667304607,83
158,D2,random,SplitCP-source,20,0.1,0.0,,0.0,2.5628029163757162,331.6132054445478,83
158,D2,random,AdaptiveJackknifeCP,20,0.1,0.5063931941986084,stacked,0.9397590361445783,17.249693857023708,20.461622397825085,83
158,D2,random,AdaptiveJackknifeCP-exactJK+,20,0.1,0.4803767204284668,stacked,0.9518072289156626,18.247732581830913,21.07515797337575,83
158,D2,random,TargetOnlyJKplus,20,0.1,0.5172874927520752,local-ridge,0.9518072289156626,20.88592980487838,25.436931864941236,83
158,D2,random,TargetOnlyJKplus-exactJK+,20,0.1,0.4770786762237549,local-ridge,0.9397590361445783,19.170709801074764,24.719392016870277,83
158,D2,random,StackedOnlyCP,20,0.1,0.006000041961669922,stacked,0.9397590361445783,17.249693857023708,20.461622397825085,83
158,D2,random,TargetOnlyCP,20,0.1,0.002003908157348633,,0.9759036144578314,29.57178927465292,31.05641841286028,83
158,D2,random,AdaptiveSplitCP,20,0.1,0.0019996166229248047,stacked,0.8554216867469879,18.340216751697653,25.78494952185868,83
158,D2,random,TransferCal-CP-affine-localsigma,20,0.1,0.0010001659393310547,,0.963855421686747,37.39070285009371,38.03254532380466,83
158,D2,covariate,SplitCP-source,20,0.1,0.00099945068359375,,0.0,2.5628029163757162,331.37313264520157,83
158,D2,covariate,AdaptiveJackknifeCP,20,0.1,0.47803378105163574,stacked,0.8554216867469879,18.29735499317327,25.194887829719463,83
158,D2,covariate,AdaptiveJackknifeCP-exactJK+,20,0.1,0.4759795665740967,stacked,0.8313253012048193,16.357775175159823,28.218925828302396,83
158,D2,covariate,TargetOnlyJKplus,20,0.1,0.47629475593566895,local-ridge,0.9397590361445783,19.43835438292487,24.637065210313654,83
158,D2,covariate,TargetOnlyJKplus-exactJK+,20,0.1,0.47918081283569336,local-ridge,0.9036144578313253,16.602395681573714,23.803546368192723,83
158,D2,covariate,StackedOnlyCP,20,0.1,0.007004737854003906,stacked,0.8554216867469879,18.29735499317327,25.194887829719463,83
158,D2,covariate,TargetOnlyCP,20,0.1,0.002000093460083008,,0.8554216867469879,20.547584436358846,27.91509948988812,83
158,D2,covariate,AdaptiveSplitCP,20,0.1,0.002000093460083008,stacked,0.8313253012048193,18.94817888562768,32.53856147579566,83
158,D2,covariate,TransferCal-CP-affine-localsigma,20,0.1,0.002999544143676758,,0.8433734939759037,22.920015010116487,33.50895125178132,83
158,D4,strength_quartile,SplitCP-source,20,0.1,0.0010001659393310547,,0.05521472392638037,3.0617044887561917,211.0708291835608,163
158,D4,strength_quartile,AdaptiveJackknifeCP,20,0.1,0.48281240463256836,stacked,0.8282208588957055,9.444147687388309,20.53200463832711,163
158,D4,strength_quartile,AdaptiveJackknifeCP-exactJK+,20,0.1,0.46624183654785156,stacked,0.8159509202453987,8.957001811941598,19.552163568178518,163
158,D4,strength_quartile,TargetOnlyJKplus,20,0.1,0.4690878391265869,local-ridge,0.8650306748466258,27.007120778098678,44.37986871033851,163
158,D4,strength_quartile,TargetOnlyJKplus-exactJK+,20,0.1,0.47618675231933594,local-ridge,0.8343558282208589,26.442814845511727,49.391806660039464,163
158,D4,strength_quartile,StackedOnlyCP,20,0.1,0.006003141403198242,stacked,0.8282208588957055,9.444147687388309,20.53200463832711,163
158,D4,strength_quartile,TargetOnlyCP,20,0.1,0.002000093460083008,,0.8711656441717791,31.899010353430942,49.746457797557184,163
158,D4,strength_quartile,AdaptiveSplitCP,20,0.1,0.0019996166229248047,stacked,0.8098159509202454,14.45274916363289,23.663451621809617,163
158,D4,strength_quartile,TransferCal-CP-affine-localsigma,20,0.1,0.0019996166229248047,,0.7730061349693251,22.999270420229355,41.7221390736522,163
158,D4,random,SplitCP-source,20,0.1,0.0009999275207519531,,0.049079754601226995,3.0617044887561917,206.4910631720306,163
158,D4,random,AdaptiveJackknifeCP,20,0.1,0.4608042240142822,stacked,0.9570552147239264,13.449146251356025,14.462991142953813,163
158,D4,random,AdaptiveJackknifeCP-exactJK+,20,0.1,0.46106934547424316,stacked,0.9570552147239264,13.12764822945584,14.455748273382607,163
158,D4,random,TargetOnlyJKplus,20,0.1,0.4673340320587158,local-ridge,0.9877300613496932,36.96164986229774,37.62384997474788,163
158,D4,random,TargetOnlyJKplus-exactJK+,20,0.1,0.46291470527648926,local-ridge,0.9877300613496932,40.168642402997946,40.79936338809444,163
158,D4,random,StackedOnlyCP,20,0.1,0.0060024261474609375,stacked,0.9570552147239264,13.449146251356025,14.462991142953813,163
158,D4,random,TargetOnlyCP,20,0.1,0.0009999275207519531,,0.9938650306748467,43.213166630772534,43.280573949868064,163
158,D4,random,AdaptiveSplitCP,20,0.1,0.0020003318786621094,stacked,0.9570552147239264,22.42727765885791,23.135040013054503,163
158,D4,random,TransferCal-CP-affine-localsigma,20,0.1,0.002000093460083008,,0.8834355828220859,27.976309318105713,35.696772761419446,163
158,D4,covariate,SplitCP-source,20,0.1,0.0010001659393310547,,0.049079754601226995,3.0617044887561917,205.09983464459796,163
158,D4,covariate,AdaptiveJackknifeCP,20,0.1,0.4900498390197754,stacked,0.803680981595092,9.117448498023673,15.273019812421369,163
158,D4,covariate,AdaptiveJackknifeCP-exactJK+,20,0.1,0.4283297061920166,stacked,0.8282208588957055,9.247905704674897,14.847901201303753,163
158,D4,covariate,TargetOnlyJKplus,20,0.1,0.4606616497039795,local-ridge,0.9263803680981595,32.47432769002822,38.815435830909415,163
158,D4,covariate,TargetOnlyJKplus-exactJK+,20,0.1,0.4698202610015869,local-ridge,0.8957055214723927,31.51577769038037,41.057893311565714,163
158,D4,covariate,StackedOnlyCP,20,0.1,0.006005525588989258,stacked,0.803680981595092,9.117448498023673,15.273019812421369,163
158,D4,covariate,TargetOnlyCP,20,0.1,0.0019996166229248047,,0.852760736196319,24.180858699776678,43.47439372313401,163
158,D4,covariate,AdaptiveSplitCP,20,0.1,0.003000020980834961,stacked,0.803680981595092,9.290887810747263,16.1232035964126,163
158,D4,covariate,TransferCal-CP-affine-localsigma,20,0.1,0.0019998550415039062,,0.8343558282208589,30.805201395296066,46.13667003789108,163
159,D1,strength_quartile,SplitCP-source,20,0.1,0.0,,0.10663764961915125,3.822748846994571,168.174873495704,919
159,D1,strength_quartile,AdaptiveJackknifeCP,20,0.1,0.45586252212524414,stacked,0.823721436343852,37.94374910692669,61.50090168608432,919
159,D1,strength_quartile,AdaptiveJackknifeCP-exactJK+,20,0.1,0.4805433750152588,stacked,0.8171926006528836,36.752125328965526,60.486855052975734,919
159,D1,strength_quartile,TargetOnlyJKplus,20,0.1,0.4818603992462158,local-ridge,0.955386289445049,61.55011192405625,66.06220971891074,919
159,D1,strength_quartile,TargetOnlyJKplus-exactJK+,20,0.1,0.4893350601196289,local-ridge,0.9205658324265505,51.59527350670652,62.98944995945439,919
159,D1,strength_quartile,StackedOnlyCP,20,0.1,0.0069997310638427734,stacked,0.823721436343852,37.94374910692669,61.50090168608432,919
159,D1,strength_quartile,TargetOnlyCP,20,0.1,0.0009987354278564453,,0.8607181719260065,42.19155014424053,64.84677810056398,919
159,D1,strength_quartile,AdaptiveSplitCP,20,0.1,0.002507925033569336,stacked,0.7519042437431991,31.712180868172993,70.04179414871051,919
159,D1,strength_quartile,TransferCal-CP-affine-localsigma,20,0.1,0.0020554065704345703,,0.941240478781284,43.489310023025595,49.35369935945635,919
159,D1,random,SplitCP-source,20,0.1,0.0,,0.11099020674646355,3.822748846994571,167.1178489023514,919
159,D1,random,AdaptiveJackknifeCP,20,0.1,0.4755721092224121,stacked,0.9532100108813928,52.605220675989,59.236683806239284,919
159,D1,random,AdaptiveJackknifeCP-exactJK+,20,0.1,0.4787275791168213,stacked,0.9379760609357998,48.06611698683154,54.665678685314376,919
159,D1,random,TargetOnlyJKplus,20,0.1,0.48639965057373047,local-ridge,0.9336235038084875,67.32290513865597,110.00753972344334,919
159,D1,random,TargetOnlyJKplus-exactJK+,20,0.1,0.49890923500061035,local-ridge,0.8922742110990207,52.71410579587338,115.49809964738499,919
159,D1,random,StackedOnlyCP,20,0.1,0.0060002803802490234,stacked,0.9532100108813928,52.605220675989,59.236683806239284,919
159,D1,random,TargetOnlyCP,20,0.1,0.0009999275207519531,,0.8803046789989118,43.745649520100635,106.04069511259834,919
159,D1,random,AdaptiveSplitCP,20,0.1,0.002502918243408203,stacked,0.7878128400435256,71.21429177521757,213.89089130966502,919
159,D1,random,TransferCal-CP-affine-localsigma,20,0.1,0.0015070438385009766,,0.9009793253536452,38.196919749604035,47.34562956925555,919
159,D1,covariate,SplitCP-source,20,0.1,0.0009999275207519531,,0.1088139281828074,3.822748846994571,167.65792796474003,919
159,D1,covariate,AdaptiveJackknifeCP,20,0.1,0.4735679626464844,stacked,0.9129488574537541,52.404169676325424,65.84895331600974,919
159,D1,covariate,AdaptiveJackknifeCP-exactJK+,20,0.1,0.4600698947906494,stacked,0.8596300326441785,47.06826948970166,69.37642865305573,919
159,D1,covariate,TargetOnlyJKplus,20,0.1,0.4348616600036621,local-ridge,0.9314472252448314,51.225533124342725,61.511256423162806,919
159,D1,covariate,TargetOnlyJKplus-exactJK+,20,0.1,0.4350152015686035,local-ridge,0.8900979325353645,45.59109780577182,59.937881026178715,919
159,D1,covariate,StackedOnlyCP,20,0.1,0.0060002803802490234,stacked,0.9129488574537541,52.404169676325424,65.84895331600974,919
159,D1,covariate,TargetOnlyCP,20,0.1,0.0023796558380126953,,0.8335146898803046,48.149134899584524,65.36898942337557,919
159,D1,covariate,AdaptiveSplitCP,20,0.1,0.0020008087158203125,affine-transfer,0.779107725788901,39.013737816716514,64.2992507636234,919
159,D1,covariate,TransferCal-CP-affine-localsigma,20,0.1,0.002508878707885742,,0.779107725788901,39.013737816716514,64.2992507636234,919
159,D2,strength_quartile,SplitCP-source,20,0.1,0.0010008811950683594,,0.012048192771084338,3.1680587249628616,331.68198379012983,83
159,D2,strength_quartile,AdaptiveJackknifeCP,20,0.1,0.4622681140899658,stacked,1.0,40.94425960196739,40.94425960196739,83
159,D2,strength_quartile,AdaptiveJackknifeCP-exactJK+,20,0.1,0.4428243637084961,stacked,0.9879518072289156,36.860076500248304,37.37909940660118,83
159,D2,strength_quartile,TargetOnlyJKplus,20,0.1,0.4645404815673828,local-ridge,0.9759036144578314,23.703813246429274,24.451273273051058,83
159,D2,strength_quartile,TargetOnlyJKplus-exactJK+,20,0.1,0.4073634147644043,local-ridge,0.9879518072289156,25.21815101452818,25.284136768908926,83
159,D2,strength_quartile,StackedOnlyCP,20,0.1,0.006011009216308594,stacked,1.0,40.94425960196739,40.94425960196739,83
159,D2,strength_quartile,TargetOnlyCP,20,0.1,0.0010027885437011719,,0.7349397590361446,10.64170451994461,23.5881403402104,83
159,D2,strength_quartile,AdaptiveSplitCP,20,0.1,0.0030558109283447266,stacked,0.7951807228915663,17.058748600860152,25.34008360748006,83
159,D2,strength_quartile,TransferCal-CP-affine-localsigma,20,0.1,0.002001047134399414,,0.8674698795180723,18.32855902014464,26.285127731235118,83
159,D2,random,SplitCP-source,20,0.1,0.0010001659393310547,,0.012048192771084338,3.1680587249628616,335.0202802571685,83
159,D2,random,AdaptiveJackknifeCP,20,0.1,0.4310634136199951,stacked,0.7831325301204819,14.532345229937969,27.442404651755805,83
159,D2,random,AdaptiveJackknifeCP-exactJK+,20,0.1,0.43045592308044434,stacked,0.7831325301204819,13.826843713581294,27.88104619236269,83
159,D2,random,TargetOnlyJKplus,20,0.1,0.43800973892211914,local-ridge,0.927710843373494,19.276343844443037,24.546776443882635,83
159,D2,random,TargetOnlyJKplus-exactJK+,20,0.1,0.43543386459350586,local-ridge,0.891566265060241,18.50977730940698,25.03494442705965,83
159,D2,random,StackedOnlyCP,20,0.1,0.006002664566040039,stacked,0.7831325301204819,14.532345229937969,27.442404651755805,83
159,D2,random,TargetOnlyCP,20,0.1,0.0020017623901367188,,0.8433734939759037,16.217780820333555,25.38300046241689,83
159,D2,random,AdaptiveSplitCP,20,0.1,0.001508474349975586,stacked,0.7951807228915663,15.43782784503641,26.682533102326637,83
159,D2,random,TransferCal-CP-affine-localsigma,20,0.1,0.002000570297241211,,0.7228915662650602,18.675520211495645,43.337941938354426,83
159,D2,covariate,SplitCP-source,20,0.1,0.0005035400390625,,0.012048192771084338,3.1680587249628616,334.9959333824096,83
159,D2,covariate,AdaptiveJackknifeCP,20,0.1,0.43677210807800293,stacked,0.9397590361445783,17.933662197905424,24.05120539587254,83
159,D2,covariate,AdaptiveJackknifeCP-exactJK+,20,0.1,0.43557262420654297,stacked,0.9397590361445783,17.815820176055144,24.469535420403606,83
159,D2,covariate,TargetOnlyJKplus,20,0.1,0.4345088005065918,local-ridge,0.963855421686747,26.702545896842313,29.185332353151697,83
159,D2,covariate,TargetOnlyJKplus-exactJK+,20,0.1,0.43521714210510254,local-ridge,0.963855421686747,21.44835414050854,25.895504089627718,83
159,D2,covariate,StackedOnlyCP,20,0.1,0.006568431854248047,stacked,0.9397590361445783,17.933662197905424,24.05120539587254,83
159,D2,covariate,TargetOnlyCP,20,0.1,0.0020034313201904297,,0.9397590361445783,19.516192832414017,24.302545057136225,83
159,D2,covariate,AdaptiveSplitCP,20,0.1,0.002999544143676758,stacked,0.9518072289156626,23.673298549074214,30.31168598010378,83
159,D2,covariate,TransferCal-CP-affine-localsigma,20,0.1,0.002000093460083008,,0.963855421686747,30.2339894710995,31.67420296936199,83
159,D4,strength_quartile,SplitCP-source,20,0.1,0.0010044574737548828,,0.049079754601226995,3.4898033733121845,211.5713529865545,163
159,D4,strength_quartile,AdaptiveJackknifeCP,20,0.1,0.4713263511657715,stacked,0.9815950920245399,17.876623647834048,18.619361372190586,163
159,D4,strength_quartile,AdaptiveJackknifeCP-exactJK+,20,0.1,0.442427396774292,stacked,0.9693251533742331,16.36673367947509,17.77882651505929,163
159,D4,strength_quartile,TargetOnlyJKplus,20,0.1,0.47365260124206543,local-ridge,0.9263803680981595,30.07149947984376,37.24143379255203,163
159,D4,strength_quartile,TargetOnlyJKplus-exactJK+,20,0.1,0.4411313533782959,local-ridge,0.9386503067484663,28.716065966356545,36.25799400334472,163
159,D4,strength_quartile,StackedOnlyCP,20,0.1,0.0050029754638671875,stacked,0.9815950920245399,17.876623647834048,18.619361372190586,163
159,D4,strength_quartile,TargetOnlyCP,20,0.1,0.002000093460083008,,0.9386503067484663,41.66258249305568,48.77180758773028,163
159,D4,strength_quartile,AdaptiveSplitCP,20,0.1,0.0019998550415039062,stacked,0.9754601226993865,24.146927824714624,24.973595436852428,163
159,D4,strength_quartile,TransferCal-CP-affine-localsigma,20,0.1,0.0015027523040771484,,0.8404907975460123,28.90838575408625,45.78264715074565,163
159,D4,random,SplitCP-source,20,0.1,0.0010018348693847656,,0.04294478527607362,3.4898033733121845,218.83760717945327,163
159,D4,random,AdaptiveJackknifeCP,20,0.1,0.4524037837982178,stacked,0.9631901840490797,17.947828588301935,18.291214946020766,163
159,D4,random,AdaptiveJackknifeCP-exactJK+,20,0.1,0.4730653762817383,stacked,0.9815950920245399,17.847791362640606,18.262504570764907,163
159,D4,random,TargetOnlyJKplus,20,0.1,0.45659732818603516,local-ridge,0.9938650306748467,39.11067725046202,39.323169544926984,163
159,D4,random,TargetOnlyJKplus-exactJK+,20,0.1,0.4729306697845459,local-ridge,0.9815950920245399,32.78140904486477,33.71441509866296,163
159,D4,random,StackedOnlyCP,20,0.1,0.006505250930786133,stacked,0.9631901840490797,17.947828588301935,18.291214946020766,163
159,D4,random,TargetOnlyCP,20,0.1,0.0005021095275878906,,0.901840490797546,25.443885092141187,31.492884148021435,163
159,D4,random,AdaptiveSplitCP,20,0.1,0.002003192901611328,stacked,0.9877300613496932,25.73747857082583,25.929878615459273,163
159,D4,random,TransferCal-CP-affine-localsigma,20,0.1,0.0020003318786621094,,0.9877300613496932,53.31987892441192,53.98682449785201,163
159,D4,covariate,SplitCP-source,20,0.1,0.0010001659393310547,,0.04294478527607362,3.4898033733121845,212.71257639252903,163
159,D4,covariate,AdaptiveJackknifeCP,20,0.1,0.4726221561431885,stacked,0.9693251533742331,15.374706330472803,16.013508625264542,163
159,D4,covariate,AdaptiveJackknifeCP-exactJK+,20,0.1,0.33811306953430176,stacked,0.901840490797546,13.374437830331185,16.714414073888115,163
159,D4,covariate,TargetOnlyJKplus,20,0.1,0.34931492805480957,local-ridge,0.9631901840490797,33.66034025153857,38.13421058434689,163
159,D4,covariate,TargetOnlyJKplus-exactJK+,20,0.1,0.3375587463378906,local-ridge,0.9079754601226994,29.92922538505188,38.37963152437431,163
159,D4,covariate,StackedOnlyCP,20,0.1,0.006002187728881836,stacked,0.9693251533742331,15.374706330472803,16.013508625264542,163
159,D4,covariate,TargetOnlyCP,20,0.1,0.0009999275207519531,,0.950920245398773,39.226825276895575,44.16081669906379,163
159,D4,covariate,AdaptiveSplitCP,20,0.1,0.003000020980834961,stacked,0.9141104294478528,13.334268559069374,16.298594504760494,163
159,D4,covariate,TransferCal-CP-affine-localsigma,20,0.1,0.0020008087158203125,,0.9386503067484663,39.878764558848616,48.80931956533324,163
160,D1,strength_quartile,SplitCP-source,20,0.1,0.0,,0.08269858541893363,2.7858384057995385,174.42036311625262,919
160,D1,strength_quartile,AdaptiveJackknifeCP,20,0.1,0.4498414993286133,stacked,0.911860718171926,46.91885826644844,63.117609613197565,919
160,D1,strength_quartile,AdaptiveJackknifeCP-exactJK+,20,0.1,0.4322986602783203,stacked,0.8813928182807399,42.699980917809214,59.49301602480637,919
160,D1,strength_quartile,TargetOnlyJKplus,20,0.1,0.43718647956848145,local-ridge,0.8552774755168662,44.10039920840052,126.39986636628372,919
160,D1,strength_quartile,TargetOnlyJKplus-exactJK+,20,0.1,0.4336733818054199,local-ridge,0.8781284004352558,47.76039805012553,135.52833367684974,919
160,D1,strength_quartile,StackedOnlyCP,20,0.1,0.0060045719146728516,stacked,0.911860718171926,46.91885826644844,63.117609613197565,919
160,D1,strength_quartile,TargetOnlyCP,20,0.1,0.0019989013671875,,0.6822633297062024,29.785265461750615,133.83735631138305,919
160,D1,strength_quartile,AdaptiveSplitCP,20,0.1,0.0019998550415039062,stacked,0.8824809575625681,43.77890481730837,65.30817150426213,919
160,D1,strength_quartile,TransferCal-CP-affine-localsigma,20,0.1,0.0020012855529785156,,0.9173014145810664,45.362391595317284,53.52155100537568,919
160,D1,random,SplitCP-source,20,0.1,0.0,,0.08596300326441784,2.7858384057995385,173.2167809350744,919
160,D1,random,AdaptiveJackknifeCP,20,0.1,0.43268489837646484,stacked,0.985854189336235,72.5462015551849,73.37953541049141,919
160,D1,random,AdaptiveJackknifeCP-exactJK+,20,0.1,0.42726588249206543,stacked,0.9738846572361263,57.40805495961257,59.45981194763022,919
160,D1,random,TargetOnlyJKplus,20,0.1,0.4321446418762207,local-ridge,0.9325353645266594,52.51939173716104,62.02673554559093,919
160,D1,random,TargetOnlyJKplus-exactJK+,20,0.1,0.4271399974822998,local-ridge,0.940152339499456,52.912005164130356,61.16351100658082,919
160,D1,random,StackedOnlyCP,20,0.1,0.005675077438354492,stacked,0.985854189336235,72.5462015551849,73.37953541049141,919
160,D1,random,TargetOnlyCP,20,0.1,0.0010602474212646484,,0.9912948857453754,86.84208475519871,87.2369021579446,919
160,D1,random,AdaptiveSplitCP,20,0.1,0.0022706985473632812,stacked,0.9912948857453754,77.19878114238415,78.46271057939163,919
160,D1,random,TransferCal-CP-affine-localsigma,20,0.1,0.0011000633239746094,,0.9085963003264418,42.39954074168716,51.97143722270564,919
160,D1,covariate,SplitCP-source,20,0.1,0.0009996891021728516,,0.08487486398258977,2.7858384057995385,173.6245972134175,919
160,D1,covariate,AdaptiveJackknifeCP,20,0.1,0.43056321144104004,stacked,0.7856365614798694,35.44169410872813,72.47266291098107,919
160,D1,covariate,AdaptiveJackknifeCP-exactJK+,20,0.1,0.43409132957458496,stacked,0.766050054406964,35.13644322069472,75.35661193100923,919
160,D1,covariate,TargetOnlyJKplus,20,0.1,0.4361765384674072,local-ridge,0.9586507072905331,62.03509595849288,67.0423502998666,919
160,D1,covariate,TargetOnlyJKplus-exactJK+,20,0.1,0.46265244483947754,local-ridge,0.9542981501632208,61.40071164903201,68.47114750470307,919
160,D1,covariate,StackedOnlyCP,20,0.1,0.0055389404296875,stacked,0.7856365614798694,35.44169410872813,72.47266291098107,919
160,D1,covariate,TargetOnlyCP,20,0.1,0.0019998550415039062,,0.970620239390642,75.38695904226724,78.56302026518767,919
160,D1,covariate,AdaptiveSplitCP,20,0.1,0.003000020980834961,stacked,0.7138193688792165,30.519368544026975,82.13768159188535,919
160,D1,covariate,TransferCal-CP-affine-localsigma,20,0.1,0.0020003318786621094,,0.956474428726877,53.31597469178827,57.335332848662794,919
160,D2,strength_quartile,SplitCP-source,20,0.1,0.0010013580322265625,,0.0,3.661950109055624,337.101038124784,83
160,D2,strength_quartile,AdaptiveJackknifeCP,20,0.1,0.3524327278137207,stacked,1.0,45.66222677788158,45.66222677788158,83
160,D2,strength_quartile,AdaptiveJackknifeCP-exactJK+,20,0.1,0.41916561126708984,stacked,1.0,30.88171397195342,30.88171397195342,83
160,D2,strength_quartile,TargetOnlyJKplus,20,0.1,0.47031712532043457,local-ridge,0.9879518072289156,27.10904843486737,27.125819711570454,83
160,D2,strength_quartile,TargetOnlyJKplus-exactJK+,20,0.1,0.46838879585266113,local-ridge,0.9879518072289156,28.90772547198862,28.924368833766554,83
160,D2,strength_quartile,StackedOnlyCP,20,0.1,0.006510257720947266,stacked,1.0,30.90676903519731,30.90676903519731,83
160,D2,strength_quartile,TargetOnlyCP,20,0.1,0.0010004043579101562,,1.0,37.79775309794285,37.79775309794285,83
160,D2,strength_quartile,AdaptiveSplitCP,20,0.1,0.0019998550415039062,stacked,1.0,37.4924684502272,37.4924684502272,83
160,D2,strength_quartile,TransferCal-CP-affine-localsigma,20,0.1,0.0019998550415039062,,0.9397590361445783,46.15907339443795,47.83052157067504,83
160,D2,random,SplitCP-source,20,0.1,0.0009996891021728516,,0.0,3.661950109055624,336.54872995478706,83
160,D2,random,AdaptiveJackknifeCP,20,0.1,0.4740457534790039,local-ridge,0.9518072289156626,19.23544186341344,21.629831384597676,83
160,D2,random,AdaptiveJackknifeCP-exactJK+,20,0.1,0.48287367820739746,local-ridge,0.9518072289156626,21.084080116085673,22.495820892730446,83
160,D2,random,TargetOnlyJKplus,20,0.1,0.46349358558654785,local-ridge,0.9518072289156626,19.23544186341344,21.629831384597676,83
160,D2,random,TargetOnlyJKplus-exactJK+,20,0.1,0.4554443359375,local-ridge,0.9518072289156626,18.47433248915364,21.18874116852156,83
160,D2,random,StackedOnlyCP,20,0.1,0.006543636322021484,stacked,0.927710843373494,17.272172094452504,19.726007408646694,83
160,D2,random,TargetOnlyCP,20,0.1,0.0019998550415039062,,1.0,38.30478413351051,38.30478413351051,83
160,D2,random,AdaptiveSplitCP,20,0.1,0.002000093460083008,stacked,1.0,47.46231480425377,47.46231480425377,83
160,D2,random,TransferCal-CP-affine-localsigma,20,0.1,0.002000570297241211,,1.0,35.15343520830578,35.15343520830578,83
160,D2,covariate,SplitCP-source,20,0.1,0.001001596450805664,,0.0,3.661950109055624,345.128935095594,83
160,D2,covariate,AdaptiveJackknifeCP,20,0.1,0.45749807357788086,stacked,0.9036144578313253,15.77794984733004,20.96267977729561,83
160,D2,covariate,AdaptiveJackknifeCP-exactJK+,20,0.1,0.455702543258667,stacked,0.891566265060241,15.077627661484227,21.55448971847622,83
160,D2,covariate,TargetOnlyJKplus,20,0.1,0.4558389186859131,local-ridge,0.891566265060241,15.665722102904045,22.744698838624902,83
160,D2,covariate,TargetOnlyJKplus-exactJK+,20,0.1,0.470761775970459,local-ridge,0.7951807228915663,12.59478692835918,25.073891497159657,83
160,D2,covariate,StackedOnlyCP,20,0.1,0.0060002803802490234,stacked,0.9036144578313253,15.77794984733004,20.96267977729561,83
160,D2,covariate,TargetOnlyCP,20,0.1,0.0019998550415039062,,0.9397590361445783,21.866963667615718,24.720221657091194,83
160,D2,covariate,AdaptiveSplitCP,20,0.1,0.002000093460083008,stacked,0.8674698795180723,14.888586429085718,20.873400898970104,83
160,D2,covariate,TransferCal-CP-affine-localsigma,20,0.1,0.002000093460083008,,0.9397590361445783,32.8894813738649,34.278380585361596,83
160,D4,strength_quartile,SplitCP-source,20,0.1,0.0010008811950683594,,0.06748466257668712,3.3462569354192055,199.6073218981857,163
160,D4,strength_quartile,AdaptiveJackknifeCP,20,0.1,0.4498105049133301,stacked,0.9631901840490797,18.28648668102205,19.12443893397226,163
160,D4,strength_quartile,AdaptiveJackknifeCP-exactJK+,20,0.1,0.45743346214294434,stacked,0.950920245398773,17.42657528613206,18.83056903363806,163
160,D4,strength_quartile,TargetOnlyJKplus,20,0.1,0.46131372451782227,local-ridge,0.9938650306748467,48.17650636824192,48.31430312913767,163
160,D4,strength_quartile,TargetOnlyJKplus-exactJK+,20,0.1,0.45987701416015625,local-ridge,0.9754601226993865,36.597170797537345,38.74337400321138,163
160,D4,strength_quartile,StackedOnlyCP,20,0.1,0.00699925422668457,stacked,0.9631901840490797,18.28648668102205,19.12443893397226,163
160,D4,strength_quartile,TargetOnlyCP,20,0.1,0.0010004043579101562,,0.9570552147239264,38.77241715144572,40.91259840595192,163
160,D4,strength_quartile,AdaptiveSplitCP,20,0.1,0.0020024776458740234,stacked,0.7852760736196319,12.514254989780412,20.854101630774046,163
160,D4,strength_quartile,TransferCal-CP-affine-localsigma,20,0.1,0.0019998550415039062,,0.7300613496932515,22.43624847314229,47.22074859840643,163
160,D4,random,SplitCP-source,20,0.1,0.0,,0.06134969325153374,3.3462569354192055,195.20773704919444,163
160,D4,random,AdaptiveJackknifeCP,20,0.1,0.4490330219268799,stacked,0.7975460122699386,10.711444213098085,21.480801137398146,163
160,D4,random,AdaptiveJackknifeCP-exactJK+,20,0.1,0.4425640106201172,stacked,0.7975460122699386,10.379801070734727,21.015028000534397,163
160,D4,random,TargetOnlyJKplus,20,0.1,0.44734740257263184,local-ridge,0.8220858895705522,25.75217319251584,40.78225481532233,163
160,D4,random,TargetOnlyJKplus-exactJK+,20,0.1,0.4439232349395752,local-ridge,0.8159509202453987,25.583620128397254,41.08948405339996,163
160,D4,random,StackedOnlyCP,20,0.1,0.006000518798828125,stacked,0.7975460122699386,10.711444213098085,21.480801137398146,163
160,D4,random,TargetOnlyCP,20,0.1,0.0010020732879638672,,0.8343558282208589,34.744889956312285,53.4899148098944,163
160,D4,random,AdaptiveSplitCP,20,0.1,0.002000093460083008,stacked,0.8159509202453987,12.840916815168669,19.951162586954258,163
160,D4,random,TransferCal-CP-affine-localsigma,20,0.1,0.002000093460083008,,1.0,60.70291763402135,60.70291763402135,163
160,D4,covariate,SplitCP-source,20,0.1,0.0,,0.06134969325153374,3.3462569354192055,199.3001106019134,163
160,D4,covariate,AdaptiveJackknifeCP,20,0.1,0.4628915786743164,stacked,0.9693251533742331,14.708825010307294,15.320189381001617,163
160,D4,covariate,AdaptiveJackknifeCP-exactJK+,20,0.1,0.45485472679138184,stacked,0.9815950920245399,14.912993475776753,15.116913385936094,163
160,D4,covariate,TargetOnlyJKplus,20,0.1,0.45974278450012207,local-ridge,0.9754601226993865,39.18761017976065,39.326760904559734,163
160,D4,covariate,TargetOnlyJKplus-exactJK+,20,0.1,0.4506838321685791,local-ridge,0.9570552147239264,37.61938617996028,38.83222674516329,163
160,D4,covariate,StackedOnlyCP,20,0.1,0.006475925445556641,stacked,0.9693251533742331,14.708825010307294,15.320189381001617,163
160,D4,covariate,TargetOnlyCP,20,0.1,0.002000093460083008,,0.8343558282208589,34.72116794128318,51.158567268449026,163
160,D4,covariate,AdaptiveSplitCP,20,0.1,0.0019998550415039062,stacked,0.9877300613496932,17.675208205525536,17.794426224453805,163
160,D4,covariate,TransferCal-CP-affine-localsigma,20,0.1,0.003000497817993164,,0.9447852760736196,44.386194401416056,47.31067437941603,163
161,D1,strength_quartile,SplitCP-source,20,0.1,0.0009999275207519531,,0.11860718171926006,4.088787053061843,161.21121567730358,919
161,D1,strength_quartile,AdaptiveJackknifeCP,20,0.1,0.3335733413696289,stacked,0.7475516866158868,36.10371508580733,75.05217450617269,919
161,D1,strength_quartile,AdaptiveJackknifeCP-exactJK+,20,0.1,0.34732818603515625,stacked,0.8117519042437432,40.47601398692408,67.26433972898984,919
161,D1,strength_quartile,TargetOnlyJKplus,20,0.1,0.35552453994750977,local-ridge,0.9521218715995647,59.300668251995035,66.0006321389864,919
161,D1,strength_quartile,TargetOnlyJKplus-exactJK+,20,0.1,0.3966648578643799,local-ridge,0.9423286180631121,56.60636397224421,66.63401574980443,919
161,D1,strength_quartile,StackedOnlyCP,20,0.1,0.005002498626708984,stacked,0.7475516866158868,36.10371508580733,75.05217450617269,919
161,D1,strength_quartile,TargetOnlyCP,20,0.1,0.002000093460083008,,0.9934711643090316,198.74584958642075,199.24781639465522,919
161,D1,strength_quartile,AdaptiveSplitCP,20,0.1,0.0030002593994140625,stacked,0.9825897714907508,70.02017690467868,71.45688885538813,919
161,D1,strength_quartile,TransferCal-CP-affine-localsigma,20,0.1,0.0010008811950683594,,0.9281828073993471,43.13827918675089,51.66707098532901,919
161,D1,random,SplitCP-source,20,0.1,0.0006279945373535156,,0.11534276387377584,4.088787053061843,160.92655585303342,919
161,D1,random,AdaptiveJackknifeCP,20,0.1,0.46109724044799805,stacked,0.8585418933623504,48.286960819309606,81.3647641550049,919
161,D1,random,AdaptiveJackknifeCP-exactJK+,20,0.1,0.47270655632019043,stacked,0.8204570184983678,45.47854071806904,85.15485565317553,919
161,D1,random,TargetOnlyJKplus,20,0.1,0.47510528564453125,local-ridge,0.8291621327529923,45.921200020242665,93.59485459382908,919
161,D1,random,TargetOnlyJKplus-exactJK+,20,0.1,0.45236754417419434,local-ridge,0.8008705114254625,43.79121699471263,98.11724930028319,919
161,D1,random,StackedOnlyCP,20,0.1,0.006523847579956055,stacked,0.8585418933623504,48.286960819309606,81.3647641550049,919
161,D1,random,TargetOnlyCP,20,0.1,0.001369476318359375,,0.8781284004352558,43.698384705538,70.67824415290985,919
161,D1,random,AdaptiveSplitCP,20,0.1,0.002004861831665039,stacked,0.8465723612622416,38.645933908545246,61.22580256101972,919
161,D1,random,TransferCal-CP-affine-localsigma,20,0.1,0.0020089149475097656,,0.9640914036996736,46.96608633238315,50.1368418122555,919
161,D1,covariate,SplitCP-source,20,0.1,0.0,,0.117519042437432,4.088787053061843,161.62147812201653,919
161,D1,covariate,AdaptiveJackknifeCP,20,0.1,0.47167444229125977,stacked,0.9336235038084875,47.94944384017981,55.09284028895796,919
161,D1,covariate,AdaptiveJackknifeCP-exactJK+,20,0.1,0.44974446296691895,stacked,0.8563656147986942,38.663094657039025,57.79131058901405,919
161,D1,covariate,TargetOnlyJKplus,20,0.1,0.46732306480407715,local-ridge,0.8400435255712732,37.94734514251414,60.34390228186583,919
161,D1,covariate,TargetOnlyJKplus-exactJK+,20,0.1,0.48697781562805176,local-ridge,0.8726877040261154,40.18724459542879,57.25306015204607,919
161,D1,covariate,StackedOnlyCP,20,0.1,0.0060083866119384766,stacked,0.9336235038084875,47.94944384017981,55.09284028895796,919
161,D1,covariate,TargetOnlyCP,20,0.1,0.0019989013671875,,0.9096844396082698,48.7915223507385,61.42667488434721,919
161,D1,covariate,AdaptiveSplitCP,20,0.1,0.0035076141357421875,stacked,0.794341675734494,38.768785204919034,67.58199083934224,919
161,D1,covariate,TransferCal-CP-affine-localsigma,20,0.1,0.0019998550415039062,,0.8933623503808488,38.0023872841483,49.672319046823844,919
161,D2,strength_quartile,SplitCP-source,20,0.1,0.0013508796691894531,,0.0,2.8179193571160965,333.9064462686319,83
161,D2,strength_quartile,AdaptiveJackknifeCP,20,0.1,0.45322442054748535,stacked,0.9759036144578314,24.980738478974953,26.22752765390058,83
161,D2,strength_quartile,AdaptiveJackknifeCP-exactJK+,20,0.1,0.4446115493774414,stacked,0.9759036144578314,23.865317533878844,25.276653260749903,83
161,D2,strength_quartile,TargetOnlyJKplus,20,0.1,0.46169257164001465,local-ridge,0.9879518072289156,27.808662053375873,28.929741249154944,83
161,D2,strength_quartile,TargetOnlyJKplus-exactJK+,20,0.1,0.45378971099853516,local-ridge,0.9879518072289156,26.81867569241853,28.169920713302975,83
161,D2,strength_quartile,StackedOnlyCP,20,0.1,0.0065157413482666016,stacked,0.9759036144578314,24.980738478974953,26.22752765390058,83
161,D2,strength_quartile,TargetOnlyCP,20,0.1,0.0020003318786621094,,0.9879518072289156,26.254355565773032,27.56088581833912,83
161,D2,strength_quartile,AdaptiveSplitCP,20,0.1,0.0021271705627441406,stacked,0.9759036144578314,31.394026525301697,31.67609578018181,83
161,D2,strength_quartile,TransferCal-CP-affine-localsigma,20,0.1,0.002002716064453125,,0.9518072289156626,26.309529288705363,29.023797852643728,83
161,D2,random,SplitCP-source,20,0.1,0.003998756408691406,,0.0,2.8179193571160965,343.9638362169501,83
161,D2,random,AdaptiveJackknifeCP,20,0.1,0.48670530319213867,stacked,0.8433734939759037,16.37983248125737,26.430852620420065,83
161,D2,random,AdaptiveJackknifeCP-exactJK+,20,0.1,0.43746471405029297,stacked,0.8554216867469879,17.148851524380216,25.63782069906144,83
161,D2,random,TargetOnlyJKplus,20,0.1,0.44324421882629395,local-ridge,0.9518072289156626,21.354410484268353,26.606966354680942,83
161,D2,random,TargetOnlyJKplus-exactJK+,20,0.1,0.45322299003601074,local-ridge,0.9518072289156626,20.255834352444356,26.031862090244985,83
161,D2,random,StackedOnlyCP,20,0.1,0.0067081451416015625,stacked,0.8433734939759037,16.37983248125737,26.430852620420065,83
161,D2,random,TargetOnlyCP,20,0.1,0.00099945068359375,,0.963855421686747,24.478279708301628,26.70918099499567,83
161,D2,random,AdaptiveSplitCP,20,0.1,0.0022296905517578125,stacked,0.9036144578313253,23.10255132206719,30.216193157969446,83
161,D2,random,TransferCal-CP-affine-localsigma,20,0.1,0.0020046234130859375,,0.7469879518072289,16.23115106011033,35.26823336141539,83
161,D2,covariate,SplitCP-source,20,0.1,0.0010013580322265625,,0.0,2.8179193571160965,332.4089066621184,83
161,D2,covariate,AdaptiveJackknifeCP,20,0.1,0.4212057590484619,stacked,0.8554216867469879,16.032099900483228,25.221877797850638,83
161,D2,covariate,AdaptiveJackknifeCP-exactJK+,20,0.1,0.4445500373840332,stacked,0.8795180722891566,17.16462031599096,25.195858242422883,83
161,D2,covariate,TargetOnlyJKplus,20,0.1,0.45026206970214844,local-ridge,0.891566265060241,16.88207279688253,23.639700469111027,83
161,D2,covariate,TargetOnlyJKplus-exactJK+,20,0.1,0.4442591667175293,local-ridge,0.8795180722891566,17.387810759552046,24.049179972255093,83
161,D2,covariate,StackedOnlyCP,20,0.1,0.007006406784057617,stacked,0.8554216867469879,16.032099900483228,25.221877797850638,83
161,D2,covariate,TargetOnlyCP,20,0.1,0.0019998550415039062,,0.891566265060241,20.826400613086424,26.127504274879044,83
161,D2,covariate,AdaptiveSplitCP,20,0.1,0.002001523971557617,stacked,0.9759036144578314,30.952859857360345,35.30279943637435,83
161,D2,covariate,TransferCal-CP-affine-localsigma,20,0.1,0.0019986629486083984,,0.7590361445783133,15.448925843100303,33.80759734035051,83
161,D4,strength_quartile,SplitCP-source,20,0.1,0.0009992122650146484,,0.024539877300613498,2.9017892345389953,222.92637738919282,163
161,D4,strength_quartile,AdaptiveJackknifeCP,20,0.1,0.4086334705352783,stacked,0.9815950920245399,17.031307256069937,17.496432447898,163
161,D4,strength_quartile,AdaptiveJackknifeCP-exactJK+,20,0.1,0.46280837059020996,stacked,0.9877300613496932,20.120077915462527,20.15773811193099,163
161,D4,strength_quartile,TargetOnlyJKplus,20,0.1,0.4530069828033447,local-ridge,0.9877300613496932,40.858165585743784,40.97921472090284,163
161,D4,strength_quartile,TargetOnlyJKplus-exactJK+,20,0.1,0.4602477550506592,local-ridge,0.950920245398773,34.077330404971796,37.25410846731622,163
161,D4,strength_quartile,StackedOnlyCP,20,0.1,0.006058216094970703,stacked,0.9815950920245399,17.031307256069937,17.496432447898,163
161,D4,strength_quartile,TargetOnlyCP,20,0.1,0.0010023117065429688,,1.0,59.078324394654516,59.078324394654516,163
161,D4,strength_quartile,AdaptiveSplitCP,20,0.1,0.0029997825622558594,stacked,0.9693251533742331,29.04632442846314,30.28642954840596,163
161,D4,strength_quartile,TransferCal-CP-affine-localsigma,20,0.1,0.0010006427764892578,,0.8588957055214724,26.868213181064736,41.081766817906946,163
161,D4,random,SplitCP-source,20,0.1,0.0010004043579101562,,0.03680981595092025,2.9017892345389953,212.97397427407742,163
161,D4,random,AdaptiveJackknifeCP,20,0.1,0.4534914493560791,stacked,0.8220858895705522,10.752279901362163,22.86276241201277,163
161,D4,random,AdaptiveJackknifeCP-exactJK+,20,0.1,0.45132899284362793,stacked,0.8404907975460123,11.167295269443708,22.711902896987514,163
161,D4,random,TargetOnlyJKplus,20,0.1,0.44953274726867676,local-ridge,0.9079754601226994,35.20817048551161,45.08065505781575,163
161,D4,random,TargetOnlyJKplus-exactJK+,20,0.1,0.44971346855163574,local-ridge,0.8466257668711656,27.95882193698206,49.63328758675665,163
161,D4,random,StackedOnlyCP,20,0.1,0.004999876022338867,stacked,0.8220858895705522,10.752279901362163,22.86276241201277,163
161,D4,random,TargetOnlyCP,20,0.1,0.001999378204345703,,0.8343558282208589,28.1810297933992,51.19925070220758,163
161,D4,random,AdaptiveSplitCP,20,0.1,0.0015041828155517578,stacked,0.8343558282208589,15.602800555429297,23.636219734169995,163
161,D4,random,TransferCal-CP-affine-localsigma,20,0.1,0.0020051002502441406,,0.6993865030674846,19.970626015318963,67.05587515192026,163
161,D4,covariate,SplitCP-source,20,0.1,0.0,,0.03067484662576687,2.9017892345389953,221.15229551586054,163
161,D4,covariate,AdaptiveJackknifeCP,20,0.1,0.45624804496765137,stacked,1.0,20.512621462004407,20.512621462004407,163
161,D4,covariate,AdaptiveJackknifeCP-exactJK+,20,0.1,0.4655311107635498,stacked,0.9815950920245399,18.716289745861957,18.97870329713018,163
161,D4,covariate,TargetOnlyJKplus,20,0.1,0.44731712341308594,local-ridge,0.9570552147239264,33.66984924893095,37.22005902637869,163
161,D4,covariate,TargetOnlyJKplus-exactJK+,20,0.1,0.456770658493042,local-ridge,0.950920245398773,32.97765322102689,37.663694817022396,163
161,D4,covariate,StackedOnlyCP,20,0.1,0.006003618240356445,stacked,1.0,20.512621462004407,20.512621462004407,163
161,D4,covariate,TargetOnlyCP,20,0.1,0.0020096302032470703,,0.9386503067484663,42.18151352148641,49.32065221078913,163
161,D4,covariate,AdaptiveSplitCP,20,0.1,0.002223491668701172,stacked,0.9938650306748467,38.50647443469023,38.74303535116318,163
161,D4,covariate,TransferCal-CP-affine-localsigma,20,0.1,0.0031626224517822266,,0.9877300613496932,47.63382885700928,48.55509533634487,163
162,D1,strength_quartile,SplitCP-source,20,0.1,0.0,,0.07072905331882481,2.3249434783863303,174.24087775742245,919
162,D1,strength_quartile,AdaptiveJackknifeCP,20,0.1,0.48331189155578613,stacked,0.9270946681175191,48.396411675148435,60.98659431797067,919
162,D1,strength_quartile,AdaptiveJackknifeCP-exactJK+,20,0.1,0.47529053688049316,stacked,0.9684439608269858,60.76859357019519,67.52434387596674,919
162,D1,strength_quartile,TargetOnlyJKplus,20,0.1,0.45323920249938965,local-ridge,0.9978237214363439,89.99518368790504,90.03276792162154,919
162,D1,strength_quartile,TargetOnlyJKplus-exactJK+,20,0.1,0.4501016139984131,local-ridge,0.9945593035908596,73.50507174351243,73.92874418728339,919
162,D1,strength_quartile,StackedOnlyCP,20,0.1,0.006000041961669922,stacked,0.9270946681175191,48.396411675148435,60.98659431797067,919
162,D1,strength_quartile,TargetOnlyCP,20,0.1,0.00211334228515625,,0.9368879216539717,58.70837858491614,62.80574741181936,919
162,D1,strength_quartile,AdaptiveSplitCP,20,0.1,0.0023860931396484375,stacked,0.9477693144722524,78.92763005308713,84.97004412154755,919
162,D1,strength_quartile,TransferCal-CP-affine-localsigma,20,0.1,0.0015156269073486328,,0.8705114254624592,36.68996592869855,47.40271759331475,919
162,D1,random,SplitCP-source,20,0.1,0.0,,0.06855277475516866,2.3249434783863303,174.2101561392445,919
162,D1,random,AdaptiveJackknifeCP,20,0.1,0.45317745208740234,stacked,0.9825897714907508,57.64548345978336,58.97538416603883,919
162,D1,random,AdaptiveJackknifeCP-exactJK+,20,0.1,0.44894957542419434,stacked,0.9793253536452666,55.05665946177544,56.959438325234956,919
162,D1,random,TargetOnlyJKplus,20,0.1,0.45737361907958984,local-ridge,0.9303590859630033,50.752609817662,61.68767590817724,919
162,D1,random,TargetOnlyJKplus-exactJK+,20,0.1,0.47064208984375,local-ridge,0.9053318824809575,46.23140896702063,60.64131956303801,919
162,D1,random,StackedOnlyCP,20,0.1,0.006000041961669922,stacked,0.9749727965179543,51.40733738672882,54.04713585425932,919
162,D1,random,TargetOnlyCP,20,0.1,0.0010030269622802734,,0.9738846572361263,68.18149354802267,70.21379128128633,919
162,D1,random,AdaptiveSplitCP,20,0.1,0.0024192333221435547,stacked,0.969532100108814,53.15537094189646,55.29011313661239,919
162,D1,random,TransferCal-CP-affine-localsigma,20,0.1,0.0022733211517333984,,0.940152339499456,40.13265949819657,46.03500238068583,919
162,D1,covariate,SplitCP-source,20,0.1,0.0010004043579101562,,0.07072905331882481,2.3249434783863303,174.3725845126242,919
162,D1,covariate,AdaptiveJackknifeCP,20,0.1,0.4658010005950928,stacked,0.9760609357997824,53.211834890627955,55.203125311708845,919
162,D1,covariate,AdaptiveJackknifeCP-exactJK+,20,0.1,0.4684481620788574,stacked,0.9608269858541894,49.63278264150771,53.446853595392646,919
162,D1,covariate,TargetOnlyJKplus,20,0.1,0.44606876373291016,local-ridge,0.911860718171926,46.43717847463274,59.57561095502199,919
162,D1,covariate,TargetOnlyJKplus-exactJK+,20,0.1,0.47513294219970703,local-ridge,0.8389553862894451,41.361924688605875,59.93901174534866,919
162,D1,covariate,StackedOnlyCP,20,0.1,0.006455659866333008,stacked,0.9760609357997824,53.211834890627955,55.203125311708845,919
162,D1,covariate,TargetOnlyCP,20,0.1,0.0022318363189697266,,0.9967355821545157,427.1931408101688,427.48381244971245,919
162,D1,covariate,AdaptiveSplitCP,20,0.1,0.002001047134399414,stacked,0.9934711643090316,676.5129390217287,676.9755669093876,919
162,D1,covariate,TransferCal-CP-affine-localsigma,20,0.1,0.002506732940673828,,0.9902067464635473,67.39404363510039,68.50156144872489,919
162,D2,strength_quartile,SplitCP-source,20,0.1,0.0010004043579101562,,0.012048192771084338,3.1908348793487424,338.28645169369173,83
162,D2,strength_quartile,AdaptiveJackknifeCP,20,0.1,0.44916296005249023,stacked,0.927710843373494,20.673168685757894,22.891697693113578,83
162,D2,strength_quartile,AdaptiveJackknifeCP-exactJK+,20,0.1,0.4406006336212158,stacked,0.8795180722891566,17.591114370526896,24.441379045751557,83
162,D2,strength_quartile,TargetOnlyJKplus,20,0.1,0.4769711494445801,local-ridge,0.9879518072289156,25.822817463761222,26.044611991170143,83
162,D2,strength_quartile,TargetOnlyJKplus-exactJK+,20,0.1,0.45804500579833984,local-ridge,0.9759036144578314,26.412373585059754,27.21797901896221,83
162,D2,strength_quartile,StackedOnlyCP,20,0.1,0.006003141403198242,stacked,0.927710843373494,20.673168685757894,22.891697693113578,83
162,D2,strength_quartile,TargetOnlyCP,20,0.1,0.0019974708557128906,,1.0,41.54739815286794,41.54739815286794,83
162,D2,strength_quartile,AdaptiveSplitCP,20,0.1,0.0009992122650146484,stacked,1.0,35.806484105141976,35.806484105141976,83
162,D2,strength_quartile,TransferCal-CP-affine-localsigma,20,0.1,0.0030443668365478516,,1.0,42.30693713475594,42.30693713475594,83
162,D2,random,SplitCP-source,20,0.1,0.0016977787017822266,,0.012048192771084338,3.1908348793487424,350.5380968204883,83
162,D2,random,AdaptiveJackknifeCP,20,0.1,0.4796416759490967,stacked,0.8795180722891566,15.335981396701538,22.750333112693067,83
162,D2,random,AdaptiveJackknifeCP-exactJK+,20,0.1,0.4435889720916748,stacked,0.8192771084337349,14.019553122340257,24.37497830558544,83
162,D2,random,TargetOnlyJKplus,20,0.1,0.4034433364868164,local-ridge,0.9036144578313253,16.23595880291979,23.6798033001846,83
162,D2,random,TargetOnlyJKplus-exactJK+,20,0.1,0.42821621894836426,local-ridge,0.9036144578313253,16.065095612418713,23.557606696101995,83
162,D2,random,StackedOnlyCP,20,0.1,0.0032799243927001953,stacked,0.8795180722891566,15.335981396701538,22.750333112693067,83
162,D2,random,TargetOnlyCP,20,0.1,0.0010001659393310547,,0.6626506024096386,8.972471815786603,30.50959327360286,83
162,D2,random,AdaptiveSplitCP,20,0.1,0.0020008087158203125,stacked,0.8192771084337349,17.391298688103504,26.59926958724599,83
162,D2,random,TransferCal-CP-affine-localsigma,20,0.1,0.001504659652709961,,0.5542168674698795,12.174996964383794,64.10275700172294,83
162,D2,covariate,SplitCP-source,20,0.1,0.0010001659393310547,,0.012048192771084338,3.1908348793487424,339.2315469362024,83
162,D2,covariate,AdaptiveJackknifeCP,20,0.1,0.40685057640075684,stacked,0.963855421686747,20.696808457233622,22.8874513090791,83
162,D2,covariate,AdaptiveJackknifeCP-exactJK+,20,0.1,0.4163515567779541,stacked,0.9759036144578314,22.233515302608875,24.357121031784683,83
162,D2,covariate,TargetOnlyJKplus,20,0.1,0.4173710346221924,local-ridge,0.9879518072289156,26.777178923690723,28.210115898353532,83
162,D2,covariate,TargetOnlyJKplus-exactJK+,20,0.1,0.42351245880126953,local-ridge,0.9759036144578314,22.886185017137652,24.91682976903767,83
162,D2,covariate,StackedOnlyCP,20,0.1,0.00400090217590332,stacked,0.963855421686747,20.696808457233622,22.8874513090791,83
162,D2,covariate,TargetOnlyCP,20,0.1,0.0009992122650146484,,0.9759036144578314,22.920650859430513,24.977694364605185,83
162,D2,covariate,AdaptiveSplitCP,20,0.1,0.001999378204345703,stacked,0.927710843373494,20.859066158392228,24.361265460428786,83
162,D2,covariate,TransferCal-CP-affine-localsigma,20,0.1,0.002001523971557617,,0.8795180722891566,16.941409135731508,29.81613794521146,83
162,D4,strength_quartile,SplitCP-source,20,0.1,0.0010001659393310547,,0.05521472392638037,2.9247962065005457,211.3417546898768,163
162,D4,strength_quartile,AdaptiveJackknifeCP,20,0.1,0.5068321228027344,stacked,0.9141104294478528,12.592708970840421,15.29994240761668,163
162,D4,strength_quartile,AdaptiveJackknifeCP-exactJK+,20,0.1,0.5024454593658447,stacked,0.8895705521472392,10.654004074580978,15.379630012443487,163
162,D4,strength_quartile,TargetOnlyJKplus,20,0.1,0.4801154136657715,local-ridge,0.9631901840490797,31.845487298709585,36.3423854705443,163
162,D4,strength_quartile,TargetOnlyJKplus-exactJK+,20,0.1,0.47423338890075684,local-ridge,0.9263803680981595,30.028531663470734,36.517806699988036,163
162,D4,strength_quartile,StackedOnlyCP,20,0.1,0.0076274871826171875,stacked,0.9141104294478528,12.592708970840421,15.29994240761668,163
162,D4,strength_quartile,TargetOnlyCP,20,0.1,0.0009999275207519531,,0.9386503067484663,40.11782294393453,48.17236256721285,163
162,D4,strength_quartile,AdaptiveSplitCP,20,0.1,0.0029997825622558594,stacked,0.8957055214723927,17.53266886961056,22.88564708312066,163
162,D4,strength_quartile,TransferCal-CP-affine-localsigma,20,0.1,0.0009996891021728516,,0.9570552147239264,37.02104640887456,42.22034810474648,163
162,D4,random,SplitCP-source,20,0.1,0.0010001659393310547,,0.05521472392638037,2.9247962065005457,210.94057499808687,163
162,D4,random,AdaptiveJackknifeCP,20,0.1,0.4395909309387207,stacked,0.8282208588957055,11.1568957050599,17.265330320976844,163
162,D4,random,AdaptiveJackknifeCP-exactJK+,20,0.1,0.4564244747161865,stacked,0.8282208588957055,11.798281494705455,18.064183998698343,163
162,D4,random,TargetOnlyJKplus,20,0.1,0.4597437381744385,local-ridge,0.9815950920245399,36.175818899027014,37.46947175780586,163
162,D4,random,TargetOnlyJKplus-exactJK+,20,0.1,0.4503211975097656,local-ridge,0.9693251533742331,32.41590004073827,35.28448543171972,163
162,D4,random,StackedOnlyCP,20,0.1,0.006600856781005859,stacked,0.8282208588957055,11.1568957050599,17.265330320976844,163
162,D4,random,TargetOnlyCP,20,0.1,0.0009999275207519531,,0.9693251533742331,35.617870946667,38.67429597331607,163
162,D4,random,AdaptiveSplitCP,20,0.1,0.0024046897888183594,stacked,0.7914110429447853,12.205605698247517,22.010266525962372,163
162,D4,random,TransferCal-CP-affine-localsigma,20,0.1,0.0020029544830322266,,1.0,55.96341651732061,55.96341651732061,163
162,D4,covariate,SplitCP-source,20,0.1,0.0010235309600830078,,0.06134969325153374,2.9247962065005457,211.46715257148708,163
162,D4,covariate,AdaptiveJackknifeCP,20,0.1,0.44536471366882324,stacked,0.8895705521472392,12.088736157959374,15.14632035681615,163
162,D4,covariate,AdaptiveJackknifeCP-exactJK+,20,0.1,0.44358134269714355,stacked,0.9079754601226994,12.460693105035517,14.262137037028943,163
162,D4,covariate,TargetOnlyJKplus,20,0.1,0.4412574768066406,local-ridge,0.9693251533742331,32.74401783619231,33.99334397739769,163
162,D4,covariate,TargetOnlyJKplus-exactJK+,20,0.1,0.44789767265319824,local-ridge,0.9815950920245399,33.37408980007956,34.62480698359764,163
162,D4,covariate,StackedOnlyCP,20,0.1,0.006283283233642578,stacked,0.8895705521472392,12.088736157959374,15.14632035681615,163
162,D4,covariate,TargetOnlyCP,20,0.1,0.0020029544830322266,,0.8711656441717791,26.699721954835226,36.15565571209828,163
162,D4,covariate,AdaptiveSplitCP,20,0.1,0.002000093460083008,stacked,0.7791411042944786,10.923764779760546,17.169366147287842,163
162,D4,covariate,TransferCal-CP-affine-localsigma,20,0.1,0.0023360252380371094,,0.9570552147239264,40.528276907586225,42.068692862020335,163
163,D1,strength_quartile,SplitCP-source,20,0.1,0.0,,0.07399347116430903,2.586284839597895,173.78906361386726,919
163,D1,strength_quartile,AdaptiveJackknifeCP,20,0.1,0.4520442485809326,stacked,0.9368879216539717,66.46811984419175,117.75419532316864,919
163,D1,strength_quartile,AdaptiveJackknifeCP-exactJK+,20,0.1,0.46003246307373047,stacked,0.926006528835691,59.983476448310974,111.22976877599181,919
163,D1,strength_quartile,TargetOnlyJKplus,20,0.1,0.4581177234649658,local-ridge,0.8161044613710555,41.41447476250158,143.2096713202751,919
163,D1,strength_quartile,TargetOnlyJKplus-exactJK+,20,0.1,0.4548351764678955,local-ridge,0.8073993471164309,41.2309103642817,142.2154143474051,919
163,D1,strength_quartile,StackedOnlyCP,20,0.1,0.0060024261474609375,stacked,0.9368879216539717,66.46811984419175,117.75419532316864,919
163,D1,strength_quartile,TargetOnlyCP,20,0.1,0.0009999275207519531,,0.8433079434167573,79.52667933379729,291.0065613362657,919
163,D1,strength_quartile,AdaptiveSplitCP,20,0.1,0.0029997825622558594,local-ridge,0.8433079434167573,79.52667933379729,291.0065613362657,919
163,D1,strength_quartile,TransferCal-CP-affine-localsigma,20,0.1,0.002000570297241211,,0.9815016322089227,62.46918319703529,63.98030144216585,919
163,D1,random,SplitCP-source,20,0.1,0.0010039806365966797,,0.0750816104461371,2.586284839597895,174.63875272169741,919
163,D1,random,AdaptiveJackknifeCP,20,0.1,0.44573116302490234,stacked,0.8269858541893362,36.030001483806245,54.79614851847431,919
163,D1,random,AdaptiveJackknifeCP-exactJK+,20,0.1,0.45180654525756836,stacked,0.8443960826985855,36.89816004572219,52.991529545841786,919
163,D1,random,TargetOnlyJKplus,20,0.1,0.4563331604003906,local-ridge,0.8139281828073993,37.25894538440489,62.95996765928776,919
163,D1,random,TargetOnlyJKplus-exactJK+,20,0.1,0.45085620880126953,local-ridge,0.8248095756256801,37.543556769617176,62.033113468523354,919
163,D1,random,StackedOnlyCP,20,0.1,0.007484912872314453,stacked,0.8269858541893362,36.030001483806245,54.79614851847431,919
163,D1,random,TargetOnlyCP,20,0.1,0.0010695457458496094,,0.7540805223068553,32.92423355250878,67.44025710303916,919
163,D1,random,AdaptiveSplitCP,20,0.1,0.0025053024291992188,stacked,0.8400435255712732,37.38828597481175,57.02070160134168,919
163,D1,random,TransferCal-CP-affine-localsigma,20,0.1,0.0010306835174560547,,0.9183895538628944,39.01635817893405,46.07804365373412,919
163,D1,covariate,SplitCP-source,20,0.1,0.0,,0.07181719260065289,2.586284839597895,174.9963472752291,919
163,D1,covariate,AdaptiveJackknifeCP,20,0.1,0.4540290832519531,stacked,0.8204570184983678,38.66524607623785,63.37870193507531,919
163,D1,covariate,AdaptiveJackknifeCP-exactJK+,20,0.1,0.44710707664489746,stacked,0.9314472252448314,45.14200245263924,51.201075265581224,919
163,D1,covariate,TargetOnlyJKplus,20,0.1,0.4502296447753906,local-ridge,0.9597388465723613,62.95250034133855,68.50111397683163,919
163,D1,covariate,TargetOnlyJKplus-exactJK+,20,0.1,0.4672818183898926,local-ridge,0.9597388465723613,61.81493899513595,68.8658970301372,919
163,D1,covariate,StackedOnlyCP,20,0.1,0.007004261016845703,stacked,0.8204570184983678,38.66524607623785,63.37870193507531,919
163,D1,covariate,TargetOnlyCP,20,0.1,0.002750396728515625,,0.9869423286180631,85.8987248664946,87.57679063430547,919
163,D1,covariate,AdaptiveSplitCP,20,0.1,0.002652406692504883,stacked,0.9956474428726877,65.9534663925489,66.25482469579985,919
163,D1,covariate,TransferCal-CP-affine-localsigma,20,0.1,0.0020036697387695312,,0.998911860718172,76.5374262966733,76.57664962274941,919
163,D2,strength_quartile,SplitCP-source,20,0.1,0.0010006427764892578,,0.0,2.9996180673325057,344.28623980557666,83
163,D2,strength_quartile,AdaptiveJackknifeCP,20,0.1,0.3131117820739746,stacked,0.7590361445783133,12.993153491750249,28.73422974707737,83
163,D2,strength_quartile,AdaptiveJackknifeCP-exactJK+,20,0.1,0.31841421127319336,stacked,0.7831325301204819,12.997262889213971,27.18551948764496,83
163,D2,strength_quartile,TargetOnlyJKplus,20,0.1,0.315570592880249,local-ridge,0.8795180722891566,16.45661803684218,23.954792547931245,83
163,D2,strength_quartile,TargetOnlyJKplus-exactJK+,20,0.1,0.30988264083862305,local-ridge,0.8795180722891566,15.509095873499357,23.795949249300275,83
163,D2,strength_quartile,StackedOnlyCP,20,0.1,0.005831718444824219,stacked,0.7590361445783133,12.993153491750249,28.73422974707737,83
163,D2,strength_quartile,TargetOnlyCP,20,0.1,0.002003192901611328,,0.8313253012048193,18.831718420614234,26.796914382922317,83
163,D2,strength_quartile,AdaptiveSplitCP,20,0.1,0.0019998550415039062,stacked,0.7349397590361446,12.098424318219854,33.11143569553162,83
163,D2,strength_quartile,TransferCal-CP-affine-localsigma,20,0.1,0.0019998550415039062,,0.9879518072289156,41.163773500293026,42.50151594146912,83
163,D2,random,SplitCP-source,20,0.1,0.0010004043579101562,,0.0,2.9996180673325057,358.14418843783295,83
163,D2,random,AdaptiveJackknifeCP,20,0.1,0.29746556282043457,stacked,0.891566265060241,15.597302639864111,23.584126283206885,83
163,D2,random,AdaptiveJackknifeCP-exactJK+,20,0.1,0.29019880294799805,stacked,0.891566265060241,15.975489471226139,23.77148155744256,83
163,D2,random,TargetOnlyJKplus,20,0.1,0.30866122245788574,local-ridge,0.927710843373494,18.750118414906282,24.05004504514187,83
163,D2,random,TargetOnlyJKplus-exactJK+,20,0.1,0.31257009506225586,local-ridge,0.9036144578313253,18.168492674857696,24.57554229028052,83
163,D2,random,StackedOnlyCP,20,0.1,0.0060002803802490234,stacked,0.891566265060241,15.597302639864111,23.584126283206885,83
163,D2,random,TargetOnlyCP,20,0.1,0.0009999275207519531,,0.9879518072289156,26.987015017230885,27.902408753109807,83
163,D2,random,AdaptiveSplitCP,20,0.1,0.002000093460083008,stacked,0.963855421686747,26.907664479711034,27.393228792339183,83
163,D2,random,TransferCal-CP-affine-localsigma,20,0.1,0.0020003318786621094,,0.9879518072289156,32.35282679943566,33.79340424467556,83
163,D2,covariate,SplitCP-source,20,0.1,0.0,,0.0,2.9996180673325057,364.24556962833765,83
163,D2,covariate,AdaptiveJackknifeCP,20,0.1,0.30901169776916504,stacked,0.8795180722891566,16.117234618924986,24.096143497237833,83
163,D2,covariate,AdaptiveJackknifeCP-exactJK+,20,0.1,0.3036191463470459,stacked,0.891566265060241,17.842656939981328,23.782342321118836,83
163,D2,covariate,TargetOnlyJKplus,20,0.1,0.31525516510009766,local-ridge,0.9156626506024096,17.36099128582457,22.2692053280708,83
163,D2,covariate,TargetOnlyJKplus-exactJK+,20,0.1,0.3129274845123291,local-ridge,0.9156626506024096,17.500102994220995,22.708658728597936,83
163,D2,covariate,StackedOnlyCP,20,0.1,0.0023484230041503906,stacked,0.8795180722891566,16.117234618924986,24.096143497237833,83
163,D2,covariate,TargetOnlyCP,20,0.1,0.0012462139129638672,,0.9759036144578314,28.796998766453704,30.18029827483642,83
163,D2,covariate,AdaptiveSplitCP,20,0.1,0.002007722854614258,stacked,0.8554216867469879,17.993064889622648,28.35934976197034,83
163,D2,covariate,TransferCal-CP-affine-localsigma,20,0.1,0.0020012855529785156,,0.9879518072289156,34.07650551295268,35.914168970862015,83
163,D4,strength_quartile,SplitCP-source,20,0.1,0.0010056495666503906,,0.04294478527607362,3.7621992564015296,196.432223072925,163
163,D4,strength_quartile,AdaptiveJackknifeCP,20,0.1,0.30365991592407227,stacked,1.0,19.145140199515353,19.145140199515353,163
163,D4,strength_quartile,AdaptiveJackknifeCP-exactJK+,20,0.1,0.3221445083618164,stacked,1.0,18.2342214831009,18.2342214831009,163
163,D4,strength_quartile,TargetOnlyJKplus,20,0.1,0.32122278213500977,local-ridge,0.950920245398773,33.29457061570908,36.28485587154997,163
163,D4,strength_quartile,TargetOnlyJKplus-exactJK+,20,0.1,0.44205784797668457,local-ridge,0.9631901840490797,36.45353674318604,38.66495841561381,163
163,D4,strength_quartile,StackedOnlyCP,20,0.1,0.00599980354309082,stacked,1.0,19.145140199515353,19.145140199515353,163
163,D4,strength_quartile,TargetOnlyCP,20,0.1,0.0009996891021728516,,0.9815950920245399,59.67972567392529,60.99934528420603,163
163,D4,strength_quartile,AdaptiveSplitCP,20,0.1,0.0020003318786621094,stacked,0.9570552147239264,28.79951134586514,30.45208397712913,163
163,D4,strength_quartile,TransferCal-CP-affine-localsigma,20,0.1,0.0020008087158203125,,1.0,65.67194931555912,65.67194931555912,163
163,D4,random,SplitCP-source,20,0.1,0.0009999275207519531,,0.05521472392638037,3.7621992564015296,187.15031502825093,163
163,D4,random,AdaptiveJackknifeCP,20,0.1,0.3197977542877197,stacked,0.8282208588957055,12.846675693006048,25.168049877825165,163
163,D4,random,AdaptiveJackknifeCP-exactJK+,20,0.1,0.3222944736480713,stacked,0.7852760736196319,10.738288760449388,30.617421055228647,163
163,D4,random,TargetOnlyJKplus,20,0.1,0.3232126235961914,local-ridge,0.6932515337423313,16.698835542352537,59.719106334250796,163
163,D4,random,TargetOnlyJKplus-exactJK+,20,0.1,0.32622742652893066,local-ridge,0.6993865030674846,18.71622845538222,61.70355335479067,163
163,D4,random,StackedOnlyCP,20,0.1,0.0055065155029296875,stacked,0.8282208588957055,12.846675693006048,25.168049877825165,163
163,D4,random,TargetOnlyCP,20,0.1,0.0020024776458740234,,0.8220858895705522,26.20155259009045,39.67259997170325,163
163,D4,random,AdaptiveSplitCP,20,0.1,0.002000570297241211,stacked,0.8282208588957055,33.501966931787024,51.79648755383393,163
163,D4,random,TransferCal-CP-affine-localsigma,20,0.1,0.0010004043579101562,,0.6993865030674846,21.28513546993291,70.19721733027662,163
163,D4,covariate,SplitCP-source,20,0.1,0.0,,0.06134969325153374,3.7621992564015296,195.35626849640013,163
163,D4,covariate,AdaptiveJackknifeCP,20,0.1,0.31439900398254395,stacked,0.8834355828220859,10.572529603530242,14.755203938233077,163
163,D4,covariate,AdaptiveJackknifeCP-exactJK+,20,0.1,0.3136584758758545,stacked,0.8957055214723927,11.428991817624581,14.248045623204803,163
163,D4,covariate,TargetOnlyJKplus,20,0.1,0.31049227714538574,local-ridge,0.9079754601226994,29.697186501936844,40.94113147387178,163
163,D4,covariate,TargetOnlyJKplus-exactJK+,20,0.1,0.3180680274963379,local-ridge,0.9079754601226994,30.15445571907596,43.08374830178009,163
163,D4,covariate,StackedOnlyCP,20,0.1,0.00626373291015625,stacked,0.8834355828220859,10.572529603530242,14.755203938233077,163
163,D4,covariate,TargetOnlyCP,20,0.1,0.0021200180053710938,,0.9447852760736196,36.66812890261823,42.07718085191551,163
163,D4,covariate,AdaptiveSplitCP,20,0.1,0.002826213836669922,stacked,0.8895705521472392,11.317484107926262,16.62461346853094,163
163,D4,covariate,TransferCal-CP-affine-localsigma,20,0.1,0.0020036697387695312,,0.9141104294478528,38.19956814525477,46.68416676267255,163
164,D1,strength_quartile,SplitCP-source,20,0.1,0.0,,0.05984766050054407,2.332935017141793,181.48080318023688,919
164,D1,strength_quartile,AdaptiveJackknifeCP,20,0.1,0.3370344638824463,stacked,0.8900979325353645,49.85305019427938,91.90133969545269,919
164,D1,strength_quartile,AdaptiveJackknifeCP-exactJK+,20,0.1,0.3415517807006836,stacked,0.8215451577801959,43.356868224905575,92.34651486142691,919
164,D1,strength_quartile,TargetOnlyJKplus,20,0.1,0.3321058750152588,local-ridge,0.9183895538628944,52.53242574208324,71.64200122090992,919
164,D1,strength_quartile,TargetOnlyJKplus-exactJK+,20,0.1,0.32877230644226074,local-ridge,0.8955386289445049,46.47173289762327,71.1588860882214,919
164,D1,strength_quartile,StackedOnlyCP,20,0.1,0.0060002803802490234,stacked,0.8900979325353645,49.85305019427938,91.90133969545269,919
164,D1,strength_quartile,TargetOnlyCP,20,0.1,0.002000093460083008,,0.7007616974972797,26.423087395186364,102.41018620349877,919
164,D1,strength_quartile,AdaptiveSplitCP,20,0.1,0.0020003318786621094,stacked,0.7899891186071817,87.66768804325132,196.57914557482988,919
164,D1,strength_quartile,TransferCal-CP-affine-localsigma,20,0.1,0.0019998550415039062,,0.780195865070729,28.90411151873508,50.59194751674657,919
164,D1,random,SplitCP-source,20,0.1,0.0009996891021728516,,0.06311207834602829,2.332935017141793,179.7939086915218,919
164,D1,random,AdaptiveJackknifeCP,20,0.1,0.3515160083770752,stacked,0.984766050054407,57.88271663305987,58.939650178033816,919
164,D1,random,AdaptiveJackknifeCP-exactJK+,20,0.1,0.3365035057067871,stacked,0.985854189336235,58.008358943708245,59.24357506911337,919
164,D1,random,TargetOnlyJKplus,20,0.1,0.37421178817749023,local-ridge,0.9934711643090316,66.19094085517588,66.59007644422324,919
164,D1,random,TargetOnlyJKplus-exactJK+,20,0.1,0.3534057140350342,local-ridge,0.9902067464635473,64.83265058655495,65.44501998359698,919
164,D1,random,StackedOnlyCP,20,0.1,0.004999637603759766,stacked,0.984766050054407,57.88271663305987,58.939650178033816,919
164,D1,random,TargetOnlyCP,20,0.1,0.0019998550415039062,,0.9923830250272034,76.10416837318414,76.56249609076805,919
164,D1,random,AdaptiveSplitCP,20,0.1,0.0020003318786621094,stacked,0.9194776931447225,118.41558163903025,142.79143722322462,919
164,D1,random,TransferCal-CP-affine-localsigma,20,0.1,0.0010006427764892578,,0.9912948857453754,59.625367792142136,61.02080190064826,919
164,D1,covariate,SplitCP-source,20,0.1,0.0,,0.060935799782372145,2.332935017141793,181.66366805073025,919
164,D1,covariate,AdaptiveJackknifeCP,20,0.1,0.34303903579711914,stacked,0.9956474428726877,69.72781595979279,70.19558511843903,919
164,D1,covariate,AdaptiveJackknifeCP-exactJK+,20,0.1,0.340045690536499,stacked,0.9727965179542981,53.19819436645742,56.098859391335104,919
164,D1,covariate,TargetOnlyJKplus,20,0.1,0.35785818099975586,local-ridge,0.9216539717083787,45.29730222595045,56.383944568192184,919
164,D1,covariate,TargetOnlyJKplus-exactJK+,20,0.1,0.38034510612487793,local-ridge,0.9249183895538629,47.898008558597375,58.91590660430326,919
164,D1,covariate,StackedOnlyCP,20,0.1,0.006430625915527344,stacked,0.9956474428726877,69.72781595979279,70.19558511843903,919
164,D1,covariate,TargetOnlyCP,20,0.1,0.0020875930786132812,,0.8552774755168662,38.75838833741498,58.5411228310123,919
164,D1,covariate,AdaptiveSplitCP,20,0.1,0.003066539764404297,stacked,0.9053318824809575,41.89843008860736,55.282075398572644,919
164,D1,covariate,TransferCal-CP-affine-localsigma,20,0.1,0.0019986629486083984,,0.8509249183895539,33.62602367954861,48.04264519707129,919
164,D2,strength_quartile,SplitCP-source,20,0.1,0.0009987354278564453,,0.0,3.2334716657032345,342.22892702888896,83
164,D2,strength_quartile,AdaptiveJackknifeCP,20,0.1,0.334242582321167,stacked,0.9397590361445783,19.437369886527105,25.658290391547535,83
164,D2,strength_quartile,AdaptiveJackknifeCP-exactJK+,20,0.1,0.32868003845214844,stacked,0.927710843373494,17.626630135152315,25.915398710993852,83
164,D2,strength_quartile,TargetOnlyJKplus,20,0.1,0.31368160247802734,local-ridge,0.9397590361445783,19.532879682571764,24.289190574683055,83
164,D2,strength_quartile,TargetOnlyJKplus-exactJK+,20,0.1,0.3394763469696045,local-ridge,0.8795180722891566,16.29434442497424,23.77541349980233,83
164,D2,strength_quartile,StackedOnlyCP,20,0.1,0.006003618240356445,stacked,0.9397590361445783,19.437369886527105,25.658290391547535,83
164,D2,strength_quartile,TargetOnlyCP,20,0.1,0.002000093460083008,,0.7831325301204819,12.632761301698935,25.16791632923592,83
164,D2,strength_quartile,AdaptiveSplitCP,20,0.1,0.002000093460083008,stacked,0.9518072289156626,19.40430763464958,25.1148941708244,83
164,D2,strength_quartile,TransferCal-CP-affine-localsigma,20,0.1,0.0020008087158203125,,0.9759036144578314,26.469356232505117,28.68577468338053,83
164,D2,random,SplitCP-source,20,0.1,0.0,,0.0,3.2334716657032345,325.9608762694141,83
164,D2,random,AdaptiveJackknifeCP,20,0.1,0.328230619430542,stacked,1.0,35.425651132013286,35.425651132013286,83
164,D2,random,AdaptiveJackknifeCP-exactJK+,20,0.1,0.3218817710876465,stacked,0.9879518072289156,24.99971959072613,25.55697834458965,83
164,D2,random,TargetOnlyJKplus,20,0.1,0.32669734954833984,local-ridge,1.0,28.89789209478684,28.89789209478684,83
164,D2,random,TargetOnlyJKplus-exactJK+,20,0.1,0.33728718757629395,local-ridge,1.0,26.607881948203115,26.607881948203115,83
164,D2,random,StackedOnlyCP,20,0.1,0.006328582763671875,stacked,1.0,35.425651132013286,35.425651132013286,83
164,D2,random,TargetOnlyCP,20,0.1,0.0010058879852294922,,1.0,32.04478042317736,32.04478042317736,83
164,D2,random,AdaptiveSplitCP,20,0.1,0.0029990673065185547,stacked,1.0,39.497595263159496,39.497595263159496,83
164,D2,random,TransferCal-CP-affine-localsigma,20,0.1,0.0015034675598144531,,1.0,38.9153129810465,38.9153129810465,83
164,D2,covariate,SplitCP-source,20,0.1,0.0010056495666503906,,0.0,3.2334716657032345,338.527872358268,83
164,D2,covariate,AdaptiveJackknifeCP,20,0.1,0.3430652618408203,stacked,0.9879518072289156,28.24311541795854,29.319363115392306,83
164,D2,covariate,AdaptiveJackknifeCP-exactJK+,20,0.1,0.350017786026001,stacked,0.9759036144578314,23.519501382174877,25.165147666148872,83
164,D2,covariate,TargetOnlyJKplus,20,0.1,0.3393533229827881,local-ridge,0.8433734939759037,15.348537341722785,23.49495664896412,83
164,D2,covariate,TargetOnlyJKplus-exactJK+,20,0.1,0.33585166931152344,local-ridge,0.9036144578313253,17.82715830874352,22.899741073120904,83
164,D2,covariate,StackedOnlyCP,20,0.1,0.006640911102294922,stacked,0.9879518072289156,28.24311541795854,29.319363115392306,83
164,D2,covariate,TargetOnlyCP,20,0.1,0.0021049976348876953,,0.9759036144578314,29.689548949436194,31.795724421959676,83
164,D2,covariate,AdaptiveSplitCP,20,0.1,0.0016989707946777344,stacked,0.9759036144578314,25.88145433066996,27.698771902180216,83
164,D2,covariate,TransferCal-CP-affine-localsigma,20,0.1,0.0029773712158203125,,0.963855421686747,31.077885010246117,34.26676430302763,83
164,D4,strength_quartile,SplitCP-source,20,0.1,0.0010006427764892578,,0.04294478527607362,3.2543575201349033,215.68629770641894,163
164,D4,strength_quartile,AdaptiveJackknifeCP,20,0.1,0.30814409255981445,stacked,0.8895705521472392,13.030471410255473,16.713314418541195,163
164,D4,strength_quartile,AdaptiveJackknifeCP-exactJK+,20,0.1,0.29871344566345215,stacked,0.901840490797546,14.223540199191154,17.603638368875316,163
164,D4,strength_quartile,TargetOnlyJKplus,20,0.1,0.34067559242248535,local-ridge,0.9693251533742331,39.12274837138261,42.1375808327462,163
164,D4,strength_quartile,TargetOnlyJKplus-exactJK+,20,0.1,0.3200674057006836,local-ridge,0.950920245398773,34.737815399115014,40.334167485014795,163
164,D4,strength_quartile,StackedOnlyCP,20,0.1,0.006506204605102539,stacked,0.8895705521472392,13.030471410255473,16.713314418541195,163
164,D4,strength_quartile,TargetOnlyCP,20,0.1,0.0009996891021728516,,0.9877300613496932,54.51793448278749,55.187317763459966,163
164,D4,strength_quartile,AdaptiveSplitCP,20,0.1,0.0020003318786621094,stacked,0.9938650306748467,17.94438272587898,18.04183680118301,163
164,D4,strength_quartile,TransferCal-CP-affine-localsigma,20,0.1,0.0020008087158203125,,1.0,56.05638880835975,56.05638880835975,163
164,D4,random,SplitCP-source,20,0.1,0.0010006427764892578,,0.024539877300613498,3.2543575201349033,219.95314994027663,163
164,D4,random,AdaptiveJackknifeCP,20,0.1,0.30231738090515137,stacked,0.9570552147239264,16.663115586958554,17.524289447166108,163
164,D4,random,AdaptiveJackknifeCP-exactJK+,20,0.1,0.3142521381378174,stacked,0.9754601226993865,17.478430236441653,17.856036399939896,163
164,D4,random,TargetOnlyJKplus,20,0.1,0.3107578754425049,local-ridge,1.0,47.79146130547105,47.79146130547105,163
164,D4,random,TargetOnlyJKplus-exactJK+,20,0.1,0.3286125659942627,local-ridge,0.9877300613496932,41.537828982589026,42.01272285705613,163
164,D4,random,StackedOnlyCP,20,0.1,0.005501985549926758,stacked,0.9570552147239264,16.663115586958554,17.524289447166108,163
164,D4,random,TargetOnlyCP,20,0.1,0.0020036697387695312,,0.9938650306748467,55.25123993383051,55.35594892831201,163
164,D4,random,AdaptiveSplitCP,20,0.1,0.0009996891021728516,stacked,1.0,33.893132926556994,33.893132926556994,163
164,D4,random,TransferCal-CP-affine-localsigma,20,0.1,0.0020003318786621094,,0.9938650306748467,48.911164407042016,49.51211599576039,163
164,D4,covariate,SplitCP-source,20,0.1,0.0010008811950683594,,0.04294478527607362,3.2543575201349033,219.76013376218,163
164,D4,covariate,AdaptiveJackknifeCP,20,0.1,0.31949543952941895,stacked,0.9570552147239264,13.832877650534341,15.457512874163243,163
164,D4,covariate,AdaptiveJackknifeCP-exactJK+,20,0.1,0.30397725105285645,stacked,0.9693251533742331,15.069817807030715,16.191919372460553,163
164,D4,covariate,TargetOnlyJKplus,20,0.1,0.3132641315460205,local-ridge,0.8404907975460123,25.245190781694756,40.41799462858558,163
164,D4,covariate,TargetOnlyJKplus-exactJK+,20,0.1,0.3096795082092285,local-ridge,0.8343558282208589,26.296980980123486,40.74485095466714,163
164,D4,covariate,StackedOnlyCP,20,0.1,0.003506183624267578,stacked,0.9570552147239264,13.832877650534341,15.457512874163243,163
164,D4,covariate,TargetOnlyCP,20,0.1,0.0010004043579101562,,0.9815950920245399,48.01521278492534,49.73910734826379,163
164,D4,covariate,AdaptiveSplitCP,20,0.1,0.0019996166229248047,stacked,0.9570552147239264,35.81645726052384,40.47405468506567,163
164,D4,covariate,TransferCal-CP-affine-localsigma,20,0.1,0.001001119613647461,,0.9570552147239264,37.36811847225047,41.940382691981945,163
165,D1,strength_quartile,SplitCP-source,20,0.1,0.0009999275207519531,,0.07616974972796518,2.9757030184129145,172.70060418689502,919
165,D1,strength_quartile,AdaptiveJackknifeCP,20,0.1,0.33675384521484375,stacked,0.9096844396082698,46.79490662627448,60.06861815833504,919
165,D1,strength_quartile,AdaptiveJackknifeCP-exactJK+,20,0.1,0.28429150581359863,stacked,0.9249183895538629,45.08045297767034,54.45798156878694,919
165,D1,strength_quartile,TargetOnlyJKplus,20,0.1,0.3302302360534668,local-ridge,0.8411316648531012,42.51811573184779,127.54128092604724,919
165,D1,strength_quartile,TargetOnlyJKplus-exactJK+,20,0.1,0.3130803108215332,local-ridge,0.8313384113166485,41.977063847463405,122.97188744629479,919
165,D1,strength_quartile,StackedOnlyCP,20,0.1,0.006043910980224609,stacked,0.9096844396082698,46.79490662627448,60.06861815833504,919
165,D1,strength_quartile,TargetOnlyCP,20,0.1,0.0009999275207519531,,0.9173014145810664,63.263371337467454,99.2672665857422,919
165,D1,strength_quartile,AdaptiveSplitCP,20,0.1,0.003000020980834961,stacked,0.9978237214363439,84.00576487587794,84.01316062530665,919
165,D1,strength_quartile,TransferCal-CP-affine-localsigma,20,0.1,0.0010001659393310547,,0.9684439608269858,66.9230569709455,69.92010417713004,919
165,D1,random,SplitCP-source,20,0.1,0.0010006427764892578,,0.0750816104461371,2.9757030184129145,173.54122554391088,919
165,D1,random,AdaptiveJackknifeCP,20,0.1,0.3005502223968506,stacked,0.8705114254624592,39.98162366795111,55.640151433575376,919
165,D1,random,AdaptiveJackknifeCP-exactJK+,20,0.1,0.31215500831604004,stacked,0.9249183895538629,43.721305308069944,50.63768848199206,919
165,D1,random,TargetOnlyJKplus,20,0.1,0.2914111614227295,local-ridge,0.7725788900979326,45.166871406796425,265.66866026054225,919
165,D1,random,TargetOnlyJKplus-exactJK+,20,0.1,0.31088924407958984,local-ridge,0.7780195865070729,49.585127861096396,228.53565515682862,919
165,D1,random,StackedOnlyCP,20,0.1,0.0030024051666259766,stacked,0.8705114254624592,39.98162366795111,55.640151433575376,919
165,D1,random,TargetOnlyCP,20,0.1,0.0009999275207519531,,0.6463547334058759,28.802211277644744,301.2436612550891,919
165,D1,random,AdaptiveSplitCP,20,0.1,0.0010001659393310547,stacked,0.6517954298150164,29.77366201699658,126.37884435417669,919
165,D1,random,TransferCal-CP-affine-localsigma,20,0.1,0.0010001659393310547,,0.7878128400435256,30.3353977440791,50.12403856388967,919
165,D1,covariate,SplitCP-source,20,0.1,0.0009999275207519531,,0.07399347116430903,2.9757030184129145,171.64336377038902,919
165,D1,covariate,AdaptiveJackknifeCP,20,0.1,0.3054029941558838,stacked,0.9804134929270947,63.45655725468375,64.66196849342164,919
165,D1,covariate,AdaptiveJackknifeCP-exactJK+,20,0.1,0.34041905403137207,stacked,0.9912948857453754,68.41069881604768,68.75977791322691,919
165,D1,covariate,TargetOnlyJKplus,20,0.1,0.3273186683654785,local-ridge,1.0,95.21296179276086,95.21296179276086,919
165,D1,covariate,TargetOnlyJKplus-exactJK+,20,0.1,0.32988429069519043,local-ridge,1.0,94.86724966073398,94.86724966073398,919
165,D1,covariate,StackedOnlyCP,20,0.1,0.007003307342529297,stacked,0.9804134929270947,63.45655725468375,64.66196849342164,919
165,D1,covariate,TargetOnlyCP,20,0.1,0.0019998550415039062,,0.970620239390642,68.43910325534998,69.75680651886317,919
165,D1,covariate,AdaptiveSplitCP,20,0.1,0.0019996166229248047,stacked,0.8933623503808488,96.94503947763549,148.6431411438697,919
165,D1,covariate,TransferCal-CP-affine-localsigma,20,0.1,0.0020008087158203125,,0.8672470076169749,34.78119091679411,45.78681593802092,919
165,D2,strength_quartile,SplitCP-source,20,0.1,0.0005033016204833984,,0.012048192771084338,3.704867236746779,323.8129454207107,83
165,D2,strength_quartile,AdaptiveJackknifeCP,20,0.1,0.2970719337463379,stacked,0.9759036144578314,22.354980917515316,23.923091054844708,83
165,D2,strength_quartile,AdaptiveJackknifeCP-exactJK+,20,0.1,0.2950735092163086,stacked,0.9879518072289156,21.373421995357905,23.068294099053187,83
165,D2,strength_quartile,TargetOnlyJKplus,20,0.1,0.3057224750518799,local-ridge,0.9879518072289156,26.242621532481333,27.48719308934635,83
165,D2,strength_quartile,TargetOnlyJKplus-exactJK+,20,0.1,0.3055851459503174,local-ridge,0.9759036144578314,24.6188767678653,25.881614779851336,83
165,D2,strength_quartile,StackedOnlyCP,20,0.1,0.005997657775878906,stacked,0.9759036144578314,22.354980917515316,23.923091054844708,83
165,D2,strength_quartile,TargetOnlyCP,20,0.1,0.0009999275207519531,,0.9879518072289156,35.28270715970489,36.609568292751725,83
165,D2,strength_quartile,AdaptiveSplitCP,20,0.1,0.0020003318786621094,stacked,0.9759036144578314,25.48871821109639,26.59245377530735,83
165,D2,strength_quartile,TransferCal-CP-affine-localsigma,20,0.1,0.0020003318786621094,,0.9879518072289156,54.121489749009555,54.29949473830477,83
165,D2,random,SplitCP-source,20,0.1,0.0010006427764892578,,0.012048192771084338,3.704867236746779,321.09722632931926,83
165,D2,random,AdaptiveJackknifeCP,20,0.1,0.302232027053833,stacked,0.9759036144578314,23.10057789978242,26.049555315695336,83
165,D2,random,AdaptiveJackknifeCP-exactJK+,20,0.1,0.30437326431274414,stacked,0.963855421686747,21.67884353597545,25.35471468114193,83
165,D2,random,TargetOnlyJKplus,20,0.1,0.3214576244354248,local-ridge,0.9518072289156626,21.49571973298988,24.019390532628716,83
165,D2,random,TargetOnlyJKplus-exactJK+,20,0.1,0.2996695041656494,local-ridge,0.9518072289156626,20.205703105404535,23.4982218443597,83
165,D2,random,StackedOnlyCP,20,0.1,0.0030050277709960938,stacked,0.9759036144578314,23.10057789978242,26.049555315695336,83
165,D2,random,TargetOnlyCP,20,0.1,0.0010001659393310547,,0.927710843373494,19.54721321112225,22.993866526646542,83
165,D2,random,AdaptiveSplitCP,20,0.1,0.002000093460083008,stacked,1.0,48.93721877638934,48.93721877638934,83
165,D2,random,TransferCal-CP-affine-localsigma,20,0.1,0.0010001659393310547,,0.9759036144578314,31.0188854367457,32.816781137936545,83
165,D2,covariate,SplitCP-source,20,0.1,0.001001119613647461,,0.0,3.704867236746779,329.0826495947453,83
165,D2,covariate,AdaptiveJackknifeCP,20,0.1,0.2903707027435303,stacked,0.9759036144578314,21.74508959638436,25.128622072745674,83
165,D2,covariate,AdaptiveJackknifeCP-exactJK+,20,0.1,0.3084299564361572,stacked,0.9518072289156626,19.726453191801202,23.17541921954911,83
165,D2,covariate,TargetOnlyJKplus,20,0.1,0.30248165130615234,local-ridge,0.9518072289156626,17.788944630989114,22.753100928080144,83
165,D2,covariate,TargetOnlyJKplus-exactJK+,20,0.1,0.30442285537719727,local-ridge,0.9518072289156626,18.08274394188275,23.057908071587683,83
165,D2,covariate,StackedOnlyCP,20,0.1,0.00651097297668457,stacked,0.9759036144578314,21.74508959638436,25.128622072745674,83
165,D2,covariate,TargetOnlyCP,20,0.1,0.0009996891021728516,,0.963855421686747,22.978163462485774,25.054916222959935,83
165,D2,covariate,AdaptiveSplitCP,20,0.1,0.0019996166229248047,stacked,0.963855421686747,23.112128901860927,24.84283264161207,83
165,D2,covariate,TransferCal-CP-affine-localsigma,20,0.1,0.0020008087158203125,,0.9879518072289156,33.183165955336065,34.49299870437948,83
165,D4,strength_quartile,SplitCP-source,20,0.1,0.0010004043579101562,,0.03680981595092025,3.1065971136086863,222.4466357250481,163
165,D4,strength_quartile,AdaptiveJackknifeCP,20,0.1,0.3173024654388428,stacked,0.901840490797546,11.56760509698443,13.801887695386604,163
165,D4,strength_quartile,AdaptiveJackknifeCP-exactJK+,20,0.1,0.33921003341674805,stacked,0.9325153374233128,12.523963588896164,13.669380949440578,163
165,D4,strength_quartile,TargetOnlyJKplus,20,0.1,0.32468652725219727,local-ridge,0.9631901840490797,35.33049457753224,37.982399584974274,163
165,D4,strength_quartile,TargetOnlyJKplus-exactJK+,20,0.1,0.33943867683410645,local-ridge,0.9570552147239264,36.10868432967469,38.957186905190206,163
165,D4,strength_quartile,StackedOnlyCP,20,0.1,0.0061342716217041016,stacked,0.901840490797546,11.56760509698443,13.801887695386604,163
165,D4,strength_quartile,TargetOnlyCP,20,0.1,0.0009999275207519531,,0.9938650306748467,69.08387296873263,69.17500795105366,163
165,D4,strength_quartile,AdaptiveSplitCP,20,0.1,0.002002239227294922,stacked,0.9938650306748467,38.41849789838725,38.67102104781948,163
165,D4,strength_quartile,TransferCal-CP-affine-localsigma,20,0.1,0.0020017623901367188,,1.0,82.61161275928707,82.61161275928707,163
165,D4,random,SplitCP-source,20,0.1,0.0010073184967041016,,0.024539877300613498,3.1065971136086863,225.7871284932445,163
165,D4,random,AdaptiveJackknifeCP,20,0.1,0.35687994956970215,stacked,0.852760736196319,17.776589212327746,25.863996853785526,163
165,D4,random,AdaptiveJackknifeCP-exactJK+,20,0.1,0.3282759189605713,stacked,0.8711656441717791,16.8157927707211,23.417872826803674,163
165,D4,random,TargetOnlyJKplus,20,0.1,0.3214876651763916,local-ridge,0.9631901840490797,32.39035019774047,35.78359787650664,163
165,D4,random,TargetOnlyJKplus-exactJK+,20,0.1,0.3443331718444824,local-ridge,0.9570552147239264,32.39955068054174,35.95331666874846,163
165,D4,random,StackedOnlyCP,20,0.1,0.00593113899230957,stacked,0.852760736196319,17.776589212327746,25.863996853785526,163
165,D4,random,TargetOnlyCP,20,0.1,0.0012221336364746094,,0.9938650306748467,46.88206358143805,47.14999615458177,163
165,D4,random,AdaptiveSplitCP,20,0.1,0.001142263412475586,stacked,0.8159509202453987,25.343715178647102,50.089471063897705,163
165,D4,random,TransferCal-CP-affine-localsigma,20,0.1,0.0025069713592529297,,0.9079754601226994,35.66661510307636,44.98539019942072,163
165,D4,covariate,SplitCP-source,20,0.1,0.0,,0.03067484662576687,3.1065971136086863,224.21213760524412,163
165,D4,covariate,AdaptiveJackknifeCP,20,0.1,0.33317995071411133,stacked,1.0,24.468279130346914,24.468279130346914,163
165,D4,covariate,AdaptiveJackknifeCP-exactJK+,20,0.1,0.33861565589904785,stacked,0.9938650306748467,19.100591420034625,19.180820919408482,163
165,D4,covariate,TargetOnlyJKplus,20,0.1,0.3187098503112793,local-ridge,1.0,47.42741593008223,47.42741593008223,163
165,D4,covariate,TargetOnlyJKplus-exactJK+,20,0.1,0.37706708908081055,local-ridge,0.9815950920245399,37.02331082380128,38.65352014549767,163
165,D4,covariate,StackedOnlyCP,20,0.1,0.00600123405456543,stacked,1.0,24.468279130346914,24.468279130346914,163
165,D4,covariate,TargetOnlyCP,20,0.1,0.0019996166229248047,,1.0,67.79171494122143,67.79171494122143,163
165,D4,covariate,AdaptiveSplitCP,20,0.1,0.0029997825622558594,stacked,0.8773006134969326,11.035477612263293,15.057818863378763,163
165,D4,covariate,TransferCal-CP-affine-localsigma,20,0.1,0.0025053024291992188,,1.0,67.83626637675592,67.83626637675592,163
166,D1,strength_quartile,SplitCP-source,20,0.1,0.0,,0.06964091403699674,2.182544007945509,181.61167979596073,919
166,D1,strength_quartile,AdaptiveJackknifeCP,20,0.1,0.4441337585449219,stacked,0.8715995647442872,59.92766699095193,100.90166484345184,919
166,D1,strength_quartile,AdaptiveJackknifeCP-exactJK+,20,0.1,0.4419097900390625,stacked,0.8335146898803046,57.422127012090186,105.4230462832931,919
166,D1,strength_quartile,TargetOnlyJKplus,20,0.1,0.4454030990600586,local-ridge,0.9336235038084875,55.16020488217727,64.91621746490917,919
166,D1,strength_quartile,TargetOnlyJKplus-exactJK+,20,0.1,0.44603753089904785,local-ridge,0.9173014145810664,53.40175524148896,64.15662393508606,919
166,D1,strength_quartile,StackedOnlyCP,20,0.1,0.0050890445709228516,stacked,0.8715995647442872,59.92766699095193,100.90166484345184,919
166,D1,strength_quartile,TargetOnlyCP,20,0.1,0.002479076385498047,,0.8781284004352558,42.516022668967494,59.205947848191784,919
166,D1,strength_quartile,AdaptiveSplitCP,20,0.1,0.0010881423950195312,stacked,0.6572361262241567,102.76848984952608,468.4543367720639,919
166,D1,strength_quartile,TransferCal-CP-affine-localsigma,20,0.1,0.002526521682739258,,0.9836779107725789,52.03527067959532,53.58650277066293,919
166,D1,random,SplitCP-source,20,0.1,0.0010001659393310547,,0.06964091403699674,2.1825440079455096,181.84460457411424,919
166,D1,random,AdaptiveJackknifeCP,20,0.1,0.44318318367004395,stacked,0.998911860718172,73.30009222351954,73.33113607874948,919
166,D1,random,AdaptiveJackknifeCP-exactJK+,20,0.1,0.44100332260131836,stacked,0.9902067464635473,71.11759739452768,71.43549739461143,919
166,D1,random,TargetOnlyJKplus,20,0.1,0.43654584884643555,local-ridge,0.998911860718172,93.72065864716978,93.8380864964765,919
166,D1,random,TargetOnlyJKplus-exactJK+,20,0.1,0.4461793899536133,local-ridge,0.9869423286180631,95.48622626992581,97.42559933369508,919
166,D1,random,StackedOnlyCP,20,0.1,0.005788564682006836,stacked,0.998911860718172,73.30009222351954,73.33113607874948,919
166,D1,random,TargetOnlyCP,20,0.1,0.001504659652709961,,0.984766050054407,320.5476541181005,325.1405757732418,919
166,D1,random,AdaptiveSplitCP,20,0.1,0.0027425289154052734,stacked,0.9815016322089227,493.3345805105082,504.10670355962816,919
166,D1,random,TransferCal-CP-affine-localsigma,20,0.1,0.0009999275207519531,,0.9945593035908596,76.42317316676146,76.68809069172218,919
166,D1,covariate,SplitCP-source,20,0.1,0.0,,0.06746463547334058,2.182544007945509,183.04189493059695,919
166,D1,covariate,AdaptiveJackknifeCP,20,0.1,0.4463796615600586,stacked,0.9173014145810664,59.479512518982915,132.7665793373035,919
166,D1,covariate,AdaptiveJackknifeCP-exactJK+,20,0.1,0.44798827171325684,stacked,0.8966267682263329,52.999191164521136,132.7219620313873,919
166,D1,covariate,TargetOnlyJKplus,20,0.1,0.47360944747924805,local-ridge,0.8944504896626768,53.558284204460996,130.9372866541559,919
166,D1,covariate,TargetOnlyJKplus-exactJK+,20,0.1,0.43505382537841797,local-ridge,0.8574537540805223,47.79519166557138,133.90154974296257,919
166,D1,covariate,StackedOnlyCP,20,0.1,0.006528615951538086,stacked,0.9173014145810664,59.479512518982915,132.7665793373035,919
166,D1,covariate,TargetOnlyCP,20,0.1,0.002003908157348633,,0.8998911860718172,74.88830555721064,200.47094614016987,919
166,D1,covariate,AdaptiveSplitCP,20,0.1,0.003000974655151367,stacked,0.8813928182807399,73.92389609489804,229.4717266420938,919
166,D1,covariate,TransferCal-CP-affine-localsigma,20,0.1,0.0025038719177246094,,0.9880304678998912,57.75289562516273,59.00802386972323,919
166,D2,strength_quartile,SplitCP-source,20,0.1,0.0010006427764892578,,0.0,3.6185982967021166,343.85061197938376,83
166,D2,strength_quartile,AdaptiveJackknifeCP,20,0.1,0.4740743637084961,stacked,0.8554216867469879,15.981183420363257,22.203895587976223,83
166,D2,strength_quartile,AdaptiveJackknifeCP-exactJK+,20,0.1,0.4888730049133301,stacked,0.8192771084337349,16.2139638278457,22.76729441743863,83
166,D2,strength_quartile,TargetOnlyJKplus,20,0.1,0.37225866317749023,local-ridge,0.9518072289156626,19.139746754531654,22.951902127325695,83
166,D2,strength_quartile,TargetOnlyJKplus-exactJK+,20,0.1,0.355924129486084,local-ridge,0.9518072289156626,20.136704974609852,23.589912082940582,83
166,D2,strength_quartile,StackedOnlyCP,20,0.1,0.006173849105834961,stacked,0.8554216867469879,15.981183420363257,22.203895587976223,83
166,D2,strength_quartile,TargetOnlyCP,20,0.1,0.0010044574737548828,,0.9879518072289156,26.74081962607965,27.79786972215773,83
166,D2,strength_quartile,AdaptiveSplitCP,20,0.1,0.0030002593994140625,stacked,0.891566265060241,20.744697954324366,25.707272655680352,83
166,D2,strength_quartile,TransferCal-CP-affine-localsigma,20,0.1,0.0019991397857666016,,0.9518072289156626,31.219651786116717,32.84301075496122,83
166,D2,random,SplitCP-source,20,0.1,0.0009999275207519531,,0.0,3.6185982967021166,349.5593375636171,83
166,D2,random,AdaptiveJackknifeCP,20,0.1,0.36872053146362305,stacked,0.891566265060241,16.18314166292276,23.35604897456468,83
166,D2,random,AdaptiveJackknifeCP-exactJK+,20,0.1,0.3793351650238037,stacked,0.8674698795180723,14.831669138877118,24.63165604403195,83
166,D2,random,TargetOnlyJKplus,20,0.1,0.38666367530822754,local-ridge,0.8072289156626506,13.645719013546513,26.03098181431651,83
166,D2,random,TargetOnlyJKplus-exactJK+,20,0.1,0.3940694332122803,local-ridge,0.7831325301204819,12.487696546011572,27.179678632292383,83
166,D2,random,StackedOnlyCP,20,0.1,0.005506753921508789,stacked,0.891566265060241,16.18314166292276,23.35604897456468,83
166,D2,random,TargetOnlyCP,20,0.1,0.0019998550415039062,,0.7710843373493976,12.815111932459772,29.40024417409363,83
166,D2,random,AdaptiveSplitCP,20,0.1,0.002001523971557617,stacked,0.9156626506024096,24.078206616043843,27.97168816757188,83
166,D2,random,TransferCal-CP-affine-localsigma,20,0.1,0.0019996166229248047,,0.9879518072289156,34.09958208262442,34.73996213602232,83
166,D2,covariate,SplitCP-source,20,0.1,0.0010001659393310547,,0.0,3.6185982967021166,337.5647833767994,83
166,D2,covariate,AdaptiveJackknifeCP,20,0.1,0.3998584747314453,stacked,0.9397590361445783,20.504425527347568,25.505788305727425,83
166,D2,covariate,AdaptiveJackknifeCP-exactJK+,20,0.1,0.39926910400390625,stacked,0.891566265060241,21.632210786604517,28.08800772407285,83
166,D2,covariate,TargetOnlyJKplus,20,0.1,0.38774561882019043,local-ridge,0.9518072289156626,17.916830836746115,21.037795365294276,83
166,D2,covariate,TargetOnlyJKplus-exactJK+,20,0.1,0.35457372665405273,local-ridge,0.927710843373494,17.18008995292866,20.714805401052654,83
166,D2,covariate,StackedOnlyCP,20,0.1,0.0039997100830078125,stacked,0.9397590361445783,20.504425527347568,25.505788305727425,83
166,D2,covariate,TargetOnlyCP,20,0.1,0.0010004043579101562,,1.0,39.34951695790026,39.34951695790026,83
166,D2,covariate,AdaptiveSplitCP,20,0.1,0.0025081634521484375,stacked,1.0,35.49049637653768,35.49049637653768,83
166,D2,covariate,TransferCal-CP-affine-localsigma,20,0.1,0.0009996891021728516,,1.0,44.75753367312095,44.75753367312095,83
166,D4,strength_quartile,SplitCP-source,20,0.1,0.0010035037994384766,,0.06748466257668712,3.3422088545773714,208.87500753385294,163
166,D4,strength_quartile,AdaptiveJackknifeCP,20,0.1,0.46105289459228516,stacked,0.950920245398773,12.573322963081708,14.397532857724796,163
166,D4,strength_quartile,AdaptiveJackknifeCP-exactJK+,20,0.1,0.4692835807800293,stacked,0.9447852760736196,12.649604301662254,14.107728017644154,163
166,D4,strength_quartile,TargetOnlyJKplus,20,0.1,0.4662442207336426,local-ridge,0.9386503067484663,28.160343708887748,35.00815501858742,163
166,D4,strength_quartile,TargetOnlyJKplus-exactJK+,20,0.1,0.4650280475616455,local-ridge,0.9325153374233128,29.626587157785995,36.41393241443406,163
166,D4,strength_quartile,StackedOnlyCP,20,0.1,0.006000041961669922,stacked,0.950920245398773,12.573322963081708,14.397532857724796,163
166,D4,strength_quartile,TargetOnlyCP,20,0.1,0.0010004043579101562,,0.9079754601226994,27.592380256198904,34.82340354771542,163
166,D4,strength_quartile,AdaptiveSplitCP,20,0.1,0.002517223358154297,stacked,0.9754601226993865,14.667896737217234,15.450042838904324,163
166,D4,strength_quartile,TransferCal-CP-affine-localsigma,20,0.1,0.002003908157348633,,0.9877300613496932,41.1716166054649,41.871284218959985,163
166,D4,random,SplitCP-source,20,0.1,0.0009989738464355469,,0.06134969325153374,3.3422088545773714,214.7309031919652,163
166,D4,random,AdaptiveJackknifeCP,20,0.1,0.45989084243774414,stacked,0.8343558282208589,9.758197673658765,14.410448928689695,163
166,D4,random,AdaptiveJackknifeCP-exactJK+,20,0.1,0.46971940994262695,stacked,0.9325153374233128,13.366317257837906,14.50201943064223,163
166,D4,random,TargetOnlyJKplus,20,0.1,0.46564269065856934,local-ridge,0.9877300613496932,38.10673858786649,38.25793438248208,163
166,D4,random,TargetOnlyJKplus-exactJK+,20,0.1,0.4691789150238037,local-ridge,0.9079754601226994,32.45000568953849,36.86489048333478,163
166,D4,random,StackedOnlyCP,20,0.1,0.0049991607666015625,stacked,0.8343558282208589,9.758197673658765,14.410448928689695,163
166,D4,random,TargetOnlyCP,20,0.1,0.002003192901611328,,1.0,51.60138714209322,51.60138714209322,163
166,D4,random,AdaptiveSplitCP,20,0.1,0.0020008087158203125,stacked,1.0,31.86144569276986,31.86144569276986,163
166,D4,random,TransferCal-CP-affine-localsigma,20,0.1,0.0010008811950683594,,0.9263803680981595,33.90270435705954,38.36965792999806,163
166,D4,covariate,SplitCP-source,20,0.1,0.0010008811950683594,,0.06748466257668712,3.342208854577371,205.41575529034094,163
166,D4,covariate,AdaptiveJackknifeCP,20,0.1,0.4671308994293213,stacked,0.9202453987730062,15.589665409026024,18.544958630253333,163
166,D4,covariate,AdaptiveJackknifeCP-exactJK+,20,0.1,0.460376501083374,stacked,0.9202453987730062,15.234140587645372,18.663377083431325,163
166,D4,covariate,TargetOnlyJKplus,20,0.1,0.4774930477142334,local-ridge,0.8957055214723927,32.19517831687892,41.715054538100894,163
166,D4,covariate,TargetOnlyJKplus-exactJK+,20,0.1,0.4461824893951416,local-ridge,0.8895705521472392,30.77707860108872,43.811712166419355,163
166,D4,covariate,StackedOnlyCP,20,0.1,0.00599980354309082,stacked,0.9202453987730062,15.589665409026024,18.544958630253333,163
166,D4,covariate,TargetOnlyCP,20,0.1,0.0009996891021728516,,0.901840490797546,38.963619563897595,50.843086321405636,163
166,D4,covariate,AdaptiveSplitCP,20,0.1,0.003000020980834961,stacked,0.9263803680981595,15.924385172139594,20.56660192158664,163
166,D4,covariate,TransferCal-CP-affine-localsigma,20,0.1,0.0019998550415039062,,0.9141104294478528,29.243479086715013,36.40562683760372,163
167,D1,strength_quartile,SplitCP-source,20,0.1,0.0,,0.062023939064200215,2.693763105943262,179.99415702670757,919
167,D1,strength_quartile,AdaptiveJackknifeCP,20,0.1,0.4817817211151123,stacked,0.9717083786724701,53.85078793469744,56.46241820441201,919
167,D1,strength_quartile,AdaptiveJackknifeCP-exactJK+,20,0.1,0.4774136543273926,stacked,0.9423286180631121,51.9114392961615,56.87139422167062,919
167,D1,strength_quartile,TargetOnlyJKplus,20,0.1,0.480907678604126,local-ridge,0.9140369967355821,52.178800392805016,66.61530333057861,919
167,D1,strength_quartile,TargetOnlyJKplus-exactJK+,20,0.1,0.4588499069213867,local-ridge,0.8900979325353645,51.16814939572365,68.70476013052003,919
167,D1,strength_quartile,StackedOnlyCP,20,0.1,0.0065081119537353516,stacked,0.9717083786724701,53.85078793469744,56.46241820441201,919
167,D1,strength_quartile,TargetOnlyCP,20,0.1,0.0019996166229248047,,0.9912948857453754,230.6524643690705,232.22958760669692,919
167,D1,strength_quartile,AdaptiveSplitCP,20,0.1,0.002000093460083008,stacked,0.9891186071817193,422.5167947468335,425.03750580765643,919
167,D1,strength_quartile,TransferCal-CP-affine-localsigma,20,0.1,0.002003908157348633,,0.9009793253536452,36.90834202570295,46.56253576024571,919
167,D1,random,SplitCP-source,20,0.1,0.0,,0.06528835690968444,2.693763105943262,178.7697028131961,919
167,D1,random,AdaptiveJackknifeCP,20,0.1,0.46168088912963867,stacked,0.8988030467899891,50.733192550697815,65.86734420299891,919
167,D1,random,AdaptiveJackknifeCP-exactJK+,20,0.1,0.4787447452545166,stacked,0.8585418933623504,45.812851287288744,65.51834913178078,919
167,D1,random,TargetOnlyJKplus,20,0.1,0.45446133613586426,local-ridge,0.9727965179542981,66.9529327081125,68.32994149161742,919
167,D1,random,TargetOnlyJKplus-exactJK+,20,0.1,0.45893025398254395,local-ridge,0.8998911860718172,59.91143545579819,65.78138330938425,919
167,D1,random,StackedOnlyCP,20,0.1,0.006506919860839844,stacked,0.8988030467899891,50.733192550697815,65.86734420299891,919
167,D1,random,TargetOnlyCP,20,0.1,0.0009992122650146484,,0.969532100108814,92.74037968942136,105.35358625097564,919
167,D1,random,AdaptiveSplitCP,20,0.1,0.002000570297241211,stacked,0.941240478781284,63.64052695034388,74.18009897927665,919
167,D1,random,TransferCal-CP-affine-localsigma,20,0.1,0.0019998550415039062,,0.9978237214363439,82.79392427144877,82.94497555694389,919
167,D1,covariate,SplitCP-source,20,0.1,0.0,,0.06528835690968444,2.693763105943262,179.28644371775772,919
167,D1,covariate,AdaptiveJackknifeCP,20,0.1,0.45116615295410156,stacked,0.9532100108813928,46.554914758832396,51.76130796900649,919
167,D1,covariate,AdaptiveJackknifeCP-exactJK+,20,0.1,0.4702026844024658,stacked,0.9183895538628944,42.096650882017464,49.44311569015582,919
167,D1,covariate,TargetOnlyJKplus,20,0.1,0.4588639736175537,local-ridge,0.9314472252448314,51.37646575610393,59.01558822524532,919
167,D1,covariate,TargetOnlyJKplus-exactJK+,20,0.1,0.48021411895751953,local-ridge,0.9532100108813928,55.741338841695274,60.962939637520854,919
167,D1,covariate,StackedOnlyCP,20,0.1,0.0065076351165771484,stacked,0.9532100108813928,46.554914758832396,51.76130796900649,919
167,D1,covariate,TargetOnlyCP,20,0.1,0.002000093460083008,,0.9793253536452666,80.33507404569103,83.5217362798172,919
167,D1,covariate,AdaptiveSplitCP,20,0.1,0.0019989013671875,stacked,0.9912948857453754,109.91283850866941,111.08216007725512,919
167,D1,covariate,TransferCal-CP-affine-localsigma,20,0.1,0.0030031204223632812,,0.9825897714907508,70.26702378975358,71.17762972372427,919
167,D2,strength_quartile,SplitCP-source,20,0.1,0.0010004043579101562,,0.0,2.7187383321986895,345.00459994609014,83
167,D2,strength_quartile,AdaptiveJackknifeCP,20,0.1,0.46227002143859863,stacked,0.9879518072289156,28.139954123823717,28.42408500519562,83
167,D2,strength_quartile,AdaptiveJackknifeCP-exactJK+,20,0.1,0.4648926258087158,stacked,0.9879518072289156,26.709747975184616,27.58789346759761,83
167,D2,strength_quartile,TargetOnlyJKplus,20,0.1,0.4780387878417969,local-ridge,0.9397590361445783,17.90510622667462,22.313671040504364,83
167,D2,strength_quartile,TargetOnlyJKplus-exactJK+,20,0.1,0.4744880199432373,local-ridge,0.927710843373494,17.873357705461675,22.816314538211365,83
167,D2,strength_quartile,StackedOnlyCP,20,0.1,0.005999565124511719,stacked,0.9879518072289156,28.139954123823717,28.42408500519562,83
167,D2,strength_quartile,TargetOnlyCP,20,0.1,0.0019998550415039062,,0.9759036144578314,25.04638348157235,26.24256205685524,83
167,D2,strength_quartile,AdaptiveSplitCP,20,0.1,0.0025048255920410156,stacked,0.9879518072289156,33.27265722400882,34.01636328453481,83
167,D2,strength_quartile,TransferCal-CP-affine-localsigma,20,0.1,0.002500295639038086,,0.8313253012048193,24.274713716594146,31.81940027680645,83
167,D2,random,SplitCP-source,20,0.1,0.0010001659393310547,,0.0,2.7187383321986895,349.9969509513857,83
167,D2,random,AdaptiveJackknifeCP,20,0.1,0.47461676597595215,stacked,0.9036144578313253,14.514129763624862,20.835099186021395,83
167,D2,random,AdaptiveJackknifeCP-exactJK+,20,0.1,0.46125340461730957,stacked,0.9156626506024096,14.924459875424834,20.890709013374067,83
167,D2,random,TargetOnlyJKplus,20,0.1,0.4645497798919678,local-ridge,0.8433734939759037,14.038287289419204,23.591293417682383,83
167,D2,random,TargetOnlyJKplus-exactJK+,20,0.1,0.47295475006103516,local-ridge,0.8072289156626506,13.257692999668482,24.007515584507598,83
167,D2,random,StackedOnlyCP,20,0.1,0.006183147430419922,stacked,0.9036144578313253,14.514129763624862,20.835099186021395,83
167,D2,random,TargetOnlyCP,20,0.1,0.0009996891021728516,,0.8554216867469879,17.389360422718493,25.087902396669175,83
167,D2,random,AdaptiveSplitCP,20,0.1,0.002000093460083008,stacked,0.9397590361445783,26.93430362495967,29.72507201437692,83
167,D2,random,TransferCal-CP-affine-localsigma,20,0.1,0.0019991397857666016,,0.8072289156626506,18.63279029502006,33.939174593231364,83
167,D2,covariate,SplitCP-source,20,0.1,0.0010559558868408203,,0.0,2.7187383321986895,354.0082203123895,83
167,D2,covariate,AdaptiveJackknifeCP,20,0.1,0.4624662399291992,stacked,0.963855421686747,20.41210915170856,23.120696405696084,83
167,D2,covariate,AdaptiveJackknifeCP-exactJK+,20,0.1,0.4656085968017578,stacked,0.963855421686747,17.376883871754398,20.844093572218885,83
167,D2,covariate,TargetOnlyJKplus,20,0.1,0.39759230613708496,local-ridge,0.891566265060241,16.937825113756308,24.313191064703584,83
167,D2,covariate,TargetOnlyJKplus-exactJK+,20,0.1,0.4609215259552002,local-ridge,0.9156626506024096,17.58399953281179,25.1152578176752,83
167,D2,covariate,StackedOnlyCP,20,0.1,0.00694584846496582,stacked,0.963855421686747,20.41210915170856,23.120696405696084,83
167,D2,covariate,TargetOnlyCP,20,0.1,0.0013370513916015625,,0.9036144578313253,17.288014596544798,25.84124543011429,83
167,D2,covariate,AdaptiveSplitCP,20,0.1,0.0025787353515625,stacked,0.9759036144578314,24.747882143786764,27.341837350780217,83
167,D2,covariate,TransferCal-CP-affine-localsigma,20,0.1,0.0023500919342041016,,0.9156626506024096,25.658346748425767,29.730331478847056,83
167,D4,strength_quartile,SplitCP-source,20,0.1,0.0010006427764892578,,0.06134969325153374,3.080442974511449,179.44845891412388,163
167,D4,strength_quartile,AdaptiveJackknifeCP,20,0.1,0.47972941398620605,stacked,0.852760736196319,11.012682117880221,17.661724882473937,163
167,D4,strength_quartile,AdaptiveJackknifeCP-exactJK+,20,0.1,0.4745445251464844,stacked,0.8220858895705522,10.692110845213712,17.488494570216123,163
167,D4,strength_quartile,TargetOnlyJKplus,20,0.1,0.47146081924438477,local-ridge,0.9815950920245399,39.83432321304226,41.650926683167626,163
167,D4,strength_quartile,TargetOnlyJKplus-exactJK+,20,0.1,0.46977710723876953,local-ridge,0.9631901840490797,37.680649489125905,41.972245646242435,163
167,D4,strength_quartile,StackedOnlyCP,20,0.1,0.006003618240356445,stacked,0.852760736196319,11.012682117880221,17.661724882473937,163
167,D4,strength_quartile,TargetOnlyCP,20,0.1,0.0019998550415039062,,0.9631901840490797,49.84504313503629,54.691997170333984,163
167,D4,strength_quartile,AdaptiveSplitCP,20,0.1,0.002000093460083008,stacked,0.9325153374233128,17.56644089501366,20.676167415546317,163
167,D4,strength_quartile,TransferCal-CP-affine-localsigma,20,0.1,0.002000093460083008,,0.8650306748466258,25.777035153092896,38.79052263479952,163
167,D4,random,SplitCP-source,20,0.1,0.0009999275207519531,,0.0736196319018405,3.080442974511449,186.38329620377132,163
167,D4,random,AdaptiveJackknifeCP,20,0.1,0.4687035083770752,stacked,0.9570552147239264,13.790613843557876,15.218416514884398,163
167,D4,random,AdaptiveJackknifeCP-exactJK+,20,0.1,0.463392972946167,stacked,0.9386503067484663,13.90040952410174,15.318030598904873,163
167,D4,random,TargetOnlyJKplus,20,0.1,0.4705173969268799,local-ridge,0.950920245398773,33.769813444673275,38.84647633411527,163
167,D4,random,TargetOnlyJKplus-exactJK+,20,0.1,0.4750370979309082,local-ridge,0.9447852760736196,32.12129230308679,38.67767595921662,163
167,D4,random,StackedOnlyCP,20,0.1,0.005688190460205078,stacked,0.9570552147239264,13.790613843557876,15.218416514884398,163
167,D4,random,TargetOnlyCP,20,0.1,0.0010004043579101562,,0.9754601226993865,46.88916780998335,48.06326134203382,163
167,D4,random,AdaptiveSplitCP,20,0.1,0.0019998550415039062,stacked,0.9815950920245399,33.80032910682192,35.18146891883307,163
167,D4,random,TransferCal-CP-affine-localsigma,20,0.1,0.0020034313201904297,,0.9325153374233128,34.003421881831635,36.651401692174886,163
167,D4,covariate,SplitCP-source,20,0.1,0.001003265380859375,,0.0736196319018405,3.080442974511449,181.61506890177714,163
167,D4,covariate,AdaptiveJackknifeCP,20,0.1,0.47685694694519043,stacked,0.8957055214723927,12.050303152409782,16.966965623695206,163
167,D4,covariate,AdaptiveJackknifeCP-exactJK+,20,0.1,0.46352195739746094,stacked,0.8957055214723927,12.255891214486905,16.947752416852573,163
167,D4,covariate,TargetOnlyJKplus,20,0.1,0.503572940826416,local-ridge,0.852760736196319,22.87715348637004,36.89185669284766,163
167,D4,covariate,TargetOnlyJKplus-exactJK+,20,0.1,0.46987056732177734,local-ridge,0.8773006134969326,25.25004777193927,37.031286769407146,163
167,D4,covariate,StackedOnlyCP,20,0.1,0.0070002079010009766,stacked,0.8957055214723927,12.050303152409782,16.966965623695206,163
167,D4,covariate,TargetOnlyCP,20,0.1,0.0020003318786621094,,0.8650306748466258,33.575682133636974,47.28309799421757,163
167,D4,covariate,AdaptiveSplitCP,20,0.1,0.0019989013671875,stacked,0.8343558282208589,12.001358582349303,18.696984862784785,163
167,D4,covariate,TransferCal-CP-affine-localsigma,20,0.1,0.002000093460083008,,0.7055214723926381,18.88697788600177,49.61396817482091,163
168,D1,strength_quartile,SplitCP-source,20,0.1,0.0010001659393310547,,0.06855277475516866,2.5065339076807334,177.53843131724884,919
168,D1,strength_quartile,AdaptiveJackknifeCP,20,0.1,0.3604884147644043,stacked,0.9967355821545157,66.69449996502124,67.04446480184092,919
168,D1,strength_quartile,AdaptiveJackknifeCP-exactJK+,20,0.1,0.3530619144439697,stacked,0.9891186071817193,57.14674800057854,58.04115699196307,919
168,D1,strength_quartile,TargetOnlyJKplus,20,0.1,0.46334242820739746,local-ridge,0.9793253536452666,72.72215477515756,74.45404627434019,919
168,D1,strength_quartile,TargetOnlyJKplus-exactJK+,20,0.1,0.478177547454834,local-ridge,0.9434167573449401,59.71774277754953,67.71927913747615,919
168,D1,strength_quartile,StackedOnlyCP,20,0.1,0.00700068473815918,stacked,0.9967355821545157,66.69449996502124,67.04446480184092,919
168,D1,strength_quartile,TargetOnlyCP,20,0.1,0.00099945068359375,,0.9967355821545157,390.2007444556837,390.539820912481,919
168,D1,strength_quartile,AdaptiveSplitCP,20,0.1,0.0029997825622558594,stacked,0.9227421109902068,65.56919459081162,76.1980761108959,919
168,D1,strength_quartile,TransferCal-CP-affine-localsigma,20,0.1,0.0019998550415039062,,0.9281828073993471,41.24288676804997,47.81939350948722,919
168,D1,random,SplitCP-source,20,0.1,0.0,,0.06855277475516866,2.5065339076807334,176.69645271131995,919
168,D1,random,AdaptiveJackknifeCP,20,0.1,0.4860875606536865,stacked,0.9357997823721437,51.5960753050573,59.01994771431393,919
168,D1,random,AdaptiveJackknifeCP-exactJK+,20,0.1,0.4844183921813965,stacked,0.9455930359085963,56.98995134884751,63.266551861404714,919
168,D1,random,TargetOnlyJKplus,20,0.1,0.4752776622772217,local-ridge,0.9227421109902068,51.5341487987966,64.41214560561107,919
168,D1,random,TargetOnlyJKplus-exactJK+,20,0.1,0.49553728103637695,local-ridge,0.8900979325353645,48.18133785065466,66.11520047697556,919
168,D1,random,StackedOnlyCP,20,0.1,0.006003379821777344,stacked,0.9357997823721437,51.5960753050573,59.01994771431393,919
168,D1,random,TargetOnlyCP,20,0.1,0.0014371871948242188,,0.9096844396082698,56.37382906184368,71.16151525441431,919
168,D1,random,AdaptiveSplitCP,20,0.1,0.0020058155059814453,affine-transfer,0.9151251360174102,47.479443438947875,56.81262226468335,919
168,D1,random,TransferCal-CP-affine-localsigma,20,0.1,0.0009999275207519531,,0.9151251360174102,47.479443438947875,56.81262226468335,919
168,D1,covariate,SplitCP-source,20,0.1,0.0,,0.06964091403699674,2.5065339076807334,177.42951571604144,919
168,D1,covariate,AdaptiveJackknifeCP,20,0.1,0.4753267765045166,stacked,0.9586507072905331,54.760197151364075,58.28362898215279,919
168,D1,covariate,AdaptiveJackknifeCP-exactJK+,20,0.1,0.4697587490081787,stacked,0.955386289445049,53.99238702645569,57.22001166881236,919
168,D1,covariate,TargetOnlyJKplus,20,0.1,0.473783016204834,local-ridge,0.9042437431991295,49.5179767810568,64.04614501936263,919
168,D1,covariate,TargetOnlyJKplus-exactJK+,20,0.1,0.47394514083862305,local-ridge,0.8955386289445049,48.67290492515118,64.78597774768944,919
168,D1,covariate,StackedOnlyCP,20,0.1,0.006502389907836914,stacked,0.9586507072905331,54.760197151364075,58.28362898215279,919
168,D1,covariate,TargetOnlyCP,20,0.1,0.0020036697387695312,,0.9499455930359086,56.446496299281414,65.00141191710827,919
168,D1,covariate,AdaptiveSplitCP,20,0.1,0.0019998550415039062,stacked,0.970620239390642,57.140633011131364,59.3197152202914,919
168,D1,covariate,TransferCal-CP-affine-localsigma,20,0.1,0.003000497817993164,,0.9630032644178455,49.626115130377066,52.448539488344636,919
168,D2,strength_quartile,SplitCP-source,20,0.1,0.0010008811950683594,,0.0,2.894690949429247,333.260198607146,83
168,D2,strength_quartile,AdaptiveJackknifeCP,20,0.1,0.483736515045166,stacked,0.9879518072289156,33.023314092518746,33.13858977545197,83
168,D2,strength_quartile,AdaptiveJackknifeCP-exactJK+,20,0.1,0.5065462589263916,stacked,0.963855421686747,26.137976969175202,28.4740729143684,83
168,D2,strength_quartile,TargetOnlyJKplus,20,0.1,0.4753594398498535,local-ridge,0.891566265060241,17.238383228222077,23.454541656362643,83
168,D2,strength_quartile,TargetOnlyJKplus-exactJK+,20,0.1,0.47192859649658203,local-ridge,0.8795180722891566,16.4149349487821,23.375459090611834,83
168,D2,strength_quartile,StackedOnlyCP,20,0.1,0.005506277084350586,stacked,0.9879518072289156,33.023314092518746,33.13858977545197,83
168,D2,strength_quartile,TargetOnlyCP,20,0.1,0.002000093460083008,,0.8674698795180723,16.514820908485998,23.537844507297336,83
168,D2,strength_quartile,AdaptiveSplitCP,20,0.1,0.0020003318786621094,local-ridge,0.8674698795180723,16.514820908485998,23.537844507297336,83
168,D2,strength_quartile,TransferCal-CP-affine-localsigma,20,0.1,0.002000093460083008,,0.891566265060241,18.517597621800977,27.89705304322287,83
168,D2,random,SplitCP-source,20,0.1,0.00099945068359375,,0.0,2.894690949429247,333.4335609978033,83
168,D2,random,AdaptiveJackknifeCP,20,0.1,0.4980599880218506,stacked,0.9759036144578314,30.105166071243385,33.66565285002243,83
168,D2,random,AdaptiveJackknifeCP-exactJK+,20,0.1,0.45647454261779785,stacked,0.9759036144578314,26.725824249922667,29.63119605590875,83
168,D2,random,TargetOnlyJKplus,20,0.1,0.49398303031921387,local-ridge,1.0,29.304670222189575,29.304670222189575,83
168,D2,random,TargetOnlyJKplus-exactJK+,20,0.1,0.4757649898529053,local-ridge,1.0,31.090968938119033,31.090968938119033,83
168,D2,random,StackedOnlyCP,20,0.1,0.0061588287353515625,stacked,0.9759036144578314,30.105166071243385,33.66565285002243,83
168,D2,random,TargetOnlyCP,20,0.1,0.0009999275207519531,,0.9759036144578314,23.506478909886336,23.890149330629484,83
168,D2,random,AdaptiveSplitCP,20,0.1,0.002000093460083008,stacked,0.9397590361445783,49.90505030352859,58.30147361701222,83
168,D2,random,TransferCal-CP-affine-localsigma,20,0.1,0.002006053924560547,,0.9879518072289156,30.215391382538613,30.400780040310785,83
168,D2,covariate,SplitCP-source,20,0.1,0.0005037784576416016,,0.0,2.894690949429247,332.08594370510514,83
168,D2,covariate,AdaptiveJackknifeCP,20,0.1,0.4699881076812744,stacked,0.9036144578313253,14.769496336759502,22.523321035898014,83
168,D2,covariate,AdaptiveJackknifeCP-exactJK+,20,0.1,0.47301769256591797,stacked,0.891566265060241,14.011997800233368,22.13906465673163,83
168,D2,covariate,TargetOnlyJKplus,20,0.1,0.4765138626098633,local-ridge,0.927710843373494,16.45458109855498,23.39054440899184,83
168,D2,covariate,TargetOnlyJKplus-exactJK+,20,0.1,0.48111820220947266,local-ridge,0.8554216867469879,14.71139423414527,24.031778182819707,83
168,D2,covariate,StackedOnlyCP,20,0.1,0.006000041961669922,stacked,0.9036144578313253,14.769496336759502,22.523321035898014,83
168,D2,covariate,TargetOnlyCP,20,0.1,0.0020008087158203125,,0.8795180722891566,17.473517719779576,25.480139548076576,83
168,D2,covariate,AdaptiveSplitCP,20,0.1,0.002999544143676758,stacked,0.6987951807228916,9.42265671851385,27.328773087924606,83
168,D2,covariate,TransferCal-CP-affine-localsigma,20,0.1,0.002000093460083008,,0.891566265060241,27.499832984226995,33.43567691210597,83
168,D4,strength_quartile,SplitCP-source,20,0.1,0.0015056133270263672,,0.09815950920245399,3.2271188671885307,185.17327597947022,163
168,D4,strength_quartile,AdaptiveJackknifeCP,20,0.1,0.4746358394622803,stacked,0.8220858895705522,9.546423089254914,20.273910266100415,163
168,D4,strength_quartile,AdaptiveJackknifeCP-exactJK+,20,0.1,0.49477648735046387,stacked,0.8098159509202454,9.057520901674238,21.03377632727621,163
168,D4,strength_quartile,TargetOnlyJKplus,20,0.1,0.4726443290710449,local-ridge,0.950920245398773,30.337129777427545,35.53382038911556,163
168,D4,strength_quartile,TargetOnlyJKplus-exactJK+,20,0.1,0.4687039852142334,local-ridge,0.901840490797546,27.840337390127097,35.73080182164968,163
168,D4,strength_quartile,StackedOnlyCP,20,0.1,0.006508350372314453,stacked,0.8220858895705522,9.546423089254914,20.273910266100415,163
168,D4,strength_quartile,TargetOnlyCP,20,0.1,0.0019998550415039062,,0.9263803680981595,36.31288119872494,44.93167465343169,163
168,D4,strength_quartile,AdaptiveSplitCP,20,0.1,0.0019996166229248047,stacked,0.8343558282208589,12.200954293079732,23.849774684745633,163
168,D4,strength_quartile,TransferCal-CP-affine-localsigma,20,0.1,0.0020301342010498047,,0.7300613496932515,23.613363705912406,48.41104624950684,163
168,D4,random,SplitCP-source,20,0.1,0.0009999275207519531,,0.08588957055214724,3.2271188671885302,181.47433333262384,163
168,D4,random,AdaptiveJackknifeCP,20,0.1,0.4626936912536621,stacked,0.9079754601226994,15.201214541007248,21.27819263766971,163
168,D4,random,AdaptiveJackknifeCP-exactJK+,20,0.1,0.455216646194458,stacked,0.8895705521472392,13.504601023302355,21.15853235392488,163
168,D4,random,TargetOnlyJKplus,20,0.1,0.4651927947998047,local-ridge,0.8834355828220859,29.75121828620845,44.95272294058822,163
168,D4,random,TargetOnlyJKplus-exactJK+,20,0.1,0.4644463062286377,local-ridge,0.8957055214723927,29.628414185764626,44.54423461979058,163
168,D4,random,StackedOnlyCP,20,0.1,0.0060007572174072266,stacked,0.9079754601226994,15.201214541007248,21.27819263766971,163
168,D4,random,TargetOnlyCP,20,0.1,0.0010006427764892578,,0.8404907975460123,39.25052722103939,66.69545873519566,163
168,D4,random,AdaptiveSplitCP,20,0.1,0.0029990673065185547,stacked,0.9386503067484663,16.438318445222905,18.253795513737415,163
168,D4,random,TransferCal-CP-affine-localsigma,20,0.1,0.0010008811950683594,,0.8343558282208589,32.29791071491666,56.610058168295964,163
168,D4,covariate,SplitCP-source,20,0.1,0.0010046958923339844,,0.09815950920245399,3.2271188671885307,185.76961808189657,163
168,D4,covariate,AdaptiveJackknifeCP,20,0.1,0.45542454719543457,stacked,0.7852760736196319,8.898142608644713,15.912262182206778,163
168,D4,covariate,AdaptiveJackknifeCP-exactJK+,20,0.1,0.4699440002441406,stacked,0.7791411042944786,9.397599961495528,16.512693959708905,163
168,D4,covariate,TargetOnlyJKplus,20,0.1,0.461686372756958,local-ridge,0.8773006134969326,25.88415438287801,40.86366738538835,163
168,D4,covariate,TargetOnlyJKplus-exactJK+,20,0.1,0.4658634662628174,local-ridge,0.8834355828220859,27.471640066838283,41.795725572642766,163
168,D4,covariate,StackedOnlyCP,20,0.1,0.006998777389526367,stacked,0.7852760736196319,8.898142608644713,15.912262182206778,163
168,D4,covariate,TargetOnlyCP,20,0.1,0.0020008087158203125,,0.901840490797546,38.84946435720801,48.96020679603376,163
168,D4,covariate,AdaptiveSplitCP,20,0.1,0.002000093460083008,stacked,0.9079754601226994,14.69979572926486,17.849416993978366,163
168,D4,covariate,TransferCal-CP-affine-localsigma,20,0.1,0.0025033950805664062,,0.6687116564417178,18.39997981768413,56.43950718356452,163
169,D1,strength_quartile,SplitCP-source,20,0.1,0.0,,0.07616974972796518,2.6674513945445004,173.85402268916135,919
169,D1,strength_quartile,AdaptiveJackknifeCP,20,0.1,0.3222978115081787,affine-transfer,1.0,84.35221053358069,84.35221053358069,919
169,D1,strength_quartile,AdaptiveJackknifeCP-exactJK+,20,0.1,0.3305044174194336,affine-transfer,0.9978237214363439,84.14442961978523,84.17309285535072,919
169,D1,strength_quartile,TargetOnlyJKplus,20,0.1,0.33405590057373047,local-ridge,0.998911860718172,102.99877299444871,103.02563237165627,919
169,D1,strength_quartile,TargetOnlyJKplus-exactJK+,20,0.1,0.33295536041259766,local-ridge,0.9880304678998912,89.78253803086368,91.20193212595768,919
169,D1,strength_quartile,StackedOnlyCP,20,0.1,0.005999565124511719,stacked,1.0,84.57643648874328,84.57643648874328,919
169,D1,strength_quartile,TargetOnlyCP,20,0.1,0.0020017623901367188,,0.8813928182807399,42.34582765699745,59.36440895150169,919
169,D1,strength_quartile,AdaptiveSplitCP,20,0.1,0.002504587173461914,stacked,0.8824809575625681,141.82921309347077,189.04153336659073,919
169,D1,strength_quartile,TransferCal-CP-affine-localsigma,20,0.1,0.001004934310913086,,0.9194776931447225,42.06962015471544,51.15477780199319,919
169,D1,random,SplitCP-source,20,0.1,0.0,,0.07616974972796518,2.6674513945445004,174.7249126747918,919
169,D1,random,AdaptiveJackknifeCP,20,0.1,0.4314124584197998,stacked,0.9967355821545157,73.68295278951406,73.91861791116423,919
169,D1,random,AdaptiveJackknifeCP-exactJK+,20,0.1,0.46053242683410645,stacked,0.9804134929270947,69.00147448869635,70.6130613517583,919
169,D1,random,TargetOnlyJKplus,20,0.1,0.46128177642822266,local-ridge,0.956474428726877,58.788673973185006,64.67283296518218,919
169,D1,random,TargetOnlyJKplus-exactJK+,20,0.1,0.4707460403442383,local-ridge,0.9162132752992383,47.895365447694715,61.88290267226169,919
169,D1,random,StackedOnlyCP,20,0.1,0.006273031234741211,stacked,0.9967355821545157,73.68295278951406,73.91861791116423,919
169,D1,random,TargetOnlyCP,20,0.1,0.0009996891021728516,,0.9880304678998912,209.33656549279164,210.59371826826725,919
169,D1,random,AdaptiveSplitCP,20,0.1,0.0020003318786621094,stacked,0.985854189336235,248.95731752816405,251.493545116136,919
169,D1,random,TransferCal-CP-affine-localsigma,20,0.1,0.0019996166229248047,,0.8977149075081611,37.863326579526486,46.7885970568341,919
169,D1,covariate,SplitCP-source,20,0.1,0.0,,0.07616974972796518,2.6674513945445004,173.72306633364693,919
169,D1,covariate,AdaptiveJackknifeCP,20,0.1,0.4642152786254883,stacked,0.985854189336235,51.46983519504477,52.93181571850663,919
169,D1,covariate,AdaptiveJackknifeCP-exactJK+,20,0.1,0.4787170886993408,stacked,0.9782372143634385,48.83598977439822,50.9017114051899,919
169,D1,covariate,TargetOnlyJKplus,20,0.1,0.47193431854248047,local-ridge,0.9597388465723613,64.23697446857715,76.39759874552688,919
169,D1,covariate,TargetOnlyJKplus-exactJK+,20,0.1,0.4627854824066162,local-ridge,0.9434167573449401,59.59149390676342,73.05351956356141,919
169,D1,covariate,StackedOnlyCP,20,0.1,0.006506204605102539,stacked,0.985854189336235,51.46983519504477,52.93181571850663,919
169,D1,covariate,TargetOnlyCP,20,0.1,0.0019998550415039062,,0.9532100108813928,133.7455174979916,173.98756629673528,919
169,D1,covariate,AdaptiveSplitCP,20,0.1,0.0030002593994140625,stacked,0.9499455930359086,195.10206333633323,250.0528084081447,919
169,D1,covariate,TransferCal-CP-affine-localsigma,20,0.1,0.002000570297241211,,0.9216539717083787,40.889067589315225,46.95157859398399,919
169,D2,strength_quartile,SplitCP-source,20,0.1,0.0009999275207519531,,0.0,3.2466176374365863,325.8886597626936,83
169,D2,strength_quartile,AdaptiveJackknifeCP,20,0.1,0.476809024810791,stacked,0.9518072289156626,17.0813674134602,22.33473441190625,83
169,D2,strength_quartile,AdaptiveJackknifeCP-exactJK+,20,0.1,0.47762131690979004,stacked,0.9518072289156626,15.880110656750704,21.721611386300392,83
169,D2,strength_quartile,TargetOnlyJKplus,20,0.1,0.4774322509765625,local-ridge,0.927710843373494,18.92012713342402,23.489084849678076,83
169,D2,strength_quartile,TargetOnlyJKplus-exactJK+,20,0.1,0.48114991188049316,local-ridge,0.927710843373494,19.264336347591648,23.839481858337816,83
169,D2,strength_quartile,StackedOnlyCP,20,0.1,0.006002902984619141,stacked,0.9518072289156626,17.0813674134602,22.33473441190625,83
169,D2,strength_quartile,TargetOnlyCP,20,0.1,0.0010001659393310547,,0.7951807228915663,13.45389855396424,24.875699419584794,83
169,D2,strength_quartile,AdaptiveSplitCP,20,0.1,0.0029997825622558594,stacked,0.9397590361445783,14.244492724265672,21.013110135145606,83
169,D2,strength_quartile,TransferCal-CP-affine-localsigma,20,0.1,0.0020008087158203125,,0.7831325301204819,16.643801762276954,32.12756158192206,83
169,D2,random,SplitCP-source,20,0.1,0.0010001659393310547,,0.0,3.2466176374365863,327.34049380421106,83
169,D2,random,AdaptiveJackknifeCP,20,0.1,0.4805288314819336,stacked,0.8795180722891566,17.296720704946992,29.818219815979766,83
169,D2,random,AdaptiveJackknifeCP-exactJK+,20,0.1,0.48227763175964355,stacked,0.8674698795180723,17.832076625017173,30.742207671466943,83
169,D2,random,TargetOnlyJKplus,20,0.1,0.4823765754699707,local-ridge,1.0,33.28777392231327,33.28777392231327,83
169,D2,random,TargetOnlyJKplus-exactJK+,20,0.1,0.48993754386901855,local-ridge,0.9879518072289156,27.27380324715764,27.34373619311094,83
169,D2,random,StackedOnlyCP,20,0.1,0.0060002803802490234,stacked,0.8795180722891566,17.296720704946992,29.818219815979766,83
169,D2,random,TargetOnlyCP,20,0.1,0.0010006427764892578,,0.8674698795180723,14.354431314084938,22.449772843985734,83
169,D2,random,AdaptiveSplitCP,20,0.1,0.0020003318786621094,stacked,0.8554216867469879,22.71056588810794,35.9413556694119,83
169,D2,random,TransferCal-CP-affine-localsigma,20,0.1,0.0019991397857666016,,0.8554216867469879,19.88062982852092,29.918181492265308,83
169,D2,covariate,SplitCP-source,20,0.1,0.0009999275207519531,,0.0,3.2466176374365863,326.13225429212787,83
169,D2,covariate,AdaptiveJackknifeCP,20,0.1,0.48491549491882324,stacked,0.891566265060241,13.157645334343513,21.419083015456007,83
169,D2,covariate,AdaptiveJackknifeCP-exactJK+,20,0.1,0.4789316654205322,stacked,0.8795180722891566,14.471694796546764,21.48273212910081,83
169,D2,covariate,TargetOnlyJKplus,20,0.1,0.48279333114624023,local-ridge,0.927710843373494,18.311019775740718,23.560171445087622,83
169,D2,covariate,TargetOnlyJKplus-exactJK+,20,0.1,0.48392605781555176,local-ridge,0.9156626506024096,18.64247733166006,24.23772803080274,83
169,D2,covariate,StackedOnlyCP,20,0.1,0.006003379821777344,stacked,0.891566265060241,13.157645334343513,21.419083015456007,83
169,D2,covariate,TargetOnlyCP,20,0.1,0.002000093460083008,,0.891566265060241,18.77883498883031,24.71191072884458,83
169,D2,covariate,AdaptiveSplitCP,20,0.1,0.003000497817993164,stacked,0.963855421686747,25.78476007618843,27.953661869956914,83
169,D2,covariate,TransferCal-CP-affine-localsigma,20,0.1,0.002000570297241211,,0.9879518072289156,32.455524895978805,34.14348572173927,83
169,D4,strength_quartile,SplitCP-source,20,0.1,0.0,,0.049079754601226995,3.0180085170775968,215.7193685222608,163
169,D4,strength_quartile,AdaptiveJackknifeCP,20,0.1,0.5080883502960205,stacked,0.8588957055214724,14.157138859085892,20.858474449864318,163
169,D4,strength_quartile,AdaptiveJackknifeCP-exactJK+,20,0.1,0.4797792434692383,stacked,0.8895705521472392,14.166751580063378,19.7671471261618,163
169,D4,strength_quartile,TargetOnlyJKplus,20,0.1,0.5321011543273926,local-ridge,0.9693251533742331,43.638346338093505,45.83275472246405,163
169,D4,strength_quartile,TargetOnlyJKplus-exactJK+,20,0.1,0.47568273544311523,local-ridge,0.950920245398773,36.31670639650369,42.24711335353436,163
169,D4,strength_quartile,StackedOnlyCP,20,0.1,0.0060193538665771484,stacked,0.8588957055214724,14.157138859085892,20.858474449864318,163
169,D4,strength_quartile,TargetOnlyCP,20,0.1,0.0020036697387695312,,0.9877300613496932,67.4614062272904,67.73617059356795,163
169,D4,strength_quartile,AdaptiveSplitCP,20,0.1,0.002000093460083008,stacked,0.9877300613496932,34.95414904096001,35.352763271529525,163
169,D4,strength_quartile,TransferCal-CP-affine-localsigma,20,0.1,0.0019998550415039062,,0.9877300613496932,83.45157960180458,83.56348134896191,163
169,D4,random,SplitCP-source,20,0.1,0.0009996891021728516,,0.04294478527607362,3.0180085170775968,219.29502524096344,163
169,D4,random,AdaptiveJackknifeCP,20,0.1,0.46924686431884766,stacked,0.9447852760736196,13.34558449210958,14.272103129125743,163
169,D4,random,AdaptiveJackknifeCP-exactJK+,20,0.1,0.4738600254058838,stacked,0.9631901840490797,13.366383287284826,14.217443864028386,163
169,D4,random,TargetOnlyJKplus,20,0.1,0.4863560199737549,local-ridge,0.9079754601226994,29.376834438956845,35.65887110547715,163
169,D4,random,TargetOnlyJKplus-exactJK+,20,0.1,0.4702296257019043,local-ridge,0.9079754601226994,30.482192094818615,36.5745134719855,163
169,D4,random,StackedOnlyCP,20,0.1,0.00599980354309082,stacked,0.9447852760736196,13.34558449210958,14.272103129125743,163
169,D4,random,TargetOnlyCP,20,0.1,0.0009999275207519531,,0.9447852760736196,41.95339702767413,47.53255840278119,163
169,D4,random,AdaptiveSplitCP,20,0.1,0.0020034313201904297,stacked,0.9877300613496932,20.038755078673766,20.18891324706603,163
169,D4,random,TransferCal-CP-affine-localsigma,20,0.1,0.002000093460083008,,0.9079754601226994,37.30911218561139,46.62563403984222,163
169,D4,covariate,SplitCP-source,20,0.1,0.0010004043579101562,,0.05521472392638037,3.0180085170775968,216.68447386748235,163
169,D4,covariate,AdaptiveJackknifeCP,20,0.1,0.45951104164123535,stacked,0.8895705521472392,13.870936216229909,22.060603756035732,163
169,D4,covariate,AdaptiveJackknifeCP-exactJK+,20,0.1,0.48125576972961426,stacked,0.9079754601226994,15.410290984363685,22.205595982047733,163
169,D4,covariate,TargetOnlyJKplus,20,0.1,0.4656233787536621,local-ridge,0.6625766871165644,17.848348909409026,63.02720524704439,163
169,D4,covariate,TargetOnlyJKplus-exactJK+,20,0.1,0.4691426753997803,local-ridge,0.6871165644171779,19.026303948754045,61.99643336172413,163
169,D4,covariate,StackedOnlyCP,20,0.1,0.0070192813873291016,stacked,0.8895705521472392,13.870936216229909,22.060603756035732,163
169,D4,covariate,TargetOnlyCP,20,0.1,0.0020008087158203125,,0.7852760736196319,27.538569839756356,59.260307891278345,163
169,D4,covariate,AdaptiveSplitCP,20,0.1,0.0029993057250976562,stacked,0.901840490797546,22.21674298581459,31.413616078878242,163
169,D4,covariate,TransferCal-CP-affine-localsigma,20,0.1,0.0020003318786621094,,0.852760736196319,36.58203772824603,60.035879455250736,163
170,D1,strength_quartile,SplitCP-source,20,0.1,0.0,,0.08052230685527748,2.6959754745926716,176.19862464071232,919
170,D1,strength_quartile,AdaptiveJackknifeCP,20,0.1,0.4394516944885254,stacked,0.9216539717083787,40.564383046854,48.209788422247236,919
170,D1,strength_quartile,AdaptiveJackknifeCP-exactJK+,20,0.1,0.3786313533782959,stacked,0.9020674646354734,39.21371884102548,48.928425365765705,919
170,D1,strength_quartile,TargetOnlyJKplus,20,0.1,0.3899219036102295,local-ridge,0.985854189336235,72.78757380739293,73.49145429141805,919
170,D1,strength_quartile,TargetOnlyJKplus-exactJK+,20,0.1,0.3668065071105957,local-ridge,0.9825897714907508,75.5095719595485,76.82248745622488,919
170,D1,strength_quartile,StackedOnlyCP,20,0.1,0.007008075714111328,stacked,0.9216539717083787,40.564383046854,48.209788422247236,919
170,D1,strength_quartile,TargetOnlyCP,20,0.1,0.0009992122650146484,,0.9836779107725789,172.84476226226008,177.76972941544943,919
170,D1,strength_quartile,AdaptiveSplitCP,20,0.1,0.003000020980834961,stacked,0.9891186071817193,134.9709731481198,137.36300608819263,919
170,D1,strength_quartile,TransferCal-CP-affine-localsigma,20,0.1,0.002000570297241211,,0.9902067464635473,57.101336302840636,58.32520657781575,919
170,D1,random,SplitCP-source,20,0.1,0.0,,0.0794341675734494,2.6959754745926716,175.36573188754977,919
170,D1,random,AdaptiveJackknifeCP,20,0.1,0.38857007026672363,stacked,0.8900979325353645,49.7789349566842,64.84093129517245,919
170,D1,random,AdaptiveJackknifeCP-exactJK+,20,0.1,0.39731311798095703,stacked,0.8618063112078346,45.74140045047208,61.99034185307352,919
170,D1,random,TargetOnlyJKplus,20,0.1,0.4588305950164795,local-ridge,0.9445048966267682,58.968344654560354,66.5607836691281,919
170,D1,random,TargetOnlyJKplus-exactJK+,20,0.1,0.4839334487915039,local-ridge,0.8770402611534276,48.05223026257842,66.859158056716,919
170,D1,random,StackedOnlyCP,20,0.1,0.006000041961669922,stacked,0.8900979325353645,49.7789349566842,64.84093129517245,919
170,D1,random,TargetOnlyCP,20,0.1,0.0019998550415039062,,0.9825897714907508,291.81037199618504,298.190775298632,919
170,D1,random,AdaptiveSplitCP,20,0.1,0.002000570297241211,stacked,0.9793253536452666,129.3292905694879,136.489805763137,919
170,D1,random,TransferCal-CP-affine-localsigma,20,0.1,0.002000093460083008,,0.9891186071817193,68.4704689585726,69.02541186609443,919
170,D1,covariate,SplitCP-source,20,0.1,0.0,,0.07725788900979326,2.6959754745926716,176.771790830334,919
170,D1,covariate,AdaptiveJackknifeCP,20,0.1,0.47002148628234863,stacked,0.8759521218715995,53.459658876779265,95.84366601674799,919
170,D1,covariate,AdaptiveJackknifeCP-exactJK+,20,0.1,0.4763832092285156,stacked,0.7540805223068553,36.80287513155571,108.11287724343572,919
170,D1,covariate,TargetOnlyJKplus,20,0.1,0.47086620330810547,local-ridge,0.8226332970620239,40.20696359790509,75.66426460978839,919
170,D1,covariate,TargetOnlyJKplus-exactJK+,20,0.1,0.4823915958404541,local-ridge,0.8422198041349293,42.42894812221206,73.48476771838372,919
170,D1,covariate,StackedOnlyCP,20,0.1,0.0060007572174072266,stacked,0.8759521218715995,53.459658876779265,95.84366601674799,919
170,D1,covariate,TargetOnlyCP,20,0.1,0.002000093460083008,,0.8683351468988031,41.9044859199936,70.38642553691359,919
170,D1,covariate,AdaptiveSplitCP,20,0.1,0.003000497817993164,stacked,0.8879216539717084,46.65847819052781,65.60678874011698,919
170,D1,covariate,TransferCal-CP-affine-localsigma,20,0.1,0.001999378204345703,,0.970620239390642,49.89795055306191,52.80993028435784,919
170,D2,strength_quartile,SplitCP-source,20,0.1,0.0009999275207519531,,0.0,3.819255402002482,361.5206714144105,83
170,D2,strength_quartile,AdaptiveJackknifeCP,20,0.1,0.4573690891265869,stacked,1.0,35.7981145160182,35.7981145160182,83
170,D2,strength_quartile,AdaptiveJackknifeCP-exactJK+,20,0.1,0.4452095031738281,stacked,0.9879518072289156,27.934795930504567,28.431211897577132,83
170,D2,strength_quartile,TargetOnlyJKplus,20,0.1,0.5103459358215332,local-ridge,0.9879518072289156,29.233735539490592,29.46443474906561,83
170,D2,strength_quartile,TargetOnlyJKplus-exactJK+,20,0.1,0.4873032569885254,local-ridge,0.8674698795180723,20.293413026725702,25.581005451806845,83
170,D2,strength_quartile,StackedOnlyCP,20,0.1,0.0060045719146728516,stacked,1.0,35.7981145160182,35.7981145160182,83
170,D2,strength_quartile,TargetOnlyCP,20,0.1,0.0020003318786621094,,0.8313253012048193,22.821188454750924,37.26392122240817,83
170,D2,strength_quartile,AdaptiveSplitCP,20,0.1,0.0020012855529785156,stacked,0.8554216867469879,23.78273181797026,35.435169204310554,83
170,D2,strength_quartile,TransferCal-CP-affine-localsigma,20,0.1,0.0019996166229248047,,0.9156626506024096,24.426636862672567,27.836413670612384,83
170,D2,random,SplitCP-source,20,0.1,0.0009999275207519531,,0.0,3.819255402002482,354.0290467328221,83
170,D2,random,AdaptiveJackknifeCP,20,0.1,0.46389174461364746,stacked,0.6024096385542169,8.587831812790041,37.050819255706266,83
170,D2,random,AdaptiveJackknifeCP-exactJK+,20,0.1,0.48227906227111816,stacked,0.5542168674698795,7.8185145185622025,39.588523995687694,83
170,D2,random,TargetOnlyJKplus,20,0.1,0.4713134765625,local-ridge,0.5903614457831325,9.108805874437062,31.894440634061663,83
170,D2,random,TargetOnlyJKplus-exactJK+,20,0.1,0.4644508361816406,local-ridge,0.6024096385542169,8.773191178796475,33.18850207210378,83
170,D2,random,StackedOnlyCP,20,0.1,0.004999876022338867,stacked,0.6024096385542169,8.587831812790041,37.050819255706266,83
170,D2,random,TargetOnlyCP,20,0.1,0.0020003318786621094,,0.7831325301204819,11.644388256119287,27.60451805778771,83
170,D2,random,AdaptiveSplitCP,20,0.1,0.0020012855529785156,stacked,0.9036144578313253,18.72998150338431,25.68357382624413,83
170,D2,random,TransferCal-CP-affine-localsigma,20,0.1,0.0019989013671875,,0.9036144578313253,20.48460480759708,29.360736784305107,83
170,D2,covariate,SplitCP-source,20,0.1,0.0,,0.0,3.819255402002482,358.78678571768415,83
170,D2,covariate,AdaptiveJackknifeCP,20,0.1,0.4744985103607178,stacked,0.891566265060241,18.75919472547108,23.768151687270002,83
170,D2,covariate,AdaptiveJackknifeCP-exactJK+,20,0.1,0.4764847755432129,stacked,0.8554216867469879,17.65242089281262,25.597650611731133,83
170,D2,covariate,TargetOnlyJKplus,20,0.1,0.4775660037994385,local-ridge,0.8433734939759037,15.744782367851764,25.539222461205128,83
170,D2,covariate,TargetOnlyJKplus-exactJK+,20,0.1,0.4675455093383789,local-ridge,0.891566265060241,17.59595553789343,25.308212029875246,83
170,D2,covariate,StackedOnlyCP,20,0.1,0.006672382354736328,stacked,0.891566265060241,18.75919472547108,23.768151687270002,83
170,D2,covariate,TargetOnlyCP,20,0.1,0.0020079612731933594,,0.891566265060241,18.586446843733828,27.203463339244546,83
170,D2,covariate,AdaptiveSplitCP,20,0.1,0.0030019283294677734,stacked,0.8072289156626506,21.869971149622177,33.462781432112344,83
170,D2,covariate,TransferCal-CP-affine-localsigma,20,0.1,0.001998424530029297,,0.9156626506024096,27.556410053780436,32.95586731569917,83
170,D4,strength_quartile,SplitCP-source,20,0.1,0.0010006427764892578,,0.09202453987730061,3.5071353373408627,179.50297263201745,163
170,D4,strength_quartile,AdaptiveJackknifeCP,20,0.1,0.4760870933532715,stacked,0.8404907975460123,10.613249561822911,16.5810641689159,163
170,D4,strength_quartile,AdaptiveJackknifeCP-exactJK+,20,0.1,0.4687671661376953,stacked,0.8466257668711656,11.40719230326605,16.384480267025623,163
170,D4,strength_quartile,TargetOnlyJKplus,20,0.1,0.4786536693572998,local-ridge,0.9693251533742331,34.75081054300969,37.27274407948527,163
170,D4,strength_quartile,TargetOnlyJKplus-exactJK+,20,0.1,0.4865882396697998,local-ridge,0.9631901840490797,35.7698395939572,39.49025240015418,163
170,D4,strength_quartile,StackedOnlyCP,20,0.1,0.005999565124511719,stacked,0.8404907975460123,10.613249561822911,16.5810641689159,163
170,D4,strength_quartile,TargetOnlyCP,20,0.1,0.0010001659393310547,,0.9386503067484663,41.564785644592895,47.51830832112664,163
170,D4,strength_quartile,AdaptiveSplitCP,20,0.1,0.0030031204223632812,stacked,0.8343558282208589,11.194702122806676,16.17748269810938,163
170,D4,strength_quartile,TransferCal-CP-affine-localsigma,20,0.1,0.0014350414276123047,,0.8895705521472392,32.172353063853166,44.789892571094924,163
170,D4,random,SplitCP-source,20,0.1,0.0010008811950683594,,0.09202453987730061,3.5071353373408627,183.92845191365248,163
170,D4,random,AdaptiveJackknifeCP,20,0.1,0.5144062042236328,stacked,0.9079754601226994,11.874336481436671,14.551288479828862,163
170,D4,random,AdaptiveJackknifeCP-exactJK+,20,0.1,0.495408296585083,stacked,0.9386503067484663,13.065241290917378,14.525299626206904,163
170,D4,random,TargetOnlyJKplus,20,0.1,0.4839355945587158,local-ridge,0.9631901840490797,35.68501097681753,39.548903920208346,163
170,D4,random,TargetOnlyJKplus-exactJK+,20,0.1,0.4767954349517822,local-ridge,0.8895705521472392,28.506226691161977,37.96567157144754,163
170,D4,random,StackedOnlyCP,20,0.1,0.006999492645263672,stacked,0.9079754601226994,11.874336481436671,14.551288479828862,163
170,D4,random,TargetOnlyCP,20,0.1,0.001001119613647461,,0.9141104294478528,34.84838863233097,43.65486275334142,163
170,D4,random,AdaptiveSplitCP,20,0.1,0.0019979476928710938,stacked,0.9141104294478528,21.116062406754466,23.998850182064174,163
170,D4,random,TransferCal-CP-affine-localsigma,20,0.1,0.0020003318786621094,,0.8588957055214724,27.72892271593582,42.927981468653,163
170,D4,covariate,SplitCP-source,20,0.1,0.0010001659393310547,,0.07975460122699386,3.5071353373408627,182.67679324923836,163
170,D4,covariate,AdaptiveJackknifeCP,20,0.1,0.4949989318847656,stacked,0.901840490797546,13.155343586701404,18.50292230133795,163
170,D4,covariate,AdaptiveJackknifeCP-exactJK+,20,0.1,0.4736897945404053,stacked,0.9079754601226994,13.752511462903923,19.043985094545764,163
170,D4,covariate,TargetOnlyJKplus,20,0.1,0.4719245433807373,local-ridge,0.9447852760736196,30.04393734717077,36.65179551808776,163
170,D4,covariate,TargetOnlyJKplus-exactJK+,20,0.1,0.5069849491119385,local-ridge,0.9447852760736196,30.98538908611539,37.88996585563051,163
170,D4,covariate,StackedOnlyCP,20,0.1,0.00631403923034668,stacked,0.901840490797546,13.155343586701404,18.50292230133795,163
170,D4,covariate,TargetOnlyCP,20,0.1,0.002226114273071289,,0.9079754601226994,28.68804054672271,39.554967393506175,163
170,D4,covariate,AdaptiveSplitCP,20,0.1,0.002999544143676758,stacked,0.9877300613496932,26.21664405189262,26.45830816288831,163
170,D4,covariate,TransferCal-CP-affine-localsigma,20,0.1,0.0019998550415039062,,0.9938650306748467,50.82621021191084,50.83158513290096,163
171,D1,strength_quartile,SplitCP-source,20,0.1,0.0,,0.05767138193688792,2.2513146167532194,180.91464226610893,919
171,D1,strength_quartile,AdaptiveJackknifeCP,20,0.1,0.47327280044555664,stacked,0.9619151251360174,69.77222716812969,74.47583609278885,919
171,D1,strength_quartile,AdaptiveJackknifeCP-exactJK+,20,0.1,0.47235989570617676,stacked,0.911860718171926,54.64153912147042,67.29102910136321,919
171,D1,strength_quartile,TargetOnlyJKplus,20,0.1,0.48650622367858887,local-ridge,0.9956474428726877,103.55326770532997,104.10346328979054,919
171,D1,strength_quartile,TargetOnlyJKplus-exactJK+,20,0.1,0.4683811664581299,local-ridge,0.9717083786724701,77.84148279702941,81.3554766765706,919
171,D1,strength_quartile,StackedOnlyCP,20,0.1,0.005999326705932617,stacked,0.9619151251360174,69.77222716812969,74.47583609278885,919
171,D1,strength_quartile,TargetOnlyCP,20,0.1,0.002000570297241211,,0.9749727965179543,80.74397399268246,85.3071146571154,919
171,D1,strength_quartile,AdaptiveSplitCP,20,0.1,0.0019996166229248047,stacked,0.9357997823721437,65.2316174653679,74.24090298819866,919
171,D1,strength_quartile,TransferCal-CP-affine-localsigma,20,0.1,0.0020008087158203125,,0.9836779107725789,59.389401679906655,60.9606486754649,919
171,D1,random,SplitCP-source,20,0.1,0.0,,0.058759521218716,2.25131461675322,180.88230507626605,919
171,D1,random,AdaptiveJackknifeCP,20,0.1,0.35732078552246094,stacked,0.9902067464635473,69.53346691852371,70.5312709583643,919
171,D1,random,AdaptiveJackknifeCP-exactJK+,20,0.1,0.34775447845458984,stacked,0.9684439608269858,68.64913214757341,71.56867353387292,919
171,D1,random,TargetOnlyJKplus,20,0.1,0.35129499435424805,local-ridge,0.8726877040261154,50.910028299567095,72.08014418207543,919
171,D1,random,TargetOnlyJKplus-exactJK+,20,0.1,0.32770347595214844,local-ridge,0.8879216539717084,58.75273322492383,76.72355590254016,919
171,D1,random,StackedOnlyCP,20,0.1,0.0060045719146728516,stacked,0.9902067464635473,69.53346691852371,70.5312709583643,919
171,D1,random,TargetOnlyCP,20,0.1,0.001506805419921875,,0.9738846572361263,104.69161951852932,117.96697058582755,919
171,D1,random,AdaptiveSplitCP,20,0.1,0.0010001659393310547,stacked,0.9727965179542981,93.85567971922737,102.77305278660478,919
171,D1,random,TransferCal-CP-affine-localsigma,20,0.1,0.0019998550415039062,,0.9662676822633297,55.83352473909775,58.24415387092932,919
171,D1,covariate,SplitCP-source,20,0.1,0.0,,0.05767138193688792,2.25131461675322,182.00507754648024,919
171,D1,covariate,AdaptiveJackknifeCP,20,0.1,0.3186154365539551,stacked,0.8411316648531012,39.6170977693851,59.562477746331766,919
171,D1,covariate,AdaptiveJackknifeCP-exactJK+,20,0.1,0.3465883731842041,stacked,0.8922742110990207,43.64572536416966,54.37274862691849,919
171,D1,covariate,TargetOnlyJKplus,20,0.1,0.3453960418701172,local-ridge,0.9945593035908596,80.39138040640488,80.68368335587083,919
171,D1,covariate,TargetOnlyJKplus-exactJK+,20,0.1,0.37399983406066895,local-ridge,0.9934711643090316,84.87694381365634,85.28517987592427,919
171,D1,covariate,StackedOnlyCP,20,0.1,0.006506919860839844,stacked,0.8411316648531012,39.6170977693851,59.562477746331766,919
171,D1,covariate,TargetOnlyCP,20,0.1,0.0015075206756591797,,0.985854189336235,85.73178139459264,86.97199885300627,919
171,D1,covariate,AdaptiveSplitCP,20,0.1,0.0029997825622558594,stacked,0.955386289445049,215.6699288087607,238.42231613771446,919
171,D1,covariate,TransferCal-CP-affine-localsigma,20,0.1,0.0020003318786621094,,0.8541893362350381,34.39264227986313,46.12778797224142,919
171,D2,strength_quartile,SplitCP-source,20,0.1,0.0009999275207519531,,0.0,3.638532485091246,328.6412965208824,83
171,D2,strength_quartile,AdaptiveJackknifeCP,20,0.1,0.33592867851257324,stacked,0.7831325301204819,13.138167913151852,29.375312829260647,83
171,D2,strength_quartile,AdaptiveJackknifeCP-exactJK+,20,0.1,0.3455204963684082,stacked,0.7590361445783133,11.932758958930624,30.887708630741113,83
171,D2,strength_quartile,TargetOnlyJKplus,20,0.1,0.3497607707977295,local-ridge,0.7228915662650602,11.697990232867175,28.373398462255683,83
171,D2,strength_quartile,TargetOnlyJKplus-exactJK+,20,0.1,0.3502805233001709,local-ridge,0.6867469879518072,11.202468256779387,30.52845603657963,83
171,D2,strength_quartile,StackedOnlyCP,20,0.1,0.002999544143676758,stacked,0.7831325301204819,13.138167913151852,29.375312829260647,83
171,D2,strength_quartile,TargetOnlyCP,20,0.1,0.0010013580322265625,,0.7831325301204819,12.36607693239773,27.108798257338663,83
171,D2,strength_quartile,AdaptiveSplitCP,20,0.1,0.0020041465759277344,stacked,0.8192771084337349,17.081753914375813,29.985156379333795,83
171,D2,strength_quartile,TransferCal-CP-affine-localsigma,20,0.1,0.0019991397857666016,,0.963855421686747,38.1872970988116,40.5171004358871,83
171,D2,random,SplitCP-source,20,0.1,0.001001119613647461,,0.0,3.638532485091246,327.14610629043773,83
171,D2,random,AdaptiveJackknifeCP,20,0.1,0.33703064918518066,stacked,0.927710843373494,23.142513411393782,29.482100526978297,83
171,D2,random,AdaptiveJackknifeCP-exactJK+,20,0.1,0.3345072269439697,stacked,0.9397590361445783,24.19551712702205,29.462121161463784,83
171,D2,random,TargetOnlyJKplus,20,0.1,0.33298611640930176,local-ridge,1.0,29.416849992978154,29.416849992978154,83
171,D2,random,TargetOnlyJKplus-exactJK+,20,0.1,0.3468055725097656,local-ridge,0.963855421686747,23.33673709599321,23.914863652895285,83
171,D2,random,StackedOnlyCP,20,0.1,0.0055065155029296875,stacked,0.927710843373494,23.142513411393782,29.482100526978297,83
171,D2,random,TargetOnlyCP,20,0.1,0.0010001659393310547,,1.0,30.631880465407793,30.631880465407793,83
171,D2,random,AdaptiveSplitCP,20,0.1,0.0019998550415039062,stacked,0.927710843373494,24.756630249796398,39.15102798979254,83
171,D2,random,TransferCal-CP-affine-localsigma,20,0.1,0.0009996891021728516,,0.8554216867469879,27.73745524343656,37.06197982459357,83
171,D2,covariate,SplitCP-source,20,0.1,0.0009996891021728516,,0.0,3.638532485091246,328.283004264804,83
171,D2,covariate,AdaptiveJackknifeCP,20,0.1,0.33805084228515625,stacked,0.9518072289156626,22.374119750115625,24.953151275454807,83
171,D2,covariate,AdaptiveJackknifeCP-exactJK+,20,0.1,0.33209776878356934,stacked,0.9759036144578314,26.7866116418354,27.99796786338004,83
171,D2,covariate,TargetOnlyJKplus,20,0.1,0.3386688232421875,local-ridge,0.9879518072289156,28.621198804834368,28.724662755575103,83
171,D2,covariate,TargetOnlyJKplus-exactJK+,20,0.1,0.35537123680114746,local-ridge,0.9759036144578314,26.919237250718076,27.95481897679553,83
171,D2,covariate,StackedOnlyCP,20,0.1,0.007003307342529297,stacked,0.9518072289156626,22.374119750115625,24.953151275454807,83
171,D2,covariate,TargetOnlyCP,20,0.1,0.0020003318786621094,,0.963855421686747,26.18766401848273,28.06130451228455,83
171,D2,covariate,AdaptiveSplitCP,20,0.1,0.0030007362365722656,stacked,0.9759036144578314,65.06205554739122,68.69804240089195,83
171,D2,covariate,TransferCal-CP-affine-localsigma,20,0.1,0.001999378204345703,,0.9518072289156626,27.649730352046895,32.397938414838556,83
171,D4,strength_quartile,SplitCP-source,20,0.1,0.0009989738464355469,,0.049079754601226995,2.998461037521395,212.7960671008787,163
171,D4,strength_quartile,AdaptiveJackknifeCP,20,0.1,0.32952380180358887,stacked,0.9202453987730062,13.400140855542373,15.794284737909557,163
171,D4,strength_quartile,AdaptiveJackknifeCP-exactJK+,20,0.1,0.33676576614379883,stacked,0.9079754601226994,13.38460821501547,16.89734313268951,163
171,D4,strength_quartile,TargetOnlyJKplus,20,0.1,0.3202073574066162,local-ridge,0.9570552147239264,31.71514174560606,36.457911984746396,163
171,D4,strength_quartile,TargetOnlyJKplus-exactJK+,20,0.1,0.31313300132751465,local-ridge,0.9386503067484663,29.410128337192393,36.71009590328111,163
171,D4,strength_quartile,StackedOnlyCP,20,0.1,0.006001710891723633,stacked,0.9202453987730062,13.400140855542373,15.794284737909557,163
171,D4,strength_quartile,TargetOnlyCP,20,0.1,0.0010001659393310547,,0.9693251533742331,47.09566695952873,50.26176014460223,163
171,D4,strength_quartile,AdaptiveSplitCP,20,0.1,0.002999544143676758,stacked,0.9263803680981595,19.250943761642674,22.85919497221821,163
171,D4,strength_quartile,TransferCal-CP-affine-localsigma,20,0.1,0.0009999275207519531,,0.9079754601226994,43.094008772835025,54.6756429486126,163
171,D4,random,SplitCP-source,20,0.1,0.0010001659393310547,,0.05521472392638037,2.998461037521395,207.30190076169407,163
171,D4,random,AdaptiveJackknifeCP,20,0.1,0.30579066276550293,stacked,0.6809815950920245,7.44127646053752,23.107842807593006,163
171,D4,random,AdaptiveJackknifeCP-exactJK+,20,0.1,0.31378960609436035,stacked,0.6319018404907976,6.564474221958535,24.978495236173735,163
171,D4,random,TargetOnlyJKplus,20,0.1,0.33465123176574707,local-ridge,0.9141104294478528,31.208152887969046,41.46492139281164,163
171,D4,random,TargetOnlyJKplus-exactJK+,20,0.1,0.30937838554382324,local-ridge,0.8895705521472392,27.377252866050593,42.66914287365741,163
171,D4,random,StackedOnlyCP,20,0.1,0.006417274475097656,stacked,0.6809815950920245,7.44127646053752,23.107842807593006,163
171,D4,random,TargetOnlyCP,20,0.1,0.0010020732879638672,,0.8957055214723927,31.702056388009282,44.19049769486671,163
171,D4,random,AdaptiveSplitCP,20,0.1,0.0020058155059814453,stacked,0.8098159509202454,11.200052374284965,22.59738918863431,163
171,D4,random,TransferCal-CP-affine-localsigma,20,0.1,0.001998424530029297,,0.7607361963190185,23.382599689920628,55.20816941371646,163
171,D4,covariate,SplitCP-source,20,0.1,0.0010001659393310547,,0.05521472392638037,2.9984610375213947,219.40788753346158,163
171,D4,covariate,AdaptiveJackknifeCP,20,0.1,0.2969822883605957,stacked,0.950920245398773,14.717694940294823,16.47337507410254,163
171,D4,covariate,AdaptiveJackknifeCP-exactJK+,20,0.1,0.30989861488342285,stacked,0.9570552147239264,14.600704690334236,16.10360278344605,163
171,D4,covariate,TargetOnlyJKplus,20,0.1,0.32340216636657715,local-ridge,0.9631901840490797,37.45513676877417,40.629335510276526,163
171,D4,covariate,TargetOnlyJKplus-exactJK+,20,0.1,0.3378734588623047,local-ridge,0.950920245398773,33.58914930314777,39.3805273443038,163
171,D4,covariate,StackedOnlyCP,20,0.1,0.006005048751831055,stacked,0.950920245398773,14.717694940294823,16.47337507410254,163
171,D4,covariate,TargetOnlyCP,20,0.1,0.001997709274291992,,0.950920245398773,37.60237470822474,40.175136297091015,163
171,D4,covariate,AdaptiveSplitCP,20,0.1,0.003000020980834961,stacked,0.9938650306748467,24.880302777255565,24.888662895389363,163
171,D4,covariate,TransferCal-CP-affine-localsigma,20,0.1,0.002001047134399414,,0.9754601226993865,35.258754626562705,37.63272647728137,163
172,D1,strength_quartile,SplitCP-source,20,0.1,0.0010004043579101562,,0.05331882480957562,1.8441387458392882,183.3508411886226,919
172,D1,strength_quartile,AdaptiveJackknifeCP,20,0.1,0.3276965618133545,stacked,0.955386289445049,77.09158172632714,93.65415091450586,919
172,D1,strength_quartile,AdaptiveJackknifeCP-exactJK+,20,0.1,0.33038878440856934,stacked,0.9347116430903155,62.44006628976748,94.72058052457494,919
172,D1,strength_quartile,TargetOnlyJKplus,20,0.1,0.3273324966430664,local-ridge,0.9216539717083787,53.94663400528398,100.010060873274,919
172,D1,strength_quartile,TargetOnlyJKplus-exactJK+,20,0.1,0.3100261688232422,local-ridge,0.9227421109902068,59.18407543000625,109.79883188928433,919
172,D1,strength_quartile,StackedOnlyCP,20,0.1,0.006452083587646484,stacked,0.955386289445049,77.09158172632714,93.65415091450586,919
172,D1,strength_quartile,TargetOnlyCP,20,0.1,0.0020046234130859375,,0.9717083786724701,86.25752089875748,96.8522151078942,919
172,D1,strength_quartile,AdaptiveSplitCP,20,0.1,0.0020003318786621094,stacked,0.9651795429815017,67.4057104273081,77.06367324180779,919
172,D1,strength_quartile,TransferCal-CP-affine-localsigma,20,0.1,0.0020003318786621094,,1.0,88.30291351323197,88.30291351323197,919
172,D1,random,SplitCP-source,20,0.1,0.0,,0.0544069640914037,1.8441387458392882,183.9549374013682,919
172,D1,random,AdaptiveJackknifeCP,20,0.1,0.3136787414550781,stacked,0.9347116430903155,46.08323224140157,51.94335952281378,919
172,D1,random,AdaptiveJackknifeCP-exactJK+,20,0.1,0.3152351379394531,stacked,0.9173014145810664,43.27244970129792,51.015710748927475,919
172,D1,random,TargetOnlyJKplus,20,0.1,0.31653547286987305,local-ridge,0.9630032644178455,64.9585737334111,74.43445925839863,919
172,D1,random,TargetOnlyJKplus-exactJK+,20,0.1,0.32712364196777344,local-ridge,0.9107725788900979,49.31785741461383,69.71432549468277,919
172,D1,random,StackedOnlyCP,20,0.1,0.003000974655151367,stacked,0.9347116430903155,46.08323224140157,51.94335952281378,919
172,D1,random,TargetOnlyCP,20,0.1,0.0009999275207519531,,0.9760609357997824,66.22901185001635,71.46081395606662,919
172,D1,random,AdaptiveSplitCP,20,0.1,0.001999378204345703,stacked,0.9684439608269858,80.49349122651094,94.92054861501452,919
172,D1,random,TransferCal-CP-affine-localsigma,20,0.1,0.0010006427764892578,,0.9945593035908596,64.6883684886852,64.95297418776106,919
172,D1,covariate,SplitCP-source,20,0.1,0.0009996891021728516,,0.05223068552774755,1.8441387458392882,184.91182405934063,919
172,D1,covariate,AdaptiveJackknifeCP,20,0.1,0.34990906715393066,stacked,0.9532100108813928,45.758712816464936,50.22407335753481,919
172,D1,covariate,AdaptiveJackknifeCP-exactJK+,20,0.1,0.3425900936126709,stacked,0.9390642002176278,47.18834292396507,53.093830485358204,919
172,D1,covariate,TargetOnlyJKplus,20,0.1,0.33707571029663086,local-ridge,1.0,91.94500022031477,91.94500022031477,919
172,D1,covariate,TargetOnlyJKplus-exactJK+,20,0.1,0.3197815418243408,local-ridge,0.9967355821545157,87.06176733070308,87.25152000789194,919
172,D1,covariate,StackedOnlyCP,20,0.1,0.007002830505371094,stacked,0.9532100108813928,45.758712816464936,50.22407335753481,919
172,D1,covariate,TargetOnlyCP,20,0.1,0.002000093460083008,,0.9597388465723613,55.85244948087357,60.195196130061376,919
172,D1,covariate,AdaptiveSplitCP,20,0.1,0.0019998550415039062,stacked,0.8509249183895539,35.48310294536188,50.247049300920324,919
172,D1,covariate,TransferCal-CP-affine-localsigma,20,0.1,0.0020012855529785156,,0.7997823721436343,31.683981736185366,54.049433134575274,919
172,D2,strength_quartile,SplitCP-source,20,0.1,0.0,,0.0,2.8874107066029775,333.35501825401457,83
172,D2,strength_quartile,AdaptiveJackknifeCP,20,0.1,0.3313291072845459,stacked,0.7469879518072289,13.2419339731518,29.98839656506524,83
172,D2,strength_quartile,AdaptiveJackknifeCP-exactJK+,20,0.1,0.283672571182251,stacked,0.7951807228915663,13.951252094344136,27.912896119859546,83
172,D2,strength_quartile,TargetOnlyJKplus,20,0.1,0.3167266845703125,local-ridge,0.8795180722891566,15.308730929830245,22.047556819629282,83
172,D2,strength_quartile,TargetOnlyJKplus-exactJK+,20,0.1,0.3205392360687256,local-ridge,0.8795180722891566,14.809915950734915,21.851404163877383,83
172,D2,strength_quartile,StackedOnlyCP,20,0.1,0.005835056304931641,stacked,0.7469879518072289,13.2419339731518,29.98839656506524,83
172,D2,strength_quartile,TargetOnlyCP,20,0.1,0.002004384994506836,,0.927710843373494,23.596549795559923,26.72147075453256,83
172,D2,strength_quartile,AdaptiveSplitCP,20,0.1,0.0019991397857666016,stacked,0.963855421686747,31.043940108287863,33.70846406546892,83
172,D2,strength_quartile,TransferCal-CP-affine-localsigma,20,0.1,0.002000093460083008,,0.9879518072289156,30.930287423386854,32.68120257753454,83
172,D2,random,SplitCP-source,20,0.1,0.001001119613647461,,0.0,2.8874107066029775,341.5617639200838,83
172,D2,random,AdaptiveJackknifeCP,20,0.1,0.32055187225341797,local-ridge,0.9518072289156626,19.835620011583188,24.725657009658637,83
172,D2,random,AdaptiveJackknifeCP-exactJK+,20,0.1,0.31441807746887207,local-ridge,0.9397590361445783,18.79425062941303,24.283554140759303,83
172,D2,random,TargetOnlyJKplus,20,0.1,0.2896757125854492,local-ridge,0.9518072289156626,19.67687690410497,24.643416604579564,83
172,D2,random,TargetOnlyJKplus-exactJK+,20,0.1,0.3166227340698242,local-ridge,0.8795180722891566,16.715725056378503,23.740485807568504,83
172,D2,random,StackedOnlyCP,20,0.1,0.003999948501586914,stacked,0.963855421686747,22.01559123489419,25.874300170233607,83
172,D2,random,TargetOnlyCP,20,0.1,0.0009999275207519531,,0.7831325301204819,11.678548521342323,27.2693999259113,83
172,D2,random,AdaptiveSplitCP,20,0.1,0.0009996891021728516,stacked,0.9156626506024096,18.698156253384596,22.831169456758552,83
172,D2,random,TransferCal-CP-affine-localsigma,20,0.1,0.001001119613647461,,0.927710843373494,22.01782698864018,27.258273526182517,83
172,D2,covariate,SplitCP-source,20,0.1,0.001001119613647461,,0.0,2.8874107066029775,331.9573722320826,83
172,D2,covariate,AdaptiveJackknifeCP,20,0.1,0.32021379470825195,stacked,0.8433734939759037,14.31632384462171,24.072412254429565,83
172,D2,covariate,AdaptiveJackknifeCP-exactJK+,20,0.1,0.32570505142211914,stacked,0.8072289156626506,14.621739388987873,24.507062369847567,83
172,D2,covariate,TargetOnlyJKplus,20,0.1,0.3167459964752197,local-ridge,0.8072289156626506,13.580540342993007,24.703030258928248,83
172,D2,covariate,TargetOnlyJKplus-exactJK+,20,0.1,0.31132936477661133,local-ridge,0.7710843373493976,11.587924748516345,26.922396790003393,83
172,D2,covariate,StackedOnlyCP,20,0.1,0.0065119266510009766,stacked,0.8433734939759037,14.31632384462171,24.072412254429565,83
172,D2,covariate,TargetOnlyCP,20,0.1,0.002003192901611328,,0.7710843373493976,13.829625793019968,27.29043414947061,83
172,D2,covariate,AdaptiveSplitCP,20,0.1,0.002000093460083008,stacked,0.9518072289156626,22.73844149263589,25.158211350385784,83
172,D2,covariate,TransferCal-CP-affine-localsigma,20,0.1,0.0020003318786621094,,0.8433734939759037,18.824091895477405,31.24051135647378,83
172,D4,strength_quartile,SplitCP-source,20,0.1,0.0010001659393310547,,0.08588957055214724,3.491305960821663,206.07809651498115,163
172,D4,strength_quartile,AdaptiveJackknifeCP,20,0.1,0.32881832122802734,stacked,0.8711656441717791,8.973812746073989,15.937612046735785,163
172,D4,strength_quartile,AdaptiveJackknifeCP-exactJK+,20,0.1,0.3130323886871338,stacked,0.8957055214723927,10.752167065963496,16.45849661399458,163
172,D4,strength_quartile,TargetOnlyJKplus,20,0.1,0.3435933589935303,local-ridge,0.9570552147239264,29.68518777179087,34.88384516436247,163
172,D4,strength_quartile,TargetOnlyJKplus-exactJK+,20,0.1,0.33896923065185547,local-ridge,0.9263803680981595,26.465271884477954,34.37131910771695,163
172,D4,strength_quartile,StackedOnlyCP,20,0.1,0.00600433349609375,stacked,0.8711656441717791,8.973812746073989,15.937612046735785,163
172,D4,strength_quartile,TargetOnlyCP,20,0.1,0.0009989738464355469,,0.9631901840490797,51.22393746939125,54.74025985437055,163
172,D4,strength_quartile,AdaptiveSplitCP,20,0.1,0.0030007362365722656,stacked,0.9631901840490797,19.991813820032814,20.879500997008435,163
172,D4,strength_quartile,TransferCal-CP-affine-localsigma,20,0.1,0.0010035037994384766,,0.9325153374233128,40.39345444567949,47.42905224686197,163
172,D4,random,SplitCP-source,20,0.1,0.0,,0.08588957055214724,3.491305960821663,204.6375266687837,163
172,D4,random,AdaptiveJackknifeCP,20,0.1,0.31701040267944336,stacked,0.8098159509202454,10.021705162713445,17.512486606223586,163
172,D4,random,AdaptiveJackknifeCP-exactJK+,20,0.1,0.3499178886413574,stacked,0.8466257668711656,11.151597962231254,16.189266833645362,163
172,D4,random,TargetOnlyJKplus,20,0.1,0.3139379024505615,local-ridge,0.8895705521472392,24.884173491222835,33.88424286936829,163
172,D4,random,TargetOnlyJKplus-exactJK+,20,0.1,0.30469250679016113,local-ridge,0.9263803680981595,27.94412994133874,33.48712295343414,163
172,D4,random,StackedOnlyCP,20,0.1,0.005511045455932617,stacked,0.8098159509202454,10.021705162713445,17.512486606223586,163
172,D4,random,TargetOnlyCP,20,0.1,0.0010001659393310547,,0.9754601226993865,140.22054725364436,141.8666227061214,163
172,D4,random,AdaptiveSplitCP,20,0.1,0.0020003318786621094,stacked,0.803680981595092,29.445796140829792,49.63503716051933,163
172,D4,random,TransferCal-CP-affine-localsigma,20,0.1,0.001999378204345703,,0.8895705521472392,27.617520033480908,37.114082622773694,163
172,D4,covariate,SplitCP-source,20,0.1,0.0,,0.07975460122699386,3.491305960821663,206.0632488704083,163
172,D4,covariate,AdaptiveJackknifeCP,20,0.1,0.32323622703552246,stacked,0.9631901840490797,17.177482047706512,18.125898282524858,163
172,D4,covariate,AdaptiveJackknifeCP-exactJK+,20,0.1,0.2950620651245117,stacked,0.9325153374233128,13.78077705142548,16.727421836699627,163
172,D4,covariate,TargetOnlyJKplus,20,0.1,0.33425235748291016,local-ridge,0.9631901840490797,35.76530951568106,39.910774552024684,163
172,D4,covariate,TargetOnlyJKplus-exactJK+,20,0.1,0.3351328372955322,local-ridge,0.901840490797546,30.55137837668483,40.435197179522646,163
172,D4,covariate,StackedOnlyCP,20,0.1,0.005776166915893555,stacked,0.9631901840490797,17.177482047706512,18.125898282524858,163
172,D4,covariate,TargetOnlyCP,20,0.1,0.0025093555450439453,,1.0,92.93994837351478,92.93994837351478,163
172,D4,covariate,AdaptiveSplitCP,20,0.1,0.001999378204345703,stacked,0.9693251533742331,29.890827810650762,30.528132447236626,163
172,D4,covariate,TransferCal-CP-affine-localsigma,20,0.1,0.002000570297241211,,0.9693251533742331,37.627593257978695,42.18071970029667,163
173,D1,strength_quartile,SplitCP-source,20,0.1,0.0,,0.09684439608269858,3.1489874965857894,172.18547041997905,919
173,D1,strength_quartile,AdaptiveJackknifeCP,20,0.1,0.3164393901824951,stacked,0.9891186071817193,66.93734165219908,67.72201450212863,919
173,D1,strength_quartile,AdaptiveJackknifeCP-exactJK+,20,0.1,0.3213775157928467,stacked,0.9651795429815017,56.06457838343403,59.3314148680203,919
173,D1,strength_quartile,TargetOnlyJKplus,20,0.1,0.325031042098999,local-ridge,0.9336235038084875,61.21116113681356,70.8609523085597,919
173,D1,strength_quartile,TargetOnlyJKplus-exactJK+,20,0.1,0.303267240524292,local-ridge,0.9042437431991295,59.67150642387522,73.8470568051041,919
173,D1,strength_quartile,StackedOnlyCP,20,0.1,0.006999015808105469,stacked,0.9891186071817193,66.93734165219908,67.72201450212863,919
173,D1,strength_quartile,TargetOnlyCP,20,0.1,0.0009999275207519531,,0.8715995647442872,53.921978451874686,75.53875943528453,919
173,D1,strength_quartile,AdaptiveSplitCP,20,0.1,0.0029997825622558594,stacked,0.9379760609357998,53.58596814342206,61.767380094985484,919
173,D1,strength_quartile,TransferCal-CP-affine-localsigma,20,0.1,0.0009999275207519531,,0.9912948857453754,53.821455979769745,55.07136926243338,919
173,D1,random,SplitCP-source,20,0.1,0.0,,0.09357997823721437,3.1489874965857894,172.5967676627937,919
173,D1,random,AdaptiveJackknifeCP,20,0.1,0.32282209396362305,stacked,0.9891186071817193,66.13174159062554,67.48003682969123,919
173,D1,random,AdaptiveJackknifeCP-exactJK+,20,0.1,0.317279577255249,stacked,0.9521218715995647,48.37170360497419,52.965085710382404,919
173,D1,random,TargetOnlyJKplus,20,0.1,0.29151010513305664,local-ridge,0.8977149075081611,45.93717273428105,61.65326038027951,919
173,D1,random,TargetOnlyJKplus-exactJK+,20,0.1,0.29651331901550293,local-ridge,0.9499455930359086,57.120610354972584,63.48625077415193,919
173,D1,random,StackedOnlyCP,20,0.1,0.0055692195892333984,stacked,0.9891186071817193,66.13174159062554,67.48003682969123,919
173,D1,random,TargetOnlyCP,20,0.1,0.0010020732879638672,,0.9020674646354734,47.03163001822875,62.252293184120376,919
173,D1,random,AdaptiveSplitCP,20,0.1,0.0029981136322021484,stacked,0.8563656147986942,54.833012801600496,75.55481302444016,919
173,D1,random,TransferCal-CP-affine-localsigma,20,0.1,0.0010006427764892578,,0.9183895538628944,42.95870679378567,50.72348817775282,919
173,D1,covariate,SplitCP-source,20,0.1,0.0,,0.09466811751904244,3.1489874965857894,172.85225325024658,919
173,D1,covariate,AdaptiveJackknifeCP,20,0.1,0.3150441646575928,stacked,0.8628944504896626,36.024073473968656,52.04083816176068,919
173,D1,covariate,AdaptiveJackknifeCP-exactJK+,20,0.1,0.31330299377441406,stacked,0.8639825897714908,36.87973054217164,53.05831796359628,919
173,D1,covariate,TargetOnlyJKplus,20,0.1,0.3169074058532715,local-ridge,0.8846572361262242,45.67846566608609,69.0672519958887,919
173,D1,covariate,TargetOnlyJKplus-exactJK+,20,0.1,0.314084529876709,local-ridge,0.8520130576713819,42.69740520902024,73.71501185441586,919
173,D1,covariate,StackedOnlyCP,20,0.1,0.005999326705932617,stacked,0.8628944504896626,36.024073473968656,52.04083816176068,919
173,D1,covariate,TargetOnlyCP,20,0.1,0.002505779266357422,,0.8737758433079434,47.1687577545739,70.89248560336355,919
173,D1,covariate,AdaptiveSplitCP,20,0.1,0.0025026798248291016,stacked,0.9760609357997824,91.2759944999591,95.39862937218574,919
173,D1,covariate,TransferCal-CP-affine-localsigma,20,0.1,0.0020034313201904297,,0.823721436343852,34.218294071879605,57.480780882500454,919
173,D2,strength_quartile,SplitCP-source,20,0.1,0.0,,0.012048192771084338,3.057970194951779,314.2672831800518,83
173,D2,strength_quartile,AdaptiveJackknifeCP,20,0.1,0.3535165786743164,stacked,0.9759036144578314,27.912241775783734,28.02167739802336,83
173,D2,strength_quartile,AdaptiveJackknifeCP-exactJK+,20,0.1,0.36016368865966797,stacked,0.963855421686747,23.120738128626193,24.503752852412507,83
173,D2,strength_quartile,TargetOnlyJKplus,20,0.1,0.347383975982666,local-ridge,1.0,30.059355478368957,30.059355478368957,83
173,D2,strength_quartile,TargetOnlyJKplus-exactJK+,20,0.1,0.34378623962402344,local-ridge,1.0,26.610089039430324,26.610089039430324,83
173,D2,strength_quartile,StackedOnlyCP,20,0.1,0.0030007362365722656,stacked,0.9759036144578314,27.912241775783734,28.02167739802336,83
173,D2,strength_quartile,TargetOnlyCP,20,0.1,0.0010001659393310547,,1.0,40.270413783356105,40.270413783356105,83
173,D2,strength_quartile,AdaptiveSplitCP,20,0.1,0.0020003318786621094,stacked,1.0,35.58963200562255,35.58963200562255,83
173,D2,strength_quartile,TransferCal-CP-affine-localsigma,20,0.1,0.0015120506286621094,,1.0,46.375657810470194,46.375657810470194,83
173,D2,random,SplitCP-source,20,0.1,0.0009975433349609375,,0.0,3.057970194951779,325.62982931747547,83
173,D2,random,AdaptiveJackknifeCP,20,0.1,0.385483980178833,stacked,0.9036144578313253,16.610630395058845,24.47873529135551,83
173,D2,random,AdaptiveJackknifeCP-exactJK+,20,0.1,0.37859296798706055,stacked,0.8072289156626506,12.986225314173625,26.184663161638635,83
173,D2,random,TargetOnlyJKplus,20,0.1,0.3442065715789795,local-ridge,0.8072289156626506,13.49282386871566,26.428947589729706,83
173,D2,random,TargetOnlyJKplus-exactJK+,20,0.1,0.352764368057251,local-ridge,0.8192771084337349,12.76605200299754,26.404114395742443,83
173,D2,random,StackedOnlyCP,20,0.1,0.006000041961669922,stacked,0.9036144578313253,16.610630395058845,24.47873529135551,83
173,D2,random,TargetOnlyCP,20,0.1,0.0010001659393310547,,0.8192771084337349,15.01202519694664,26.511097082511817,83
173,D2,random,AdaptiveSplitCP,20,0.1,0.0020062923431396484,stacked,0.7710843373493976,12.660351560282193,30.5752302378968,83
173,D2,random,TransferCal-CP-affine-localsigma,20,0.1,0.002002239227294922,,0.963855421686747,30.569996494989308,32.80401845366505,83
173,D2,covariate,SplitCP-source,20,0.1,0.00099945068359375,,0.012048192771084338,3.057970194951779,322.8338744809451,83
173,D2,covariate,AdaptiveJackknifeCP,20,0.1,0.3496866226196289,stacked,0.927710843373494,15.811644449702202,22.972004489151953,83
173,D2,covariate,AdaptiveJackknifeCP-exactJK+,20,0.1,0.3431508541107178,stacked,0.8795180722891566,14.106054853239545,23.05816640577912,83
173,D2,covariate,TargetOnlyJKplus,20,0.1,0.34435391426086426,local-ridge,0.9156626506024096,15.964159071806662,22.940768547252887,83
173,D2,covariate,TargetOnlyJKplus-exactJK+,20,0.1,0.34989261627197266,local-ridge,0.9156626506024096,15.960572218866982,23.14400417121025,83
173,D2,covariate,StackedOnlyCP,20,0.1,0.006000041961669922,stacked,0.927710843373494,15.811644449702202,22.972004489151953,83
173,D2,covariate,TargetOnlyCP,20,0.1,0.0020003318786621094,,0.8433734939759037,14.419425589504927,24.48116702703069,83
173,D2,covariate,AdaptiveSplitCP,20,0.1,0.001999378204345703,stacked,0.891566265060241,19.915368728679496,25.627735554523525,83
173,D2,covariate,TransferCal-CP-affine-localsigma,20,0.1,0.002001523971557617,,0.927710843373494,29.452390210112554,34.2643893436221,83
173,D4,strength_quartile,SplitCP-source,20,0.1,0.0010025501251220703,,0.06134969325153374,3.063333337017966,204.8885930055705,163
173,D4,strength_quartile,AdaptiveJackknifeCP,20,0.1,0.3224148750305176,stacked,0.8957055214723927,13.29312413458258,16.904754990421882,163
173,D4,strength_quartile,AdaptiveJackknifeCP-exactJK+,20,0.1,0.3114960193634033,stacked,0.9079754601226994,13.173290549058244,16.454440950523846,163
173,D4,strength_quartile,TargetOnlyJKplus,20,0.1,0.33486390113830566,local-ridge,0.9631901840490797,40.8556682156497,43.87468911864581,163
173,D4,strength_quartile,TargetOnlyJKplus-exactJK+,20,0.1,0.3254377841949463,local-ridge,0.9325153374233128,36.25587472453148,43.30783904777603,163
173,D4,strength_quartile,StackedOnlyCP,20,0.1,0.003001689910888672,stacked,0.8957055214723927,13.29312413458258,16.904754990421882,163
173,D4,strength_quartile,TargetOnlyCP,20,0.1,0.0009996891021728516,,0.9631901840490797,46.56167360362136,50.49390429988607,163
173,D4,strength_quartile,AdaptiveSplitCP,20,0.1,0.0019986629486083984,stacked,0.8834355828220859,27.551738079896612,36.08127944229106,163
173,D4,strength_quartile,TransferCal-CP-affine-localsigma,20,0.1,0.0015044212341308594,,0.852760736196319,26.983570288493507,40.83199148566081,163
173,D4,random,SplitCP-source,20,0.1,0.0,,0.06748466257668712,3.063333337017966,200.93291606390093,163
173,D4,random,AdaptiveJackknifeCP,20,0.1,0.3593482971191406,stacked,0.9570552147239264,19.863657383401083,20.964190861965832,163
173,D4,random,AdaptiveJackknifeCP-exactJK+,20,0.1,0.33063483238220215,stacked,0.9570552147239264,19.05415920027472,21.347002983023696,163
173,D4,random,TargetOnlyJKplus,20,0.1,0.36298322677612305,local-ridge,0.8404907975460123,22.44836203667826,38.82016460643348,163
173,D4,random,TargetOnlyJKplus-exactJK+,20,0.1,0.3150801658630371,local-ridge,0.8773006134969326,27.316151329329678,40.51965530856655,163
173,D4,random,StackedOnlyCP,20,0.1,0.005003690719604492,stacked,0.9570552147239264,19.863657383401083,20.964190861965832,163
173,D4,random,TargetOnlyCP,20,0.1,0.0019996166229248047,,0.9693251533742331,51.224484348695114,52.19401954806164,163
173,D4,random,AdaptiveSplitCP,20,0.1,0.0020008087158203125,stacked,0.9938650306748467,39.56033846456637,39.818536200496304,163
173,D4,random,TransferCal-CP-affine-localsigma,20,0.1,0.0019996166229248047,,0.9815950920245399,44.13012141246861,45.63983425028379,163
173,D4,covariate,SplitCP-source,20,0.1,0.0,,0.06748466257668712,3.063333337017966,201.42000489673558,163
173,D4,covariate,AdaptiveJackknifeCP,20,0.1,0.32677316665649414,stacked,0.950920245398773,21.19481964531209,22.927723511531507,163
173,D4,covariate,AdaptiveJackknifeCP-exactJK+,20,0.1,0.3199937343597412,stacked,0.8957055214723927,17.180816139638168,22.963275435607613,163
173,D4,covariate,TargetOnlyJKplus,20,0.1,0.32634472846984863,local-ridge,0.9325153374233128,40.39594769636165,49.33512479013694,163
173,D4,covariate,TargetOnlyJKplus-exactJK+,20,0.1,0.3300137519836426,local-ridge,0.8466257668711656,32.948292182275594,53.416715216384645,163
173,D4,covariate,StackedOnlyCP,20,0.1,0.006003141403198242,stacked,0.950920245398773,21.19481964531209,22.927723511531507,163
173,D4,covariate,TargetOnlyCP,20,0.1,0.0019998550415039062,,0.8650306748466258,47.07782411209212,65.43735782047763,163
173,D4,covariate,AdaptiveSplitCP,20,0.1,0.0019998550415039062,stacked,0.9263803680981595,19.174655803296545,22.124054676760373,163
173,D4,covariate,TransferCal-CP-affine-localsigma,20,0.1,0.003000497817993164,,0.8957055214723927,44.07391946717844,57.8977691314712,163
174,D1,strength_quartile,SplitCP-source,20,0.1,0.0,,0.09140369967355821,2.6139128213322214,171.89612015145795,919
174,D1,strength_quartile,AdaptiveJackknifeCP,20,0.1,0.3514559268951416,stacked,0.9923830250272034,69.83884357771277,70.0425625918931,919
174,D1,strength_quartile,AdaptiveJackknifeCP-exactJK+,20,0.1,0.3200681209564209,stacked,0.9760609357997824,60.342275105483516,62.033147175417334,919
174,D1,strength_quartile,TargetOnlyJKplus,20,0.1,0.3326113224029541,local-ridge,0.9891186071817193,75.79269595860167,76.69066318055992,919
174,D1,strength_quartile,TargetOnlyJKplus-exactJK+,20,0.1,0.31852030754089355,local-ridge,0.9542981501632208,66.15200633528025,70.98085360766842,919
174,D1,strength_quartile,StackedOnlyCP,20,0.1,0.004133939743041992,stacked,0.9923830250272034,69.83884357771277,70.0425625918931,919
174,D1,strength_quartile,TargetOnlyCP,20,0.1,0.0009996891021728516,,0.9434167573449401,65.7958388601669,72.23507357966898,919
174,D1,strength_quartile,AdaptiveSplitCP,20,0.1,0.001001119613647461,stacked,0.9096844396082698,47.35448596113982,56.639633438096176,919
174,D1,strength_quartile,TransferCal-CP-affine-localsigma,20,0.1,0.0019981861114501953,,0.9053318824809575,41.20555922651763,50.66045413938239,919
174,D1,random,SplitCP-source,20,0.1,0.0,,0.09140369967355821,2.6139128213322214,172.06062853299332,919
174,D1,random,AdaptiveJackknifeCP,20,0.1,0.3392198085784912,stacked,0.8171926006528836,38.47777623863068,104.18882102628785,919
174,D1,random,AdaptiveJackknifeCP-exactJK+,20,0.1,0.29521989822387695,stacked,0.8030467899891186,39.102114105624835,101.53475406827027,919
174,D1,random,TargetOnlyJKplus,20,0.1,0.34136056900024414,local-ridge,0.7540805223068553,33.99409610408942,151.99518069660573,919
174,D1,random,TargetOnlyJKplus-exactJK+,20,0.1,0.3307788372039795,local-ridge,0.7540805223068553,34.385588162359724,147.74822404406538,919
174,D1,random,StackedOnlyCP,20,0.1,0.0060024261474609375,stacked,0.8171926006528836,38.47777623863068,104.18882102628785,919
174,D1,random,TargetOnlyCP,20,0.1,0.0009999275207519531,,0.7682263329706203,37.322247538238585,187.97857164450042,919
174,D1,random,AdaptiveSplitCP,20,0.1,0.0021932125091552734,stacked,0.8487486398258978,64.87478290774197,256.97479999344,919
174,D1,random,TransferCal-CP-affine-localsigma,20,0.1,0.0019989013671875,,0.8389553862894451,47.74272386865346,75.70496255528553,919
174,D1,covariate,SplitCP-source,20,0.1,0.0,,0.09031556039173014,2.6139128213322214,171.62668990040697,919
174,D1,covariate,AdaptiveJackknifeCP,20,0.1,0.3168973922729492,stacked,0.9967355821545157,73.84349580597367,74.0800538894456,919
174,D1,covariate,AdaptiveJackknifeCP-exactJK+,20,0.1,0.340287446975708,stacked,0.9825897714907508,65.41932061208006,66.4880034323125,919
174,D1,covariate,TargetOnlyJKplus,20,0.1,0.33890748023986816,local-ridge,0.9815016322089227,73.44176396197393,75.35531485535515,919
174,D1,covariate,TargetOnlyJKplus-exactJK+,20,0.1,0.332017183303833,local-ridge,0.9749727965179543,70.2205919997549,73.10571602866233,919
174,D1,covariate,StackedOnlyCP,20,0.1,0.00599980354309082,stacked,0.9967355821545157,73.84349580597367,74.0800538894456,919
174,D1,covariate,TargetOnlyCP,20,0.1,0.0025072097778320312,,0.9368879216539717,52.22110576355384,62.10806867163086,919
174,D1,covariate,AdaptiveSplitCP,20,0.1,0.003001689910888672,stacked,0.7714907508161044,31.43454167869248,64.66295605525654,919
174,D1,covariate,TransferCal-CP-affine-localsigma,20,0.1,0.0019998550415039062,,0.9162132752992383,39.53060590908524,47.87042309001853,919
174,D2,strength_quartile,SplitCP-source,20,0.1,0.001001596450805664,,0.0,3.519913497994039,335.9264395534746,83
174,D2,strength_quartile,AdaptiveJackknifeCP,20,0.1,0.31833910942077637,stacked,1.0,31.573571724715585,31.573571724715585,83
174,D2,strength_quartile,AdaptiveJackknifeCP-exactJK+,20,0.1,0.2973306179046631,stacked,0.9879518072289156,31.162411981233245,31.314699848614328,83
174,D2,strength_quartile,TargetOnlyJKplus,20,0.1,0.32079362869262695,local-ridge,1.0,31.06780651732948,31.06780651732948,83
174,D2,strength_quartile,TargetOnlyJKplus-exactJK+,20,0.1,0.2943251132965088,local-ridge,1.0,29.383341424031784,29.383341424031784,83
174,D2,strength_quartile,StackedOnlyCP,20,0.1,0.0055086612701416016,stacked,1.0,31.573571724715585,31.573571724715585,83
174,D2,strength_quartile,TargetOnlyCP,20,0.1,0.0010001659393310547,,1.0,33.50096893449871,33.50096893449871,83
174,D2,strength_quartile,AdaptiveSplitCP,20,0.1,0.0030672550201416016,stacked,1.0,35.12775306632552,35.12775306632552,83
174,D2,strength_quartile,TransferCal-CP-affine-localsigma,20,0.1,0.001003265380859375,,0.9397590361445783,32.69688344550136,34.45573036023817,83
174,D2,random,SplitCP-source,20,0.1,0.001001596450805664,,0.0,3.519913497994039,348.1326824588178,83
174,D2,random,AdaptiveJackknifeCP,20,0.1,0.30870866775512695,stacked,0.7951807228915663,12.651421639545793,26.360977293593642,83
174,D2,random,AdaptiveJackknifeCP-exactJK+,20,0.1,0.3055238723754883,stacked,0.7951807228915663,13.251049427847562,25.713795647825513,83
174,D2,random,TargetOnlyJKplus,20,0.1,0.3143928050994873,local-ridge,0.8433734939759037,13.156041781080468,25.487998377205027,83
174,D2,random,TargetOnlyJKplus-exactJK+,20,0.1,0.3314523696899414,local-ridge,0.8554216867469879,13.432819651722168,25.324298769599075,83
174,D2,random,StackedOnlyCP,20,0.1,0.0055027008056640625,stacked,0.7951807228915663,12.651421639545793,26.360977293593642,83
174,D2,random,TargetOnlyCP,20,0.1,0.0010030269622802734,,0.8433734939759037,15.429138884149861,25.19576855671383,83
174,D2,random,AdaptiveSplitCP,20,0.1,0.003000020980834961,stacked,0.8192771084337349,13.207843778591164,24.303030067669795,83
174,D2,random,TransferCal-CP-affine-localsigma,20,0.1,0.0009999275207519531,,0.9879518072289156,28.948617478743078,30.480792590036256,83
174,D2,covariate,SplitCP-source,20,0.1,0.0,,0.0,3.519913497994039,342.63333677448713,83
174,D2,covariate,AdaptiveJackknifeCP,20,0.1,0.30769991874694824,stacked,0.963855421686747,21.742990116680218,24.739467599370318,83
174,D2,covariate,AdaptiveJackknifeCP-exactJK+,20,0.1,0.28987598419189453,stacked,0.9518072289156626,19.53526245310931,22.906000854272936,83
174,D2,covariate,TargetOnlyJKplus,20,0.1,0.30545830726623535,local-ridge,0.963855421686747,23.76455218551524,26.672180375487827,83
174,D2,covariate,TargetOnlyJKplus-exactJK+,20,0.1,0.3318898677825928,local-ridge,0.9518072289156626,20.477886814029965,24.256859665472785,83
174,D2,covariate,StackedOnlyCP,20,0.1,0.007636070251464844,stacked,0.963855421686747,21.742990116680218,24.739467599370318,83
174,D2,covariate,TargetOnlyCP,20,0.1,0.0020003318786621094,,0.5421686746987951,8.284861130963137,33.21293266410256,83
174,D2,covariate,AdaptiveSplitCP,20,0.1,0.0019996166229248047,stacked,0.9518072289156626,20.55066283701677,22.808285333866994,83
174,D2,covariate,TransferCal-CP-affine-localsigma,20,0.1,0.003001689910888672,,0.927710843373494,23.55218936076676,27.993678617498354,83
174,D4,strength_quartile,SplitCP-source,20,0.1,0.0,,0.05521472392638037,3.1760004578845407,224.66105079431418,163
174,D4,strength_quartile,AdaptiveJackknifeCP,20,0.1,0.32613158226013184,stacked,0.9877300613496932,18.844898476401667,19.086640782125723,163
174,D4,strength_quartile,AdaptiveJackknifeCP-exactJK+,20,0.1,0.2946598529815674,stacked,0.950920245398773,13.452602881972478,15.376973719639741,163
174,D4,strength_quartile,TargetOnlyJKplus,20,0.1,0.32265806198120117,local-ridge,0.9631901840490797,37.371602418745056,39.3177211004867,163
174,D4,strength_quartile,TargetOnlyJKplus-exactJK+,20,0.1,0.30961084365844727,local-ridge,0.9141104294478528,33.30014687697789,38.55461762685629,163
174,D4,strength_quartile,StackedOnlyCP,20,0.1,0.00599980354309082,stacked,0.9877300613496932,18.844898476401667,19.086640782125723,163
174,D4,strength_quartile,TargetOnlyCP,20,0.1,0.0009999275207519531,,0.9141104294478528,39.10205699118467,45.40935249693518,163
174,D4,strength_quartile,AdaptiveSplitCP,20,0.1,0.002504587173461914,stacked,0.8957055214723927,14.730584381669159,20.3664869350038,163
174,D4,strength_quartile,TransferCal-CP-affine-localsigma,20,0.1,0.0020041465759277344,,0.9447852760736196,49.0236182357681,52.0219097156137,163
174,D4,random,SplitCP-source,20,0.1,0.0,,0.049079754601226995,3.176000457884541,229.22360909503035,163
174,D4,random,AdaptiveJackknifeCP,20,0.1,0.29819488525390625,stacked,0.8895705521472392,14.30830588332909,18.3787897233352,163
174,D4,random,AdaptiveJackknifeCP-exactJK+,20,0.1,0.30863451957702637,stacked,0.8895705521472392,14.703990454224103,20.26413096857707,163
174,D4,random,TargetOnlyJKplus,20,0.1,0.29914402961730957,local-ridge,0.8588957055214724,26.207368868604537,40.0697113766791,163
174,D4,random,TargetOnlyJKplus-exactJK+,20,0.1,0.31352972984313965,local-ridge,0.8650306748466258,27.83049756448716,41.10415808385467,163
174,D4,random,StackedOnlyCP,20,0.1,0.00500035285949707,stacked,0.8895705521472392,14.30830588332909,18.3787897233352,163
174,D4,random,TargetOnlyCP,20,0.1,0.0019998550415039062,,0.9141104294478528,37.90021998951523,43.25561604005936,163
174,D4,random,AdaptiveSplitCP,20,0.1,0.0019998550415039062,stacked,0.8588957055214724,13.849996258998583,18.194565254177395,163
174,D4,random,TransferCal-CP-affine-localsigma,20,0.1,0.0010004043579101562,,0.950920245398773,60.42149986009465,63.40939516316051,163
174,D4,covariate,SplitCP-source,20,0.1,0.0,,0.049079754601226995,3.1760004578845407,225.2968657185835,163
174,D4,covariate,AdaptiveJackknifeCP,20,0.1,0.29535484313964844,stacked,0.8773006134969326,13.871553033807235,18.080370802353023,163
174,D4,covariate,AdaptiveJackknifeCP-exactJK+,20,0.1,0.32521986961364746,stacked,0.9202453987730062,16.013358671513757,18.137533973371287,163
174,D4,covariate,TargetOnlyJKplus,20,0.1,0.3298156261444092,local-ridge,0.9631901840490797,30.239778674859508,33.34126516229035,163
174,D4,covariate,TargetOnlyJKplus-exactJK+,20,0.1,0.30820345878601074,local-ridge,0.9693251533742331,34.62836591553691,36.91982176798108,163
174,D4,covariate,StackedOnlyCP,20,0.1,0.0030031204223632812,stacked,0.8773006134969326,13.871553033807235,18.080370802353023,163
174,D4,covariate,TargetOnlyCP,20,0.1,0.0009999275207519531,,0.9754601226993865,55.38316037093954,57.62296706856401,163
174,D4,covariate,AdaptiveSplitCP,20,0.1,0.0025441646575927734,stacked,0.9693251533742331,24.84549679605028,27.00100877202835,163
174,D4,covariate,TransferCal-CP-affine-localsigma,20,0.1,0.0020003318786621094,,0.9815950920245399,45.4386008779685,46.60517506475521,163
175,D1,strength_quartile,SplitCP-source,20,0.1,0.0,,0.07834602829162132,2.747708847390143,182.15199081904856,919
175,D1,strength_quartile,AdaptiveJackknifeCP,20,0.1,0.33280372619628906,stacked,0.8737758433079434,38.32533981409493,51.86303595946193,919
175,D1,strength_quartile,AdaptiveJackknifeCP-exactJK+,20,0.1,0.35068321228027344,stacked,0.8998911860718172,41.217173294703485,50.878730470023314,919
175,D1,strength_quartile,TargetOnlyJKplus,20,0.1,0.3493537902832031,local-ridge,0.8792165397170838,48.841507992928896,125.16628923536464,919
175,D1,strength_quartile,TargetOnlyJKplus-exactJK+,20,0.1,0.3327455520629883,local-ridge,0.8248095756256801,42.98281095197894,127.89939004741572,919
175,D1,strength_quartile,StackedOnlyCP,20,0.1,0.006004810333251953,stacked,0.8737758433079434,38.32533981409493,51.86303595946193,919
175,D1,strength_quartile,TargetOnlyCP,20,0.1,0.0019979476928710938,,0.5745375408052231,21.025167312673016,160.60424391338267,919
175,D1,strength_quartile,AdaptiveSplitCP,20,0.1,0.002000093460083008,stacked,0.8705114254624592,75.36560860556797,109.89313813410655,919
175,D1,strength_quartile,TransferCal-CP-affine-localsigma,20,0.1,0.0019998550415039062,,0.8683351468988031,39.13096700857649,53.40698178373261,919
175,D1,random,SplitCP-source,20,0.1,0.0,,0.08052230685527748,2.747708847390143,181.25827586077108,919
175,D1,random,AdaptiveJackknifeCP,20,0.1,0.30248165130615234,stacked,0.9902067464635473,63.692971010627126,64.7174566889382,919
175,D1,random,AdaptiveJackknifeCP-exactJK+,20,0.1,0.3218262195587158,stacked,0.9836779107725789,62.25907051827764,64.03900156487205,919
175,D1,random,TargetOnlyJKplus,20,0.1,0.3285040855407715,local-ridge,0.9053318824809575,47.114856562916586,62.527984117792975,919
175,D1,random,TargetOnlyJKplus-exactJK+,20,0.1,0.3248927593231201,local-ridge,0.9042437431991295,48.05937467461507,64.59450201206793,919
175,D1,random,StackedOnlyCP,20,0.1,0.005999088287353516,stacked,0.9902067464635473,63.692971010627126,64.7174566889382,919
175,D1,random,TargetOnlyCP,20,0.1,0.0010001659393310547,,0.9902067464635473,283.31669243199485,284.2366843433976,919
175,D1,random,AdaptiveSplitCP,20,0.1,0.0019998550415039062,stacked,0.9945593035908596,476.49559143049925,477.0644154809793,919
175,D1,random,TransferCal-CP-affine-localsigma,20,0.1,0.002000570297241211,,0.7867247007616975,29.563566793983018,52.03361089411385,919
175,D1,covariate,SplitCP-source,20,0.1,0.0,,0.07834602829162132,2.7477088473901428,181.3028638246616,919
175,D1,covariate,AdaptiveJackknifeCP,20,0.1,0.3016054630279541,stacked,0.8422198041349293,44.95725418531725,127.88721364499943,919
175,D1,covariate,AdaptiveJackknifeCP-exactJK+,20,0.1,0.3176877498626709,stacked,0.794341675734494,41.81052407014971,132.97650344425244,919
175,D1,covariate,TargetOnlyJKplus,20,0.1,0.3250253200531006,local-ridge,0.8367791077257889,46.50292196630812,196.13249271464974,919
175,D1,covariate,TargetOnlyJKplus-exactJK+,20,0.1,0.32900381088256836,local-ridge,0.8443960826985855,48.47707545916862,177.55549528520987,919
175,D1,covariate,StackedOnlyCP,20,0.1,0.0039975643157958984,stacked,0.8422198041349293,44.95725418531725,127.88721364499943,919
175,D1,covariate,TargetOnlyCP,20,0.1,0.0010006427764892578,,0.7682263329706203,46.79899767199613,337.90236931402865,919
175,D1,covariate,AdaptiveSplitCP,20,0.1,0.002998828887939453,stacked,0.7747551686615887,92.78117180653659,191.15433796385707,919
175,D1,covariate,TransferCal-CP-affine-localsigma,20,0.1,0.0015044212341308594,,0.8324265505984766,37.81516423494569,57.834528420071884,919
175,D2,strength_quartile,SplitCP-source,20,0.1,0.0010001659393310547,,0.0,3.2751669207133456,315.18466374438907,83
175,D2,strength_quartile,AdaptiveJackknifeCP,20,0.1,0.34436988830566406,stacked,0.9156626506024096,14.253326921455432,22.626104083777356,83
175,D2,strength_quartile,AdaptiveJackknifeCP-exactJK+,20,0.1,0.31841588020324707,stacked,0.9036144578313253,14.505475316216335,22.66449832530227,83
175,D2,strength_quartile,TargetOnlyJKplus,20,0.1,0.3429720401763916,local-ridge,0.8554216867469879,14.63802463337497,23.63273594260232,83
175,D2,strength_quartile,TargetOnlyJKplus-exactJK+,20,0.1,0.3446366786956787,local-ridge,0.8554216867469879,14.246974841030037,23.55843902172395,83
175,D2,strength_quartile,StackedOnlyCP,20,0.1,0.005998849868774414,stacked,0.9156626506024096,14.253326921455432,22.626104083777356,83
175,D2,strength_quartile,TargetOnlyCP,20,0.1,0.0019996166229248047,,0.927710843373494,16.136838542197935,22.92366049473767,83
175,D2,strength_quartile,AdaptiveSplitCP,20,0.1,0.002000093460083008,stacked,0.8313253012048193,12.136360112621732,23.112618631605784,83
175,D2,strength_quartile,TransferCal-CP-affine-localsigma,20,0.1,0.002000570297241211,,0.891566265060241,20.876496277891142,29.16757565953785,83
175,D2,random,SplitCP-source,20,0.1,0.001001596450805664,,0.0,3.2751669207133456,317.2780605077354,83
175,D2,random,AdaptiveJackknifeCP,20,0.1,0.3438606262207031,stacked,0.9156626506024096,13.484631840963816,22.464890385930616,83
175,D2,random,AdaptiveJackknifeCP-exactJK+,20,0.1,0.3207712173461914,stacked,0.9036144578313253,14.032352464586493,22.900586262340266,83
175,D2,random,TargetOnlyJKplus,20,0.1,0.32989072799682617,local-ridge,0.927710843373494,18.748762374000567,25.007723714643635,83
175,D2,random,TargetOnlyJKplus-exactJK+,20,0.1,0.35332489013671875,local-ridge,0.9036144578313253,17.82575534696174,25.526014969522468,83
175,D2,random,StackedOnlyCP,20,0.1,0.006009817123413086,stacked,0.9156626506024096,13.484631840963816,22.464890385930616,83
175,D2,random,TargetOnlyCP,20,0.1,0.0019991397857666016,,0.927710843373494,19.95153221859633,24.233947359951763,83
175,D2,random,AdaptiveSplitCP,20,0.1,0.002000093460083008,stacked,0.9759036144578314,29.16380841415425,31.336368776899157,83
175,D2,random,TransferCal-CP-affine-localsigma,20,0.1,0.0019998550415039062,,0.9397590361445783,28.04425474887616,30.4535109886069,83
175,D2,covariate,SplitCP-source,20,0.1,0.0,,0.0,3.2751669207133456,317.0641615161317,83
175,D2,covariate,AdaptiveJackknifeCP,20,0.1,0.35505175590515137,stacked,0.891566265060241,16.084508145629055,23.500568316581305,83
175,D2,covariate,AdaptiveJackknifeCP-exactJK+,20,0.1,0.3641819953918457,stacked,0.8795180722891566,15.912396497045798,24.0137882711824,83
175,D2,covariate,TargetOnlyJKplus,20,0.1,0.3585689067840576,local-ridge,0.8554216867469879,15.552451673564974,23.41631014480762,83
175,D2,covariate,TargetOnlyJKplus-exactJK+,20,0.1,0.33545780181884766,local-ridge,0.8554216867469879,14.915769662802738,23.248364346730405,83
175,D2,covariate,StackedOnlyCP,20,0.1,0.006002664566040039,stacked,0.891566265060241,16.084508145629055,23.500568316581305,83
175,D2,covariate,TargetOnlyCP,20,0.1,0.0019998550415039062,,0.8554216867469879,15.276917316400485,24.189137675957568,83
175,D2,covariate,AdaptiveSplitCP,20,0.1,0.0020003318786621094,stacked,0.8313253012048193,15.415081988781887,26.636950760703936,83
175,D2,covariate,TransferCal-CP-affine-localsigma,20,0.1,0.0030002593994140625,,0.9156626506024096,25.287427657762866,28.823719463767155,83
175,D4,strength_quartile,SplitCP-source,20,0.1,0.0,,0.06134969325153374,3.403651438008146,195.04800059790207,163
175,D4,strength_quartile,AdaptiveJackknifeCP,20,0.1,0.3394780158996582,stacked,0.9570552147239264,13.276064906956636,14.952167452974399,163
175,D4,strength_quartile,AdaptiveJackknifeCP-exactJK+,20,0.1,0.3355889320373535,stacked,0.9570552147239264,13.961360428297558,15.320921214612662,163
175,D4,strength_quartile,TargetOnlyJKplus,20,0.1,0.32947421073913574,local-ridge,0.8466257668711656,25.484151204180503,38.77188037220823,163
175,D4,strength_quartile,TargetOnlyJKplus-exactJK+,20,0.1,0.31989192962646484,local-ridge,0.8404907975460123,25.574265876936316,38.86300654845589,163
175,D4,strength_quartile,StackedOnlyCP,20,0.1,0.006360769271850586,stacked,0.9570552147239264,13.276064906956636,14.952167452974399,163
175,D4,strength_quartile,TargetOnlyCP,20,0.1,0.0009999275207519531,,0.8773006134969326,27.73828952695602,43.87251235148639,163
175,D4,strength_quartile,AdaptiveSplitCP,20,0.1,0.002000093460083008,stacked,0.950920245398773,16.207584966421766,16.969785956670155,163
175,D4,strength_quartile,TransferCal-CP-affine-localsigma,20,0.1,0.0019996166229248047,,0.9693251533742331,40.68021186036361,44.81390065301405,163
175,D4,random,SplitCP-source,20,0.1,0.0010039806365966797,,0.05521472392638037,3.403651438008146,191.6433642447197,163
175,D4,random,AdaptiveJackknifeCP,20,0.1,0.3209187984466553,stacked,1.0,23.633424867994503,23.633424867994503,163
175,D4,random,AdaptiveJackknifeCP-exactJK+,20,0.1,0.2987508773803711,stacked,0.9386503067484663,20.209037218937546,21.757095865035428,163
175,D4,random,TargetOnlyJKplus,20,0.1,0.3034036159515381,local-ridge,0.9938650306748467,43.47309304657389,43.496492739476075,163
175,D4,random,TargetOnlyJKplus-exactJK+,20,0.1,0.32889342308044434,local-ridge,0.9938650306748467,46.45853877535161,46.495262006940436,163
175,D4,random,StackedOnlyCP,20,0.1,0.00599980354309082,stacked,1.0,23.633424867994503,23.633424867994503,163
175,D4,random,TargetOnlyCP,20,0.1,0.0,,1.0,58.87128484714561,58.87128484714561,163
175,D4,random,AdaptiveSplitCP,20,0.1,0.003116130828857422,stacked,0.9202453987730062,21.117839719842877,24.60578314115854,163
175,D4,random,TransferCal-CP-affine-localsigma,20,0.1,0.0010025501251220703,,0.9754601226993865,47.87804609364903,48.876217845619514,163
175,D4,covariate,SplitCP-source,20,0.1,0.0010004043579101562,,0.06134969325153374,3.403651438008146,187.81848667839455,163
175,D4,covariate,AdaptiveJackknifeCP,20,0.1,0.3090987205505371,stacked,0.9447852760736196,14.334033513604766,16.695380900365343,163
175,D4,covariate,AdaptiveJackknifeCP-exactJK+,20,0.1,0.2919650077819824,stacked,0.9141104294478528,12.92722627788823,16.034824638886164,163
175,D4,covariate,TargetOnlyJKplus,20,0.1,0.3330843448638916,local-ridge,0.9631901840490797,38.740097101421114,41.08682676278088,163
175,D4,covariate,TargetOnlyJKplus-exactJK+,20,0.1,0.33779430389404297,local-ridge,0.9631901840490797,37.731215000353025,42.356161318440265,163
175,D4,covariate,StackedOnlyCP,20,0.1,0.0060007572174072266,stacked,0.9447852760736196,14.334033513604766,16.695380900365343,163
175,D4,covariate,TargetOnlyCP,20,0.1,0.0019991397857666016,,0.9754601226993865,54.13458237980296,57.680401017821104,163
175,D4,covariate,AdaptiveSplitCP,20,0.1,0.0030002593994140625,stacked,0.9631901840490797,17.85968698314477,20.6555066844351,163
175,D4,covariate,TransferCal-CP-affine-localsigma,20,0.1,0.002000570297241211,,0.9631901840490797,50.7720222745589,55.932379344642875,163
176,D1,strength_quartile,SplitCP-source,20,0.1,0.0,,0.08378672470076169,2.466790019586412,176.07111036668528,919
176,D1,strength_quartile,AdaptiveJackknifeCP,20,0.1,0.31641554832458496,stacked,0.9423286180631121,52.84585702065529,65.6257748938723,919
176,D1,strength_quartile,AdaptiveJackknifeCP-exactJK+,20,0.1,0.3091428279876709,stacked,0.9281828073993471,52.97970875306249,64.36794245324977,919
176,D1,strength_quartile,TargetOnlyJKplus,20,0.1,0.33623576164245605,local-ridge,0.9042437431991295,48.83454537315163,74.14739843020011,919
176,D1,strength_quartile,TargetOnlyJKplus-exactJK+,20,0.1,0.3081367015838623,local-ridge,0.9042437431991295,48.893924622467196,69.68024947435842,919
176,D1,strength_quartile,StackedOnlyCP,20,0.1,0.005535125732421875,stacked,0.9423286180631121,52.84585702065529,65.6257748938723,919
176,D1,strength_quartile,TargetOnlyCP,20,0.1,0.0020012855529785156,,0.9249183895538629,60.81247978897309,66.30554267404437,919
176,D1,strength_quartile,AdaptiveSplitCP,20,0.1,0.001998424530029297,stacked,0.9227421109902068,69.77132829334869,84.35679316764772,919
176,D1,strength_quartile,TransferCal-CP-affine-localsigma,20,0.1,0.0020046234130859375,,0.9423286180631121,52.25369400343755,55.672737729635756,919
176,D1,random,SplitCP-source,20,0.1,0.0,,0.08487486398258977,2.466790019586412,177.6457357289552,919
176,D1,random,AdaptiveJackknifeCP,20,0.1,0.3148188591003418,stacked,0.7301414581066377,26.283415571981948,91.58545004445439,919
176,D1,random,AdaptiveJackknifeCP-exactJK+,20,0.1,0.3216063976287842,stacked,0.7714907508161044,29.46955113056475,81.06240255512463,919
176,D1,random,TargetOnlyJKplus,20,0.1,0.31543588638305664,local-ridge,0.719260065288357,29.61638429389058,156.4723736751939,919
176,D1,random,TargetOnlyJKplus-exactJK+,20,0.1,0.33289170265197754,local-ridge,0.7399347116430903,31.485028993147477,148.9915133664603,919
176,D1,random,StackedOnlyCP,20,0.1,0.00500035285949707,stacked,0.7301414581066377,26.283415571981948,91.58545004445439,919
176,D1,random,TargetOnlyCP,20,0.1,0.0009996891021728516,,0.7899891186071817,40.231439044243416,184.88438039330117,919
176,D1,random,AdaptiveSplitCP,20,0.1,0.0009996891021728516,stacked,0.8346028291621328,50.90871882935379,209.35441606973464,919
176,D1,random,TransferCal-CP-affine-localsigma,20,0.1,0.002003192901611328,,0.8607181719260065,39.84376801316773,56.11126644538742,919
176,D1,covariate,SplitCP-source,20,0.1,0.0,,0.08052230685527748,2.466790019586412,177.45384401453686,919
176,D1,covariate,AdaptiveJackknifeCP,20,0.1,0.30608105659484863,stacked,0.9760609357997824,48.58422402909802,50.43397930119966,919
176,D1,covariate,AdaptiveJackknifeCP-exactJK+,20,0.1,0.3199770450592041,stacked,0.9630032644178455,47.164406741468866,49.713583051287344,919
176,D1,covariate,TargetOnlyJKplus,20,0.1,0.3117659091949463,local-ridge,0.9390642002176278,50.1854824746207,57.082826204670184,919
176,D1,covariate,TargetOnlyJKplus-exactJK+,20,0.1,0.2966029644012451,local-ridge,0.9238302502720348,49.476844001150944,57.05200311758596,919
176,D1,covariate,StackedOnlyCP,20,0.1,0.0030040740966796875,stacked,0.9760609357997824,48.58422402909802,50.43397930119966,919
176,D1,covariate,TargetOnlyCP,20,0.1,0.0019996166229248047,,0.8596300326441785,41.898147781332796,63.042947256766595,919
176,D1,covariate,AdaptiveSplitCP,20,0.1,0.0020017623901367188,stacked,0.9466811751904244,77.11960737734502,86.24606587104343,919
176,D1,covariate,TransferCal-CP-affine-localsigma,20,0.1,0.0019998550415039062,,0.8487486398258978,37.0457373538501,48.973400125642925,919
176,D2,strength_quartile,SplitCP-source,20,0.1,0.0,,0.0,3.4799736605702085,337.30419651549767,83
176,D2,strength_quartile,AdaptiveJackknifeCP,20,0.1,0.3451840877532959,stacked,0.963855421686747,24.31210217724634,25.0799666481246,83
176,D2,strength_quartile,AdaptiveJackknifeCP-exactJK+,20,0.1,0.31512975692749023,stacked,0.9397590361445783,22.347996239011337,24.961752804219767,83
176,D2,strength_quartile,TargetOnlyJKplus,20,0.1,0.3049123287200928,local-ridge,0.927710843373494,15.992912404741213,21.908893139513463,83
176,D2,strength_quartile,TargetOnlyJKplus-exactJK+,20,0.1,0.34056901931762695,local-ridge,0.9036144578313253,15.892695296414386,22.668226243538072,83
176,D2,strength_quartile,StackedOnlyCP,20,0.1,0.0064661502838134766,stacked,0.963855421686747,24.31210217724634,25.0799666481246,83
176,D2,strength_quartile,TargetOnlyCP,20,0.1,0.001455068588256836,,0.8313253012048193,16.298550003140864,25.124341555966474,83
176,D2,strength_quartile,AdaptiveSplitCP,20,0.1,0.0020160675048828125,stacked,0.9759036144578314,37.09100423291557,40.00586583727749,83
176,D2,strength_quartile,TransferCal-CP-affine-localsigma,20,0.1,0.002374410629272461,,0.8554216867469879,26.767266242631273,31.95031558104267,83
176,D2,random,SplitCP-source,20,0.1,0.0,,0.0,3.4799736605702085,338.10561873987234,83
176,D2,random,AdaptiveJackknifeCP,20,0.1,0.32179760932922363,stacked,0.9518072289156626,22.51216197271995,24.19106616422636,83
176,D2,random,AdaptiveJackknifeCP-exactJK+,20,0.1,0.3037905693054199,stacked,0.963855421686747,20.84727708180779,22.949287837711605,83
176,D2,random,TargetOnlyJKplus,20,0.1,0.30153846740722656,local-ridge,0.9156626506024096,15.790211092916191,21.874967267791757,83
176,D2,random,TargetOnlyJKplus-exactJK+,20,0.1,0.3562028408050537,local-ridge,0.8313253012048193,13.627550871463114,22.471178117873944,83
176,D2,random,StackedOnlyCP,20,0.1,0.0060002803802490234,stacked,0.9518072289156626,22.51216197271995,24.19106616422636,83
176,D2,random,TargetOnlyCP,20,0.1,0.0009999275207519531,,0.9759036144578314,27.201134133127482,28.9038039836673,83
176,D2,random,AdaptiveSplitCP,20,0.1,0.002129077911376953,stacked,0.9879518072289156,25.249921378401805,26.791785861498575,83
176,D2,random,TransferCal-CP-affine-localsigma,20,0.1,0.0023818016052246094,,0.927710843373494,23.171699968418725,29.98681859890608,83
176,D2,covariate,SplitCP-source,20,0.1,0.0,,0.0,3.4799736605702085,342.61652258905804,83
176,D2,covariate,AdaptiveJackknifeCP,20,0.1,0.2973017692565918,stacked,0.9879518072289156,27.308211730093657,29.046807172632835,83
176,D2,covariate,AdaptiveJackknifeCP-exactJK+,20,0.1,0.3165116310119629,stacked,0.9879518072289156,26.56977644352933,28.528637624274435,83
176,D2,covariate,TargetOnlyJKplus,20,0.1,0.31565260887145996,local-ridge,0.891566265060241,15.763252169052986,21.961757056683393,83
176,D2,covariate,TargetOnlyJKplus-exactJK+,20,0.1,0.35324811935424805,local-ridge,0.9397590361445783,17.243064367117746,22.188468336973397,83
176,D2,covariate,StackedOnlyCP,20,0.1,0.006455659866333008,stacked,0.9879518072289156,27.308211730093657,29.046807172632835,83
176,D2,covariate,TargetOnlyCP,20,0.1,0.0020143985748291016,,0.9879518072289156,27.212784970364847,28.445765488921733,83
176,D2,covariate,AdaptiveSplitCP,20,0.1,0.002000093460083008,stacked,0.9879518072289156,26.186443523702675,28.19853700709179,83
176,D2,covariate,TransferCal-CP-affine-localsigma,20,0.1,0.0030002593994140625,,0.9879518072289156,36.41669060434805,36.94784771222798,83
176,D4,strength_quartile,SplitCP-source,20,0.1,0.0010004043579101562,,0.024539877300613498,3.297235203301,222.17139285869786,163
176,D4,strength_quartile,AdaptiveJackknifeCP,20,0.1,0.3391427993774414,stacked,0.9141104294478528,15.031960240340704,18.462395057117817,163
176,D4,strength_quartile,AdaptiveJackknifeCP-exactJK+,20,0.1,0.3666200637817383,stacked,0.9141104294478528,14.804532289185666,19.525361147548946,163
176,D4,strength_quartile,TargetOnlyJKplus,20,0.1,0.3588266372680664,local-ridge,0.8159509202453987,20.787627020477785,38.144295041362064,163
176,D4,strength_quartile,TargetOnlyJKplus-exactJK+,20,0.1,0.3489539623260498,local-ridge,0.7975460122699386,21.05564277255273,38.679013708792816,163
176,D4,strength_quartile,StackedOnlyCP,20,0.1,0.00599980354309082,stacked,0.9141104294478528,15.031960240340704,18.462395057117817,163
176,D4,strength_quartile,TargetOnlyCP,20,0.1,0.0009999275207519531,,0.9141104294478528,34.76735276577239,39.56566168643212,163
176,D4,strength_quartile,AdaptiveSplitCP,20,0.1,0.003000497817993164,stacked,1.0,32.937794693308064,32.937794693308064,163
176,D4,strength_quartile,TransferCal-CP-affine-localsigma,20,0.1,0.001003265380859375,,0.9693251533742331,39.579590504243875,42.86803022982291,163
176,D4,random,SplitCP-source,20,0.1,0.0,,0.018404907975460124,3.297235203301,224.25376511463097,163
176,D4,random,AdaptiveJackknifeCP,20,0.1,0.3579878807067871,stacked,0.9631901840490797,17.04432799240817,17.62799927114174,163
176,D4,random,AdaptiveJackknifeCP-exactJK+,20,0.1,0.34923243522644043,stacked,0.8834355828220859,12.139637216722555,16.81998985893231,163
176,D4,random,TargetOnlyJKplus,20,0.1,0.34484267234802246,local-ridge,0.9447852760736196,29.13929223545067,33.97217466764735,163
176,D4,random,TargetOnlyJKplus-exactJK+,20,0.1,0.3518986701965332,local-ridge,0.9447852760736196,32.02859507539439,35.935807301816695,163
176,D4,random,StackedOnlyCP,20,0.1,0.006000041961669922,stacked,0.9631901840490797,17.04432799240817,17.62799927114174,163
176,D4,random,TargetOnlyCP,20,0.1,0.0009996891021728516,,0.9815950920245399,53.40963050112027,55.05420523275193,163
176,D4,random,AdaptiveSplitCP,20,0.1,0.002000093460083008,stacked,0.7116564417177914,12.822917771012525,29.218381879121125,163
176,D4,random,TransferCal-CP-affine-localsigma,20,0.1,0.002000570297241211,,0.8650306748466258,27.873369000892637,39.687033573728776,163
176,D4,covariate,SplitCP-source,20,0.1,0.0,,0.018404907975460124,3.297235203301,224.94268907419604,163
176,D4,covariate,AdaptiveJackknifeCP,20,0.1,0.33239006996154785,stacked,1.0,25.766015843616923,25.766015843616923,163
176,D4,covariate,AdaptiveJackknifeCP-exactJK+,20,0.1,0.3392171859741211,stacked,1.0,22.82887472394852,22.82887472394852,163
176,D4,covariate,TargetOnlyJKplus,20,0.1,0.3370189666748047,local-ridge,0.9079754601226994,28.75116393222556,37.252535272796074,163
176,D4,covariate,TargetOnlyJKplus-exactJK+,20,0.1,0.3229832649230957,local-ridge,0.8957055214723927,28.661202663195102,38.35923496529714,163
176,D4,covariate,StackedOnlyCP,20,0.1,0.006509304046630859,stacked,1.0,25.766015843616923,25.766015843616923,163
176,D4,covariate,TargetOnlyCP,20,0.1,0.0019989013671875,,0.7914110429447853,22.37984116876723,45.49983741485579,163
176,D4,covariate,AdaptiveSplitCP,20,0.1,0.002000093460083008,stacked,1.0,45.06454229633235,45.06454229633235,163
176,D4,covariate,TransferCal-CP-affine-localsigma,20,0.1,0.003000497817993164,,0.8650306748466258,27.593232670446582,36.18336246950489,163
177,D1,strength_quartile,SplitCP-source,20,0.1,0.0,,0.07181719260065289,2.819169512308349,174.36511329216867,919
177,D1,strength_quartile,AdaptiveJackknifeCP,20,0.1,0.3480222225189209,stacked,0.9445048966267682,46.24024697052078,50.642748736392925,919
177,D1,strength_quartile,AdaptiveJackknifeCP-exactJK+,20,0.1,0.3330090045928955,stacked,0.9183895538628944,44.111680058193784,50.896447940539986,919
177,D1,strength_quartile,TargetOnlyJKplus,20,0.1,0.33681797981262207,local-ridge,0.9749727965179543,71.14318978219055,73.50347385287967,919
177,D1,strength_quartile,TargetOnlyJKplus-exactJK+,20,0.1,0.32799243927001953,local-ridge,0.9390642002176278,55.01497767789149,65.45836543422027,919
177,D1,strength_quartile,StackedOnlyCP,20,0.1,0.002998828887939453,stacked,0.9445048966267682,46.24024697052078,50.642748736392925,919
177,D1,strength_quartile,TargetOnlyCP,20,0.1,0.0010001659393310547,,0.8759521218715995,46.53522632257806,60.01240469181103,919
177,D1,strength_quartile,AdaptiveSplitCP,20,0.1,0.002000093460083008,stacked,0.9640914036996736,47.58040228033259,50.60136844749972,919
177,D1,strength_quartile,TransferCal-CP-affine-localsigma,20,0.1,0.0009999275207519531,,0.8803046789989118,39.966517169906574,49.072678656819946,919
177,D1,random,SplitCP-source,20,0.1,0.0,,0.07399347116430903,2.819169512308349,174.3648058621841,919
177,D1,random,AdaptiveJackknifeCP,20,0.1,0.3412144184112549,stacked,0.984766050054407,51.803115709210594,53.09259017900316,919
177,D1,random,AdaptiveJackknifeCP-exactJK+,20,0.1,0.3403604030609131,stacked,0.9053318824809575,40.98269045757734,49.77059608080434,919
177,D1,random,TargetOnlyJKplus,20,0.1,0.3254354000091553,local-ridge,0.9455930359085963,54.611126488957574,60.418477837727636,919
177,D1,random,TargetOnlyJKplus-exactJK+,20,0.1,0.32395339012145996,local-ridge,0.9575625680087051,61.317289448352156,65.12820542467657,919
177,D1,random,StackedOnlyCP,20,0.1,0.005000114440917969,stacked,0.984766050054407,51.803115709210594,53.09259017900316,919
177,D1,random,TargetOnlyCP,20,0.1,0.0019998550415039062,,0.9934711643090316,86.33468182779725,86.73024351059627,919
177,D1,random,AdaptiveSplitCP,20,0.1,0.0019998550415039062,stacked,0.9934711643090316,87.35533123542308,87.76151964345542,919
177,D1,random,TransferCal-CP-affine-localsigma,20,0.1,0.0010006427764892578,,0.9923830250272034,67.72005503345824,68.38954910255615,919
177,D1,covariate,SplitCP-source,20,0.1,0.0,,0.0750816104461371,2.819169512308349,173.06164420586896,919
177,D1,covariate,AdaptiveJackknifeCP,20,0.1,0.3511359691619873,stacked,0.9804134929270947,68.9990933389873,70.00885897342779,919
177,D1,covariate,AdaptiveJackknifeCP-exactJK+,20,0.1,0.3715682029724121,stacked,0.9891186071817193,71.37358383202027,72.19421517748853,919
177,D1,covariate,TargetOnlyJKplus,20,0.1,0.35744690895080566,local-ridge,1.0,125.61786150577251,125.61786150577251,919
177,D1,covariate,TargetOnlyJKplus-exactJK+,20,0.1,0.35239076614379883,local-ridge,0.9945593035908596,82.40174885876289,83.05865960671237,919
177,D1,covariate,StackedOnlyCP,20,0.1,0.006002664566040039,stacked,0.9804134929270947,68.9990933389873,70.00885897342779,919
177,D1,covariate,TargetOnlyCP,20,0.1,0.0019969940185546875,,0.984766050054407,78.69210560255965,79.49589769438428,919
177,D1,covariate,AdaptiveSplitCP,20,0.1,0.0025053024291992188,stacked,0.9782372143634385,67.24822063606578,69.17221319514285,919
177,D1,covariate,TransferCal-CP-affine-localsigma,20,0.1,0.0020003318786621094,,0.9967355821545157,66.72543743595801,66.88615837267513,919
177,D2,strength_quartile,SplitCP-source,20,0.1,0.0010008811950683594,,0.0,3.599997973840218,357.66988883775014,83
177,D2,strength_quartile,AdaptiveJackknifeCP,20,0.1,0.31858158111572266,stacked,0.9879518072289156,27.36645746290144,28.285775669038966,83
177,D2,strength_quartile,AdaptiveJackknifeCP-exactJK+,20,0.1,0.3156776428222656,stacked,0.9879518072289156,25.306713765865524,26.798110185544584,83
177,D2,strength_quartile,TargetOnlyJKplus,20,0.1,0.3295924663543701,local-ridge,0.9759036144578314,27.291763016431208,28.620450127849995,83
177,D2,strength_quartile,TargetOnlyJKplus-exactJK+,20,0.1,0.30962514877319336,local-ridge,0.9759036144578314,24.66742740724627,26.28401604552091,83
177,D2,strength_quartile,StackedOnlyCP,20,0.1,0.0029997825622558594,stacked,0.9879518072289156,27.36645746290144,28.285775669038966,83
177,D2,strength_quartile,TargetOnlyCP,20,0.1,0.0009999275207519531,,0.9879518072289156,25.325542186565375,26.44326575295295,83
177,D2,strength_quartile,AdaptiveSplitCP,20,0.1,0.0010001659393310547,stacked,1.0,30.95849851724204,30.95849851724204,83
177,D2,strength_quartile,TransferCal-CP-affine-localsigma,20,0.1,0.0010001659393310547,,0.9759036144578314,27.917323315729227,28.82387973982592,83
177,D2,random,SplitCP-source,20,0.1,0.0009999275207519531,,0.0,3.599997973840218,351.32593906532355,83
177,D2,random,AdaptiveJackknifeCP,20,0.1,0.3030242919921875,stacked,0.963855421686747,18.168915667839496,21.099261309755438,83
177,D2,random,AdaptiveJackknifeCP-exactJK+,20,0.1,0.3131997585296631,stacked,0.963855421686747,19.187093028754752,22.342515712453903,83
177,D2,random,TargetOnlyJKplus,20,0.1,0.31157469749450684,local-ridge,0.9518072289156626,20.54945566515506,23.787490749305903,83
177,D2,random,TargetOnlyJKplus-exactJK+,20,0.1,0.3115360736846924,local-ridge,0.9397590361445783,18.069414040213832,22.716787399026412,83
177,D2,random,StackedOnlyCP,20,0.1,0.006002902984619141,stacked,0.963855421686747,18.168915667839496,21.099261309755438,83
177,D2,random,TargetOnlyCP,20,0.1,0.0010004043579101562,,0.9759036144578314,26.13984185470968,27.520716453357455,83
177,D2,random,AdaptiveSplitCP,20,0.1,0.0020003318786621094,stacked,0.9518072289156626,22.30694760249072,24.883225650024716,83
177,D2,random,TransferCal-CP-affine-localsigma,20,0.1,0.002000570297241211,,0.9759036144578314,26.268338550030865,28.111666991075648,83
177,D2,covariate,SplitCP-source,20,0.1,0.0010004043579101562,,0.0,3.599997973840218,348.36476348548354,83
177,D2,covariate,AdaptiveJackknifeCP,20,0.1,0.2993204593658447,stacked,0.963855421686747,26.443409644938097,27.976100085744815,83
177,D2,covariate,AdaptiveJackknifeCP-exactJK+,20,0.1,0.3221445083618164,stacked,0.8674698795180723,22.00473949690259,29.3035811272202,83
177,D2,covariate,TargetOnlyJKplus,20,0.1,0.3242616653442383,local-ridge,0.8192771084337349,18.623855856775933,28.536626564264292,83
177,D2,covariate,TargetOnlyJKplus-exactJK+,20,0.1,0.33743786811828613,local-ridge,0.8072289156626506,18.914494878433526,33.883590120417054,83
177,D2,covariate,StackedOnlyCP,20,0.1,0.005999088287353516,stacked,0.963855421686747,26.443409644938097,27.976100085744815,83
177,D2,covariate,TargetOnlyCP,20,0.1,0.0019998550415039062,,0.6024096385542169,12.612901708771588,42.463353580796934,83
177,D2,covariate,AdaptiveSplitCP,20,0.1,0.002001047134399414,stacked,0.8433734939759037,27.871866934783764,43.24658469432055,83
177,D2,covariate,TransferCal-CP-affine-localsigma,20,0.1,0.0019998550415039062,,1.0,29.80745769001447,29.80745769001447,83
177,D4,strength_quartile,SplitCP-source,20,0.1,0.0,,0.0736196319018405,3.328626754951443,205.09740835663226,163
177,D4,strength_quartile,AdaptiveJackknifeCP,20,0.1,0.3315463066101074,stacked,0.9693251533742331,15.433093217812823,16.375260740942945,163
177,D4,strength_quartile,AdaptiveJackknifeCP-exactJK+,20,0.1,0.29834961891174316,stacked,0.9693251533742331,15.616764085198083,17.205303486773854,163
177,D4,strength_quartile,TargetOnlyJKplus,20,0.1,0.3149995803833008,local-ridge,0.9938650306748467,43.457820930535085,43.46055375710596,163
177,D4,strength_quartile,TargetOnlyJKplus-exactJK+,20,0.1,0.3209264278411865,local-ridge,0.9815950920245399,42.48680548225745,42.93076601355464,163
177,D4,strength_quartile,StackedOnlyCP,20,0.1,0.006002664566040039,stacked,0.9693251533742331,15.433093217812823,16.375260740942945,163
177,D4,strength_quartile,TargetOnlyCP,20,0.1,0.0010001659393310547,,0.9631901840490797,37.36033614383937,38.70481261202616,163
177,D4,strength_quartile,AdaptiveSplitCP,20,0.1,0.003000020980834961,stacked,0.9263803680981595,11.021801826155624,15.24883861681331,163
177,D4,strength_quartile,TransferCal-CP-affine-localsigma,20,0.1,0.0020003318786621094,,0.9815950920245399,42.69288320510265,43.13116975691244,163
177,D4,random,SplitCP-source,20,0.1,0.0010013580322265625,,0.06748466257668712,3.328626754951443,203.38046154197946,163
177,D4,random,AdaptiveJackknifeCP,20,0.1,0.306804895401001,stacked,0.901840490797546,11.607909873740894,15.258538665911397,163
177,D4,random,AdaptiveJackknifeCP-exactJK+,20,0.1,0.29326963424682617,stacked,0.9386503067484663,13.381506382727709,15.57550571075386,163
177,D4,random,TargetOnlyJKplus,20,0.1,0.32187581062316895,local-ridge,0.901840490797546,25.8586374569726,38.1159964890577,163
177,D4,random,TargetOnlyJKplus-exactJK+,20,0.1,0.3114504814147949,local-ridge,0.8404907975460123,23.896181413785648,43.33623101785171,163
177,D4,random,StackedOnlyCP,20,0.1,0.006046772003173828,stacked,0.901840490797546,11.607909873740894,15.258538665911397,163
177,D4,random,TargetOnlyCP,20,0.1,0.00099945068359375,,0.9754601226993865,57.2213603202199,59.43738572162421,163
177,D4,random,AdaptiveSplitCP,20,0.1,0.0019996166229248047,stacked,0.9263803680981595,14.27950163574776,16.58847313455441,163
177,D4,random,TransferCal-CP-affine-localsigma,20,0.1,0.002001523971557617,,0.9141104294478528,40.54755568520482,51.01470154213418,163
177,D4,covariate,SplitCP-source,20,0.1,0.0010001659393310547,,0.06748466257668712,3.328626754951443,203.03959790094964,163
177,D4,covariate,AdaptiveJackknifeCP,20,0.1,0.31726622581481934,stacked,0.8282208588957055,8.903498953699113,17.330078093582227,163
177,D4,covariate,AdaptiveJackknifeCP-exactJK+,20,0.1,0.31545329093933105,stacked,0.8650306748466258,10.213632615768168,16.943188222875435,163
177,D4,covariate,TargetOnlyJKplus,20,0.1,0.2934408187866211,local-ridge,0.8098159509202454,23.914158348570002,39.80756347757868,163
177,D4,covariate,TargetOnlyJKplus-exactJK+,20,0.1,0.3149099349975586,local-ridge,0.7055214723926381,20.45861674579909,46.58303119148283,163
177,D4,covariate,StackedOnlyCP,20,0.1,0.006003141403198242,stacked,0.8282208588957055,8.903498953699113,17.330078093582227,163
177,D4,covariate,TargetOnlyCP,20,0.1,0.0019998550415039062,,0.8834355828220859,30.90601383527661,38.89643073235292,163
177,D4,covariate,AdaptiveSplitCP,20,0.1,0.0030002593994140625,stacked,0.8957055214723927,13.420940705123769,17.586056422976483,163
177,D4,covariate,TransferCal-CP-affine-localsigma,20,0.1,0.0020008087158203125,,0.9754601226993865,43.88006027617855,46.41985798668055,163
178,D1,strength_quartile,SplitCP-source,20,0.1,0.0,,0.06746463547334058,2.813668612608822,177.98707967287274,919
178,D1,strength_quartile,AdaptiveJackknifeCP,20,0.1,0.27742505073547363,stacked,0.6496191512513602,27.583883615716307,93.0766491265902,919
178,D1,strength_quartile,AdaptiveJackknifeCP-exactJK+,20,0.1,0.28382110595703125,stacked,0.6572361262241567,28.48394943366158,90.29402452820999,919
178,D1,strength_quartile,TargetOnlyJKplus,20,0.1,0.30393409729003906,local-ridge,0.8324265505984766,43.47264625514234,71.08462215942724,919
178,D1,strength_quartile,TargetOnlyJKplus-exactJK+,20,0.1,0.31426000595092773,local-ridge,0.7845484221980413,37.95745772383077,76.85379421838623,919
178,D1,strength_quartile,StackedOnlyCP,20,0.1,0.005999565124511719,stacked,0.6496191512513602,27.583883615716307,93.0766491265902,919
178,D1,strength_quartile,TargetOnlyCP,20,0.1,0.0010004043579101562,,0.955386289445049,149.71364270126264,197.17474327710207,919
178,D1,strength_quartile,AdaptiveSplitCP,20,0.1,0.0019996166229248047,stacked,0.9575625680087051,151.64908571134177,196.86323147616093,919
178,D1,strength_quartile,TransferCal-CP-affine-localsigma,20,0.1,0.0020003318786621094,,0.8248095756256801,32.42598878363357,53.48404614944231,919
178,D1,random,SplitCP-source,20,0.1,0.0,,0.06637649619151251,2.813668612608822,178.03221825525526,919
178,D1,random,AdaptiveJackknifeCP,20,0.1,0.3029446601867676,stacked,0.9825897714907508,58.82735623074655,60.925570235094284,919
178,D1,random,AdaptiveJackknifeCP-exactJK+,20,0.1,0.3037712574005127,stacked,0.8781284004352558,39.88072271524662,54.408043989952446,919
178,D1,random,TargetOnlyJKplus,20,0.1,0.30443358421325684,local-ridge,0.9836779107725789,71.93853211507678,72.68299921657618,919
178,D1,random,TargetOnlyJKplus-exactJK+,20,0.1,0.2990748882293701,local-ridge,0.9934711643090316,72.74500124225592,73.15049914458278,919
178,D1,random,StackedOnlyCP,20,0.1,0.005509853363037109,stacked,0.9825897714907508,58.82735623074655,60.925570235094284,919
178,D1,random,TargetOnlyCP,20,0.1,0.0020062923431396484,,0.7584330794341676,35.09136211547261,65.65695800051996,919
178,D1,random,AdaptiveSplitCP,20,0.1,0.001997709274291992,stacked,0.9445048966267682,55.187406330652735,61.59157940382243,919
178,D1,random,TransferCal-CP-affine-localsigma,20,0.1,0.0021224021911621094,,0.8748639825897715,36.62806873170688,49.56699851108137,919
178,D1,covariate,SplitCP-source,20,0.1,0.0,,0.06637649619151251,2.813668612608822,177.28014506845176,919
178,D1,covariate,AdaptiveJackknifeCP,20,0.1,0.30970335006713867,stacked,0.8803046789989118,43.11373912245873,56.58751122896494,919
178,D1,covariate,AdaptiveJackknifeCP-exactJK+,20,0.1,0.31351423263549805,stacked,0.8868335146898803,42.448426309964674,55.95414776578637,919
178,D1,covariate,TargetOnlyJKplus,20,0.1,0.30649757385253906,local-ridge,0.9466811751904244,80.81461108489158,114.17507807583846,919
178,D1,covariate,TargetOnlyJKplus-exactJK+,20,0.1,0.30962157249450684,local-ridge,0.9445048966267682,71.41325220530794,101.0686672766512,919
178,D1,covariate,StackedOnlyCP,20,0.1,0.0060083866119384766,stacked,0.8803046789989118,43.11373912245873,56.58751122896494,919
178,D1,covariate,TargetOnlyCP,20,0.1,0.0020051002502441406,,0.9249183895538629,71.12153639132443,153.28646408596708,919
178,D1,covariate,AdaptiveSplitCP,20,0.1,0.0029990673065185547,stacked,0.7780195865070729,38.768629874294106,76.23515943869147,919
178,D1,covariate,TransferCal-CP-affine-localsigma,20,0.1,0.0022826194763183594,,0.6844396082698585,26.61690598585761,68.66806789589329,919
178,D2,strength_quartile,SplitCP-source,20,0.1,0.0,,0.0,3.173214675939562,338.09878312701045,83
178,D2,strength_quartile,AdaptiveJackknifeCP,20,0.1,0.33749938011169434,stacked,0.9879518072289156,25.67242186031572,27.040524255637916,83
178,D2,strength_quartile,AdaptiveJackknifeCP-exactJK+,20,0.1,0.3151676654815674,stacked,0.9759036144578314,25.736775404821753,27.632488433568,83
178,D2,strength_quartile,TargetOnlyJKplus,20,0.1,0.30090975761413574,local-ridge,0.9759036144578314,25.751647787938897,27.079252793779922,83
178,D2,strength_quartile,TargetOnlyJKplus-exactJK+,20,0.1,0.3184630870819092,local-ridge,0.9759036144578314,24.8514084424397,26.17900980091116,83
178,D2,strength_quartile,StackedOnlyCP,20,0.1,0.006000041961669922,stacked,0.9879518072289156,25.67242186031572,27.040524255637916,83
178,D2,strength_quartile,TargetOnlyCP,20,0.1,0.002177000045776367,,0.9879518072289156,28.01796124158023,29.144063241397028,83
178,D2,strength_quartile,AdaptiveSplitCP,20,0.1,0.0019998550415039062,stacked,0.9879518072289156,26.238812728312052,28.409496657917387,83
178,D2,strength_quartile,TransferCal-CP-affine-localsigma,20,0.1,0.0020008087158203125,,0.9759036144578314,27.68954076728306,29.49877039273836,83
178,D2,random,SplitCP-source,20,0.1,0.001001596450805664,,0.0,3.173214675939562,336.12182524542567,83
178,D2,random,AdaptiveJackknifeCP,20,0.1,0.2985513210296631,stacked,0.9036144578313253,17.80024761801515,25.229479689892944,83
178,D2,random,AdaptiveJackknifeCP-exactJK+,20,0.1,0.29638671875,stacked,0.8674698795180723,16.848865219154117,26.977234887640833,83
178,D2,random,TargetOnlyJKplus,20,0.1,0.3178272247314453,local-ridge,0.9518072289156626,19.48840176070867,23.062948038204215,83
178,D2,random,TargetOnlyJKplus-exactJK+,20,0.1,0.31449270248413086,local-ridge,0.9518072289156626,18.761609651491145,22.77331262530772,83
178,D2,random,StackedOnlyCP,20,0.1,0.006010770797729492,stacked,0.9036144578313253,17.80024761801515,25.229479689892944,83
178,D2,random,TargetOnlyCP,20,0.1,0.0020036697387695312,,0.9518072289156626,18.806291435481118,22.766308789503412,83
178,D2,random,AdaptiveSplitCP,20,0.1,0.0019998550415039062,stacked,0.8313253012048193,15.486906311635156,27.778162359457372,83
178,D2,random,TransferCal-CP-affine-localsigma,20,0.1,0.0010004043579101562,,0.8192771084337349,14.41440486593734,28.560244500669743,83
178,D2,covariate,SplitCP-source,20,0.1,0.0009992122650146484,,0.0,3.173214675939562,338.83781859515216,83
178,D2,covariate,AdaptiveJackknifeCP,20,0.1,0.28418850898742676,stacked,0.8795180722891566,21.513454594688913,30.844358665192964,83
178,D2,covariate,AdaptiveJackknifeCP-exactJK+,20,0.1,0.3162040710449219,stacked,0.8795180722891566,21.990081154040556,33.51170005707353,83
178,D2,covariate,TargetOnlyJKplus,20,0.1,0.30044078826904297,local-ridge,1.0,25.811001432086336,25.811001432086336,83
178,D2,covariate,TargetOnlyJKplus-exactJK+,20,0.1,0.31415224075317383,local-ridge,0.9879518072289156,25.19583930334318,25.247240617214608,83
178,D2,covariate,StackedOnlyCP,20,0.1,0.003999948501586914,stacked,0.8795180722891566,21.513454594688913,30.844358665192964,83
178,D2,covariate,TargetOnlyCP,20,0.1,0.0010023117065429688,,1.0,39.59647796605053,39.59647796605053,83
178,D2,covariate,AdaptiveSplitCP,20,0.1,0.0020029544830322266,stacked,0.9759036144578314,30.90395801414969,32.17633929752615,83
178,D2,covariate,TransferCal-CP-affine-localsigma,20,0.1,0.002000093460083008,,1.0,45.37255593907744,45.37255593907744,83
178,D4,strength_quartile,SplitCP-source,20,0.1,0.0010004043579101562,,0.03680981595092025,3.3369621470538395,252.09069316361672,163
178,D4,strength_quartile,AdaptiveJackknifeCP,20,0.1,0.32033419609069824,stacked,0.9263803680981595,14.583837665863058,16.557448806916117,163
178,D4,strength_quartile,AdaptiveJackknifeCP-exactJK+,20,0.1,0.314483642578125,stacked,0.9386503067484663,15.921830619901694,16.917335396859585,163
178,D4,strength_quartile,TargetOnlyJKplus,20,0.1,0.3182411193847656,local-ridge,0.9693251533742331,35.79552129459262,38.92527169081844,163
178,D4,strength_quartile,TargetOnlyJKplus-exactJK+,20,0.1,0.33202433586120605,local-ridge,0.8957055214723927,26.64881387533965,37.0985244354659,163
178,D4,strength_quartile,StackedOnlyCP,20,0.1,0.005216836929321289,stacked,0.9263803680981595,14.583837665863058,16.557448806916117,163
178,D4,strength_quartile,TargetOnlyCP,20,0.1,0.0020029544830322266,,0.9570552147239264,41.31028574725379,44.283131239162124,163
178,D4,strength_quartile,AdaptiveSplitCP,20,0.1,0.0019998550415039062,stacked,0.8773006134969326,20.415570493751872,24.486219973073634,163
178,D4,strength_quartile,TransferCal-CP-affine-localsigma,20,0.1,0.0020012855529785156,,0.8343558282208589,35.59036910448606,50.32241855618808,163
178,D4,random,SplitCP-source,20,0.1,0.0,,0.03680981595092025,3.3369621470538395,246.28867868519222,163
178,D4,random,AdaptiveJackknifeCP,20,0.1,0.3230478763580322,stacked,0.9877300613496932,17.496669069550354,17.704726558045014,163
178,D4,random,AdaptiveJackknifeCP-exactJK+,20,0.1,0.32265615463256836,stacked,0.9754601226993865,17.241779139011523,17.580639874124785,163
178,D4,random,TargetOnlyJKplus,20,0.1,0.3267197608947754,local-ridge,0.9202453987730062,23.84973059898606,30.680378835081633,163
178,D4,random,TargetOnlyJKplus-exactJK+,20,0.1,0.31275248527526855,local-ridge,0.9570552147239264,27.68153349456555,31.973649438548282,163
178,D4,random,StackedOnlyCP,20,0.1,0.0030066967010498047,stacked,0.9877300613496932,17.496669069550354,17.704726558045014,163
178,D4,random,TargetOnlyCP,20,0.1,0.0009999275207519531,,0.7361963190184049,22.76031995358275,42.17622616466793,163
178,D4,random,AdaptiveSplitCP,20,0.1,0.001003265380859375,stacked,0.9938650306748467,27.752740355675115,27.845125614809806,163
178,D4,random,TransferCal-CP-affine-localsigma,20,0.1,0.001997232437133789,,0.9570552147239264,39.26741105000457,42.76321552239025,163
178,D4,covariate,SplitCP-source,20,0.1,0.0010004043579101562,,0.04294478527607362,3.3369621470538395,245.31005900810186,163
178,D4,covariate,AdaptiveJackknifeCP,20,0.1,0.30425262451171875,stacked,0.9754601226993865,18.062984780584202,18.77105600647711,163
178,D4,covariate,AdaptiveJackknifeCP-exactJK+,20,0.1,0.33522748947143555,stacked,0.9570552147239264,15.959714242170135,17.335216815471007,163
178,D4,covariate,TargetOnlyJKplus,20,0.1,0.31904006004333496,local-ridge,0.8773006134969326,23.36795145225935,36.98192149770379,163
178,D4,covariate,TargetOnlyJKplus-exactJK+,20,0.1,0.33378052711486816,local-ridge,0.8588957055214724,23.63318156006711,37.06018821467355,163
178,D4,covariate,StackedOnlyCP,20,0.1,0.007000446319580078,stacked,0.9754601226993865,18.062984780584202,18.77105600647711,163
178,D4,covariate,TargetOnlyCP,20,0.1,0.0019996166229248047,,0.9877300613496932,58.41128234160277,58.92359613458817,163
178,D4,covariate,AdaptiveSplitCP,20,0.1,0.003000020980834961,stacked,0.950920245398773,18.72198207750005,20.975544159520737,163
178,D4,covariate,TransferCal-CP-affine-localsigma,20,0.1,0.0025072097778320312,,0.852760736196319,26.88145300016791,39.77959253713006,163
179,D1,strength_quartile,SplitCP-source,20,0.1,0.0,,0.08161044613710555,2.858880945536257,175.69180422989035,919
179,D1,strength_quartile,AdaptiveJackknifeCP,20,0.1,0.32396578788757324,affine-transfer,0.9945593035908596,66.93519061414884,67.55477771817195,919
179,D1,strength_quartile,AdaptiveJackknifeCP-exactJK+,20,0.1,0.3155548572540283,affine-transfer,0.9956474428726877,69.00949816427226,69.57014236143239,919
179,D1,strength_quartile,TargetOnlyJKplus,20,0.1,0.29732441902160645,local-ridge,0.9880304678998912,84.03066892157088,85.2057069945355,919
179,D1,strength_quartile,TargetOnlyJKplus-exactJK+,20,0.1,0.3076906204223633,local-ridge,0.9532100108813928,70.493443518604,79.08923118278138,919
179,D1,strength_quartile,StackedOnlyCP,20,0.1,0.006000041961669922,stacked,0.9934711643090316,62.93156274736722,63.66273256499783,919
179,D1,strength_quartile,TargetOnlyCP,20,0.1,0.002000093460083008,,0.9532100108813928,77.62348987104635,99.46640483576843,919
179,D1,strength_quartile,AdaptiveSplitCP,20,0.1,0.002000093460083008,stacked,0.9793253536452666,74.91945119263433,77.28001877218122,919
179,D1,strength_quartile,TransferCal-CP-affine-localsigma,20,0.1,0.0010004043579101562,,0.9238302502720348,41.695114545761605,48.53644934269123,919
179,D1,random,SplitCP-source,20,0.1,0.0,,0.0794341675734494,2.858880945536257,176.81083126452913,919
179,D1,random,AdaptiveJackknifeCP,20,0.1,0.28921055793762207,stacked,0.9597388465723613,50.599513900335964,54.38476766083522,919
179,D1,random,AdaptiveJackknifeCP-exactJK+,20,0.1,0.29884934425354004,stacked,0.9836779107725789,58.379923898511926,59.79262006996598,919
179,D1,random,TargetOnlyJKplus,20,0.1,0.31432580947875977,local-ridge,0.9825897714907508,82.21373915192241,85.58606973067342,919
179,D1,random,TargetOnlyJKplus-exactJK+,20,0.1,0.2880253791809082,local-ridge,0.9619151251360174,67.54726635796162,74.87486636363036,919
179,D1,random,StackedOnlyCP,20,0.1,0.006000518798828125,stacked,0.9597388465723613,50.599513900335964,54.38476766083522,919
179,D1,random,TargetOnlyCP,20,0.1,0.0009999275207519531,,0.9499455930359086,61.7743237724983,67.37734733060584,919
179,D1,random,AdaptiveSplitCP,20,0.1,0.002507925033569336,stacked,0.9173014145810664,52.40392643335208,61.87443450233175,919
179,D1,random,TransferCal-CP-affine-localsigma,20,0.1,0.0009996891021728516,,0.9673558215451578,48.006104930025764,50.65851034448111,919
179,D1,covariate,SplitCP-source,20,0.1,0.0,,0.08052230685527748,2.858880945536257,176.89009132373002,919
179,D1,covariate,AdaptiveJackknifeCP,20,0.1,0.3015425205230713,affine-transfer,0.970620239390642,52.315965594949866,54.83367606934562,919
179,D1,covariate,AdaptiveJackknifeCP-exactJK+,20,0.1,0.3139760494232178,affine-transfer,0.9542981501632208,49.78269606850306,56.13739258607901,919
179,D1,covariate,TargetOnlyJKplus,20,0.1,0.3325173854827881,local-ridge,0.9129488574537541,45.84364291485103,58.77369722169171,919
179,D1,covariate,TargetOnlyJKplus-exactJK+,20,0.1,0.3093430995941162,local-ridge,0.8781284004352558,43.653914290760035,60.08292428740608,919
179,D1,covariate,StackedOnlyCP,20,0.1,0.006502389907836914,stacked,0.9760609357997824,56.892456257453446,59.20004838444644,919
179,D1,covariate,TargetOnlyCP,20,0.1,0.002003192901611328,,0.9967355821545157,127.17798330651344,127.79784277693985,919
179,D1,covariate,AdaptiveSplitCP,20,0.1,0.0019998550415039062,stacked,0.9825897714907508,68.70000641196032,70.41068352226765,919
179,D1,covariate,TransferCal-CP-affine-localsigma,20,0.1,0.0020008087158203125,,0.9651795429815017,54.449982566050664,56.76970089349948,919
179,D2,strength_quartile,SplitCP-source,20,0.1,0.0010001659393310547,,0.0,3.44387252366399,351.8471303297243,83
179,D2,strength_quartile,AdaptiveJackknifeCP,20,0.1,0.36304378509521484,stacked,0.9879518072289156,25.606726619711655,26.388287476469863,83
179,D2,strength_quartile,AdaptiveJackknifeCP-exactJK+,20,0.1,0.3615391254425049,stacked,0.9879518072289156,25.922782157383658,26.305165041682436,83
179,D2,strength_quartile,TargetOnlyJKplus,20,0.1,0.33031487464904785,local-ridge,0.9397590361445783,19.739954151163857,23.36724251252781,83
179,D2,strength_quartile,TargetOnlyJKplus-exactJK+,20,0.1,0.3259141445159912,local-ridge,0.963855421686747,20.94689446116791,23.725969638272666,83
179,D2,strength_quartile,StackedOnlyCP,20,0.1,0.005999326705932617,stacked,0.9879518072289156,25.606726619711655,26.388287476469863,83
179,D2,strength_quartile,TargetOnlyCP,20,0.1,0.0020003318786621094,,0.927710843373494,23.537619417857808,29.450104286251584,83
179,D2,strength_quartile,AdaptiveSplitCP,20,0.1,0.0019998550415039062,stacked,0.9518072289156626,33.696626922297746,40.649842507044546,83
179,D2,strength_quartile,TransferCal-CP-affine-localsigma,20,0.1,0.002000570297241211,,0.9397590361445783,34.1555306479996,39.57804771839983,83
179,D2,random,SplitCP-source,20,0.1,0.0010042190551757812,,0.0,3.44387252366399,357.7682145080064,83
179,D2,random,AdaptiveJackknifeCP,20,0.1,0.3094367980957031,stacked,0.8795180722891566,14.976347601542557,24.516048920188467,83
179,D2,random,AdaptiveJackknifeCP-exactJK+,20,0.1,0.3080260753631592,stacked,0.8795180722891566,14.849387956749434,24.6990647213799,83
179,D2,random,TargetOnlyJKplus,20,0.1,0.31861448287963867,local-ridge,0.9518072289156626,20.1806953100535,24.459804885764626,83
179,D2,random,TargetOnlyJKplus-exactJK+,20,0.1,0.3064601421356201,local-ridge,0.9518072289156626,18.774363464395417,24.0975158118054,83
179,D2,random,StackedOnlyCP,20,0.1,0.0056798458099365234,stacked,0.8795180722891566,14.976347601542557,24.516048920188467,83
179,D2,random,TargetOnlyCP,20,0.1,0.0016129016876220703,,0.9397590361445783,18.860667317079127,23.595113487466154,83
179,D2,random,AdaptiveSplitCP,20,0.1,0.0021622180938720703,stacked,0.9518072289156626,25.10224409180769,27.15001716600241,83
179,D2,random,TransferCal-CP-affine-localsigma,20,0.1,0.0015101432800292969,,0.9759036144578314,26.15574984498849,27.47648308380081,83
179,D2,covariate,SplitCP-source,20,0.1,0.0009999275207519531,,0.0,3.44387252366399,348.2842761710563,83
179,D2,covariate,AdaptiveJackknifeCP,20,0.1,0.29929494857788086,stacked,0.927710843373494,15.124448574068738,20.096534409218336,83
179,D2,covariate,AdaptiveJackknifeCP-exactJK+,20,0.1,0.3270852565765381,stacked,0.9518072289156626,19.372568051731825,22.324016219644296,83
179,D2,covariate,TargetOnlyJKplus,20,0.1,0.33785009384155273,local-ridge,0.9518072289156626,18.975427990613444,22.792993042449737,83
179,D2,covariate,TargetOnlyJKplus-exactJK+,20,0.1,0.30347251892089844,local-ridge,0.963855421686747,22.361836560375107,24.35200673483913,83
179,D2,covariate,StackedOnlyCP,20,0.1,0.006505727767944336,stacked,0.927710843373494,15.124448574068738,20.096534409218336,83
179,D2,covariate,TargetOnlyCP,20,0.1,0.0019996166229248047,,0.9759036144578314,24.524566732960576,25.979767327667506,83
179,D2,covariate,AdaptiveSplitCP,20,0.1,0.002000093460083008,stacked,0.9518072289156626,45.30988567384354,50.017103517563775,83
179,D2,covariate,TransferCal-CP-affine-localsigma,20,0.1,0.0020008087158203125,,0.9879518072289156,28.190851885836878,28.87399862729272,83
179,D4,strength_quartile,SplitCP-source,20,0.1,0.0009999275207519531,,0.049079754601226995,2.8407229085506533,205.28433120742832,163
179,D4,strength_quartile,AdaptiveJackknifeCP,20,0.1,0.40161681175231934,stacked,0.8282208588957055,10.750355855164399,17.94111480376932,163
179,D4,strength_quartile,AdaptiveJackknifeCP-exactJK+,20,0.1,0.3913722038269043,stacked,0.8343558282208589,10.834089916290214,17.3849741352943,163
179,D4,strength_quartile,TargetOnlyJKplus,20,0.1,0.39113306999206543,local-ridge,1.0,43.28517935852511,43.28517935852511,163
179,D4,strength_quartile,TargetOnlyJKplus-exactJK+,20,0.1,0.348499059677124,local-ridge,0.9938650306748467,43.9553165723516,43.95774260340971,163
179,D4,strength_quartile,StackedOnlyCP,20,0.1,0.002999544143676758,stacked,0.8282208588957055,10.750355855164399,17.94111480376932,163
179,D4,strength_quartile,TargetOnlyCP,20,0.1,0.001001119613647461,,1.0,62.22554212826425,62.22554212826425,163
179,D4,strength_quartile,AdaptiveSplitCP,20,0.1,0.0015044212341308594,stacked,0.7607361963190185,15.776305867592654,30.66372338266215,163
179,D4,strength_quartile,TransferCal-CP-affine-localsigma,20,0.1,0.0020058155059814453,,0.9754601226993865,45.32518144186179,47.356926201262795,163
179,D4,random,SplitCP-source,20,0.1,0.0009999275207519531,,0.049079754601226995,2.8407229085506525,208.7615242244649,163
179,D4,random,AdaptiveJackknifeCP,20,0.1,0.3484678268432617,stacked,0.7668711656441718,8.18135487613013,16.432685810017496,163
179,D4,random,AdaptiveJackknifeCP-exactJK+,20,0.1,0.3356332778930664,stacked,0.7668711656441718,8.016131064229485,16.679587305317387,163
179,D4,random,TargetOnlyJKplus,20,0.1,0.33765697479248047,local-ridge,0.9570552147239264,33.38222290079366,37.74957221794458,163
179,D4,random,TargetOnlyJKplus-exactJK+,20,0.1,0.3215358257293701,local-ridge,0.9447852760736196,31.095071508272188,37.99848571113787,163
179,D4,random,StackedOnlyCP,20,0.1,0.00500035285949707,stacked,0.7668711656441718,8.18135487613013,16.432685810017496,163
179,D4,random,TargetOnlyCP,20,0.1,0.001999378204345703,,0.9263803680981595,30.379674708295912,37.761614660079964,163
179,D4,random,AdaptiveSplitCP,20,0.1,0.0020003318786621094,stacked,0.8773006134969326,14.02620389885164,19.17689793468429,163
179,D4,random,TransferCal-CP-affine-localsigma,20,0.1,0.0009999275207519531,,1.0,59.51047795489832,59.51047795489832,163
179,D4,covariate,SplitCP-source,20,0.1,0.0010035037994384766,,0.049079754601226995,2.8407229085506533,209.53230631196945,163
179,D4,covariate,AdaptiveJackknifeCP,20,0.1,0.3488304615020752,stacked,0.9693251533742331,14.799163839536211,15.9038890686717,163
179,D4,covariate,AdaptiveJackknifeCP-exactJK+,20,0.1,0.32545900344848633,stacked,0.9754601226993865,15.63952045702044,16.506354326191122,163
179,D4,covariate,TargetOnlyJKplus,20,0.1,0.3195171356201172,local-ridge,0.9693251533742331,34.85634703156029,36.56401592114164,163
179,D4,covariate,TargetOnlyJKplus-exactJK+,20,0.1,0.32544612884521484,local-ridge,0.9693251533742331,40.30491524596141,40.97901964754493,163
179,D4,covariate,StackedOnlyCP,20,0.1,0.002999544143676758,stacked,0.9693251533742331,14.799163839536211,15.9038890686717,163
179,D4,covariate,TargetOnlyCP,20,0.1,0.0019998550415039062,,0.950920245398773,49.698666372497854,52.398056833058924,163
179,D4,covariate,AdaptiveSplitCP,20,0.1,0.0010004043579101562,stacked,0.9877300613496932,25.746671023701783,25.919520705578893,163
179,D4,covariate,TransferCal-CP-affine-localsigma,20,0.1,0.002000570297241211,,0.901840490797546,31.145526428046477,37.60535120098253,163
180,D1,strength_quartile,SplitCP-source,20,0.1,0.0010001659393310547,,0.04896626768226333,2.0131806737406777,181.7686305086574,919
180,D1,strength_quartile,AdaptiveJackknifeCP,20,0.1,0.3275113105773926,stacked,0.9880304678998912,69.88319140763872,70.89391163886414,919
180,D1,strength_quartile,AdaptiveJackknifeCP-exactJK+,20,0.1,0.329540491104126,stacked,0.9499455930359086,58.7244874527454,64.22895178239305,919
180,D1,strength_quartile,TargetOnlyJKplus,20,0.1,0.33557844161987305,local-ridge,0.8955386289445049,52.1543397236162,90.04164051089218,919
180,D1,strength_quartile,TargetOnlyJKplus-exactJK+,20,0.1,0.33034229278564453,local-ridge,0.9042437431991295,53.399771589991275,87.96451983702626,919
180,D1,strength_quartile,StackedOnlyCP,20,0.1,0.00500035285949707,stacked,0.9880304678998912,69.88319140763872,70.89391163886414,919
180,D1,strength_quartile,TargetOnlyCP,20,0.1,0.0019998550415039062,,0.8498367791077258,41.83658737347635,81.73131792548533,919
180,D1,strength_quartile,AdaptiveSplitCP,20,0.1,0.0019998550415039062,stacked,0.8683351468988031,40.99335996391311,58.80659733596049,919
180,D1,strength_quartile,TransferCal-CP-affine-localsigma,20,0.1,0.002000570297241211,,0.9825897714907508,56.92182904091113,58.11928075292634,919
180,D1,random,SplitCP-source,20,0.1,0.0,,0.04896626768226333,2.0131806737406777,181.17939665745507,919
180,D1,random,AdaptiveJackknifeCP,20,0.1,0.3377532958984375,stacked,0.8748639825897715,48.937537033578245,80.14945319587082,919
180,D1,random,AdaptiveJackknifeCP-exactJK+,20,0.1,0.31697726249694824,stacked,0.8280739934711643,43.13043584174677,78.085324463216,919
180,D1,random,TargetOnlyJKplus,20,0.1,0.3514246940612793,local-ridge,0.8106637649619152,41.46892892735644,108.17970778969965,919
180,D1,random,TargetOnlyJKplus-exactJK+,20,0.1,0.40105533599853516,local-ridge,0.7464635473340587,34.46991042519469,120.71520434941132,919
180,D1,random,StackedOnlyCP,20,0.1,0.0035066604614257812,stacked,0.8748639825897715,48.937537033578245,80.14945319587082,919
180,D1,random,TargetOnlyCP,20,0.1,0.0010004043579101562,,0.9075081610446137,60.07268741316423,90.755217225815,919
180,D1,random,AdaptiveSplitCP,20,0.1,0.002001047134399414,stacked,0.8988030467899891,57.85428387793695,95.31532585450547,919
180,D1,random,TransferCal-CP-affine-localsigma,20,0.1,0.001505136489868164,,0.956474428726877,49.37881094471812,53.44541237978124,919
180,D1,covariate,SplitCP-source,20,0.1,0.0,,0.04787812840043525,2.0131806737406777,181.35385261239844,919
180,D1,covariate,AdaptiveJackknifeCP,20,0.1,0.3435654640197754,stacked,0.9825897714907508,55.213495580726104,56.425649439544046,919
180,D1,covariate,AdaptiveJackknifeCP-exactJK+,20,0.1,0.34166908264160156,stacked,0.9902067464635473,57.6776596806944,58.26256389753356,919
180,D1,covariate,TargetOnlyJKplus,20,0.1,0.36920666694641113,local-ridge,0.9978237214363439,77.61874470287715,77.71691541077254,919
180,D1,covariate,TargetOnlyJKplus-exactJK+,20,0.1,0.3531014919281006,local-ridge,0.9902067464635473,67.48506302883143,68.1724823527164,919
180,D1,covariate,StackedOnlyCP,20,0.1,0.0063762664794921875,stacked,0.9825897714907508,55.213495580726104,56.425649439544046,919
180,D1,covariate,TargetOnlyCP,20,0.1,0.0020041465759277344,,0.9880304678998912,227.5067477474002,228.70591369097517,919
180,D1,covariate,AdaptiveSplitCP,20,0.1,0.002998828887939453,stacked,0.9967355821545157,146.80998331089785,147.05337381907228,919
180,D1,covariate,TransferCal-CP-affine-localsigma,20,0.1,0.002000570297241211,,0.9825897714907508,72.19966168961967,73.5935034675291,919
180,D2,strength_quartile,SplitCP-source,20,0.1,0.0010004043579101562,,0.0,3.2730916579200833,351.4456871699354,83
180,D2,strength_quartile,AdaptiveJackknifeCP,20,0.1,0.32047533988952637,stacked,0.9036144578313253,14.361187946847894,21.367622027781717,83
180,D2,strength_quartile,AdaptiveJackknifeCP-exactJK+,20,0.1,0.3108510971069336,stacked,0.9156626506024096,15.894397816623469,21.550014184498437,83
180,D2,strength_quartile,TargetOnlyJKplus,20,0.1,0.3105471134185791,local-ridge,0.8192771084337349,14.141379795367772,24.907098199120792,83
180,D2,strength_quartile,TargetOnlyJKplus-exactJK+,20,0.1,0.3213014602661133,local-ridge,0.8433734939759037,15.980416524231451,23.553699903600876,83
180,D2,strength_quartile,StackedOnlyCP,20,0.1,0.004002809524536133,stacked,0.9036144578313253,14.361187946847894,21.367622027781717,83
180,D2,strength_quartile,TargetOnlyCP,20,0.1,0.0009996891021728516,,0.7951807228915663,12.899406477735683,28.248049719631812,83
180,D2,strength_quartile,AdaptiveSplitCP,20,0.1,0.0010001659393310547,stacked,0.8433734939759037,17.038025200682636,28.004700874268554,83
180,D2,strength_quartile,TransferCal-CP-affine-localsigma,20,0.1,0.002000093460083008,,0.9156626506024096,21.15656928775325,29.840043403133375,83
180,D2,random,SplitCP-source,20,0.1,0.0,,0.0,3.2730916579200833,335.3535273076405,83
180,D2,random,AdaptiveJackknifeCP,20,0.1,0.31971120834350586,stacked,0.963855421686747,28.286613228918345,31.41964520656343,83
180,D2,random,AdaptiveJackknifeCP-exactJK+,20,0.1,0.3237736225128174,stacked,0.963855421686747,28.939022582491116,33.10686977410703,83
180,D2,random,TargetOnlyJKplus,20,0.1,0.3197617530822754,local-ridge,1.0,29.40281266490531,29.40281266490531,83
180,D2,random,TargetOnlyJKplus-exactJK+,20,0.1,0.3265371322631836,local-ridge,1.0,27.763241539130874,27.763241539130874,83
180,D2,random,StackedOnlyCP,20,0.1,0.006505250930786133,stacked,0.963855421686747,28.286613228918345,31.41964520656343,83
180,D2,random,TargetOnlyCP,20,0.1,0.0009999275207519531,,1.0,28.452658290424388,28.452658290424388,83
180,D2,random,AdaptiveSplitCP,20,0.1,0.002524852752685547,stacked,0.9518072289156626,33.407756057453646,43.21037212463526,83
180,D2,random,TransferCal-CP-affine-localsigma,20,0.1,0.0015180110931396484,,0.8072289156626506,23.425207310133818,38.62610581911476,83
180,D2,covariate,SplitCP-source,20,0.1,0.0009989738464355469,,0.0,3.2730916579200833,348.14538970192285,83
180,D2,covariate,AdaptiveJackknifeCP,20,0.1,0.31537342071533203,stacked,0.963855421686747,22.473246247006806,25.112270278172666,83
180,D2,covariate,AdaptiveJackknifeCP-exactJK+,20,0.1,0.34592175483703613,stacked,0.9518072289156626,19.665702335574878,24.032385851664795,83
180,D2,covariate,TargetOnlyJKplus,20,0.1,0.3489532470703125,local-ridge,0.963855421686747,23.954142115517588,25.469834255317316,83
180,D2,covariate,TargetOnlyJKplus-exactJK+,20,0.1,0.3599529266357422,local-ridge,0.9156626506024096,20.817246294820787,23.916045542408888,83
180,D2,covariate,StackedOnlyCP,20,0.1,0.006998777389526367,stacked,0.963855421686747,22.473246247006806,25.112270278172666,83
180,D2,covariate,TargetOnlyCP,20,0.1,0.002000093460083008,,0.9879518072289156,28.814823952191485,30.126774860605572,83
180,D2,covariate,AdaptiveSplitCP,20,0.1,0.002502918243408203,stacked,0.9036144578313253,19.552683011063333,24.048281956459483,83
180,D2,covariate,TransferCal-CP-affine-localsigma,20,0.1,0.002008199691772461,,0.963855421686747,33.65529781900681,35.37179280348972,83
180,D4,strength_quartile,SplitCP-source,20,0.1,0.0,,0.04294478527607362,3.1463165066186183,250.00890174924655,163
180,D4,strength_quartile,AdaptiveJackknifeCP,20,0.1,0.32292771339416504,stacked,0.9815950920245399,16.605458135835406,17.236116041174114,163
180,D4,strength_quartile,AdaptiveJackknifeCP-exactJK+,20,0.1,0.29568958282470703,stacked,0.9877300613496932,17.227922127444028,17.56343786801572,163
180,D4,strength_quartile,TargetOnlyJKplus,20,0.1,0.29901671409606934,local-ridge,0.9631901840490797,36.51904477295641,39.36409316762878,163
180,D4,strength_quartile,TargetOnlyJKplus-exactJK+,20,0.1,0.3085775375366211,local-ridge,0.9631901840490797,37.03540761164946,40.492896838812015,163
180,D4,strength_quartile,StackedOnlyCP,20,0.1,0.003000020980834961,stacked,0.9815950920245399,16.605458135835406,17.236116041174114,163
180,D4,strength_quartile,TargetOnlyCP,20,0.1,0.00099945068359375,,0.9754601226993865,54.09020758295959,56.20357616958912,163
180,D4,strength_quartile,AdaptiveSplitCP,20,0.1,0.0020003318786621094,stacked,0.9754601226993865,26.168655534511803,27.317409569677295,163
180,D4,strength_quartile,TransferCal-CP-affine-localsigma,20,0.1,0.0010006427764892578,,0.9693251533742331,44.117814382101066,48.2631850307086,163
180,D4,random,SplitCP-source,20,0.1,0.0010044574737548828,,0.05521472392638037,3.1463165066186183,249.4239348844451,163
180,D4,random,AdaptiveJackknifeCP,20,0.1,0.3149535655975342,stacked,0.8957055214723927,11.115780209894739,15.773164033308502,163
180,D4,random,AdaptiveJackknifeCP-exactJK+,20,0.1,0.3259010314941406,stacked,0.9079754601226994,12.162626405646792,15.674681762550092,163
180,D4,random,TargetOnlyJKplus,20,0.1,0.29595470428466797,local-ridge,0.8343558282208589,24.152780612463175,40.50405841964963,163
180,D4,random,TargetOnlyJKplus-exactJK+,20,0.1,0.31153154373168945,local-ridge,0.8098159509202454,23.31083740638019,44.07469146288764,163
180,D4,random,StackedOnlyCP,20,0.1,0.002999544143676758,stacked,0.8957055214723927,11.115780209894739,15.773164033308502,163
180,D4,random,TargetOnlyCP,20,0.1,0.00099945068359375,,0.8098159509202454,24.16108358529227,45.44977622428011,163
180,D4,random,AdaptiveSplitCP,20,0.1,0.0009989738464355469,stacked,0.7730061349693251,12.185690484593579,22.760980268417104,163
180,D4,random,TransferCal-CP-affine-localsigma,20,0.1,0.0025534629821777344,,0.950920245398773,42.29570121711236,48.53185826702415,163
180,D4,covariate,SplitCP-source,20,0.1,0.0,,0.05521472392638037,3.1463165066186183,243.37280455416234,163
180,D4,covariate,AdaptiveJackknifeCP,20,0.1,0.32254767417907715,stacked,1.0,24.026149300198778,24.026149300198778,163
180,D4,covariate,AdaptiveJackknifeCP-exactJK+,20,0.1,0.3199777603149414,stacked,0.9754601226993865,17.084693765606353,17.808126475234385,163
180,D4,covariate,TargetOnlyJKplus,20,0.1,0.31833410263061523,local-ridge,0.9754601226993865,35.15700854629941,37.34198894009915,163
180,D4,covariate,TargetOnlyJKplus-exactJK+,20,0.1,0.3138852119445801,local-ridge,0.9754601226993865,39.199783750846045,40.62325802513827,163
180,D4,covariate,StackedOnlyCP,20,0.1,0.006002902984619141,stacked,1.0,24.026149300198778,24.026149300198778,163
180,D4,covariate,TargetOnlyCP,20,0.1,0.0020020008087158203,,0.9815950920245399,55.13293275733313,55.53524843614111,163
180,D4,covariate,AdaptiveSplitCP,20,0.1,0.00299835205078125,stacked,1.0,24.02149143102248,24.02149143102248,163
180,D4,covariate,TransferCal-CP-affine-localsigma,20,0.1,0.0019998550415039062,,0.9815950920245399,47.26515682065392,48.99165486137073,163
181,D1,strength_quartile,SplitCP-source,20,0.1,0.0,,0.08596300326441784,2.9875935492565167,173.2081943433922,919
181,D1,strength_quartile,AdaptiveJackknifeCP,20,0.1,0.30051350593566895,stacked,0.9738846572361263,45.28117370508325,47.66796860475773,919
181,D1,strength_quartile,AdaptiveJackknifeCP-exactJK+,20,0.1,0.306779146194458,stacked,0.9749727965179543,46.42374404179847,48.75002549449204,919
181,D1,strength_quartile,TargetOnlyJKplus,20,0.1,0.33477067947387695,local-ridge,0.9303590859630033,51.171392876188115,61.9180738950515,919
181,D1,strength_quartile,TargetOnlyJKplus-exactJK+,20,0.1,0.3014559745788574,local-ridge,0.8890097932535365,43.76664944538229,60.469327778589225,919
181,D1,strength_quartile,StackedOnlyCP,20,0.1,0.006070613861083984,stacked,0.9738846572361263,45.28117370508325,47.66796860475773,919
181,D1,strength_quartile,TargetOnlyCP,20,0.1,0.0009992122650146484,,0.941240478781284,56.212036176880595,63.6509443860472,919
181,D1,strength_quartile,AdaptiveSplitCP,20,0.1,0.002999544143676758,stacked,0.9303590859630033,50.56845032127365,54.76571478926675,919
181,D1,strength_quartile,TransferCal-CP-affine-localsigma,20,0.1,0.0015039443969726562,,0.8944504896626768,37.87455892042442,46.667270976896866,919
181,D1,random,SplitCP-source,20,0.1,0.0,,0.08487486398258977,2.9875935492565167,172.9730758919661,919
181,D1,random,AdaptiveJackknifeCP,20,0.1,0.32051634788513184,stacked,0.9510337323177367,49.96027618205645,54.583698750745036,919
181,D1,random,AdaptiveJackknifeCP-exactJK+,20,0.1,0.31090426445007324,stacked,0.9662676822633297,53.223575714784644,56.938897412242916,919
181,D1,random,TargetOnlyJKplus,20,0.1,0.3056521415710449,local-ridge,0.9445048966267682,56.31927800826649,63.681392704769145,919
181,D1,random,TargetOnlyJKplus-exactJK+,20,0.1,0.30750155448913574,local-ridge,0.9292709466811752,52.16619486681916,62.54932997731626,919
181,D1,random,StackedOnlyCP,20,0.1,0.006503582000732422,stacked,0.9510337323177367,49.96027618205645,54.583698750745036,919
181,D1,random,TargetOnlyCP,20,0.1,0.0010037422180175781,,0.9749727965179543,252.3451672305923,274.62455844036236,919
181,D1,random,AdaptiveSplitCP,20,0.1,0.0019996166229248047,stacked,0.9749727965179543,299.9288969026208,331.913531977981,919
181,D1,random,TransferCal-CP-affine-localsigma,20,0.1,0.002000570297241211,,0.8911860718171926,40.94719390703164,53.329403041214036,919
181,D1,covariate,SplitCP-source,20,0.1,0.0,,0.08596300326441784,2.9875935492565167,172.84114680405705,919
181,D1,covariate,AdaptiveJackknifeCP,20,0.1,0.29479026794433594,stacked,0.9227421109902068,45.91939697067878,52.91419800420138,919
181,D1,covariate,AdaptiveJackknifeCP-exactJK+,20,0.1,0.30251145362854004,stacked,0.9608269858541894,51.26917792192791,54.43037851527094,919
181,D1,covariate,TargetOnlyJKplus,20,0.1,0.31968188285827637,local-ridge,0.9270946681175191,51.187391806148824,59.58531411684597,919
181,D1,covariate,TargetOnlyJKplus-exactJK+,20,0.1,0.30935049057006836,local-ridge,0.8988030467899891,46.375660293101916,59.07976743016314,919
181,D1,covariate,StackedOnlyCP,20,0.1,0.0035049915313720703,stacked,0.9227421109902068,45.91939697067878,52.91419800420138,919
181,D1,covariate,TargetOnlyCP,20,0.1,0.0010001659393310547,,0.9031556039173014,49.061876713069175,66.30324557466814,919
181,D1,covariate,AdaptiveSplitCP,20,0.1,0.0019996166229248047,stacked,0.9597388465723613,124.35720774203156,135.4921353388679,919
181,D1,covariate,TransferCal-CP-affine-localsigma,20,0.1,0.0020046234130859375,,0.8650707290533188,38.941663895806705,51.2979530913468,919
181,D2,strength_quartile,SplitCP-source,20,0.1,0.0,,0.0,3.0885692435527683,330.0095256593678,83
181,D2,strength_quartile,AdaptiveJackknifeCP,20,0.1,0.33588600158691406,stacked,0.9036144578313253,15.056717441248859,21.58585802787156,83
181,D2,strength_quartile,AdaptiveJackknifeCP-exactJK+,20,0.1,0.32616305351257324,stacked,0.927710843373494,16.625807818262576,21.841990234553233,83
181,D2,strength_quartile,TargetOnlyJKplus,20,0.1,0.33542633056640625,local-ridge,0.8674698795180723,15.168238266630087,23.856886839097204,83
181,D2,strength_quartile,TargetOnlyJKplus-exactJK+,20,0.1,0.3481447696685791,local-ridge,0.891566265060241,15.939801705647785,23.55892506483284,83
181,D2,strength_quartile,StackedOnlyCP,20,0.1,0.0060002803802490234,stacked,0.9036144578313253,15.056717441248859,21.58585802787156,83
181,D2,strength_quartile,TargetOnlyCP,20,0.1,0.0010004043579101562,,0.8313253012048193,14.726029282107175,25.853464022023235,83
181,D2,strength_quartile,AdaptiveSplitCP,20,0.1,0.002999544143676758,stacked,0.8674698795180723,15.69443064357446,24.37149998740029,83
181,D2,strength_quartile,TransferCal-CP-affine-localsigma,20,0.1,0.001001119613647461,,0.8674698795180723,18.8214561618655,29.210646853737316,83
181,D2,random,SplitCP-source,20,0.1,0.0010001659393310547,,0.0,3.0885692435527683,330.9954467480416,83
181,D2,random,AdaptiveJackknifeCP,20,0.1,0.33759117126464844,stacked,0.7951807228915663,15.323099925641817,24.512435574651846,83
181,D2,random,AdaptiveJackknifeCP-exactJK+,20,0.1,0.3302493095397949,stacked,0.8433734939759037,16.478674047597373,23.832941665965386,83
181,D2,random,TargetOnlyJKplus,20,0.1,0.31140732765197754,local-ridge,0.8554216867469879,18.487276450289105,26.536478507409985,83
181,D2,random,TargetOnlyJKplus-exactJK+,20,0.1,0.30994319915771484,local-ridge,0.8192771084337349,17.148531322610264,26.863921690525636,83
181,D2,random,StackedOnlyCP,20,0.1,0.004999876022338867,stacked,0.7951807228915663,15.323099925641817,24.512435574651846,83
181,D2,random,TargetOnlyCP,20,0.1,0.002000093460083008,,0.6867469879518072,11.439889374319044,33.97176350909886,83
181,D2,random,AdaptiveSplitCP,20,0.1,0.0009999275207519531,stacked,0.9036144578313253,26.853411402009886,31.043984579317918,83
181,D2,random,TransferCal-CP-affine-localsigma,20,0.1,0.0025060176849365234,,0.7951807228915663,16.3249805528029,27.743734637818328,83
181,D2,covariate,SplitCP-source,20,0.1,0.0009999275207519531,,0.0,3.0885692435527683,324.8724121009257,83
181,D2,covariate,AdaptiveJackknifeCP,20,0.1,0.30515122413635254,stacked,0.963855421686747,23.994579272493024,25.82109396501611,83
181,D2,covariate,AdaptiveJackknifeCP-exactJK+,20,0.1,0.3176407814025879,stacked,0.963855421686747,26.059399582699985,29.38144242949205,83
181,D2,covariate,TargetOnlyJKplus,20,0.1,0.2940480709075928,local-ridge,0.927710843373494,17.657587598749814,21.36318662790374,83
181,D2,covariate,TargetOnlyJKplus-exactJK+,20,0.1,0.30964112281799316,local-ridge,0.9156626506024096,16.531497182153824,21.22802657801943,83
181,D2,covariate,StackedOnlyCP,20,0.1,0.006999969482421875,stacked,0.963855421686747,23.994579272493024,25.82109396501611,83
181,D2,covariate,TargetOnlyCP,20,0.1,0.0010030269622802734,,0.9397590361445783,23.026551529616324,24.582360352411442,83
181,D2,covariate,AdaptiveSplitCP,20,0.1,0.0029997825622558594,stacked,0.963855421686747,24.73844156377702,28.495259087383296,83
181,D2,covariate,TransferCal-CP-affine-localsigma,20,0.1,0.0020008087158203125,,0.9879518072289156,35.29724919487913,35.31722296658285,83
181,D4,strength_quartile,SplitCP-source,20,0.1,0.0,,0.049079754601226995,2.984010069200806,196.1474161394151,163
181,D4,strength_quartile,AdaptiveJackknifeCP,20,0.1,0.33440113067626953,stacked,0.8895705521472392,14.215717611293107,19.958444170628145,163
181,D4,strength_quartile,AdaptiveJackknifeCP-exactJK+,20,0.1,0.3313322067260742,stacked,0.8404907975460123,12.29672374568358,20.351933988136768,163
181,D4,strength_quartile,TargetOnlyJKplus,20,0.1,0.3411881923675537,local-ridge,0.9386503067484663,32.08223061094432,36.75294268600927,163
181,D4,strength_quartile,TargetOnlyJKplus-exactJK+,20,0.1,0.33478331565856934,local-ridge,0.9570552147239264,34.68592319919094,38.64909239895878,163
181,D4,strength_quartile,StackedOnlyCP,20,0.1,0.002502918243408203,stacked,0.8895705521472392,14.215717611293107,19.958444170628145,163
181,D4,strength_quartile,TargetOnlyCP,20,0.1,0.0,,0.9754601226993865,39.949872841931324,42.000752088543024,163
181,D4,strength_quartile,AdaptiveSplitCP,20,0.1,0.003195524215698242,stacked,0.8895705521472392,15.510486133199366,21.541825870562185,163
181,D4,strength_quartile,TransferCal-CP-affine-localsigma,20,0.1,0.0010056495666503906,,0.9570552147239264,44.12315090085264,45.67585816821004,163
181,D4,random,SplitCP-source,20,0.1,0.0,,0.03680981595092025,2.984010069200806,201.9327317772391,163
181,D4,random,AdaptiveJackknifeCP,20,0.1,0.3614695072174072,stacked,0.8588957055214724,11.01696736649184,15.406444618070314,163
181,D4,random,AdaptiveJackknifeCP-exactJK+,20,0.1,0.34795665740966797,stacked,0.8895705521472392,12.01467986564003,15.725146626635235,163
181,D4,random,TargetOnlyJKplus,20,0.1,0.3343842029571533,local-ridge,0.9815950920245399,39.872374811217306,40.9779619258115,163
181,D4,random,TargetOnlyJKplus-exactJK+,20,0.1,0.3323478698730469,local-ridge,0.9815950920245399,36.96310617040027,39.00340339428267,163
181,D4,random,StackedOnlyCP,20,0.1,0.004999399185180664,stacked,0.8588957055214724,11.01696736649184,15.406444618070314,163
181,D4,random,TargetOnlyCP,20,0.1,0.0021173954010009766,,0.9877300613496932,46.83801934249948,48.262887538863495,163
181,D4,random,AdaptiveSplitCP,20,0.1,0.00151824951171875,stacked,0.9202453987730062,23.87818760107575,26.90340476767783,163
181,D4,random,TransferCal-CP-affine-localsigma,20,0.1,0.0020034313201904297,,0.8588957055214724,29.43919669257437,41.42603952502567,163
181,D4,covariate,SplitCP-source,20,0.1,0.0009999275207519531,,0.049079754601226995,2.984010069200806,204.3091282808611,163
181,D4,covariate,AdaptiveJackknifeCP,20,0.1,0.34189915657043457,stacked,0.9815950920245399,17.298125678323753,17.631305303322545,163
181,D4,covariate,AdaptiveJackknifeCP-exactJK+,20,0.1,0.3220195770263672,stacked,0.9815950920245399,17.286327041991232,17.697039086498968,163
181,D4,covariate,TargetOnlyJKplus,20,0.1,0.3155491352081299,local-ridge,0.8466257668711656,26.72137697870187,39.25811004899712,163
181,D4,covariate,TargetOnlyJKplus-exactJK+,20,0.1,0.33437085151672363,local-ridge,0.8711656441717791,26.822251397314115,39.21508767443911,163
181,D4,covariate,StackedOnlyCP,20,0.1,0.007003068923950195,stacked,0.9815950920245399,17.298125678323753,17.631305303322545,163
181,D4,covariate,TargetOnlyCP,20,0.1,0.0019998550415039062,,0.9754601226993865,45.80532040341835,47.26728328914957,163
181,D4,covariate,AdaptiveSplitCP,20,0.1,0.003000974655151367,stacked,1.0,32.087344981338184,32.087344981338184,163
181,D4,covariate,TransferCal-CP-affine-localsigma,20,0.1,0.0019998550415039062,,0.9202453987730062,36.23770220104058,40.43692338688953,163
182,D1,strength_quartile,SplitCP-source,20,0.1,0.0,,0.07072905331882481,2.123679536311016,179.4883855777947,919
182,D1,strength_quartile,AdaptiveJackknifeCP,20,0.1,0.3101632595062256,stacked,0.998911860718172,81.65208215289765,81.6582739049511,919
182,D1,strength_quartile,AdaptiveJackknifeCP-exactJK+,20,0.1,0.3121335506439209,stacked,0.9956474428726877,66.09288902989843,66.56497949387071,919
182,D1,strength_quartile,TargetOnlyJKplus,20,0.1,0.31792497634887695,local-ridge,0.9368879216539717,54.02940880866028,63.251109778062585,919
182,D1,strength_quartile,TargetOnlyJKplus-exactJK+,20,0.1,0.31203651428222656,local-ridge,0.9347116430903155,55.06316852957439,63.63376250104816,919
182,D1,strength_quartile,StackedOnlyCP,20,0.1,0.005506753921508789,stacked,0.998911860718172,81.65208215289765,81.6582739049511,919
182,D1,strength_quartile,TargetOnlyCP,20,0.1,0.0019996166229248047,,0.85310119695321,44.714198446140664,68.203175160839,919
182,D1,strength_quartile,AdaptiveSplitCP,20,0.1,0.002245187759399414,stacked,0.9608269858541894,105.73346561425411,111.46567584798346,919
182,D1,strength_quartile,TransferCal-CP-affine-localsigma,20,0.1,0.0020101070404052734,,0.8944504896626768,41.8750589359849,54.09890888855646,919
182,D1,random,SplitCP-source,20,0.1,0.0,,0.06964091403699674,2.123679536311016,179.23639979001356,919
182,D1,random,AdaptiveJackknifeCP,20,0.1,0.3021259307861328,stacked,0.8063112078346029,36.98831974745688,65.31737334227513,919
182,D1,random,AdaptiveJackknifeCP-exactJK+,20,0.1,0.3027982711791992,stacked,0.8346028291621328,39.14667223377259,60.280604574592914,919
182,D1,random,TargetOnlyJKplus,20,0.1,0.3128523826599121,local-ridge,0.8748639825897715,62.87847826532633,107.24204492499162,919
182,D1,random,TargetOnlyJKplus-exactJK+,20,0.1,0.31095075607299805,local-ridge,0.8346028291621328,53.55004955929338,111.91543230907563,919
182,D1,random,StackedOnlyCP,20,0.1,0.005507469177246094,stacked,0.8063112078346029,36.98831974745688,65.31737334227513,919
182,D1,random,TargetOnlyCP,20,0.1,0.002000093460083008,,0.9499455930359086,129.51187643985347,178.81057583447915,919
182,D1,random,AdaptiveSplitCP,20,0.1,0.002000093460083008,stacked,0.9445048966267682,116.50738219109036,191.19774553590307,919
182,D1,random,TransferCal-CP-affine-localsigma,20,0.1,0.0009999275207519531,,0.9499455930359086,56.27593476143455,61.5451957984248,919
182,D1,covariate,SplitCP-source,20,0.1,0.0,,0.07072905331882481,2.123679536311016,178.94118256871184,919
182,D1,covariate,AdaptiveJackknifeCP,20,0.1,0.296886682510376,stacked,0.9749727965179543,55.01116299786041,58.02071781112106,919
182,D1,covariate,AdaptiveJackknifeCP-exactJK+,20,0.1,0.3126351833343506,stacked,0.9510337323177367,50.70520539621625,56.24062261430365,919
182,D1,covariate,TargetOnlyJKplus,20,0.1,0.3237602710723877,local-ridge,0.9390642002176278,54.90658153042905,63.82456762343353,919
182,D1,covariate,TargetOnlyJKplus-exactJK+,20,0.1,0.34499621391296387,local-ridge,0.9379760609357998,58.126938733832894,68.00748000996737,919
182,D1,covariate,StackedOnlyCP,20,0.1,0.006506443023681641,stacked,0.9749727965179543,55.01116299786041,58.02071781112106,919
182,D1,covariate,TargetOnlyCP,20,0.1,0.002000093460083008,,0.9630032644178455,62.58863985204301,67.24305676965689,919
182,D1,covariate,AdaptiveSplitCP,20,0.1,0.003000020980834961,stacked,0.941240478781284,53.564240438813734,60.75143071255207,919
182,D1,covariate,TransferCal-CP-affine-localsigma,20,0.1,0.0020003318786621094,,0.9521218715995647,43.70627581823475,48.754687496463376,919
182,D2,strength_quartile,SplitCP-source,20,0.1,0.0015032291412353516,,0.0,3.2871106954839613,345.9671944638464,83
182,D2,strength_quartile,AdaptiveJackknifeCP,20,0.1,0.3066670894622803,stacked,0.9518072289156626,18.67130561291741,22.412795145625438,83
182,D2,strength_quartile,AdaptiveJackknifeCP-exactJK+,20,0.1,0.29832935333251953,stacked,0.9759036144578314,20.47008101098471,22.709046321483076,83
182,D2,strength_quartile,TargetOnlyJKplus,20,0.1,0.30336594581604004,local-ridge,0.9759036144578314,23.40072901640641,25.749021317550866,83
182,D2,strength_quartile,TargetOnlyJKplus-exactJK+,20,0.1,0.30997347831726074,local-ridge,0.9397590361445783,18.349198898651192,22.88665843625177,83
182,D2,strength_quartile,StackedOnlyCP,20,0.1,0.005999565124511719,stacked,0.9518072289156626,18.67130561291741,22.412795145625438,83
182,D2,strength_quartile,TargetOnlyCP,20,0.1,0.0021817684173583984,,0.9759036144578314,29.260906801271467,30.668468992966172,83
182,D2,strength_quartile,AdaptiveSplitCP,20,0.1,0.0020852088928222656,stacked,0.9879518072289156,26.094174593894472,28.2008362325927,83
182,D2,strength_quartile,TransferCal-CP-affine-localsigma,20,0.1,0.0019998550415039062,,0.927710843373494,23.048786835848617,28.04004777277034,83
182,D2,random,SplitCP-source,20,0.1,0.0,,0.0,3.2871106954839613,333.8381160497273,83
182,D2,random,AdaptiveJackknifeCP,20,0.1,0.3091897964477539,stacked,0.9397590361445783,16.66940065758512,20.937159927026173,83
182,D2,random,AdaptiveJackknifeCP-exactJK+,20,0.1,0.29143643379211426,stacked,0.927710843373494,17.247984972316246,21.65903960908769,83
182,D2,random,TargetOnlyJKplus,20,0.1,0.2934870719909668,local-ridge,0.9036144578313253,18.969542293832745,23.80647611978159,83
182,D2,random,TargetOnlyJKplus-exactJK+,20,0.1,0.3004319667816162,local-ridge,0.891566265060241,16.558649709201262,23.745205530338072,83
182,D2,random,StackedOnlyCP,20,0.1,0.006104469299316406,stacked,0.9397590361445783,16.66940065758512,20.937159927026173,83
182,D2,random,TargetOnlyCP,20,0.1,0.0009996891021728516,,0.9518072289156626,34.47573150805845,35.39302619266352,83
182,D2,random,AdaptiveSplitCP,20,0.1,0.00250244140625,stacked,0.9759036144578314,39.667508485842866,40.035305217018355,83
182,D2,random,TransferCal-CP-affine-localsigma,20,0.1,0.0015306472778320312,,0.963855421686747,35.45265437795371,35.97444528377338,83
182,D2,covariate,SplitCP-source,20,0.1,0.0,,0.0,3.2871106954839613,339.9369296964563,83
182,D2,covariate,AdaptiveJackknifeCP,20,0.1,0.3018615245819092,stacked,0.9397590361445783,18.070036633937008,22.88929592306363,83
182,D2,covariate,AdaptiveJackknifeCP-exactJK+,20,0.1,0.2936592102050781,stacked,0.9036144578313253,16.090997559940046,21.610759598425698,83
182,D2,covariate,TargetOnlyJKplus,20,0.1,0.2967185974121094,local-ridge,0.8313253012048193,13.870674817056397,24.70316919258909,83
182,D2,covariate,TargetOnlyJKplus-exactJK+,20,0.1,0.2997405529022217,local-ridge,0.7951807228915663,12.254673867496422,26.256753090949942,83
182,D2,covariate,StackedOnlyCP,20,0.1,0.003000020980834961,stacked,0.9397590361445783,18.070036633937008,22.88929592306363,83
182,D2,covariate,TargetOnlyCP,20,0.1,0.0015020370483398438,,0.7108433734939759,11.548240875966357,27.65151890698253,83
182,D2,covariate,AdaptiveSplitCP,20,0.1,0.0010018348693847656,stacked,0.6987951807228916,12.713405441742706,27.457515256167852,83
182,D2,covariate,TransferCal-CP-affine-localsigma,20,0.1,0.0020036697387695312,,0.891566265060241,23.946703453320474,30.387872715024447,83
182,D4,strength_quartile,SplitCP-source,20,0.1,0.0,,0.049079754601226995,2.709835145491511,228.55536179914063,163
182,D4,strength_quartile,AdaptiveJackknifeCP,20,0.1,0.32021427154541016,stacked,0.9877300613496932,19.02931455699337,19.210634425674932,163
182,D4,strength_quartile,AdaptiveJackknifeCP-exactJK+,20,0.1,0.3156089782714844,stacked,0.9631901840490797,15.821138994028157,16.864811116815,163
182,D4,strength_quartile,TargetOnlyJKplus,20,0.1,0.43219852447509766,local-ridge,1.0,52.37774196762594,52.37774196762594,163
182,D4,strength_quartile,TargetOnlyJKplus-exactJK+,20,0.1,0.3027822971343994,local-ridge,0.9877300613496932,45.76414993833554,45.81652875914823,163
182,D4,strength_quartile,StackedOnlyCP,20,0.1,0.0029993057250976562,stacked,0.9877300613496932,19.02931455699337,19.210634425674932,163
182,D4,strength_quartile,TargetOnlyCP,20,0.1,0.00099945068359375,,1.0,46.95007200404875,46.95007200404875,163
182,D4,strength_quartile,AdaptiveSplitCP,20,0.1,0.0019998550415039062,stacked,0.950920245398773,22.100784110874386,23.22229374722187,163
182,D4,strength_quartile,TransferCal-CP-affine-localsigma,20,0.1,0.0010004043579101562,,0.8650306748466258,30.082187304011168,39.94362381890771,163
182,D4,random,SplitCP-source,20,0.1,0.0010004043579101562,,0.05521472392638037,2.709835145491511,224.2402800589128,163
182,D4,random,AdaptiveJackknifeCP,20,0.1,0.2978072166442871,stacked,0.7300613496932515,7.415093409424898,20.633109760203286,163
182,D4,random,AdaptiveJackknifeCP-exactJK+,20,0.1,0.2961394786834717,stacked,0.7975460122699386,8.508371481714745,19.358863023398435,163
182,D4,random,TargetOnlyJKplus,20,0.1,0.31110477447509766,local-ridge,0.9202453987730062,27.82633673712948,35.05243517628522,163
182,D4,random,TargetOnlyJKplus-exactJK+,20,0.1,0.31170654296875,local-ridge,0.9386503067484663,27.720098029013563,34.31798111514605,163
182,D4,random,StackedOnlyCP,20,0.1,0.004997968673706055,stacked,0.7300613496932515,7.415093409424898,20.633109760203286,163
182,D4,random,TargetOnlyCP,20,0.1,0.0020029544830322266,,0.950920245398773,31.408356397806628,36.203392910662544,163
182,D4,random,AdaptiveSplitCP,20,0.1,0.0019998550415039062,stacked,0.7484662576687117,8.732630812636017,18.990760756755098,163
182,D4,random,TransferCal-CP-affine-localsigma,20,0.1,0.0010004043579101562,,0.9938650306748467,49.85260673776054,50.23985589103806,163
182,D4,covariate,SplitCP-source,20,0.1,0.0009996891021728516,,0.05521472392638037,2.709835145491511,219.63684859216065,163
182,D4,covariate,AdaptiveJackknifeCP,20,0.1,0.3111538887023926,stacked,0.8773006134969326,11.232413639141711,16.292755329133993,163
182,D4,covariate,AdaptiveJackknifeCP-exactJK+,20,0.1,0.2959861755371094,stacked,0.8834355828220859,11.739566612171165,16.720067873080083,163
182,D4,covariate,TargetOnlyJKplus,20,0.1,0.302980899810791,local-ridge,0.8343558282208589,23.01857176791727,41.604941850177056,163
182,D4,covariate,TargetOnlyJKplus-exactJK+,20,0.1,0.31249237060546875,local-ridge,0.8466257668711656,24.056020289133208,41.910147330373334,163
182,D4,covariate,StackedOnlyCP,20,0.1,0.006002902984619141,stacked,0.8773006134969326,11.232413639141711,16.292755329133993,163
182,D4,covariate,TargetOnlyCP,20,0.1,0.002000093460083008,,0.9079754601226994,29.263724881363622,38.00898330535847,163
182,D4,covariate,AdaptiveSplitCP,20,0.1,0.0019996166229248047,stacked,0.9141104294478528,12.472837231626244,15.398689123470412,163
182,D4,covariate,TransferCal-CP-affine-localsigma,20,0.1,0.002003192901611328,,0.8834355828220859,28.428554418208236,39.06315840767052,163
183,D1,strength_quartile,SplitCP-source,20,0.1,0.0,,0.06746463547334058,2.395373988880195,177.6542182445191,919
183,D1,strength_quartile,AdaptiveJackknifeCP,20,0.1,0.33986592292785645,stacked,0.9836779107725789,57.95082429153459,59.401289353932036,919
183,D1,strength_quartile,AdaptiveJackknifeCP-exactJK+,20,0.1,0.3215913772583008,stacked,0.9325353645266594,47.78737142018904,55.16839404074351,919
183,D1,strength_quartile,TargetOnlyJKplus,20,0.1,0.32217860221862793,local-ridge,0.9532100108813928,58.600618649009036,65.2235455779879,919
183,D1,strength_quartile,TargetOnlyJKplus-exactJK+,20,0.1,0.31476521492004395,local-ridge,0.9379760609357998,54.18667275825974,63.9465095352179,919
183,D1,strength_quartile,StackedOnlyCP,20,0.1,0.006002664566040039,stacked,0.9836779107725789,57.95082429153459,59.401289353932036,919
183,D1,strength_quartile,TargetOnlyCP,20,0.1,0.0010004043579101562,,0.955386289445049,72.43770061540378,78.90007729406875,919
183,D1,strength_quartile,AdaptiveSplitCP,20,0.1,0.002999544143676758,stacked,0.9542981501632208,70.82534551759997,76.88932604243075,919
183,D1,strength_quartile,TransferCal-CP-affine-localsigma,20,0.1,0.002000093460083008,,0.9488574537540805,53.096327468801185,58.42405168497138,919
183,D1,random,SplitCP-source,20,0.1,0.0,,0.06746463547334058,2.395373988880195,177.8778479104478,919
183,D1,random,AdaptiveJackknifeCP,20,0.1,0.3120126724243164,stacked,0.9945593035908596,70.81366579004916,71.11970113692028,919
183,D1,random,AdaptiveJackknifeCP-exactJK+,20,0.1,0.30011796951293945,stacked,0.998911860718172,79.7334753926824,79.88697808142605,919
183,D1,random,TargetOnlyJKplus,20,0.1,0.3141775131225586,local-ridge,0.9793253536452666,72.76708442344159,74.35821688738444,919
183,D1,random,TargetOnlyJKplus-exactJK+,20,0.1,0.31260204315185547,local-ridge,0.9445048966267682,57.14496306335396,63.77954096181078,919
183,D1,random,StackedOnlyCP,20,0.1,0.0050029754638671875,stacked,0.9945593035908596,70.81366579004916,71.11970113692028,919
183,D1,random,TargetOnlyCP,20,0.1,0.0009999275207519531,,0.969532100108814,60.957263981409376,64.07843869852422,919
183,D1,random,AdaptiveSplitCP,20,0.1,0.0020003318786621094,stacked,0.9608269858541894,55.724278843314444,58.938503077156064,919
183,D1,random,TransferCal-CP-affine-localsigma,20,0.1,0.0009996891021728516,,0.9945593035908596,61.849834161898215,62.23803693425065,919
183,D1,covariate,SplitCP-source,20,0.1,0.0,,0.06746463547334058,2.395373988880195,177.21601673167166,919
183,D1,covariate,AdaptiveJackknifeCP,20,0.1,0.30011463165283203,stacked,0.9357997823721437,64.13257645417534,86.43356371627819,919
183,D1,covariate,AdaptiveJackknifeCP-exactJK+,20,0.1,0.32665371894836426,stacked,0.9379760609357998,64.26134672431898,87.14496130490113,919
183,D1,covariate,TargetOnlyJKplus,20,0.1,0.3287653923034668,local-ridge,0.8737758433079434,47.779678385025406,129.5073287054625,919
183,D1,covariate,TargetOnlyJKplus-exactJK+,20,0.1,0.31352710723876953,local-ridge,0.8955386289445049,56.8942588239041,127.74865482234543,919
183,D1,covariate,StackedOnlyCP,20,0.1,0.005998849868774414,stacked,0.9357997823721437,64.13257645417534,86.43356371627819,919
183,D1,covariate,TargetOnlyCP,20,0.1,0.0020008087158203125,,0.956474428726877,84.68432636222892,107.7027677609835,919
183,D1,covariate,AdaptiveSplitCP,20,0.1,0.0030052661895751953,stacked,0.9368879216539717,137.6239892220351,165.54762821710744,919
183,D1,covariate,TransferCal-CP-affine-localsigma,20,0.1,0.002001047134399414,,0.9455930359085963,42.60801943655382,47.451683803058145,919
183,D2,strength_quartile,SplitCP-source,20,0.1,0.0010006427764892578,,0.0,3.091831694144687,328.9657217330105,83
183,D2,strength_quartile,AdaptiveJackknifeCP,20,0.1,0.30664682388305664,stacked,1.0,30.357524323605602,30.357524323605602,83
183,D2,strength_quartile,AdaptiveJackknifeCP-exactJK+,20,0.1,0.33382678031921387,stacked,0.9879518072289156,30.1862757317543,30.671369733145525,83
183,D2,strength_quartile,TargetOnlyJKplus,20,0.1,0.3345010280609131,local-ridge,0.9397590361445783,17.632335545506873,20.95130670612667,83
183,D2,strength_quartile,TargetOnlyJKplus-exactJK+,20,0.1,0.3187875747680664,local-ridge,0.9156626506024096,15.701341180439268,20.983699894671975,83
183,D2,strength_quartile,StackedOnlyCP,20,0.1,0.0064694881439208984,stacked,1.0,30.357524323605602,30.357524323605602,83
183,D2,strength_quartile,TargetOnlyCP,20,0.1,0.002000093460083008,,1.0,40.86242206378676,40.86242206378676,83
183,D2,strength_quartile,AdaptiveSplitCP,20,0.1,0.0020003318786621094,stacked,1.0,36.32799247090896,36.32799247090896,83
183,D2,strength_quartile,TransferCal-CP-affine-localsigma,20,0.1,0.002000093460083008,,1.0,46.434460719187534,46.434460719187534,83
183,D2,random,SplitCP-source,20,0.1,0.0010004043579101562,,0.0,3.091831694144687,331.38014737134273,83
183,D2,random,AdaptiveJackknifeCP,20,0.1,0.3626749515533447,stacked,0.7831325301204819,13.795720423554595,27.104408781624716,83
183,D2,random,AdaptiveJackknifeCP-exactJK+,20,0.1,0.34731197357177734,stacked,0.7710843373493976,13.98238954924115,26.334143039227126,83
183,D2,random,TargetOnlyJKplus,20,0.1,0.3496260643005371,local-ridge,0.8554216867469879,16.291703423692635,25.098963386778674,83
183,D2,random,TargetOnlyJKplus-exactJK+,20,0.1,0.3212447166442871,local-ridge,0.8674698795180723,16.960522254149364,24.735751650559358,83
183,D2,random,StackedOnlyCP,20,0.1,0.006003379821777344,stacked,0.7831325301204819,13.795720423554595,27.104408781624716,83
183,D2,random,TargetOnlyCP,20,0.1,0.00099945068359375,,0.9156626506024096,19.500541598585496,23.84527076447505,83
183,D2,random,AdaptiveSplitCP,20,0.1,0.0020003318786621094,stacked,0.8072289156626506,21.420104499089998,31.33897124835524,83
183,D2,random,TransferCal-CP-affine-localsigma,20,0.1,0.0020003318786621094,,0.8795180722891566,29.605581919997437,35.43149692053772,83
183,D2,covariate,SplitCP-source,20,0.1,0.0,,0.0,3.091831694144687,338.2845804012199,83
183,D2,covariate,AdaptiveJackknifeCP,20,0.1,0.31654930114746094,stacked,0.9397590361445783,19.799862398571054,25.959062067242645,83
183,D2,covariate,AdaptiveJackknifeCP-exactJK+,20,0.1,0.33180952072143555,stacked,0.9518072289156626,20.954936751558932,26.581217737261166,83
183,D2,covariate,TargetOnlyJKplus,20,0.1,0.32181549072265625,local-ridge,0.963855421686747,21.144724072120454,25.809160568508446,83
183,D2,covariate,TargetOnlyJKplus-exactJK+,20,0.1,0.30586862564086914,local-ridge,0.9518072289156626,19.936596319521044,24.629737690404898,83
183,D2,covariate,StackedOnlyCP,20,0.1,0.007002830505371094,stacked,0.9397590361445783,19.799862398571054,25.959062067242645,83
183,D2,covariate,TargetOnlyCP,20,0.1,0.0010001659393310547,,0.9518072289156626,20.175011193966313,25.23532746037833,83
183,D2,covariate,AdaptiveSplitCP,20,0.1,0.003000020980834961,stacked,0.9397590361445783,19.7798777663287,26.161746573638748,83
183,D2,covariate,TransferCal-CP-affine-localsigma,20,0.1,0.002001047134399414,,0.8795180722891566,21.751936946441436,29.08787900613277,83
183,D4,strength_quartile,SplitCP-source,20,0.1,0.0015034675598144531,,0.09202453987730061,3.0715990354624694,162.94126413694443,163
183,D4,strength_quartile,AdaptiveJackknifeCP,20,0.1,0.3317759037017822,stacked,0.8343558282208589,10.735192204487799,18.507792889598335,163
183,D4,strength_quartile,AdaptiveJackknifeCP-exactJK+,20,0.1,0.32777857780456543,stacked,0.8588957055214724,10.152728599080993,17.523295261147002,163
183,D4,strength_quartile,TargetOnlyJKplus,20,0.1,0.32331061363220215,local-ridge,0.9079754601226994,31.355220678311586,39.898505264193375,163
183,D4,strength_quartile,TargetOnlyJKplus-exactJK+,20,0.1,0.3327064514160156,local-ridge,0.9079754601226994,30.693864041699477,43.93269305299389,163
183,D4,strength_quartile,StackedOnlyCP,20,0.1,0.006000041961669922,stacked,0.8343558282208589,10.735192204487799,18.507792889598335,163
183,D4,strength_quartile,TargetOnlyCP,20,0.1,0.0010001659393310547,,0.8834355828220859,34.017398538677064,50.69647226636432,163
183,D4,strength_quartile,AdaptiveSplitCP,20,0.1,0.0029997825622558594,stacked,0.9079754601226994,13.524175895795747,17.14724811330808,163
183,D4,strength_quartile,TransferCal-CP-affine-localsigma,20,0.1,0.0009999275207519531,,0.9202453987730062,32.342745070166124,36.472819276449776,163
183,D4,random,SplitCP-source,20,0.1,0.0010008811950683594,,0.08588957055214724,3.0715990354624694,165.7582753136555,163
183,D4,random,AdaptiveJackknifeCP,20,0.1,0.3359498977661133,stacked,0.9141104294478528,11.877539906843221,15.979175587114428,163
183,D4,random,AdaptiveJackknifeCP-exactJK+,20,0.1,0.3336210250854492,stacked,0.9263803680981595,12.213287455346418,16.133675381480828,163
183,D4,random,TargetOnlyJKplus,20,0.1,0.3386869430541992,local-ridge,0.6809815950920245,17.801742604691253,56.67862757426429,163
183,D4,random,TargetOnlyJKplus-exactJK+,20,0.1,0.3117334842681885,local-ridge,0.6932515337423313,18.42904672728016,56.04765792673117,163
183,D4,random,StackedOnlyCP,20,0.1,0.005999565124511719,stacked,0.9141104294478528,11.877539906843221,15.979175587114428,163
183,D4,random,TargetOnlyCP,20,0.1,0.0009999275207519531,,0.6441717791411042,23.64163119694318,69.97337154091377,163
183,D4,random,AdaptiveSplitCP,20,0.1,0.0019998550415039062,stacked,0.9263803680981595,14.271984596968302,16.93702154434912,163
183,D4,random,TransferCal-CP-affine-localsigma,20,0.1,0.002000093460083008,,0.9877300613496932,41.652909660504456,42.45411060560467,163
183,D4,covariate,SplitCP-source,20,0.1,0.0010004043579101562,,0.09202453987730061,3.0715990354624694,160.155574083846,163
183,D4,covariate,AdaptiveJackknifeCP,20,0.1,0.3234574794769287,stacked,0.9754601226993865,14.453069412758879,15.083335692663582,163
183,D4,covariate,AdaptiveJackknifeCP-exactJK+,20,0.1,0.3401613235473633,stacked,0.9754601226993865,15.334180738935869,15.907733683118163,163
183,D4,covariate,TargetOnlyJKplus,20,0.1,0.3190450668334961,local-ridge,0.950920245398773,32.91092298616968,36.84148454011495,163
183,D4,covariate,TargetOnlyJKplus-exactJK+,20,0.1,0.3630862236022949,local-ridge,0.9202453987730062,29.263956059648443,36.39481459205094,163
183,D4,covariate,StackedOnlyCP,20,0.1,0.007005214691162109,stacked,0.9754601226993865,14.453069412758879,15.083335692663582,163
183,D4,covariate,TargetOnlyCP,20,0.1,0.0010001659393310547,,0.9325153374233128,36.82299681836046,43.327381917662734,163
183,D4,covariate,AdaptiveSplitCP,20,0.1,0.002999544143676758,stacked,0.9570552147239264,19.630368845090164,21.632903522013418,163
183,D4,covariate,TransferCal-CP-affine-localsigma,20,0.1,0.0019998550415039062,,0.9693251533742331,35.00316108436692,37.53591501500435,163
184,D1,strength_quartile,SplitCP-source,20,0.1,0.0,,0.10663764961915125,3.178112534931003,172.30183731534618,919
184,D1,strength_quartile,AdaptiveJackknifeCP,20,0.1,0.2968106269836426,stacked,0.9934711643090316,63.66094692898244,64.03838325225888,919
184,D1,strength_quartile,AdaptiveJackknifeCP-exactJK+,20,0.1,0.3114631175994873,stacked,0.9815016322089227,56.34395322394363,58.05375012270891,919
184,D1,strength_quartile,TargetOnlyJKplus,20,0.1,0.3162839412689209,local-ridge,0.9619151251360174,55.06985790887291,59.52792124822122,919
184,D1,strength_quartile,TargetOnlyJKplus-exactJK+,20,0.1,0.3084573745727539,local-ridge,0.941240478781284,50.62862061594664,57.41391548962588,919
184,D1,strength_quartile,StackedOnlyCP,20,0.1,0.006510496139526367,stacked,0.9934711643090316,63.66094692898244,64.03838325225888,919
184,D1,strength_quartile,TargetOnlyCP,20,0.1,0.0015001296997070312,,0.9934711643090316,78.3892786961885,78.85615898546295,919
184,D1,strength_quartile,AdaptiveSplitCP,20,0.1,0.0015113353729248047,stacked,0.9521218715995647,47.408280639171714,51.47246384351272,919
184,D1,strength_quartile,TransferCal-CP-affine-localsigma,20,0.1,0.0020036697387695312,,0.970620239390642,52.28687284173177,55.16728567138325,919
184,D1,random,SplitCP-source,20,0.1,0.0,,0.10337323177366703,3.178112534931003,173.46722704120393,919
184,D1,random,AdaptiveJackknifeCP,20,0.1,0.2900702953338623,stacked,0.9727965179542981,73.03241514529934,76.37201434450608,919
184,D1,random,AdaptiveJackknifeCP-exactJK+,20,0.1,0.2951529026031494,stacked,0.9162132752992383,50.84111551142698,59.989301324302616,919
184,D1,random,TargetOnlyJKplus,20,0.1,0.3190791606903076,local-ridge,0.9085963003264418,48.61492024952931,61.24226353829528,919
184,D1,random,TargetOnlyJKplus-exactJK+,20,0.1,0.317995548248291,local-ridge,0.8639825897714908,41.68994980548105,64.09589504290285,919
184,D1,random,StackedOnlyCP,20,0.1,0.005506277084350586,stacked,0.9727965179542981,73.03241514529934,76.37201434450608,919
184,D1,random,TargetOnlyCP,20,0.1,0.0010004043579101562,,0.8824809575625681,50.23024799673403,60.25433450836886,919
184,D1,random,AdaptiveSplitCP,20,0.1,0.0019998550415039062,stacked,0.9445048966267682,60.205607651058706,63.68193919227348,919
184,D1,random,TransferCal-CP-affine-localsigma,20,0.1,0.0019998550415039062,,0.8879216539717084,44.024036222573294,51.38729928356741,919
184,D1,covariate,SplitCP-source,20,0.1,0.0,,0.10772578890097932,3.178112534931003,172.4294484382816,919
184,D1,covariate,AdaptiveJackknifeCP,20,0.1,0.301680326461792,stacked,0.8030467899891186,32.447535381287835,62.05594905132391,919
184,D1,covariate,AdaptiveJackknifeCP-exactJK+,20,0.1,0.2949817180633545,stacked,0.8737758433079434,41.19209613335409,58.6889732115723,919
184,D1,covariate,TargetOnlyJKplus,20,0.1,0.30791449546813965,local-ridge,0.8367791077257889,39.22076089356165,78.92032056527921,919
184,D1,covariate,TargetOnlyJKplus-exactJK+,20,0.1,0.2976408004760742,local-ridge,0.8596300326441785,43.73033338963775,81.4071880329503,919
184,D1,covariate,StackedOnlyCP,20,0.1,0.006505250930786133,stacked,0.8030467899891186,32.447535381287835,62.05594905132391,919
184,D1,covariate,TargetOnlyCP,20,0.1,0.0020020008087158203,,0.8487486398258978,42.942068220404906,63.22793181662688,919
184,D1,covariate,AdaptiveSplitCP,20,0.1,0.003000497817993164,stacked,0.8465723612622416,65.3943696543763,91.98517936601264,919
184,D1,covariate,TransferCal-CP-affine-localsigma,20,0.1,0.002000093460083008,,0.8411316648531012,40.31965876963865,52.97288273437221,919
184,D2,strength_quartile,SplitCP-source,20,0.1,0.0010037422180175781,,0.0,3.117068066046827,345.57891744637385,83
184,D2,strength_quartile,AdaptiveJackknifeCP,20,0.1,0.3239424228668213,stacked,0.9036144578313253,15.732708572408294,24.24374585580213,83
184,D2,strength_quartile,AdaptiveJackknifeCP-exactJK+,20,0.1,0.3070552349090576,stacked,0.9156626506024096,17.383182069987296,24.958688147682366,83
184,D2,strength_quartile,TargetOnlyJKplus,20,0.1,0.29944586753845215,local-ridge,0.8313253012048193,13.267012561572766,25.15715808063021,83
184,D2,strength_quartile,TargetOnlyJKplus-exactJK+,20,0.1,0.32173991203308105,local-ridge,0.8674698795180723,15.788805677896406,24.06062722620637,83
184,D2,strength_quartile,StackedOnlyCP,20,0.1,0.005999565124511719,stacked,0.9036144578313253,15.732708572408294,24.24374585580213,83
184,D2,strength_quartile,TargetOnlyCP,20,0.1,0.0015027523040771484,,0.9036144578313253,18.457404819176645,24.156304220246952,83
184,D2,strength_quartile,AdaptiveSplitCP,20,0.1,0.0030031204223632812,stacked,0.9759036144578314,25.49747985509849,27.45202159478038,83
184,D2,strength_quartile,TransferCal-CP-affine-localsigma,20,0.1,0.0010004043579101562,,0.9518072289156626,26.155710908370423,30.46754320079594,83
184,D2,random,SplitCP-source,20,0.1,0.0009999275207519531,,0.0,3.117068066046827,350.8831741943218,83
184,D2,random,AdaptiveJackknifeCP,20,0.1,0.31076860427856445,stacked,0.963855421686747,23.578103576329113,25.62001062137548,83
184,D2,random,AdaptiveJackknifeCP-exactJK+,20,0.1,0.3194122314453125,stacked,0.963855421686747,23.807882922349425,24.87719453918379,83
184,D2,random,TargetOnlyJKplus,20,0.1,0.318225622177124,local-ridge,0.927710843373494,18.387408211541132,23.766834179144553,83
184,D2,random,TargetOnlyJKplus-exactJK+,20,0.1,0.2986156940460205,local-ridge,0.9156626506024096,16.98595883041676,23.667625134658284,83
184,D2,random,StackedOnlyCP,20,0.1,0.004999876022338867,stacked,0.963855421686747,23.578103576329113,25.62001062137548,83
184,D2,random,TargetOnlyCP,20,0.1,0.0019998550415039062,,0.9036144578313253,16.997212062630297,23.457636562419626,83
184,D2,random,AdaptiveSplitCP,20,0.1,0.002000570297241211,stacked,0.9518072289156626,19.246090791196565,25.686766882066657,83
184,D2,random,TransferCal-CP-affine-localsigma,20,0.1,0.0010006427764892578,,0.9759036144578314,30.88479658428137,33.47474596531833,83
184,D2,covariate,SplitCP-source,20,0.1,0.0010001659393310547,,0.0,3.117068066046827,343.49243600379083,83
184,D2,covariate,AdaptiveJackknifeCP,20,0.1,0.30806708335876465,stacked,0.9397590361445783,19.285715855632105,23.321678132058608,83
184,D2,covariate,AdaptiveJackknifeCP-exactJK+,20,0.1,0.28729677200317383,stacked,0.9156626506024096,18.82268612881721,23.91415070239834,83
184,D2,covariate,TargetOnlyJKplus,20,0.1,0.3203871250152588,local-ridge,0.8554216867469879,15.610397752145152,23.18978257684821,83
184,D2,covariate,TargetOnlyJKplus-exactJK+,20,0.1,0.3180251121520996,local-ridge,0.8313253012048193,14.889945565172885,24.6429880804881,83
184,D2,covariate,StackedOnlyCP,20,0.1,0.0063855648040771484,stacked,0.9397590361445783,19.285715855632105,23.321678132058608,83
184,D2,covariate,TargetOnlyCP,20,0.1,0.0015072822570800781,,0.8433734939759037,17.24255442690553,25.20305124994821,83
184,D2,covariate,AdaptiveSplitCP,20,0.1,0.002506256103515625,stacked,0.963855421686747,23.47452671780268,25.287978125133797,83
184,D2,covariate,TransferCal-CP-affine-localsigma,20,0.1,0.0020074844360351562,,0.9397590361445783,25.66592999563834,34.60681356018915,83
184,D4,strength_quartile,SplitCP-source,20,0.1,0.0010020732879638672,,0.03680981595092025,3.6499358230779326,222.66471106587244,163
184,D4,strength_quartile,AdaptiveJackknifeCP,20,0.1,0.32503199577331543,stacked,0.9202453987730062,13.834827987639,17.0679513393388,163
184,D4,strength_quartile,AdaptiveJackknifeCP-exactJK+,20,0.1,0.3306879997253418,stacked,0.901840490797546,13.870151192164652,17.890824375221953,163
184,D4,strength_quartile,TargetOnlyJKplus,20,0.1,0.3227057456970215,local-ridge,0.9631901840490797,32.111623546967856,34.65686729514803,163
184,D4,strength_quartile,TargetOnlyJKplus-exactJK+,20,0.1,0.3249986171722412,local-ridge,0.9447852760736196,29.61624212290706,34.332568028800914,163
184,D4,strength_quartile,StackedOnlyCP,20,0.1,0.0030012130737304688,stacked,0.9202453987730062,13.834827987639,17.0679513393388,163
184,D4,strength_quartile,TargetOnlyCP,20,0.1,0.0009989738464355469,,0.9815950920245399,41.993824349939636,43.68063975317173,163
184,D4,strength_quartile,AdaptiveSplitCP,20,0.1,0.0009999275207519531,stacked,0.7975460122699386,8.417480664378033,17.66710921476969,163
184,D4,strength_quartile,TransferCal-CP-affine-localsigma,20,0.1,0.0020008087158203125,,0.9447852760736196,33.13752720940477,39.69930437203079,163
184,D4,random,SplitCP-source,20,0.1,0.0010001659393310547,,0.04294478527607362,3.6499358230779326,219.15445806473576,163
184,D4,random,AdaptiveJackknifeCP,20,0.1,0.33005809783935547,stacked,1.0,24.803492594686134,24.803492594686134,163
184,D4,random,AdaptiveJackknifeCP-exactJK+,20,0.1,0.3209402561187744,stacked,1.0,21.61720716149264,21.61720716149264,163
184,D4,random,TargetOnlyJKplus,20,0.1,0.321805477142334,local-ridge,0.9447852760736196,31.764537949917692,34.92039477130117,163
184,D4,random,TargetOnlyJKplus-exactJK+,20,0.1,0.33083152770996094,local-ridge,0.9079754601226994,28.13077758658851,34.7942393983914,163
184,D4,random,StackedOnlyCP,20,0.1,0.0029997825622558594,stacked,1.0,24.803492594686134,24.803492594686134,163
184,D4,random,TargetOnlyCP,20,0.1,0.0,,0.9877300613496932,48.9354766423113,49.369255194785666,163
184,D4,random,AdaptiveSplitCP,20,0.1,0.002000093460083008,stacked,0.9938650306748467,30.807392937686643,31.129322798660834,163
184,D4,random,TransferCal-CP-affine-localsigma,20,0.1,0.0010006427764892578,,0.9386503067484663,34.776986027669665,39.245268892430964,163
184,D4,covariate,SplitCP-source,20,0.1,0.0010013580322265625,,0.04294478527607362,3.649935823077933,222.00399436327075,163
184,D4,covariate,AdaptiveJackknifeCP,20,0.1,0.3296926021575928,stacked,0.9815950920245399,15.777574694124944,16.075515269911005,163
184,D4,covariate,AdaptiveJackknifeCP-exactJK+,20,0.1,0.32981061935424805,stacked,0.9815950920245399,14.774351105199267,15.232683105173521,163
184,D4,covariate,TargetOnlyJKplus,20,0.1,0.3002748489379883,local-ridge,0.9754601226993865,37.314863235589876,39.440536261899474,163
184,D4,covariate,TargetOnlyJKplus-exactJK+,20,0.1,0.32934093475341797,local-ridge,0.9447852760736196,29.510902433460096,35.19834547358666,163
184,D4,covariate,StackedOnlyCP,20,0.1,0.006510019302368164,stacked,0.9815950920245399,15.777574694124944,16.075515269911005,163
184,D4,covariate,TargetOnlyCP,20,0.1,0.0010001659393310547,,0.9693251533742331,51.073637834405176,52.2692397308909,163
184,D4,covariate,AdaptiveSplitCP,20,0.1,0.0029997825622558594,stacked,0.9815950920245399,30.88379033781558,31.68444121523255,163
184,D4,covariate,TransferCal-CP-affine-localsigma,20,0.1,0.0019998550415039062,,0.9202453987730062,33.78314890538463,37.738239232665556,163
185,D1,strength_quartile,SplitCP-source,20,0.1,0.0009999275207519531,,0.08161044613710555,2.6002137888029253,181.6567065330994,919
185,D1,strength_quartile,AdaptiveJackknifeCP,20,0.1,0.36913514137268066,stacked,0.6485310119695321,32.52650168790177,105.21648373024706,919
185,D1,strength_quartile,AdaptiveJackknifeCP-exactJK+,20,0.1,0.36225461959838867,stacked,0.6126224156692056,31.58803241481488,111.81963998071,919
185,D1,strength_quartile,TargetOnlyJKplus,20,0.1,0.3482065200805664,local-ridge,0.9923830250272034,75.27148468279971,75.68749536895787,919
185,D1,strength_quartile,TargetOnlyJKplus-exactJK+,20,0.1,0.3500502109527588,local-ridge,0.9880304678998912,76.3213512196819,76.99491740098458,919
185,D1,strength_quartile,StackedOnlyCP,20,0.1,0.00550532341003418,stacked,0.6485310119695321,32.52650168790177,105.21648373024706,919
185,D1,strength_quartile,TargetOnlyCP,20,0.1,0.0019996166229248047,,0.9793253536452666,101.16592634098194,107.97041249033147,919
185,D1,strength_quartile,AdaptiveSplitCP,20,0.1,0.002000093460083008,stacked,0.9771490750816104,104.86039418492842,115.9078114039579,919
185,D1,strength_quartile,TransferCal-CP-affine-localsigma,20,0.1,0.0015032291412353516,,0.9608269858541894,52.990792011477865,56.75999426405711,919
185,D1,random,SplitCP-source,20,0.1,0.0,,0.07725788900979326,2.600213788802926,182.4698654846895,919
185,D1,random,AdaptiveJackknifeCP,20,0.1,0.33092594146728516,stacked,0.8813928182807399,38.81260493170703,50.534099024363485,919
185,D1,random,AdaptiveJackknifeCP-exactJK+,20,0.1,0.3515043258666992,stacked,0.8879216539717084,38.538197289124035,49.192204655276285,919
185,D1,random,TargetOnlyJKplus,20,0.1,0.33658814430236816,local-ridge,0.998911860718172,88.32132436005067,88.34186172846549,919
185,D1,random,TargetOnlyJKplus-exactJK+,20,0.1,0.3430790901184082,local-ridge,0.9749727965179543,73.07104556332241,75.89535094651823,919
185,D1,random,StackedOnlyCP,20,0.1,0.004999876022338867,stacked,0.8813928182807399,38.81260493170703,50.534099024363485,919
185,D1,random,TargetOnlyCP,20,0.1,0.00099945068359375,,0.7889009793253536,38.05511238792494,69.644445522116,919
185,D1,random,AdaptiveSplitCP,20,0.1,0.002000570297241211,stacked,0.9064200217627857,56.38045951745119,71.36529319684959,919
185,D1,random,TransferCal-CP-affine-localsigma,20,0.1,0.002000093460083008,,0.5756256800870512,22.19086498690127,71.92815419726439,919
185,D1,covariate,SplitCP-source,20,0.1,0.0,,0.08161044613710555,2.6002137888029258,182.2075022975628,919
185,D1,covariate,AdaptiveJackknifeCP,20,0.1,0.3164942264556885,stacked,0.8400435255712732,41.63355372651186,55.434753739031684,919
185,D1,covariate,AdaptiveJackknifeCP-exactJK+,20,0.1,0.33495259284973145,stacked,0.8835690968443961,45.05951827946798,54.81746233001841,919
185,D1,covariate,TargetOnlyJKplus,20,0.1,0.321291446685791,local-ridge,0.8650707290533188,45.31564529377074,61.25774171493484,919
185,D1,covariate,TargetOnlyJKplus-exactJK+,20,0.1,0.3608996868133545,local-ridge,0.8150163220892275,41.7116028913258,64.478028747351,919
185,D1,covariate,StackedOnlyCP,20,0.1,0.0065076351165771484,stacked,0.8400435255712732,41.63355372651186,55.434753739031684,919
185,D1,covariate,TargetOnlyCP,20,0.1,0.002005338668823242,,0.7595212187159956,45.160159832424235,93.23514301251632,919
185,D1,covariate,AdaptiveSplitCP,20,0.1,0.0029997825622558594,stacked,0.9455930359085963,128.72618693980075,186.51108455075305,919
185,D1,covariate,TransferCal-CP-affine-localsigma,20,0.1,0.0025098323822021484,,0.7257889009793254,29.842666566569058,56.732672151438265,919
185,D2,strength_quartile,SplitCP-source,20,0.1,0.0010004043579101562,,0.0,2.9339303267161516,327.43418602655174,83
185,D2,strength_quartile,AdaptiveJackknifeCP,20,0.1,0.31287121772766113,stacked,0.9156626506024096,17.327596904413124,21.2371129496352,83
185,D2,strength_quartile,AdaptiveJackknifeCP-exactJK+,20,0.1,0.3006258010864258,stacked,0.9156626506024096,17.508978319757635,21.514510256515713,83
185,D2,strength_quartile,TargetOnlyJKplus,20,0.1,0.31572699546813965,local-ridge,0.9397590361445783,21.526202441095364,24.6459595651323,83
185,D2,strength_quartile,TargetOnlyJKplus-exactJK+,20,0.1,0.3080434799194336,local-ridge,0.9397590361445783,18.408311284386667,23.493126434983875,83
185,D2,strength_quartile,StackedOnlyCP,20,0.1,0.0029997825622558594,stacked,0.9156626506024096,17.327596904413124,21.2371129496352,83
185,D2,strength_quartile,TargetOnlyCP,20,0.1,0.0010006427764892578,,0.9397590361445783,18.10098569580977,23.29689569917041,83
185,D2,strength_quartile,AdaptiveSplitCP,20,0.1,0.0020041465759277344,stacked,0.891566265060241,16.780705743792968,22.49095636257702,83
185,D2,strength_quartile,TransferCal-CP-affine-localsigma,20,0.1,0.00099945068359375,,0.9036144578313253,22.24875434323827,27.37615215969789,83
185,D2,random,SplitCP-source,20,0.1,0.0010018348693847656,,0.0,2.9339303267161516,323.7475540520356,83
185,D2,random,AdaptiveJackknifeCP,20,0.1,0.2813093662261963,stacked,0.7951807228915663,15.866244738757436,29.689685460438906,83
185,D2,random,AdaptiveJackknifeCP-exactJK+,20,0.1,0.3042922019958496,stacked,0.8192771084337349,15.877179116490606,29.758583512118314,83
185,D2,random,TargetOnlyJKplus,20,0.1,0.31200599670410156,local-ridge,0.9397590361445783,18.19968978872522,22.556140183003773,83
185,D2,random,TargetOnlyJKplus-exactJK+,20,0.1,0.32001233100891113,local-ridge,0.9518072289156626,18.774137704871787,23.040727992606886,83
185,D2,random,StackedOnlyCP,20,0.1,0.005501270294189453,stacked,0.7951807228915663,15.866244738757436,29.689685460438906,83
185,D2,random,TargetOnlyCP,20,0.1,0.0010046958923339844,,0.9397590361445783,20.232145322886776,24.067209002352858,83
185,D2,random,AdaptiveSplitCP,20,0.1,0.0019998550415039062,stacked,0.7831325301204819,19.425804708587705,39.823632282420675,83
185,D2,random,TransferCal-CP-affine-localsigma,20,0.1,0.0020003318786621094,,0.927710843373494,29.65836366961997,35.00642484373494,83
185,D2,covariate,SplitCP-source,20,0.1,0.00099945068359375,,0.0,2.9339303267161516,336.80501083545425,83
185,D2,covariate,AdaptiveJackknifeCP,20,0.1,0.31851935386657715,stacked,0.9518072289156626,20.663055543088348,24.582055809041293,83
185,D2,covariate,AdaptiveJackknifeCP-exactJK+,20,0.1,0.3124349117279053,stacked,0.9518072289156626,19.310045461087018,23.645939877998966,83
185,D2,covariate,TargetOnlyJKplus,20,0.1,0.3261442184448242,local-ridge,0.8795180722891566,16.75969620347797,25.468003735639872,83
185,D2,covariate,TargetOnlyJKplus-exactJK+,20,0.1,0.31822800636291504,local-ridge,0.8795180722891566,16.04033463196055,24.510586806054043,83
185,D2,covariate,StackedOnlyCP,20,0.1,0.006509065628051758,stacked,0.9518072289156626,20.663055543088348,24.582055809041293,83
185,D2,covariate,TargetOnlyCP,20,0.1,0.0019998550415039062,,0.927710843373494,18.113252545615214,24.005894629177792,83
185,D2,covariate,AdaptiveSplitCP,20,0.1,0.002002716064453125,stacked,0.963855421686747,22.800710488691504,24.63242529566949,83
185,D2,covariate,TransferCal-CP-affine-localsigma,20,0.1,0.0019986629486083984,,0.8795180722891566,18.865008983612878,28.1679684379877,83
185,D4,strength_quartile,SplitCP-source,20,0.1,0.0009996891021728516,,0.05521472392638037,2.5172496868138547,218.60574257955705,163
185,D4,strength_quartile,AdaptiveJackknifeCP,20,0.1,0.31108903884887695,stacked,0.9754601226993865,13.93129451381111,14.340247147449006,163
185,D4,strength_quartile,AdaptiveJackknifeCP-exactJK+,20,0.1,0.29349589347839355,stacked,0.9693251533742331,14.359894921315895,14.9650254387705,163
185,D4,strength_quartile,TargetOnlyJKplus,20,0.1,0.31115221977233887,local-ridge,0.9938650306748467,42.10305846328851,42.47130991860243,163
185,D4,strength_quartile,TargetOnlyJKplus-exactJK+,20,0.1,0.27851414680480957,local-ridge,0.9815950920245399,37.82646891777891,39.910090877644166,163
185,D4,strength_quartile,StackedOnlyCP,20,0.1,0.00599980354309082,stacked,0.9754601226993865,13.93129451381111,14.340247147449006,163
185,D4,strength_quartile,TargetOnlyCP,20,0.1,0.002002716064453125,,0.9693251533742331,41.84076774131957,44.65012050048325,163
185,D4,strength_quartile,AdaptiveSplitCP,20,0.1,0.0019998550415039062,stacked,0.9570552147239264,27.282660158463127,29.105849256497947,163
185,D4,strength_quartile,TransferCal-CP-affine-localsigma,20,0.1,0.0020003318786621094,,0.8159509202453987,25.58135384859397,40.6069154603644,163
185,D4,random,SplitCP-source,20,0.1,0.0005033016204833984,,0.049079754601226995,2.5172496868138547,219.93687632650523,163
185,D4,random,AdaptiveJackknifeCP,20,0.1,0.311795711517334,stacked,0.9447852760736196,13.2431675423239,14.354930421400757,163
185,D4,random,AdaptiveJackknifeCP-exactJK+,20,0.1,0.30201220512390137,stacked,0.9325153374233128,13.269933340692083,14.74386703576119,163
185,D4,random,TargetOnlyJKplus,20,0.1,0.31565237045288086,local-ridge,0.9693251533742331,39.079836596675484,41.789855658787204,163
185,D4,random,TargetOnlyJKplus-exactJK+,20,0.1,0.29608845710754395,local-ridge,0.9447852760736196,28.413006413347848,34.6416478402299,163
185,D4,random,StackedOnlyCP,20,0.1,0.00600123405456543,stacked,0.9447852760736196,13.2431675423239,14.354930421400757,163
185,D4,random,TargetOnlyCP,20,0.1,0.0009987354278564453,,0.9386503067484663,33.440989457897096,41.780452066042145,163
185,D4,random,AdaptiveSplitCP,20,0.1,0.002000093460083008,stacked,0.9693251533742331,17.420776581149777,18.462389466053242,163
185,D4,random,TransferCal-CP-affine-localsigma,20,0.1,0.0022995471954345703,,0.9202453987730062,32.33262862190008,38.31641876462947,163
185,D4,covariate,SplitCP-source,20,0.1,0.0,,0.06748466257668712,2.5172496868138547,215.25210456693787,163
185,D4,covariate,AdaptiveJackknifeCP,20,0.1,0.2967517375946045,stacked,0.9754601226993865,15.789871573046723,16.526419682736897,163
185,D4,covariate,AdaptiveJackknifeCP-exactJK+,20,0.1,0.3020334243774414,stacked,0.9631901840490797,16.076989271395963,17.16892161191352,163
185,D4,covariate,TargetOnlyJKplus,20,0.1,0.28609681129455566,local-ridge,0.9570552147239264,34.164730942307266,39.251671764331434,163
185,D4,covariate,TargetOnlyJKplus-exactJK+,20,0.1,0.3419764041900635,local-ridge,0.950920245398773,34.759569415115934,40.90126584388193,163
185,D4,covariate,StackedOnlyCP,20,0.1,0.006510496139526367,stacked,0.9754601226993865,15.789871573046723,16.526419682736897,163
185,D4,covariate,TargetOnlyCP,20,0.1,0.002000093460083008,,0.9386503067484663,36.63151181387343,42.874536159230864,163
185,D4,covariate,AdaptiveSplitCP,20,0.1,0.0030002593994140625,stacked,0.9570552147239264,16.01007286714054,17.971496564548698,163
185,D4,covariate,TransferCal-CP-affine-localsigma,20,0.1,0.0020017623901367188,,0.9693251533742331,42.82399046984124,46.09646183323379,163
186,D1,strength_quartile,SplitCP-source,20,0.1,0.0,,0.07181719260065289,2.5294126401088803,177.79436618588844,919
186,D1,strength_quartile,AdaptiveJackknifeCP,20,0.1,0.3069949150085449,stacked,0.9586507072905331,65.06430211947077,80.50883164635914,919
186,D1,strength_quartile,AdaptiveJackknifeCP-exactJK+,20,0.1,0.28585028648376465,stacked,0.9510337323177367,55.46530722643362,64.06246745260395,919
186,D1,strength_quartile,TargetOnlyJKplus,20,0.1,0.29332399368286133,local-ridge,0.940152339499456,61.54254447801055,93.50217410490026,919
186,D1,strength_quartile,TargetOnlyJKplus-exactJK+,20,0.1,0.32813262939453125,local-ridge,0.911860718171926,52.05310659616036,87.59455277560197,919
186,D1,strength_quartile,StackedOnlyCP,20,0.1,0.00599980354309082,stacked,0.9586507072905331,65.06430211947077,80.50883164635914,919
186,D1,strength_quartile,TargetOnlyCP,20,0.1,0.0020003318786621094,,0.9064200217627857,49.16557869198808,60.18969227540911,919
186,D1,strength_quartile,AdaptiveSplitCP,20,0.1,0.0020029544830322266,stacked,0.8998911860718172,62.88333284625556,93.01949610779576,919
186,D1,strength_quartile,TransferCal-CP-affine-localsigma,20,0.1,0.002000093460083008,,0.9619151251360174,47.04089720050113,50.27105524600428,919
186,D1,random,SplitCP-source,20,0.1,0.0009989738464355469,,0.07072905331882481,2.5294126401088803,178.44808442639288,919
186,D1,random,AdaptiveJackknifeCP,20,0.1,0.31459999084472656,stacked,0.9640914036996736,50.84450393968803,55.353183050778085,919
186,D1,random,AdaptiveJackknifeCP-exactJK+,20,0.1,0.31709742546081543,stacked,0.9510337323177367,47.89194752731476,53.89156411779839,919
186,D1,random,TargetOnlyJKplus,20,0.1,0.32363343238830566,local-ridge,0.9292709466811752,51.23424190630896,63.16474069691677,919
186,D1,random,TargetOnlyJKplus-exactJK+,20,0.1,0.3069303035736084,local-ridge,0.8911860718171926,47.578901103690875,64.15085241758926,919
186,D1,random,StackedOnlyCP,20,0.1,0.003000497817993164,stacked,0.9640914036996736,50.84450393968803,55.353183050778085,919
186,D1,random,TargetOnlyCP,20,0.1,0.0015020370483398438,,0.8585418933623504,42.97612978345201,67.42224617596112,919
186,D1,random,AdaptiveSplitCP,20,0.1,0.0010037422180175781,stacked,0.9586507072905331,69.0955089414359,75.51273372681244,919
186,D1,random,TransferCal-CP-affine-localsigma,20,0.1,0.001001119613647461,,0.9129488574537541,41.671079248151486,50.406307395976555,919
186,D1,covariate,SplitCP-source,20,0.1,0.0,,0.07290533188248095,2.5294126401088803,178.59253856049045,919
186,D1,covariate,AdaptiveJackknifeCP,20,0.1,0.31923842430114746,stacked,0.7421109902067464,31.211853963955242,128.15891670008642,919
186,D1,covariate,AdaptiveJackknifeCP-exactJK+,20,0.1,0.32359957695007324,stacked,0.7529923830250272,32.21881046841227,124.50354833004229,919
186,D1,covariate,TargetOnlyJKplus,20,0.1,0.33466577529907227,local-ridge,0.7247007616974973,30.80308397603965,136.13722801521237,919
186,D1,covariate,TargetOnlyJKplus-exactJK+,20,0.1,0.3325355052947998,local-ridge,0.7388465723612623,31.177225839114737,134.02335372089718,919
186,D1,covariate,StackedOnlyCP,20,0.1,0.00599980354309082,stacked,0.7421109902067464,31.211853963955242,128.15891670008642,919
186,D1,covariate,TargetOnlyCP,20,0.1,0.0019998550415039062,,0.7442872687704026,37.65975094775635,193.74565328314006,919
186,D1,covariate,AdaptiveSplitCP,20,0.1,0.003000497817993164,stacked,0.7845484221980413,47.826172490010144,128.98552621502034,919
186,D1,covariate,TransferCal-CP-affine-localsigma,20,0.1,0.0020003318786621094,,0.8400435255712732,35.25038772370061,52.898945099762834,919
186,D2,strength_quartile,SplitCP-source,20,0.1,0.0,,0.0,3.1836901648171216,341.7020537901937,83
186,D2,strength_quartile,AdaptiveJackknifeCP,20,0.1,0.3035118579864502,stacked,0.9879518072289156,28.39325043157866,28.460235632665103,83
186,D2,strength_quartile,AdaptiveJackknifeCP-exactJK+,20,0.1,0.3073399066925049,stacked,0.9397590361445783,22.237762743921074,24.626642545040113,83
186,D2,strength_quartile,TargetOnlyJKplus,20,0.1,0.29840970039367676,local-ridge,0.9879518072289156,25.670272936707644,26.914998400976778,83
186,D2,strength_quartile,TargetOnlyJKplus-exactJK+,20,0.1,0.3062705993652344,local-ridge,0.9879518072289156,27.727966382537304,28.935898777759597,83
186,D2,strength_quartile,StackedOnlyCP,20,0.1,0.006000041961669922,stacked,0.9879518072289156,28.39325043157866,28.460235632665103,83
186,D2,strength_quartile,TargetOnlyCP,20,0.1,0.0019996166229248047,,0.9879518072289156,25.387806010350786,26.580860370755786,83
186,D2,strength_quartile,AdaptiveSplitCP,20,0.1,0.002000570297241211,stacked,0.7831325301204819,22.856743136424885,43.214767780200624,83
186,D2,strength_quartile,TransferCal-CP-affine-localsigma,20,0.1,0.0010006427764892578,,0.9397590361445783,24.270364517560253,30.01257082886466,83
186,D2,random,SplitCP-source,20,0.1,0.0010004043579101562,,0.0,3.1836901648171216,348.25743680801554,83
186,D2,random,AdaptiveJackknifeCP,20,0.1,0.290696382522583,stacked,0.8313253012048193,13.685505875090328,25.307464506142956,83
186,D2,random,AdaptiveJackknifeCP-exactJK+,20,0.1,0.29521751403808594,stacked,0.8313253012048193,14.7230172577358,24.929219639022612,83
186,D2,random,TargetOnlyJKplus,20,0.1,0.30623364448547363,local-ridge,0.7951807228915663,14.070571033603832,26.710328700682435,83
186,D2,random,TargetOnlyJKplus-exactJK+,20,0.1,0.32661938667297363,local-ridge,0.7831325301204819,13.29720688832174,26.829131681013656,83
186,D2,random,StackedOnlyCP,20,0.1,0.006006956100463867,stacked,0.8313253012048193,13.685505875090328,25.307464506142956,83
186,D2,random,TargetOnlyCP,20,0.1,0.0009999275207519531,,0.7951807228915663,17.38022925054561,29.908761482372253,83
186,D2,random,AdaptiveSplitCP,20,0.1,0.002000093460083008,stacked,0.8433734939759037,21.98635617195437,31.859713874146795,83
186,D2,random,TransferCal-CP-affine-localsigma,20,0.1,0.002001523971557617,,0.8795180722891566,22.937740461790614,27.6991014151415,83
186,D2,covariate,SplitCP-source,20,0.1,0.0,,0.0,3.1836901648171216,345.6546699492337,83
186,D2,covariate,AdaptiveJackknifeCP,20,0.1,0.33097004890441895,stacked,0.9879518072289156,27.70126115113841,29.151907038040026,83
186,D2,covariate,AdaptiveJackknifeCP-exactJK+,20,0.1,0.3148012161254883,stacked,0.963855421686747,22.491143528819254,25.167472003818872,83
186,D2,covariate,TargetOnlyJKplus,20,0.1,0.2905855178833008,local-ridge,0.8433734939759037,15.186230221754613,24.85145685452516,83
186,D2,covariate,TargetOnlyJKplus-exactJK+,20,0.1,0.3105192184448242,local-ridge,0.8674698795180723,15.562005063248114,25.18975563423427,83
186,D2,covariate,StackedOnlyCP,20,0.1,0.006505250930786133,stacked,0.9879518072289156,27.70126115113841,29.151907038040026,83
186,D2,covariate,TargetOnlyCP,20,0.1,0.0019996166229248047,,0.8795180722891566,17.482896953948124,25.342980494228293,83
186,D2,covariate,AdaptiveSplitCP,20,0.1,0.0009999275207519531,stacked,0.963855421686747,21.940909130218515,26.37472221330439,83
186,D2,covariate,TransferCal-CP-affine-localsigma,20,0.1,0.002505779266357422,,0.8795180722891566,23.143674891216424,31.79332057581128,83
186,D4,strength_quartile,SplitCP-source,20,0.1,0.0,,0.05521472392638037,3.4125727455394355,236.64897623751304,163
186,D4,strength_quartile,AdaptiveJackknifeCP,20,0.1,0.31243252754211426,stacked,1.0,26.489412266591323,26.489412266591323,163
186,D4,strength_quartile,AdaptiveJackknifeCP-exactJK+,20,0.1,0.31238770484924316,stacked,1.0,24.257074899689705,24.257074899689705,163
186,D4,strength_quartile,TargetOnlyJKplus,20,0.1,0.31646180152893066,local-ridge,0.9815950920245399,41.69654777537704,42.46334692579464,163
186,D4,strength_quartile,TargetOnlyJKplus-exactJK+,20,0.1,0.31527280807495117,local-ridge,0.9693251533742331,39.21301803327589,41.78218156069124,163
186,D4,strength_quartile,StackedOnlyCP,20,0.1,0.006000518798828125,stacked,1.0,26.489412266591323,26.489412266591323,163
186,D4,strength_quartile,TargetOnlyCP,20,0.1,0.0009996891021728516,,1.0,57.4901313937854,57.4901313937854,163
186,D4,strength_quartile,AdaptiveSplitCP,20,0.1,0.003000020980834961,stacked,0.9938650306748467,27.989081188474724,28.0089991551072,163
186,D4,strength_quartile,TransferCal-CP-affine-localsigma,20,0.1,0.0015077590942382812,,0.9754601226993865,44.591949348005485,46.33333829646495,163
186,D4,random,SplitCP-source,20,0.1,0.001001119613647461,,0.06748466257668712,3.4125727455394355,234.95738669648586,163
186,D4,random,AdaptiveJackknifeCP,20,0.1,0.28542447090148926,stacked,0.9631901840490797,16.897971409829815,17.94880295748689,163
186,D4,random,AdaptiveJackknifeCP-exactJK+,20,0.1,0.28963470458984375,stacked,0.9386503067484663,15.616926180576982,17.110516885204866,163
186,D4,random,TargetOnlyJKplus,20,0.1,0.3130171298980713,local-ridge,0.9447852760736196,32.254960187232726,36.75588190184683,163
186,D4,random,TargetOnlyJKplus-exactJK+,20,0.1,0.31067538261413574,local-ridge,0.9079754601226994,30.220489935611624,37.78942262471328,163
186,D4,random,StackedOnlyCP,20,0.1,0.006000041961669922,stacked,0.9631901840490797,16.897971409829815,17.94880295748689,163
186,D4,random,TargetOnlyCP,20,0.1,0.0009999275207519531,,0.9631901840490797,38.93385818438679,41.34057119685587,163
186,D4,random,AdaptiveSplitCP,20,0.1,0.00250244140625,stacked,0.9754601226993865,18.46772601652738,19.523967032694305,163
186,D4,random,TransferCal-CP-affine-localsigma,20,0.1,0.0010039806365966797,,0.950920245398773,32.20382623958221,37.935400243847525,163
186,D4,covariate,SplitCP-source,20,0.1,0.0009999275207519531,,0.049079754601226995,3.4125727455394355,245.5773247127746,163
186,D4,covariate,AdaptiveJackknifeCP,20,0.1,0.31715989112854004,stacked,1.0,18.164427830843636,18.164427830843636,163
186,D4,covariate,AdaptiveJackknifeCP-exactJK+,20,0.1,0.3060932159423828,stacked,1.0,17.245171087643108,17.245171087643108,163
186,D4,covariate,TargetOnlyJKplus,20,0.1,0.3150935173034668,local-ridge,0.9693251533742331,36.02794109817673,38.66828800114602,163
186,D4,covariate,TargetOnlyJKplus-exactJK+,20,0.1,0.3170034885406494,local-ridge,0.9570552147239264,32.268632020110026,36.23993554571868,163
186,D4,covariate,StackedOnlyCP,20,0.1,0.0070035457611083984,stacked,1.0,18.164427830843636,18.164427830843636,163
186,D4,covariate,TargetOnlyCP,20,0.1,0.0009999275207519531,,0.9877300613496932,57.79266042175841,58.214963379092374,163
186,D4,covariate,AdaptiveSplitCP,20,0.1,0.0029997825622558594,stacked,0.9877300613496932,26.783914477843716,26.852695399647192,163
186,D4,covariate,TransferCal-CP-affine-localsigma,20,0.1,0.0020012855529785156,,0.9815950920245399,42.67424442476693,43.759569996584005,163
187,D1,strength_quartile,SplitCP-source,20,0.1,0.0,,0.08269858541893363,2.9047351735598705,171.56199371594687,919
187,D1,strength_quartile,AdaptiveJackknifeCP,20,0.1,0.3075737953186035,stacked,0.970620239390642,57.909867236113094,60.130494672701325,919
187,D1,strength_quartile,AdaptiveJackknifeCP-exactJK+,20,0.1,0.32921576499938965,stacked,0.9292709466811752,48.265974553319346,56.43893492061301,919
187,D1,strength_quartile,TargetOnlyJKplus,20,0.1,0.28769731521606445,local-ridge,0.8607181719260065,41.74888341372889,63.44779943367829,919
187,D1,strength_quartile,TargetOnlyJKplus-exactJK+,20,0.1,0.3230280876159668,local-ridge,0.8204570184983678,37.01148351798661,66.75616378314066,919
187,D1,strength_quartile,StackedOnlyCP,20,0.1,0.006000041961669922,stacked,0.970620239390642,57.909867236113094,60.130494672701325,919
187,D1,strength_quartile,TargetOnlyCP,20,0.1,0.0009999275207519531,,0.8911860718171926,51.197739837849454,68.88155193509567,919
187,D1,strength_quartile,AdaptiveSplitCP,20,0.1,0.002000093460083008,stacked,0.9325353645266594,66.29062006967922,79.34221240849898,919
187,D1,strength_quartile,TransferCal-CP-affine-localsigma,20,0.1,0.002502918243408203,,0.8411316648531012,37.13584946291631,57.67661206379027,919
187,D1,random,SplitCP-source,20,0.1,0.0,,0.08269858541893363,2.9047351735598705,171.1823295347103,919
187,D1,random,AdaptiveJackknifeCP,20,0.1,0.337787389755249,stacked,0.8792165397170838,52.567875640851696,122.04298463120912,919
187,D1,random,AdaptiveJackknifeCP-exactJK+,20,0.1,0.3095977306365967,stacked,0.8694232861806311,48.34097183700034,121.49525122175139,919
187,D1,random,TargetOnlyJKplus,20,0.1,0.3167910575866699,local-ridge,0.8443960826985855,45.813133852897764,147.36824871227515,919
187,D1,random,TargetOnlyJKplus-exactJK+,20,0.1,0.3011355400085449,local-ridge,0.8302502720348205,42.265312752316724,146.79724146433495,919
187,D1,random,StackedOnlyCP,20,0.1,0.004999637603759766,stacked,0.8792165397170838,52.567875640851696,122.04298463120912,919
187,D1,random,TargetOnlyCP,20,0.1,0.0019998550415039062,,0.6637649619151251,31.15521560186164,148.92217251216226,919
187,D1,random,AdaptiveSplitCP,20,0.1,0.0020003318786621094,stacked,0.9488574537540805,53.93383901465891,59.437783024146015,919
187,D1,random,TransferCal-CP-affine-localsigma,20,0.1,0.0010004043579101562,,0.9597388465723613,53.581619573865694,57.64307476009673,919
187,D1,covariate,SplitCP-source,20,0.1,0.0,,0.08487486398258977,2.9047351735598705,171.4398335269632,919
187,D1,covariate,AdaptiveJackknifeCP,20,0.1,0.2869241237640381,stacked,0.9934711643090316,62.99406420217789,63.45002140487752,919
187,D1,covariate,AdaptiveJackknifeCP-exactJK+,20,0.1,0.33304262161254883,stacked,0.9630032644178455,50.794093440520896,54.30842291953844,919
187,D1,covariate,TargetOnlyJKplus,20,0.1,0.32996153831481934,local-ridge,0.9314472252448314,51.381266091608985,61.32089987247029,919
187,D1,covariate,TargetOnlyJKplus-exactJK+,20,0.1,0.30312037467956543,local-ridge,0.9281828073993471,51.00607044443797,62.9658574840218,919
187,D1,covariate,StackedOnlyCP,20,0.1,0.005506277084350586,stacked,0.9934711643090316,62.99406420217789,63.45002140487752,919
187,D1,covariate,TargetOnlyCP,20,0.1,0.0020003318786621094,,0.8705114254624592,42.857574739908046,63.44141999231463,919
187,D1,covariate,AdaptiveSplitCP,20,0.1,0.002999544143676758,stacked,0.9423286180631121,50.30625624459172,56.066041889202964,919
187,D1,covariate,TransferCal-CP-affine-localsigma,20,0.1,0.002000093460083008,,0.9205658324265505,41.15364621212917,48.969726251542006,919
187,D2,strength_quartile,SplitCP-source,20,0.1,0.001001596450805664,,0.0,3.1646858856856217,360.0006692195052,83
187,D2,strength_quartile,AdaptiveJackknifeCP,20,0.1,0.31755805015563965,stacked,0.9518072289156626,20.715218048866358,24.894873235080006,83
187,D2,strength_quartile,AdaptiveJackknifeCP-exactJK+,20,0.1,0.31305456161499023,stacked,0.963855421686747,21.403637452773776,25.174235358645767,83
187,D2,strength_quartile,TargetOnlyJKplus,20,0.1,0.3288238048553467,local-ridge,0.963855421686747,24.4290605582342,27.923542248155144,83
187,D2,strength_quartile,TargetOnlyJKplus-exactJK+,20,0.1,0.3350975513458252,local-ridge,0.9518072289156626,19.988513039264546,24.977702179466217,83
187,D2,strength_quartile,StackedOnlyCP,20,0.1,0.0065059661865234375,stacked,0.9518072289156626,20.715218048866358,24.894873235080006,83
187,D2,strength_quartile,TargetOnlyCP,20,0.1,0.0009996891021728516,,0.9156626506024096,22.28819119739478,28.667930368929763,83
187,D2,strength_quartile,AdaptiveSplitCP,20,0.1,0.003000497817993164,stacked,0.927710843373494,37.91349788081021,42.70186917813157,83
187,D2,strength_quartile,TransferCal-CP-affine-localsigma,20,0.1,0.002000093460083008,,0.963855421686747,23.891850183851655,27.28223016146986,83
187,D2,random,SplitCP-source,20,0.1,0.0010001659393310547,,0.0,3.1646858856856217,335.9092411754676,83
187,D2,random,AdaptiveJackknifeCP,20,0.1,0.3888206481933594,stacked,0.9156626506024096,24.217140098971157,31.65910862472245,83
187,D2,random,AdaptiveJackknifeCP-exactJK+,20,0.1,0.3480355739593506,stacked,0.9156626506024096,23.365564865276447,29.5466211712991,83
187,D2,random,TargetOnlyJKplus,20,0.1,0.29638051986694336,local-ridge,1.0,26.750951472883653,26.750951472883653,83
187,D2,random,TargetOnlyJKplus-exactJK+,20,0.1,0.31145811080932617,local-ridge,0.9879518072289156,24.104027912597704,24.119842057737124,83
187,D2,random,StackedOnlyCP,20,0.1,0.004999399185180664,stacked,0.9156626506024096,24.217140098971157,31.65910862472245,83
187,D2,random,TargetOnlyCP,20,0.1,0.002000093460083008,,1.0,41.046976168517794,41.046976168517794,83
187,D2,random,AdaptiveSplitCP,20,0.1,0.002000570297241211,stacked,1.0,36.63166927090547,36.63166927090547,83
187,D2,random,TransferCal-CP-affine-localsigma,20,0.1,0.0009999275207519531,,1.0,42.934776569409514,42.934776569409514,83
187,D2,covariate,SplitCP-source,20,0.1,0.0010066032409667969,,0.0,3.1646858856856217,357.6682260317514,83
187,D2,covariate,AdaptiveJackknifeCP,20,0.1,0.3133573532104492,stacked,0.8554216867469879,14.396928657217984,22.608787074355686,83
187,D2,covariate,AdaptiveJackknifeCP-exactJK+,20,0.1,0.3079042434692383,stacked,0.8795180722891566,15.66112413477288,23.73922918214605,83
187,D2,covariate,TargetOnlyJKplus,20,0.1,0.3464546203613281,local-ridge,0.8554216867469879,15.308314423232641,24.793815387933307,83
187,D2,covariate,TargetOnlyJKplus-exactJK+,20,0.1,0.34368371963500977,local-ridge,0.8554216867469879,15.236378262434018,24.37819126548174,83
187,D2,covariate,StackedOnlyCP,20,0.1,0.005527973175048828,stacked,0.8554216867469879,14.396928657217984,22.608787074355686,83
187,D2,covariate,TargetOnlyCP,20,0.1,0.0025072097778320312,,0.9156626506024096,16.54618409644429,23.399610143679375,83
187,D2,covariate,AdaptiveSplitCP,20,0.1,0.0030012130737304688,stacked,0.8313253012048193,13.943730990431813,23.98508204048564,83
187,D2,covariate,TransferCal-CP-affine-localsigma,20,0.1,0.0020830631256103516,,0.9879518072289156,27.983519387047878,29.903018508496704,83
187,D4,strength_quartile,SplitCP-source,20,0.1,0.0,,0.03680981595092025,3.5627888452815593,197.99165104416872,163
187,D4,strength_quartile,AdaptiveJackknifeCP,20,0.1,0.3472728729248047,stacked,1.0,20.144923155669357,20.144923155669357,163
187,D4,strength_quartile,AdaptiveJackknifeCP-exactJK+,20,0.1,0.35021400451660156,stacked,0.9938650306748467,19.001487180397913,19.07070309268145,163
187,D4,strength_quartile,TargetOnlyJKplus,20,0.1,0.3418235778808594,local-ridge,0.9815950920245399,38.90687303677871,39.66530444881769,163
187,D4,strength_quartile,TargetOnlyJKplus-exactJK+,20,0.1,0.3504364490509033,local-ridge,0.9815950920245399,37.066030701388044,37.947000676853,163
187,D4,strength_quartile,StackedOnlyCP,20,0.1,0.0059719085693359375,stacked,1.0,20.144923155669357,20.144923155669357,163
187,D4,strength_quartile,TargetOnlyCP,20,0.1,0.0020034313201904297,,0.8159509202453987,22.96222092717273,34.71904834364879,163
187,D4,strength_quartile,AdaptiveSplitCP,20,0.1,0.002036571502685547,stacked,0.9938650306748467,40.76208058532346,41.327303684700595,163
187,D4,strength_quartile,TransferCal-CP-affine-localsigma,20,0.1,0.0020051002502441406,,0.9693251533742331,38.648895569337526,40.73007833352579,163
187,D4,random,SplitCP-source,20,0.1,0.0010008811950683594,,0.03680981595092025,3.5627888452815593,198.71736309729513,163
187,D4,random,AdaptiveJackknifeCP,20,0.1,0.3275437355041504,stacked,0.9938650306748467,21.595637093391293,21.91745392804335,163
187,D4,random,AdaptiveJackknifeCP-exactJK+,20,0.1,0.3193480968475342,stacked,0.9754601226993865,20.09894884805338,20.676262266866193,163
187,D4,random,TargetOnlyJKplus,20,0.1,0.31774425506591797,local-ridge,0.9386503067484663,36.94932598414734,39.74307266482377,163
187,D4,random,TargetOnlyJKplus-exactJK+,20,0.1,0.32997560501098633,local-ridge,0.9079754601226994,38.32024512117589,43.865936320161,163
187,D4,random,StackedOnlyCP,20,0.1,0.005597114562988281,stacked,0.9938650306748467,21.595637093391293,21.91745392804335,163
187,D4,random,TargetOnlyCP,20,0.1,0.0015022754669189453,,0.9815950920245399,62.60865343669719,63.93953438146786,163
187,D4,random,AdaptiveSplitCP,20,0.1,0.0020058155059814453,stacked,0.9631901840490797,23.872945153350983,25.37229503097571,163
187,D4,random,TransferCal-CP-affine-localsigma,20,0.1,0.001997232437133789,,0.9693251533742331,46.580859559047006,47.60441962179715,163
187,D4,covariate,SplitCP-source,20,0.1,0.0,,0.04294478527607362,3.5627888452815593,196.02017084496822,163
187,D4,covariate,AdaptiveJackknifeCP,20,0.1,0.32993531227111816,stacked,0.8957055214723927,14.719127904950456,20.35818523110508,163
187,D4,covariate,AdaptiveJackknifeCP-exactJK+,20,0.1,0.3311641216278076,stacked,0.8159509202453987,14.377822235503832,21.846037346228986,163
187,D4,covariate,TargetOnlyJKplus,20,0.1,0.33695220947265625,local-ridge,0.9386503067484663,30.579477060418093,36.79842516686962,163
187,D4,covariate,TargetOnlyJKplus-exactJK+,20,0.1,0.3387730121612549,local-ridge,0.9386503067484663,32.128562517386555,38.24649108079158,163
187,D4,covariate,StackedOnlyCP,20,0.1,0.0070002079010009766,stacked,0.8957055214723927,14.719127904950456,20.35818523110508,163
187,D4,covariate,TargetOnlyCP,20,0.1,0.00205230712890625,,0.9631901840490797,32.91354310114314,35.92925946174937,163
187,D4,covariate,AdaptiveSplitCP,20,0.1,0.0020036697387695312,stacked,0.7607361963190185,10.899635447874715,22.642785642196387,163
187,D4,covariate,TransferCal-CP-affine-localsigma,20,0.1,0.0020003318786621094,,0.8588957055214724,28.255203068692982,39.61185912792292,163
188,D1,strength_quartile,SplitCP-source,20,0.1,0.0,,0.09031556039173014,2.7429467145353783,177.8074189217429,919
188,D1,strength_quartile,AdaptiveJackknifeCP,20,0.1,0.33694005012512207,stacked,0.7758433079434167,41.659640153146036,289.3298929950777,919
188,D1,strength_quartile,AdaptiveJackknifeCP-exactJK+,20,0.1,0.3475151062011719,stacked,0.7758433079434167,44.76136823355718,288.1595171362421,919
188,D1,strength_quartile,TargetOnlyJKplus,20,0.1,0.33896780014038086,local-ridge,0.7627856365614799,41.679473888718334,275.2973271302528,919
188,D1,strength_quartile,TargetOnlyJKplus-exactJK+,20,0.1,0.35060906410217285,local-ridge,0.7334058759521219,38.96416452246834,286.02285799139815,919
188,D1,strength_quartile,StackedOnlyCP,20,0.1,0.003005504608154297,stacked,0.7758433079434167,41.659640153146036,289.3298929950777,919
188,D1,strength_quartile,TargetOnlyCP,20,0.1,0.0010006427764892578,,0.8041349292709467,83.52376757574145,475.6448390652538,919
188,D1,strength_quartile,AdaptiveSplitCP,20,0.1,0.002093791961669922,stacked,0.8346028291621328,236.65300754304144,703.6068001078146,919
188,D1,strength_quartile,TransferCal-CP-affine-localsigma,20,0.1,0.0010063648223876953,,0.9651795429815017,47.62958794334657,50.74006864047152,919
188,D1,random,SplitCP-source,20,0.1,0.0,,0.088139281828074,2.7429467145353783,178.17012768337827,919
188,D1,random,AdaptiveJackknifeCP,20,0.1,0.33791661262512207,stacked,0.9912948857453754,65.47277776448504,66.20260919295163,919
188,D1,random,AdaptiveJackknifeCP-exactJK+,20,0.1,0.35071539878845215,stacked,0.9869423286180631,66.34355319388904,67.4792542123147,919
188,D1,random,TargetOnlyJKplus,20,0.1,0.3548908233642578,local-ridge,0.9825897714907508,75.56871002877931,77.31608328039833,919
188,D1,random,TargetOnlyJKplus-exactJK+,20,0.1,0.3466198444366455,local-ridge,0.9738846572361263,68.90966427844408,72.3465906917961,919
188,D1,random,StackedOnlyCP,20,0.1,0.0030007362365722656,stacked,0.9912948857453754,65.47277776448504,66.20260919295163,919
188,D1,random,TargetOnlyCP,20,0.1,0.0009989738464355469,,0.8324265505984766,45.19979847063485,69.28963332604512,919
188,D1,random,AdaptiveSplitCP,20,0.1,0.001999378204345703,stacked,0.9162132752992383,68.37191372630197,85.85058993267678,919
188,D1,random,TransferCal-CP-affine-localsigma,20,0.1,0.0010006427764892578,,0.8607181719260065,34.66215256299636,47.87599571785797,919
188,D1,covariate,SplitCP-source,20,0.1,0.0,,0.09140369967355821,2.7429467145353783,178.1316247158583,919
188,D1,covariate,AdaptiveJackknifeCP,20,0.1,0.3476853370666504,stacked,0.7747551686615887,40.92329453316348,82.50324748966352,919
188,D1,covariate,AdaptiveJackknifeCP-exactJK+,20,0.1,0.3529500961303711,stacked,0.7986942328618063,43.6952141190202,81.53512494972036,919
188,D1,covariate,TargetOnlyJKplus,20,0.1,0.3514688014984131,local-ridge,0.8041349292709467,35.66045760394933,67.41427006319238,919
188,D1,covariate,TargetOnlyJKplus-exactJK+,20,0.1,0.3551945686340332,local-ridge,0.8106637649619152,36.916639071700146,67.46906502634067,919
188,D1,covariate,StackedOnlyCP,20,0.1,0.006507396697998047,stacked,0.7747551686615887,40.92329453316348,82.50324748966352,919
188,D1,covariate,TargetOnlyCP,20,0.1,0.0019998550415039062,,0.8846572361262242,49.53604919594954,68.75555317511882,919
188,D1,covariate,AdaptiveSplitCP,20,0.1,0.003143310546875,stacked,0.8487486398258978,47.600112568405166,73.82739598100876,919
188,D1,covariate,TransferCal-CP-affine-localsigma,20,0.1,0.002000570297241211,,0.9488574537540805,51.651017496351876,57.33691428040735,919
188,D2,strength_quartile,SplitCP-source,20,0.1,0.0,,0.0,3.3365004631027455,323.7370849177304,83
188,D2,strength_quartile,AdaptiveJackknifeCP,20,0.1,0.31151723861694336,stacked,1.0,34.199607819448886,34.199607819448886,83
188,D2,strength_quartile,AdaptiveJackknifeCP-exactJK+,20,0.1,0.2962608337402344,stacked,0.9879518072289156,33.25449894074894,34.091021492743764,83
188,D2,strength_quartile,TargetOnlyJKplus,20,0.1,0.31681323051452637,local-ridge,1.0,28.23626221772821,28.23626221772821,83
188,D2,strength_quartile,TargetOnlyJKplus-exactJK+,20,0.1,0.31597185134887695,local-ridge,1.0,27.05248468778428,27.05248468778428,83
188,D2,strength_quartile,StackedOnlyCP,20,0.1,0.0059986114501953125,stacked,1.0,34.199607819448886,34.199607819448886,83
188,D2,strength_quartile,TargetOnlyCP,20,0.1,0.0009999275207519531,,1.0,34.5143960461746,34.5143960461746,83
188,D2,strength_quartile,AdaptiveSplitCP,20,0.1,0.0025053024291992188,stacked,1.0,40.08005731847216,40.08005731847216,83
188,D2,strength_quartile,TransferCal-CP-affine-localsigma,20,0.1,0.0020003318786621094,,1.0,40.334410842478086,40.334410842478086,83
188,D2,random,SplitCP-source,20,0.1,0.0,,0.012048192771084338,3.3365004631027455,323.82273695892763,83
188,D2,random,AdaptiveJackknifeCP,20,0.1,0.31235742568969727,stacked,0.927710843373494,15.103922065275826,22.186813687541434,83
188,D2,random,AdaptiveJackknifeCP-exactJK+,20,0.1,0.32186031341552734,stacked,0.9036144578313253,15.02076418878627,22.78526948510529,83
188,D2,random,TargetOnlyJKplus,20,0.1,0.337252140045166,local-ridge,0.9156626506024096,15.93219341434078,23.211616636981166,83
188,D2,random,TargetOnlyJKplus-exactJK+,20,0.1,0.32733893394470215,local-ridge,0.891566265060241,15.747229109480385,23.345656903186033,83
188,D2,random,StackedOnlyCP,20,0.1,0.005362033843994141,stacked,0.927710843373494,15.103922065275826,22.186813687541434,83
188,D2,random,TargetOnlyCP,20,0.1,0.0010013580322265625,,0.9156626506024096,18.344248176630277,23.77949981632783,83
188,D2,random,AdaptiveSplitCP,20,0.1,0.001998424530029297,stacked,0.8433734939759037,20.696705559596413,30.216920514069148,83
188,D2,random,TransferCal-CP-affine-localsigma,20,0.1,0.0024755001068115234,,0.9518072289156626,27.431211024328462,30.542378237014823,83
188,D2,covariate,SplitCP-source,20,0.1,0.0,,0.012048192771084338,3.3365004631027455,331.5510233083881,83
188,D2,covariate,AdaptiveJackknifeCP,20,0.1,0.3290410041809082,stacked,0.927710843373494,15.3526627683314,21.82343376241039,83
188,D2,covariate,AdaptiveJackknifeCP-exactJK+,20,0.1,0.33156681060791016,stacked,0.927710843373494,16.155927425456035,23.42596730715463,83
188,D2,covariate,TargetOnlyJKplus,20,0.1,0.3123788833618164,local-ridge,0.8554216867469879,16.20397540273922,25.80772902203917,83
188,D2,covariate,TargetOnlyJKplus-exactJK+,20,0.1,0.32552194595336914,local-ridge,0.8795180722891566,18.7948989491233,26.327352355840677,83
188,D2,covariate,StackedOnlyCP,20,0.1,0.0069980621337890625,stacked,0.927710843373494,15.3526627683314,21.82343376241039,83
188,D2,covariate,TargetOnlyCP,20,0.1,0.0009996891021728516,,0.8674698795180723,17.30418836199624,25.342006872873448,83
188,D2,covariate,AdaptiveSplitCP,20,0.1,0.0029997825622558594,stacked,0.963855421686747,21.84793031120199,24.738234211162805,83
188,D2,covariate,TransferCal-CP-affine-localsigma,20,0.1,0.002000570297241211,,0.963855421686747,27.97353930346725,30.67608668789325,83
188,D4,strength_quartile,SplitCP-source,20,0.1,0.0010039806365966797,,0.06748466257668712,3.5537049379827157,213.0037649563145,163
188,D4,strength_quartile,AdaptiveJackknifeCP,20,0.1,0.3394479751586914,stacked,0.8773006134969326,13.195361868333963,17.52621186466947,163
188,D4,strength_quartile,AdaptiveJackknifeCP-exactJK+,20,0.1,0.32781457901000977,stacked,0.8834355828220859,13.972100899919848,18.37326946267706,163
188,D4,strength_quartile,TargetOnlyJKplus,20,0.1,0.3676261901855469,local-ridge,0.8282208588957055,25.581546227213096,42.83969050454733,163
188,D4,strength_quartile,TargetOnlyJKplus-exactJK+,20,0.1,0.31580376625061035,local-ridge,0.8343558282208589,26.810023087096763,43.98787629197768,163
188,D4,strength_quartile,StackedOnlyCP,20,0.1,0.006002902984619141,stacked,0.8773006134969326,13.195361868333963,17.52621186466947,163
188,D4,strength_quartile,TargetOnlyCP,20,0.1,0.0019996166229248047,,0.8834355828220859,31.70288988045268,41.54722331959639,163
188,D4,strength_quartile,AdaptiveSplitCP,20,0.1,0.0009980201721191406,stacked,0.8650306748466258,16.50827049934989,24.332163532829416,163
188,D4,strength_quartile,TransferCal-CP-affine-localsigma,20,0.1,0.002340555191040039,,0.8343558282208589,28.03837934849594,39.09207018691324,163
188,D4,random,SplitCP-source,20,0.1,0.0,,0.05521472392638037,3.5537049379827157,211.41780584761563,163
188,D4,random,AdaptiveJackknifeCP,20,0.1,0.303804874420166,stacked,0.7055214723926381,6.788614214792971,17.12326574818013,163
188,D4,random,AdaptiveJackknifeCP-exactJK+,20,0.1,0.3508579730987549,stacked,0.7116564417177914,7.292510855807372,16.2527889290875,163
188,D4,random,TargetOnlyJKplus,20,0.1,0.3224809169769287,local-ridge,0.8834355828220859,24.45045978907666,35.98245657146703,163
188,D4,random,TargetOnlyJKplus-exactJK+,20,0.1,0.3070206642150879,local-ridge,0.901840490797546,27.859488986014686,37.073758943903954,163
188,D4,random,StackedOnlyCP,20,0.1,0.006365537643432617,stacked,0.7055214723926381,6.788614214792971,17.12326574818013,163
188,D4,random,TargetOnlyCP,20,0.1,0.0009999275207519531,,0.9631901840490797,39.15029918521316,40.335335516100756,163
188,D4,random,AdaptiveSplitCP,20,0.1,0.002000570297241211,stacked,0.9693251533742331,18.421695294235093,19.166549185595713,163
188,D4,random,TransferCal-CP-affine-localsigma,20,0.1,0.0010001659393310547,,0.9693251533742331,37.937088290852664,40.770215514151005,163
188,D4,covariate,SplitCP-source,20,0.1,0.0010001659393310547,,0.0736196319018405,3.5537049379827157,211.01152216894076,163
188,D4,covariate,AdaptiveJackknifeCP,20,0.1,0.3133854866027832,stacked,0.7300613496932515,9.72369392695832,18.575214521980932,163
188,D4,covariate,AdaptiveJackknifeCP-exactJK+,20,0.1,0.33274006843566895,stacked,0.7914110429447853,11.482992878226282,19.359663083928854,163
188,D4,covariate,TargetOnlyJKplus,20,0.1,0.27307772636413574,local-ridge,0.8343558282208589,25.289302577768623,40.46612679566755,163
188,D4,covariate,TargetOnlyJKplus-exactJK+,20,0.1,0.32345056533813477,local-ridge,0.8159509202453987,24.649270517077728,41.72874107330366,163
188,D4,covariate,StackedOnlyCP,20,0.1,0.006113290786743164,stacked,0.7300613496932515,9.72369392695832,18.575214521980932,163
188,D4,covariate,TargetOnlyCP,20,0.1,0.001003265380859375,,0.8466257668711656,33.91941477583806,47.8346347021942,163
188,D4,covariate,AdaptiveSplitCP,20,0.1,0.003000020980834961,stacked,0.8343558282208589,13.390862165364881,18.3377909503028,163
188,D4,covariate,TransferCal-CP-affine-localsigma,20,0.1,0.0020008087158203125,,0.8098159509202454,26.456515521334047,42.54106787244965,163
189,D1,strength_quartile,SplitCP-source,20,0.1,0.0,,0.08269858541893363,3.0235738031396124,174.37968708255264,919
189,D1,strength_quartile,AdaptiveJackknifeCP,20,0.1,0.3080146312713623,stacked,0.9085963003264418,43.46049206756743,57.880196810229435,919
189,D1,strength_quartile,AdaptiveJackknifeCP-exactJK+,20,0.1,0.2730414867401123,stacked,0.8759521218715995,38.35853230917093,57.16621568978099,919
189,D1,strength_quartile,TargetOnlyJKplus,20,0.1,0.2867720127105713,local-ridge,0.8574537540805223,49.181294716358245,85.33612749808563,919
189,D1,strength_quartile,TargetOnlyJKplus-exactJK+,20,0.1,0.2762894630432129,local-ridge,0.8487486398258978,44.39994148053495,89.34818281253993,919
189,D1,strength_quartile,StackedOnlyCP,20,0.1,0.004000425338745117,stacked,0.9085963003264418,43.46049206756743,57.880196810229435,919
189,D1,strength_quartile,TargetOnlyCP,20,0.1,0.0009999275207519531,,0.9488574537540805,65.1062168004471,74.93087773008207,919
189,D1,strength_quartile,AdaptiveSplitCP,20,0.1,0.0009999275207519531,stacked,0.7573449401523396,39.483314686635836,88.7897152930239,919
189,D1,strength_quartile,TransferCal-CP-affine-localsigma,20,0.1,0.0010001659393310547,,0.9934711643090316,106.23244893429366,107.00498254115433,919
189,D1,random,SplitCP-source,20,0.1,0.0,,0.08487486398258977,3.0235738031396124,172.45472124818443,919
189,D1,random,AdaptiveJackknifeCP,20,0.1,0.2859659194946289,stacked,0.9619151251360174,55.47170111662343,59.508880665806366,919
189,D1,random,AdaptiveJackknifeCP-exactJK+,20,0.1,0.3078131675720215,stacked,0.941240478781284,49.179295018955486,56.78110740878905,919
189,D1,random,TargetOnlyJKplus,20,0.1,0.3218560218811035,local-ridge,0.9510337323177367,61.96426512117043,67.67001612330398,919
189,D1,random,TargetOnlyJKplus-exactJK+,20,0.1,0.32776689529418945,local-ridge,0.9488574537540805,62.73559289479508,68.63038290994969,919
189,D1,random,StackedOnlyCP,20,0.1,0.0060007572174072266,stacked,0.9619151251360174,55.47170111662343,59.508880665806366,919
189,D1,random,TargetOnlyCP,20,0.1,0.0009996891021728516,,0.9445048966267682,72.54478118139488,80.98847150545708,919
189,D1,random,AdaptiveSplitCP,20,0.1,0.002511262893676758,stacked,0.926006528835691,57.96209397326971,69.43076708838181,919
189,D1,random,TransferCal-CP-affine-localsigma,20,0.1,0.002000093460083008,,0.9521218715995647,43.64149529870969,47.900225616400625,919
189,D1,covariate,SplitCP-source,20,0.1,0.0,,0.08487486398258977,3.0235738031396124,173.3527497228123,919
189,D1,covariate,AdaptiveJackknifeCP,20,0.1,0.32270288467407227,stacked,0.8955386289445049,46.74616530719712,61.555531190778204,919
189,D1,covariate,AdaptiveJackknifeCP-exactJK+,20,0.1,0.31475830078125,stacked,0.8650707290533188,43.0419524244942,62.213538055713705,919
189,D1,covariate,TargetOnlyJKplus,20,0.1,0.294813871383667,local-ridge,0.9978237214363439,87.58882557489561,87.67874647705052,919
189,D1,covariate,TargetOnlyJKplus-exactJK+,20,0.1,0.3074607849121094,local-ridge,0.9934711643090316,76.17134194804804,76.57570171477417,919
189,D1,covariate,StackedOnlyCP,20,0.1,0.003000020980834961,stacked,0.8955386289445049,46.74616530719712,61.555531190778204,919
189,D1,covariate,TargetOnlyCP,20,0.1,0.0020003318786621094,,0.9880304678998912,79.1629797058977,79.9614878757772,919
189,D1,covariate,AdaptiveSplitCP,20,0.1,0.002000570297241211,stacked,0.8966267682263329,40.086303077600164,50.722864373751065,919
189,D1,covariate,TransferCal-CP-affine-localsigma,20,0.1,0.0010001659393310547,,0.9945593035908596,66.08881435238752,66.59503324537526,919
189,D2,strength_quartile,SplitCP-source,20,0.1,0.0010004043579101562,,0.0,2.9133047020024776,329.49871538874953,83
189,D2,strength_quartile,AdaptiveJackknifeCP,20,0.1,0.3193838596343994,stacked,0.891566265060241,17.72803167138308,22.974289499611242,83
189,D2,strength_quartile,AdaptiveJackknifeCP-exactJK+,20,0.1,0.3116302490234375,stacked,0.891566265060241,17.202889042987785,22.670238727350487,83
189,D2,strength_quartile,TargetOnlyJKplus,20,0.1,0.3107314109802246,local-ridge,0.9397590361445783,20.286225400841843,24.110688000819845,83
189,D2,strength_quartile,TargetOnlyJKplus-exactJK+,20,0.1,0.2884256839752197,local-ridge,0.891566265060241,18.063689756184306,23.92630957742027,83
189,D2,strength_quartile,StackedOnlyCP,20,0.1,0.00650787353515625,stacked,0.891566265060241,17.72803167138308,22.974289499611242,83
189,D2,strength_quartile,TargetOnlyCP,20,0.1,0.0009999275207519531,,0.9759036144578314,26.287278113872567,27.607245530904887,83
189,D2,strength_quartile,AdaptiveSplitCP,20,0.1,0.002000093460083008,stacked,0.8674698795180723,17.986320303508055,29.39955144668112,83
189,D2,strength_quartile,TransferCal-CP-affine-localsigma,20,0.1,0.002000093460083008,,0.8433734939759037,23.74665541392307,28.72195848741956,83
189,D2,random,SplitCP-source,20,0.1,0.0,,0.0,2.9133047020024776,312.844115743766,83
189,D2,random,AdaptiveJackknifeCP,20,0.1,0.3078029155731201,stacked,0.6746987951807228,21.395324663774478,78.45684057411242,83
189,D2,random,AdaptiveJackknifeCP-exactJK+,20,0.1,0.29375433921813965,stacked,0.7469879518072289,27.3431938800063,49.434062066002866,83
189,D2,random,TargetOnlyJKplus,20,0.1,0.3157923221588135,local-ridge,1.0,32.5391339814986,32.5391339814986,83
189,D2,random,TargetOnlyJKplus-exactJK+,20,0.1,0.3086254596710205,local-ridge,1.0,26.42684766139563,26.42684766139563,83
189,D2,random,StackedOnlyCP,20,0.1,0.0060024261474609375,stacked,0.6746987951807228,21.395324663774478,78.45684057411242,83
189,D2,random,TargetOnlyCP,20,0.1,0.0009999275207519531,,1.0,38.995392808964716,38.995392808964716,83
189,D2,random,AdaptiveSplitCP,20,0.1,0.002000093460083008,stacked,0.891566265060241,35.897927205419535,41.12414533028951,83
189,D2,random,TransferCal-CP-affine-localsigma,20,0.1,0.0020003318786621094,,0.9156626506024096,29.326763455894838,31.07688487018149,83
189,D2,covariate,SplitCP-source,20,0.1,0.001001119613647461,,0.0,2.9133047020024776,320.81264696099623,83
189,D2,covariate,AdaptiveJackknifeCP,20,0.1,0.2958102226257324,stacked,0.9759036144578314,31.44964120168323,33.23755354747953,83
189,D2,covariate,AdaptiveJackknifeCP-exactJK+,20,0.1,0.3017005920410156,stacked,0.9759036144578314,24.799516168382734,27.153934654357972,83
189,D2,covariate,TargetOnlyJKplus,20,0.1,0.3016781806945801,local-ridge,1.0,30.911910973721366,30.911910973721366,83
189,D2,covariate,TargetOnlyJKplus-exactJK+,20,0.1,0.29712677001953125,local-ridge,1.0,28.35101158347761,28.35101158347761,83
189,D2,covariate,StackedOnlyCP,20,0.1,0.005000114440917969,stacked,0.9759036144578314,31.44964120168323,33.23755354747953,83
189,D2,covariate,TargetOnlyCP,20,0.1,0.0025053024291992188,,1.0,26.592634020523978,26.592634020523978,83
189,D2,covariate,AdaptiveSplitCP,20,0.1,0.0019996166229248047,stacked,0.9518072289156626,54.21065375821296,63.4162849164162,83
189,D2,covariate,TransferCal-CP-affine-localsigma,20,0.1,0.002000570297241211,,0.9759036144578314,34.99901272573838,35.02285890372589,83
189,D4,strength_quartile,SplitCP-source,20,0.1,0.0010001659393310547,,0.05521472392638037,2.7413421953756507,217.63455998191114,163
189,D4,strength_quartile,AdaptiveJackknifeCP,20,0.1,0.3273739814758301,stacked,0.9202453987730062,12.769602925499674,15.87878732862003,163
189,D4,strength_quartile,AdaptiveJackknifeCP-exactJK+,20,0.1,0.33308839797973633,stacked,0.8834355828220859,11.506868748251778,15.924919869121881,163
189,D4,strength_quartile,TargetOnlyJKplus,20,0.1,0.334744930267334,local-ridge,0.8957055214723927,27.074759465447524,38.95392048204677,163
189,D4,strength_quartile,TargetOnlyJKplus-exactJK+,20,0.1,0.3314683437347412,local-ridge,0.8834355828220859,27.37303350577641,39.85649857517568,163
189,D4,strength_quartile,StackedOnlyCP,20,0.1,0.005999326705932617,stacked,0.9202453987730062,12.769602925499674,15.87878732862003,163
189,D4,strength_quartile,TargetOnlyCP,20,0.1,0.0015025138854980469,,0.9754601226993865,45.62220884802281,48.604312449945425,163
189,D4,strength_quartile,AdaptiveSplitCP,20,0.1,0.0020055770874023438,stacked,0.901840490797546,12.455093224517626,16.971371977643678,163
189,D4,strength_quartile,TransferCal-CP-affine-localsigma,20,0.1,0.0020008087158203125,,0.9570552147239264,40.721225885741035,46.304265336963205,163
189,D4,random,SplitCP-source,20,0.1,0.0,,0.06134969325153374,2.7413421953756507,212.07652899829586,163
189,D4,random,AdaptiveJackknifeCP,20,0.1,0.32652974128723145,stacked,0.9693251533742331,15.824962205321965,16.802142595255503,163
189,D4,random,AdaptiveJackknifeCP-exactJK+,20,0.1,0.3245408535003662,stacked,0.9631901840490797,14.80594738267768,15.598391812435073,163
189,D4,random,TargetOnlyJKplus,20,0.1,0.30228662490844727,local-ridge,0.8588957055214724,28.037746644078464,46.460592865707845,163
189,D4,random,TargetOnlyJKplus-exactJK+,20,0.1,0.29232096672058105,local-ridge,0.8282208588957055,25.12846323201207,49.37630277577988,163
189,D4,random,StackedOnlyCP,20,0.1,0.0060002803802490234,stacked,0.9693251533742331,15.824962205321965,16.802142595255503,163
189,D4,random,TargetOnlyCP,20,0.1,0.0020003318786621094,,0.8404907975460123,37.48480518718746,59.459171087297285,163
189,D4,random,AdaptiveSplitCP,20,0.1,0.0019996166229248047,stacked,0.9263803680981595,17.071828573913603,21.232186702808985,163
189,D4,random,TransferCal-CP-affine-localsigma,20,0.1,0.0020008087158203125,,0.8895705521472392,40.646242734972105,55.85751253643314,163
189,D4,covariate,SplitCP-source,20,0.1,0.0010006427764892578,,0.049079754601226995,2.7413421953756507,221.36006733982214,163
189,D4,covariate,AdaptiveJackknifeCP,20,0.1,0.30124545097351074,stacked,0.9386503067484663,12.6484799730206,14.352075137658302,163
189,D4,covariate,AdaptiveJackknifeCP-exactJK+,20,0.1,0.3006904125213623,stacked,0.9079754601226994,11.888305360713344,13.957970863143082,163
189,D4,covariate,TargetOnlyJKplus,20,0.1,0.2973475456237793,local-ridge,0.9877300613496932,42.149855099110624,42.41835131289125,163
189,D4,covariate,TargetOnlyJKplus-exactJK+,20,0.1,0.2718801498413086,local-ridge,0.9815950920245399,38.37367173452615,39.43292799664097,163
189,D4,covariate,StackedOnlyCP,20,0.1,0.006000041961669922,stacked,0.9386503067484663,12.6484799730206,14.352075137658302,163
189,D4,covariate,TargetOnlyCP,20,0.1,0.0019998550415039062,,0.9815950920245399,47.5249943232575,49.116608129585224,163
189,D4,covariate,AdaptiveSplitCP,20,0.1,0.0029997825622558594,stacked,0.8773006134969326,12.489842773755932,16.48660813648158,163
189,D4,covariate,TransferCal-CP-affine-localsigma,20,0.1,0.002000093460083008,,0.7914110429447853,21.686508745874818,40.340092126787084,163
190,D1,strength_quartile,SplitCP-source,20,0.1,0.0,,0.09031556039173014,3.144001037100338,168.93027103469305,919
190,D1,strength_quartile,AdaptiveJackknifeCP,20,0.1,0.32885193824768066,stacked,0.9379760609357998,51.448678361971794,59.4932292929963,919
190,D1,strength_quartile,AdaptiveJackknifeCP-exactJK+,20,0.1,0.2999734878540039,stacked,0.9216539717083787,49.16811562252423,59.03904515017432,919
190,D1,strength_quartile,TargetOnlyJKplus,20,0.1,0.3136434555053711,local-ridge,1.0,90.09424601729617,90.09424601729617,919
190,D1,strength_quartile,TargetOnlyJKplus-exactJK+,20,0.1,0.31224560737609863,local-ridge,0.9891186071817193,77.83125254633755,78.29178072779379,919
190,D1,strength_quartile,StackedOnlyCP,20,0.1,0.007000923156738281,stacked,0.9379760609357998,51.448678361971794,59.4932292929963,919
190,D1,strength_quartile,TargetOnlyCP,20,0.1,0.0009992122650146484,,0.9379760609357998,96.24817345451757,106.70597439074493,919
190,D1,strength_quartile,AdaptiveSplitCP,20,0.1,0.0030002593994140625,stacked,0.9532100108813928,93.62933189586819,101.71716112520765,919
190,D1,strength_quartile,TransferCal-CP-affine-localsigma,20,0.1,0.0010006427764892578,,0.9869423286180631,74.49894462564461,74.95924564065224,919
190,D1,random,SplitCP-source,20,0.1,0.0,,0.08922742110990206,3.144001037100338,169.67217729670557,919
190,D1,random,AdaptiveJackknifeCP,20,0.1,0.30941271781921387,stacked,0.7312295973884657,42.85543041469044,138.11082561095498,919
190,D1,random,AdaptiveJackknifeCP-exactJK+,20,0.1,0.2973310947418213,stacked,0.750816104461371,47.74347006314926,130.44957541932592,919
190,D1,random,TargetOnlyJKplus,20,0.1,0.3062605857849121,local-ridge,0.9880304678998912,71.6514926101379,72.53082868829091,919
190,D1,random,TargetOnlyJKplus-exactJK+,20,0.1,0.31969547271728516,local-ridge,0.9760609357997824,67.9392154470844,69.84123296011236,919
190,D1,random,StackedOnlyCP,20,0.1,0.003000020980834961,stacked,0.7312295973884657,42.85543041469044,138.11082561095498,919
190,D1,random,TargetOnlyCP,20,0.1,0.0010023117065429688,,0.7334058759521219,47.50655013154913,84.00257806457262,919
190,D1,random,AdaptiveSplitCP,20,0.1,0.002000570297241211,stacked,0.9597388465723613,67.59713299129488,70.89792353687396,919
190,D1,random,TransferCal-CP-affine-localsigma,20,0.1,0.0010008811950683594,,0.9521218715995647,49.336907140609135,53.654343978558224,919
190,D1,covariate,SplitCP-source,20,0.1,0.0,,0.09031556039173014,3.144001037100338,169.56074562604726,919
190,D1,covariate,AdaptiveJackknifeCP,20,0.1,0.31569623947143555,stacked,1.0,76.51136839647165,76.51136839647165,919
190,D1,covariate,AdaptiveJackknifeCP-exactJK+,20,0.1,0.32142019271850586,stacked,0.9945593035908596,69.89938834961187,70.16151213840436,919
190,D1,covariate,TargetOnlyJKplus,20,0.1,0.31087398529052734,local-ridge,0.984766050054407,73.27867777505331,74.53328297383281,919
190,D1,covariate,TargetOnlyJKplus-exactJK+,20,0.1,0.3297562599182129,local-ridge,0.9608269858541894,62.4572664578083,66.61701788036363,919
190,D1,covariate,StackedOnlyCP,20,0.1,0.007001638412475586,stacked,1.0,76.51136839647165,76.51136839647165,919
190,D1,covariate,TargetOnlyCP,20,0.1,0.0019989013671875,,0.9510337323177367,87.64992459509867,116.44377468714598,919
190,D1,covariate,AdaptiveSplitCP,20,0.1,0.0019998550415039062,stacked,0.9499455930359086,103.88407222478735,122.28208647597812,919
190,D1,covariate,TransferCal-CP-affine-localsigma,20,0.1,0.0030002593994140625,,0.8008705114254625,32.22861061230963,49.736179769945124,919
190,D2,strength_quartile,SplitCP-source,20,0.1,0.0010044574737548828,,0.0,3.210277363304599,345.96935992332095,83
190,D2,strength_quartile,AdaptiveJackknifeCP,20,0.1,0.31581616401672363,stacked,0.7228915662650602,11.111192429332474,26.36318720492675,83
190,D2,strength_quartile,AdaptiveJackknifeCP-exactJK+,20,0.1,0.3190598487854004,stacked,0.5903614457831325,9.478972754395599,32.71759114755479,83
190,D2,strength_quartile,TargetOnlyJKplus,20,0.1,0.3010225296020508,local-ridge,0.927710843373494,18.989132059864815,24.083313273663112,83
190,D2,strength_quartile,TargetOnlyJKplus-exactJK+,20,0.1,0.3035409450531006,local-ridge,0.8795180722891566,16.317408465966995,23.97175677576027,83
190,D2,strength_quartile,StackedOnlyCP,20,0.1,0.00600123405456543,stacked,0.7228915662650602,11.111192429332474,26.36318720492675,83
190,D2,strength_quartile,TargetOnlyCP,20,0.1,0.0009996891021728516,,0.9397590361445783,19.408356337268287,24.033872952855553,83
190,D2,strength_quartile,AdaptiveSplitCP,20,0.1,0.0019986629486083984,stacked,0.7710843373493976,11.001452323137373,21.46650104970195,83
190,D2,strength_quartile,TransferCal-CP-affine-localsigma,20,0.1,0.002000570297241211,,0.7831325301204819,14.257754258148008,30.16183196618162,83
190,D2,random,SplitCP-source,20,0.1,0.0009996891021728516,,0.0,3.210277363304599,338.64182990193274,83
190,D2,random,AdaptiveJackknifeCP,20,0.1,0.3114933967590332,stacked,0.9518072289156626,20.780390808713175,22.522209169535365,83
190,D2,random,AdaptiveJackknifeCP-exactJK+,20,0.1,0.30013513565063477,stacked,0.927710843373494,18.680955796962262,22.074868077231354,83
190,D2,random,TargetOnlyJKplus,20,0.1,0.3005180358886719,local-ridge,0.9036144578313253,16.939281861156857,22.221353432398875,83
190,D2,random,TargetOnlyJKplus-exactJK+,20,0.1,0.30237269401550293,local-ridge,0.9036144578313253,16.334325911422905,21.89675161626916,83
190,D2,random,StackedOnlyCP,20,0.1,0.00599980354309082,stacked,0.9518072289156626,20.780390808713175,22.522209169535365,83
190,D2,random,TargetOnlyCP,20,0.1,0.0010001659393310547,,0.8554216867469879,17.99475858123908,25.49318367116676,83
190,D2,random,AdaptiveSplitCP,20,0.1,0.002000093460083008,stacked,0.9397590361445783,17.4458106277006,21.25735604092801,83
190,D2,random,TransferCal-CP-affine-localsigma,20,0.1,0.0010008811950683594,,0.7108433734939759,15.103172639732,39.27541939375852,83
190,D2,covariate,SplitCP-source,20,0.1,0.001003265380859375,,0.0,3.210277363304599,343.76062030448617,83
190,D2,covariate,AdaptiveJackknifeCP,20,0.1,0.2987205982208252,stacked,0.9156626506024096,18.028775112700604,21.59922832290655,83
190,D2,covariate,AdaptiveJackknifeCP-exactJK+,20,0.1,0.2925755977630615,stacked,0.9397590361445783,18.923763646142618,21.598982415833564,83
190,D2,covariate,TargetOnlyJKplus,20,0.1,0.32263851165771484,local-ridge,0.9518072289156626,22.604906266254762,24.980582686381613,83
190,D2,covariate,TargetOnlyJKplus-exactJK+,20,0.1,0.30298542976379395,local-ridge,0.9518072289156626,21.89545491931083,24.883609525035467,83
190,D2,covariate,StackedOnlyCP,20,0.1,0.0055048465728759766,stacked,0.9156626506024096,18.028775112700604,21.59922832290655,83
190,D2,covariate,TargetOnlyCP,20,0.1,0.002000093460083008,,0.963855421686747,22.553915798532433,24.78145253777068,83
190,D2,covariate,AdaptiveSplitCP,20,0.1,0.0030002593994140625,stacked,0.891566265060241,17.848522798674995,22.40970666932107,83
190,D2,covariate,TransferCal-CP-affine-localsigma,20,0.1,0.0020012855529785156,,0.9156626506024096,22.664029373047708,28.564389896930333,83
190,D4,strength_quartile,SplitCP-source,20,0.1,0.0009992122650146484,,0.06134969325153374,3.6371042706481167,218.22247696858867,163
190,D4,strength_quartile,AdaptiveJackknifeCP,20,0.1,0.3425254821777344,stacked,0.9325153374233128,16.007805187800926,18.63739012876749,163
190,D4,strength_quartile,AdaptiveJackknifeCP-exactJK+,20,0.1,0.3262515068054199,stacked,0.950920245398773,17.97628856807426,19.224915694069708,163
190,D4,strength_quartile,TargetOnlyJKplus,20,0.1,0.32347631454467773,local-ridge,1.0,38.4428476646194,38.4428476646194,163
190,D4,strength_quartile,TargetOnlyJKplus-exactJK+,20,0.1,0.3306095600128174,local-ridge,0.950920245398773,36.043920105784466,37.1462801857848,163
190,D4,strength_quartile,StackedOnlyCP,20,0.1,0.0029997825622558594,stacked,0.9325153374233128,16.007805187800926,18.63739012876749,163
190,D4,strength_quartile,TargetOnlyCP,20,0.1,0.0009996891021728516,,1.0,58.40256172890059,58.40256172890059,163
190,D4,strength_quartile,AdaptiveSplitCP,20,0.1,0.002000570297241211,stacked,0.9754601226993865,27.48811006345396,28.340592822879355,163
190,D4,strength_quartile,TransferCal-CP-affine-localsigma,20,0.1,0.001003265380859375,,0.9938650306748467,48.03463614208119,48.3087666630287,163
190,D4,random,SplitCP-source,20,0.1,0.0,,0.06748466257668712,3.637104270648116,218.38529154845475,163
190,D4,random,AdaptiveJackknifeCP,20,0.1,0.34779810905456543,stacked,0.9754601226993865,17.49046363613388,18.05437993865694,163
190,D4,random,AdaptiveJackknifeCP-exactJK+,20,0.1,0.3048086166381836,stacked,0.9693251533742331,17.681928915880285,19.213972728254735,163
190,D4,random,TargetOnlyJKplus,20,0.1,0.3303861618041992,local-ridge,0.9693251533742331,31.398549916551783,32.95634676554926,163
190,D4,random,TargetOnlyJKplus-exactJK+,20,0.1,0.3066267967224121,local-ridge,0.9386503067484663,32.62842731632018,33.94894044172364,163
190,D4,random,StackedOnlyCP,20,0.1,0.004999637603759766,stacked,0.9754601226993865,17.49046363613388,18.05437993865694,163
190,D4,random,TargetOnlyCP,20,0.1,0.002000093460083008,,1.0,59.413051702911616,59.413051702911616,163
190,D4,random,AdaptiveSplitCP,20,0.1,0.0010008811950683594,stacked,0.9386503067484663,19.00538374430778,20.05316646615138,163
190,D4,random,TransferCal-CP-affine-localsigma,20,0.1,0.002000093460083008,,0.9815950920245399,39.50839854390217,40.46329252228151,163
190,D4,covariate,SplitCP-source,20,0.1,0.0009992122650146484,,0.06748466257668712,3.637104270648116,212.22906009300186,163
190,D4,covariate,AdaptiveJackknifeCP,20,0.1,0.28774261474609375,stacked,0.9447852760736196,14.180932887729352,15.635308267277383,163
190,D4,covariate,AdaptiveJackknifeCP-exactJK+,20,0.1,0.29581189155578613,stacked,0.9263803680981595,12.60859602638739,15.206646357492744,163
190,D4,covariate,TargetOnlyJKplus,20,0.1,0.3020212650299072,local-ridge,0.9202453987730062,25.673004543522612,34.449434794218114,163
190,D4,covariate,TargetOnlyJKplus-exactJK+,20,0.1,0.3202977180480957,local-ridge,0.950920245398773,33.74403000271443,38.82320026008533,163
190,D4,covariate,StackedOnlyCP,20,0.1,0.006000041961669922,stacked,0.9447852760736196,14.180932887729352,15.635308267277383,163
190,D4,covariate,TargetOnlyCP,20,0.1,0.0015020370483398438,,0.950920245398773,36.60845724148778,41.069633919272356,163
190,D4,covariate,AdaptiveSplitCP,20,0.1,0.003005504608154297,stacked,0.9631901840490797,17.57192965568953,19.826728046080266,163
190,D4,covariate,TransferCal-CP-affine-localsigma,20,0.1,0.0020012855529785156,,0.9693251533742331,45.28932345301832,49.045746917455325,163
191,D1,strength_quartile,SplitCP-source,20,0.1,0.0,,0.07399347116430903,2.3599291111935514,182.07284865555548,919
191,D1,strength_quartile,AdaptiveJackknifeCP,20,0.1,0.31238269805908203,stacked,0.9934711643090316,69.46143720785778,69.78226218386777,919
191,D1,strength_quartile,AdaptiveJackknifeCP-exactJK+,20,0.1,0.3311426639556885,stacked,0.9945593035908596,73.7852820400516,74.20292322313591,919
191,D1,strength_quartile,TargetOnlyJKplus,20,0.1,0.3200376033782959,local-ridge,0.9815016322089227,77.14145646487717,78.15808087709908,919
191,D1,strength_quartile,TargetOnlyJKplus-exactJK+,20,0.1,0.32013940811157227,local-ridge,0.9357997823721437,57.18117761125193,67.31276802051396,919
191,D1,strength_quartile,StackedOnlyCP,20,0.1,0.00701451301574707,stacked,0.9934711643090316,69.46143720785778,69.78226218386777,919
191,D1,strength_quartile,TargetOnlyCP,20,0.1,0.0010025501251220703,,0.9967355821545157,353.878318167444,354.2605671723147,919
191,D1,strength_quartile,AdaptiveSplitCP,20,0.1,0.002000570297241211,stacked,0.9956474428726877,673.8188545954428,674.284833942352,919
191,D1,strength_quartile,TransferCal-CP-affine-localsigma,20,0.1,0.0019996166229248047,,0.9096844396082698,49.931662963672004,62.75021847750379,919
191,D1,random,SplitCP-source,20,0.1,0.0,,0.07399347116430903,2.3599291111935514,183.09150778800273,919
191,D1,random,AdaptiveJackknifeCP,20,0.1,0.32816529273986816,stacked,0.8705114254624592,37.33416706585673,50.83413056859972,919
191,D1,random,AdaptiveJackknifeCP-exactJK+,20,0.1,0.3230273723602295,stacked,0.9357997823721437,44.74578949417143,49.3464373997531,919
191,D1,random,TargetOnlyJKplus,20,0.1,0.3289651870727539,local-ridge,0.9510337323177367,52.0679048124497,56.10396204284544,919
191,D1,random,TargetOnlyJKplus-exactJK+,20,0.1,0.3434426784515381,local-ridge,0.9608269858541894,54.892125231795376,58.45582026565921,919
191,D1,random,StackedOnlyCP,20,0.1,0.004999637603759766,stacked,0.8705114254624592,37.33416706585673,50.83413056859972,919
191,D1,random,TargetOnlyCP,20,0.1,0.0010004043579101562,,0.9597388465723613,60.48133867310811,63.00219188705467,919
191,D1,random,AdaptiveSplitCP,20,0.1,0.0020020008087158203,stacked,0.8454842219804135,135.87743454894598,187.85974964873142,919
191,D1,random,TransferCal-CP-affine-localsigma,20,0.1,0.0009987354278564453,,0.7029379760609358,27.568908801685073,57.4044456857238,919
191,D1,covariate,SplitCP-source,20,0.1,0.0,,0.07399347116430903,2.3599291111935514,183.2152740539418,919
191,D1,covariate,AdaptiveJackknifeCP,20,0.1,0.3390021324157715,stacked,0.676822633297062,24.727284421829804,73.68353653944372,919
191,D1,covariate,AdaptiveJackknifeCP-exactJK+,20,0.1,0.34949755668640137,stacked,0.7616974972796517,29.764636326161312,60.880994261772905,919
191,D1,covariate,TargetOnlyJKplus,20,0.1,0.34476709365844727,local-ridge,0.9075081610446137,48.45790248821983,62.5173606447367,919
191,D1,covariate,TargetOnlyJKplus-exactJK+,20,0.1,0.3092615604400635,local-ridge,0.8944504896626768,46.11157961609586,63.57831886871166,919
191,D1,covariate,StackedOnlyCP,20,0.1,0.00599980354309082,stacked,0.676822633297062,24.727284421829804,73.68353653944372,919
191,D1,covariate,TargetOnlyCP,20,0.1,0.002000093460083008,,0.9738846572361263,128.73371778472395,140.47760901946725,919
191,D1,covariate,AdaptiveSplitCP,20,0.1,0.0020003318786621094,stacked,0.955386289445049,82.7313583620957,105.64799154496248,919
191,D1,covariate,TransferCal-CP-affine-localsigma,20,0.1,0.003000020980834961,,0.8737758433079434,35.4760937118216,46.98744713049653,919
191,D2,strength_quartile,SplitCP-source,20,0.1,0.0010004043579101562,,0.012048192771084338,3.2540797636274306,326.6437216062928,83
191,D2,strength_quartile,AdaptiveJackknifeCP,20,0.1,0.32439112663269043,stacked,0.963855421686747,25.868233504697553,29.284956758781217,83
191,D2,strength_quartile,AdaptiveJackknifeCP-exactJK+,20,0.1,0.3233911991119385,stacked,0.9518072289156626,20.60660887120812,26.110457975310176,83
191,D2,strength_quartile,TargetOnlyJKplus,20,0.1,0.3281893730163574,local-ridge,0.9518072289156626,19.689171440028158,24.616647019152552,83
191,D2,strength_quartile,TargetOnlyJKplus-exactJK+,20,0.1,0.3196232318878174,local-ridge,0.9397590361445783,18.58676818480021,24.224882406548343,83
191,D2,strength_quartile,StackedOnlyCP,20,0.1,0.00604557991027832,stacked,0.963855421686747,25.868233504697553,29.284956758781217,83
191,D2,strength_quartile,TargetOnlyCP,20,0.1,0.0010023117065429688,,0.891566265060241,20.75661631957938,28.552117074161156,83
191,D2,strength_quartile,AdaptiveSplitCP,20,0.1,0.0025320053100585938,stacked,0.9397590361445783,21.24522044625436,30.370260963461096,83
191,D2,strength_quartile,TransferCal-CP-affine-localsigma,20,0.1,0.0015094280242919922,,0.9036144578313253,22.583465892429185,32.27000277473638,83
191,D2,random,SplitCP-source,20,0.1,0.0010004043579101562,,0.012048192771084338,3.2540797636274306,334.7332515418203,83
191,D2,random,AdaptiveJackknifeCP,20,0.1,0.3188786506652832,stacked,0.963855421686747,20.847916256953326,25.393889698436354,83
191,D2,random,AdaptiveJackknifeCP-exactJK+,20,0.1,0.3200998306274414,stacked,0.963855421686747,20.57276736690597,24.568373904113106,83
191,D2,random,TargetOnlyJKplus,20,0.1,0.32632875442504883,local-ridge,0.9518072289156626,20.327946305822397,23.46792402906661,83
191,D2,random,TargetOnlyJKplus-exactJK+,20,0.1,0.31601572036743164,local-ridge,0.9397590361445783,19.051447889575645,22.926135574768455,83
191,D2,random,StackedOnlyCP,20,0.1,0.00599980354309082,stacked,0.963855421686747,20.847916256953326,25.393889698436354,83
191,D2,random,TargetOnlyCP,20,0.1,0.0009999275207519531,,0.9156626506024096,23.77213327910077,27.12378331542766,83
191,D2,random,AdaptiveSplitCP,20,0.1,0.0015022754669189453,stacked,0.9518072289156626,28.81258425195066,30.630469822383123,83
191,D2,random,TransferCal-CP-affine-localsigma,20,0.1,0.001003265380859375,,0.8674698795180723,27.794500128228428,38.06216407218872,83
191,D2,covariate,SplitCP-source,20,0.1,0.0009999275207519531,,0.012048192771084338,3.2540797636274306,344.15346962423484,83
191,D2,covariate,AdaptiveJackknifeCP,20,0.1,0.30289220809936523,stacked,0.891566265060241,17.047925189234174,28.485317585276317,83
191,D2,covariate,AdaptiveJackknifeCP-exactJK+,20,0.1,0.3662238121032715,stacked,0.9036144578313253,19.398693880589764,25.728578019114693,83
191,D2,covariate,TargetOnlyJKplus,20,0.1,0.3240959644317627,local-ridge,0.891566265060241,16.595093002876272,22.81134641023777,83
191,D2,covariate,TargetOnlyJKplus-exactJK+,20,0.1,0.34046435356140137,local-ridge,0.8554216867469879,15.280149217154975,23.19481235456466,83
191,D2,covariate,StackedOnlyCP,20,0.1,0.005999565124511719,stacked,0.891566265060241,17.047925189234174,28.485317585276317,83
191,D2,covariate,TargetOnlyCP,20,0.1,0.002000093460083008,,0.927710843373494,17.1841326099262,22.15963420479047,83
191,D2,covariate,AdaptiveSplitCP,20,0.1,0.002000570297241211,stacked,0.927710843373494,22.828762647313507,27.41986139430491,83
191,D2,covariate,TransferCal-CP-affine-localsigma,20,0.1,0.002507925033569336,,0.9879518072289156,36.94458452380215,37.92024221653316,83
191,D4,strength_quartile,SplitCP-source,20,0.1,0.0010013580322265625,,0.06748466257668712,3.048223467454534,219.70949805556558,163
191,D4,strength_quartile,AdaptiveJackknifeCP,20,0.1,0.30501556396484375,stacked,0.8773006134969326,11.741543810834456,16.20808594781647,163
191,D4,strength_quartile,AdaptiveJackknifeCP-exactJK+,20,0.1,0.3018605709075928,stacked,0.8404907975460123,11.031641564525927,17.089978815278332,163
191,D4,strength_quartile,TargetOnlyJKplus,20,0.1,0.3275904655456543,local-ridge,0.8588957055214724,25.64310156318931,42.40122423763882,163
191,D4,strength_quartile,TargetOnlyJKplus-exactJK+,20,0.1,0.31980156898498535,local-ridge,0.8282208588957055,23.225392515066133,43.133550052022336,163
191,D4,strength_quartile,StackedOnlyCP,20,0.1,0.005999565124511719,stacked,0.8773006134969326,11.741543810834456,16.20808594781647,163
191,D4,strength_quartile,TargetOnlyCP,20,0.1,0.0010001659393310547,,0.9386503067484663,46.015524963208975,52.00017891563649,163
191,D4,strength_quartile,AdaptiveSplitCP,20,0.1,0.0029993057250976562,stacked,0.8588957055214724,14.212820070255246,19.999095503311,163
191,D4,strength_quartile,TransferCal-CP-affine-localsigma,20,0.1,0.0015032291412353516,,0.9815950920245399,49.64171993992676,51.46246247359683,163
191,D4,random,SplitCP-source,20,0.1,0.0010001659393310547,,0.06748466257668712,3.048223467454534,216.27798756179436,163
191,D4,random,AdaptiveJackknifeCP,20,0.1,0.31520724296569824,stacked,0.7791411042944786,8.89387644743184,17.31864996306261,163
191,D4,random,AdaptiveJackknifeCP-exactJK+,20,0.1,0.368877649307251,stacked,0.8159509202453987,8.949503564250199,16.592171149017823,163
191,D4,random,TargetOnlyJKplus,20,0.1,0.3262660503387451,local-ridge,0.9754601226993865,40.61763800133962,43.13203735546084,163
191,D4,random,TargetOnlyJKplus-exactJK+,20,0.1,0.32706665992736816,local-ridge,0.950920245398773,36.85105035811394,41.460955626979406,163
191,D4,random,StackedOnlyCP,20,0.1,0.005141019821166992,stacked,0.7791411042944786,8.89387644743184,17.31864996306261,163
191,D4,random,TargetOnlyCP,20,0.1,0.001501321792602539,,0.9570552147239264,35.978778418059846,39.61337705196736,163
191,D4,random,AdaptiveSplitCP,20,0.1,0.0020029544830322266,stacked,0.8098159509202454,10.306371770660634,20.90633090953351,163
191,D4,random,TransferCal-CP-affine-localsigma,20,0.1,0.0020008087158203125,,0.9754601226993865,43.95963832122923,45.83130472246513,163
191,D4,covariate,SplitCP-source,20,0.1,0.0010004043579101562,,0.06748466257668712,3.048223467454534,218.56962346708198,163
191,D4,covariate,AdaptiveJackknifeCP,20,0.1,0.3304579257965088,stacked,0.9877300613496932,16.22521215256528,16.43289820150787,163
191,D4,covariate,AdaptiveJackknifeCP-exactJK+,20,0.1,0.3219034671783447,stacked,0.9631901840490797,15.218464807439936,15.938938853867223,163
191,D4,covariate,TargetOnlyJKplus,20,0.1,0.36502623558044434,local-ridge,0.9447852760736196,30.10106489357189,35.80793302535378,163
191,D4,covariate,TargetOnlyJKplus-exactJK+,20,0.1,0.35532641410827637,local-ridge,0.9202453987730062,29.63597514237221,36.750497014990486,163
191,D4,covariate,StackedOnlyCP,20,0.1,0.003000020980834961,stacked,0.9877300613496932,16.22521215256528,16.43289820150787,163
191,D4,covariate,TargetOnlyCP,20,0.1,0.0020008087158203125,,0.8588957055214724,21.779685731735253,36.40048748187238,163
191,D4,covariate,AdaptiveSplitCP,20,0.1,0.001003265380859375,stacked,0.9570552147239264,16.42164585014497,17.291110815822265,163
191,D4,covariate,TransferCal-CP-affine-localsigma,20,0.1,0.0019998550415039062,,0.852760736196319,27.297660192770604,44.009408282905405,163
