method,alpha,nominal_coverage,empirical_coverage,coverage_error,mean_interval_width,normalized_width,winkler_score,rmse,mae,r_squared,inference_time_sec,guarantee_scope,guaranteed,fold,fold_idx,seed,K,fit_time_sec
CQR-target,0.1,0.9,0.9532100108813928,0.053210010881392766,282.1290539845003,3.696175212204095,384.40284240094337,73.98418489348992,49.039638939370484,-18.8980280963311,0.0,target,True,D1,0,142,20,1.5685958862304688
GPR-target,0.1,0.9,0.2589771490750816,0.6410228509249184,6.7988739013671875,0.08907210664845365,127.11517575671805,11.822161942661003,8.968991234523038,0.49192706444638934,0.013509988784790039,none,False,D1,0,142,20,1.5685958862304688
GPR-transfer,0.1,0.9,0.35690968443960824,0.5430903155603918,9.021524857385115,0.11819107632913933,96.67267125242364,10.218604527712206,8.053621986841817,0.6204094111668838,0.009000062942504883,none,False,D1,0,142,20,1.5685958862304688
TabPFN-target,0.1,0.9,0.9782372143634385,0.07823721436343845,52.18173599243164,0.6836333811816496,54.9648015160296,11.097788482890508,8.491449686367961,0.5522813977282933,0.288557767868042,target,True,D1,0,142,20,1.5685958862304688
WeightedCP-v2,0.1,0.9,0.12187159956474429,0.7781284004352558,3.997150019129551,0.052366697479443,166.2460567033633,12.060980348811773,9.981168768838163,0.4711926624369436,0.0029985904693603516,source,True,D1,0,142,20,1.5685958862304688
JKplus-source,0.1,0.9,0.6855277475516867,0.21447225244831336,24.983439321436265,0.32730825780378864,61.042302278311546,11.992646482916394,9.997328861248072,0.4771678124470444,0.0,source,True,D1,0,142,20,1.5685958862304688
CQR-target,0.1,0.9,0.9518072289156626,0.051807228915662584,37.19219405136953,1.048849239731558,42.1731420960441,8.72313777334494,6.337428724731414,-0.36080871255107394,0.0,target,True,D2,1,142,20,3.288116455078125
GPR-target,0.1,0.9,0.4457831325301205,0.45421686746987955,6.094261169433594,0.17186297709292062,48.15492846477462,5.86389595514008,4.447028379325407,0.38507219707855944,0.004504680633544922,none,False,D2,1,142,20,3.288116455078125
GPR-transfer,0.1,0.9,0.5542168674698795,0.3457831325301205,6.606664525457175,0.18631315633372939,24.392862327477886,3.992671356048765,3.2840992646742833,0.7149121256631596,0.004000663757324219,none,False,D2,1,142,20,3.288116455078125
TabPFN-target,0.1,0.9,0.9759036144578314,0.07590361445783134,17.65127182006836,0.4977798030200385,17.876258900653884,3.5350646674521267,2.521066147218267,0.776516047690401,0.2691783905029297,target,True,D2,1,142,20,3.288116455078125
WeightedCP-v2,0.1,0.9,0.6867469879518072,0.2132530120481928,77.68112352334293,2.1906690214731035,138.9298969407438,17.748953274483036,16.733197871482755,-4.6337440161911365,0.0019979476928710938,source,True,D2,1,142,20,3.288116455078125
JKplus-source,0.1,0.9,0.18072289156626506,0.7192771084337349,21.571014564244603,0.6083196434901695,162.81368589569743,18.26156422596039,16.843624662085098,-4.963861754067106,0.0,source,True,D2,1,142,20,3.288116455078125
CQR-target,0.1,0.9,0.901840490797546,0.0018404907975460016,39.811643244762095,0.6870800640003827,53.65885415450553,11.359114685667214,8.243249904470312,0.20758167508304304,0.0,target,True,D4,2,142,20,3.3035166263580322
GPR-target,0.1,0.9,0.3803680981595092,0.5196319018404908,6.309240818023682,0.10888657768759333,89.86040983768302,9.602816876713373,6.68151610201692,0.43367877912508723,0.008999347686767578,none,False,D4,2,142,20,3.3035166263580322
GPR-transfer,0.1,0.9,0.4539877300613497,0.44601226993865034,6.894846933751018,0.1189931257895959,47.699524001142564,5.961077595443657,4.676930839493734,0.7817696789239785,0.0070002079010009766,none,False,D4,2,142,20,3.3035166263580322
TabPFN-target,0.1,0.9,0.9079754601226994,0.00797546012269934,34.999393463134766,0.6040289608942242,41.03559080748918,8.816945753918876,6.482456538009031,0.5225786031833619,0.258131742477417,target,True,D4,2,142,20,3.3035166263580322
WeightedCP-v2,0.1,0.9,0.04294478527607362,0.8570552147239264,3.2180130222418413,0.05553733564029383,215.23157742756652,13.931884510869939,12.178170679878514,-0.19202475026053012,0.0030007362365722656,source,True,D4,2,142,20,3.3035166263580322
JKplus-source,0.1,0.9,0.7177914110429447,0.18220858895705527,22.183036286637634,0.3828408161361458,48.84913291084893,9.952757489527524,8.22916486731111,0.3916515782672384,0.0,source,True,D4,2,142,20,3.3035166263580322
CQR-target,0.1,0.9,0.7453754080522307,0.15462459194776934,68.03517310890061,0.8913293999736319,161.29569584942104,31.90875298464012,25.027039895269546,-2.6626662858973,0.0010004043579101562,target,True,D1,0,143,20,1.5339877605438232
GPR-target,0.1,0.9,0.19804134929270947,0.7019586507072906,6.834841728210449,0.08954332146357942,201.10465693489385,17.459871505963317,12.817348288950127,-0.09662911833825683,0.00899958610534668,none,False,D1,0,143,20,1.5339877605438232
GPR-transfer,0.1,0.9,0.3101196953210011,0.5898803046789989,9.076388875859607,0.11890985031665806,114.48752540332521,11.210985050269015,9.055033717102098,0.547868012395759,0.007999897003173828,none,False,D1,0,143,20,1.5339877605438232
TabPFN-target,0.1,0.9,0.8944504896626768,0.005549510337323205,49.003780364990234,0.6419989566169297,65.58838236728872,14.877445542901578,11.469117294660201,0.20377753762617745,0.2669253349304199,target,True,D1,0,143,20,1.5339877605438232
WeightedCP-v2,0.1,0.9,0.12295973884657237,0.7770402611534276,4.854598616801461,0.06360013908247687,171.58494067203148,12.118841048334328,10.003247621471758,0.47167657696596954,0.002999544143676758,source,True,D1,0,143,20,1.5339877605438232
JKplus-source,0.1,0.9,0.6800870511425462,0.21991294885745383,24.986519290300865,0.3273486085029134,61.95644338160001,12.078506106939146,10.072831848155,0.47518754497582416,0.0,source,True,D1,0,143,20,1.5339877605438232
CQR-target,0.1,0.9,0.8072289156626506,0.09277108433734937,16.392334016874926,0.3965247705106356,29.11043109410777,6.445681698427709,5.109343335673366,0.32132880264609887,0.0,target,True,D2,1,143,20,3.394425392150879
GPR-target,0.1,0.9,0.43373493975903615,0.46626506024096387,6.008788108825684,0.14535046220058487,48.55128107875227,6.048367836636208,4.350467918120234,0.402417187182061,0.007999181747436523,none,False,D2,1,143,20,3.394425392150879
GPR-transfer,0.1,0.9,0.5903614457831325,0.3096385542168675,6.214822499148817,0.1503343613363685,31.887912308729142,4.676004267978563,3.3305348151575624,0.6428328524576219,0.0069997310638427734,none,False,D2,1,143,20,3.394425392150879
TabPFN-target,0.1,0.9,0.963855421686747,0.06385542168674696,29.053199768066406,0.7027866415345558,31.71405178207949,6.780607258085695,5.1710080378888605,0.24896722849663444,0.2539963722229004,target,True,D2,1,143,20,3.394425392150879
WeightedCP-v2,0.1,0.9,0.5903614457831325,0.3096385542168675,291.6267120947855,7.054347170397726,380.46677460089217,19.985831835545486,18.767216527452685,-5.524784393404272,0.0019998550415039062,source,True,D2,1,143,20,3.394425392150879
JKplus-source,0.1,0.9,0.18072289156626506,0.7192771084337349,21.530533337315344,0.5208159973901109,164.55554177411696,18.361524956604597,16.902049728264938,-4.507305930092259,0.0,source,True,D2,1,143,20,3.394425392150879
CQR-target,0.1,0.9,0.9386503067484663,0.03865030674846626,29.00753270545321,0.5036445259168328,31.92958452669866,7.464740360010974,5.991377889715105,0.6563630429598191,0.0,target,True,D4,2,143,20,3.2600486278533936
GPR-target,0.1,0.9,0.4110429447852761,0.48895705521472393,6.28540563583374,0.10913062388995812,99.70817896756066,10.701536097147942,7.161313597695609,0.2937431178001798,0.007999658584594727,none,False,D4,2,143,20,3.2600486278533936
GPR-transfer,0.1,0.9,0.50920245398773,0.39079754601227,7.344335637940951,0.12751634129329092,41.7897509218249,5.677200427478445,4.357513932865156,0.8012354613476189,0.006999492645263672,none,False,D4,2,143,20,3.2600486278533936
TabPFN-target,0.1,0.9,0.8343558282208589,0.06564417177914117,25.410030364990234,0.4411827378307832,48.93903605981308,9.766204930444815,7.267317333223272,0.41180393110815494,0.258392333984375,target,True,D4,2,143,20,3.2600486278533936
WeightedCP-v2,0.1,0.9,0.03680981595092025,0.8631901840490798,2.8323930348226773,0.04917754507832482,185.33936120634561,12.10655303461003,10.507794365849907,0.09611855935988334,0.0035092830657958984,source,True,D4,2,143,20,3.2600486278533936
JKplus-source,0.1,0.9,0.7239263803680982,0.17607361963190182,22.185264826786838,0.38519260839878006,48.263646019691315,9.930470670318892,8.255829336299566,0.39185083116958175,0.0,source,True,D4,2,143,20,3.2600486278533936
CQR-target,0.1,0.9,0.970620239390642,0.07062023939064199,200.14221300902145,2.622064889071149,206.94494874936046,36.31762191619318,25.06852818929695,-3.7573946468052375,0.0010001659393310547,target,True,D1,0,144,20,1.532104253768921
GPR-target,0.1,0.9,0.24156692056583243,0.6584330794341676,6.744827747344971,0.08836404751030173,147.5238995248008,13.498134729167221,10.010727453802563,0.3428237034248395,0.007999897003173828,none,False,D1,0,144,20,1.532104253768921
GPR-transfer,0.1,0.9,0.3057671381936888,0.5942328618063113,9.760735274139504,0.12787547848631928,113.11787396559482,11.505793095949691,9.277097730736692,0.5225064677261484,0.010000228881835938,none,False,D1,0,144,20,1.532104253768921
TabPFN-target,0.1,0.9,0.9140369967355821,0.014036996735582119,45.79928970336914,0.6000168963365515,56.8358898947366,12.997990561458844,10.012386307617787,0.39062194840813336,0.27666735649108887,target,True,D1,0,144,20,1.532104253768921
WeightedCP-v2,0.1,0.9,0.09466811751904244,0.8053318824809576,3.6748221964916885,0.048143877846328446,172.3242784344893,11.988035680892084,10.005613755011295,0.4816412580873002,0.0030012130737304688,source,True,D1,0,144,20,1.532104253768921
JKplus-source,0.1,0.9,0.6844396082698585,0.21556039173014152,24.979639997719087,0.32725848283042713,61.1514131226301,12.002361316701123,10.010332915577774,0.4804016462511753,0.0,source,True,D1,0,144,20,1.532104253768921
CQR-target,0.1,0.9,0.9518072289156626,0.051807228915662584,30.583788249495008,0.7398110363351934,33.721846805424406,7.961490407141455,6.44775514588682,0.0017878871506573635,0.0,target,True,D2,1,144,20,3.4175872802734375
GPR-target,0.1,0.9,0.3493975903614458,0.5506024096385542,6.144609451293945,0.1486359325062309,73.0189783624856,7.674073778462526,5.915475378381201,0.07255957134035773,0.009002923965454102,none,False,D2,1,144,20,3.4175872802734375
GPR-transfer,0.1,0.9,0.4819277108433735,0.41807228915662653,6.562251573585602,0.15873854794383685,43.804487316032194,5.703058614981505,4.364522635755015,0.48778799432290465,0.007505655288696289,none,False,D2,1,144,20,3.4175872802734375
TabPFN-target,0.1,0.9,0.9156626506024096,0.015662650602409567,14.35876178741455,0.3473333764862413,17.980278460950736,4.214069708349966,3.2079194466464487,0.7203353889593025,0.258056640625,target,True,D2,1,144,20,3.4175872802734375
WeightedCP-v2,0.1,0.9,0.6867469879518072,0.2132530120481928,76.62781831118721,1.8535998619412484,134.84703251692616,19.534336853901085,18.1156454424061,-5.00940436667211,0.0019991397857666016,source,True,D2,1,144,20,3.4175872802734375
JKplus-source,0.1,0.9,0.18072289156626506,0.7192771084337349,21.498265761326152,0.5200354561230236,172.13500256393942,18.761165979919383,17.227406308257713,-4.543113031831901,0.0,source,True,D2,1,144,20,3.4175872802734375
CQR-target,0.1,0.9,0.9141104294478528,0.01411042944785279,29.27325590799508,0.5082581563737294,37.55134298962081,8.147438540320929,5.822799893610064,0.5763834303016033,0.001001596450805664,target,True,D4,2,144,20,3.3217504024505615
GPR-target,0.1,0.9,0.38650306748466257,0.5134969325153375,6.397700786590576,0.11108035324267392,84.1565747007176,9.353228674765312,6.433200780084678,0.44171770152148115,0.0049974918365478516,none,False,D4,2,144,20,3.3217504024505615
GPR-transfer,0.1,0.9,0.6687116564417178,0.2312883435582822,7.702759365362624,0.13373948857395215,25.715415517739352,4.402581004774203,3.33362167418101,0.8763069028636461,0.004999876022338867,none,False,D4,2,144,20,3.3217504024505615
TabPFN-target,0.1,0.9,0.9877300613496932,0.08773006134969319,56.910987854003906,0.9881194580813144,57.19144707414456,7.835390853528793,5.651439292425747,0.6082111397042629,0.25080347061157227,target,True,D4,2,144,20,3.3217504024505615
WeightedCP-v2,0.1,0.9,0.07975460122699386,0.8202453987730062,3.6376148220879316,0.06315824276202937,188.13047859934417,12.736159395446384,10.992081504134697,-0.03516057794331506,0.0019915103912353516,source,True,D4,2,144,20,3.3217504024505615
JKplus-source,0.1,0.9,0.7177914110429447,0.18220858895705527,22.204922027039565,0.38553390737800264,48.371500630409734,10.025113168194876,8.409644087564303,0.358628997749154,0.0,source,True,D4,2,144,20,3.3217504024505615
CQR-target,0.1,0.9,0.9978237214363439,0.09782372143634388,696.0844296620745,9.119408221811614,696.3624459752349,70.3179668875512,40.9672444712408,-16.984270139742087,0.0009999275207519531,target,True,D1,0,145,20,1.491966724395752
GPR-target,0.1,0.9,0.23939064200217627,0.6606093579978237,6.985066890716553,0.09151142263594182,136.95798929855795,12.16638341040548,9.595629269389256,0.46162708371412176,0.009000062942504883,none,False,D1,0,145,20,1.491966724395752
GPR-transfer,0.1,0.9,0.3025027203482046,0.5974972796517954,8.815269152669314,0.11548891853156591,100.5088758139233,10.157578331600288,8.32674159895306,0.6247328345645449,0.008999824523925781,none,False,D1,0,145,20,1.491966724395752
TabPFN-target,0.1,0.9,0.998911860718172,0.09891186071817193,84.43916320800781,1.1062382182227883,84.48217856455939,14.20919132465406,11.108134243522038,0.2656570487266371,0.2724275588989258,target,True,D1,0,145,20,1.491966724395752
WeightedCP-v2,0.1,0.9,0.07181719260065289,0.8281828073993471,2.7506943489722206,0.036036870805867316,171.57764074043487,11.79020464105134,9.765809846351635,0.4944048574417411,0.004999876022338867,source,True,D1,0,145,20,1.491966724395752
JKplus-source,0.1,0.9,0.6833514689880305,0.21664853101196957,24.98150081177803,0.3272828613717438,61.27618188470648,12.012392397678992,10.008585374364717,0.47516930450104977,0.0,source,True,D1,0,145,20,1.491966724395752
CQR-target,0.1,0.9,0.9156626506024096,0.015662650602409567,69.22466068087809,1.6745200934720097,81.67782689055123,16.608794744896027,11.308599294547246,-3.6134370082735163,0.0,target,True,D2,1,145,20,3.311095714569092
GPR-target,0.1,0.9,0.5301204819277109,0.36987951807228914,6.183756351470947,0.14958288219581803,46.92463540226581,6.022522928797976,4.285334408311959,0.3933959810702884,0.00800013542175293,none,False,D2,1,145,20,3.311095714569092
GPR-transfer,0.1,0.9,0.5903614457831325,0.3096385542168675,6.629937815378947,0.16037585422775008,27.65789048187735,4.395727780320123,3.279641780989736,0.6768457008086559,0.008000373840332031,none,False,D2,1,145,20,3.311095714569092
TabPFN-target,0.1,0.9,0.9518072289156626,0.051807228915662584,18.57978630065918,0.4494384687025833,22.422206800529754,4.596529369525485,3.3034301482051247,0.646647280699892,0.29184722900390625,target,True,D2,1,145,20,3.311095714569092
WeightedCP-v2,0.1,0.9,0.5783132530120482,0.32168674698795185,39.434943775998015,0.9539173625171465,135.2242841471357,19.11839860935136,18.052333621985113,-5.112957599843828,0.002000570297241211,source,True,D2,1,145,20,3.311095714569092
JKplus-source,0.1,0.9,0.1686746987951807,0.7313253012048193,21.540865266569085,0.5210659231097828,168.3904711267462,18.544659529411152,17.090593079672875,-4.751565734761253,0.0,source,True,D2,1,145,20,3.311095714569092
CQR-target,0.1,0.9,0.9938650306748467,0.09386503067484664,34.13155333885369,0.5890515422414137,34.18236749195924,4.672742737593485,3.5424891012355797,0.8556814926120342,0.0,target,True,D4,2,145,20,3.365756034851074
GPR-target,0.1,0.9,0.4294478527607362,0.4705521472392638,6.272489547729492,0.10825231436440962,60.47778410413979,6.8941700892005455,5.1206511755905515,0.6858462313643363,0.0069997310638427734,none,False,D4,2,145,20,3.365756034851074
GPR-transfer,0.1,0.9,0.4110429447852761,0.48895705521472393,7.702455245644037,0.13293104759832963,63.439054184033125,7.228374632672253,5.739192260581305,0.6546498949768647,0.006999969482421875,none,False,D4,2,145,20,3.365756034851074
TabPFN-target,0.1,0.9,0.9263803680981595,0.026380368098159468,22.06486701965332,0.3808014190928413,27.902356826939553,6.4138445346207025,4.941175224760893,0.7280962834298604,0.2921144962310791,target,True,D4,2,145,20,3.365756034851074
WeightedCP-v2,0.1,0.9,0.06134969325153374,0.8386503067484663,3.6860548161785327,0.06361492700611081,209.22917274140787,13.737427498671309,12.048447352569996,-0.24735224477980333,0.002999544143676758,source,True,D4,2,145,20,3.365756034851074
JKplus-source,0.1,0.9,0.7177914110429447,0.18220858895705527,22.19849752523148,0.3831076503569107,49.74004347888249,10.089124370369406,8.386007708608867,0.32720115448756826,0.0,source,True,D4,2,145,20,3.365756034851074
CQR-target,0.1,0.9,0.9619151251360174,0.06191512513601738,82.47935285269033,1.0805627255585577,90.1551692344623,17.674219788658664,13.192292011458841,-0.13187880900202753,0.00099945068359375,target,True,D1,0,146,20,1.564028263092041
GPR-target,0.1,0.9,0.2535364526659412,0.6464635473340588,6.768103122711182,0.08866897840723821,140.80552450456088,12.596050193918291,9.670534459467943,0.42510544999764865,0.008999824523925781,none,False,D1,0,146,20,1.564028263092041
GPR-transfer,0.1,0.9,0.35473340587595215,0.5452665941240479,9.124056812469018,0.11953434837250983,106.24949492431895,11.046034532625042,8.545479403894683,0.5578880847905308,0.009999752044677734,none,False,D1,0,146,20,1.564028263092041
TabPFN-target,0.1,0.9,0.9477693144722524,0.04776931447225241,53.78749465942383,0.7046704395699873,57.61887154812652,12.145982358628368,9.259619964583006,0.4654544501092769,0.29214024543762207,target,True,D1,0,146,20,1.564028263092041
WeightedCP-v2,0.1,0.9,0.09684439608269858,0.8031556039173015,3.399522644777827,0.04453717600330742,173.01983986029646,11.90608650761602,9.858208446335905,0.486361588884752,0.0029973983764648438,source,True,D1,0,146,20,1.564028263092041
JKplus-source,0.1,0.9,0.6844396082698585,0.21556039173014152,24.983278847694358,0.3273061554358876,61.276270752947966,12.00553627408249,9.99373455230898,0.47774506205026956,0.0,source,True,D1,0,146,20,1.564028263092041
CQR-target,0.1,0.9,1.0,0.09999999999999998,103.47789958257594,2.918158475843045,103.47789958257594,9.695853551145317,7.061420095376368,-0.654511880928375,0.0,target,True,D2,1,146,20,3.3038227558135986
GPR-target,0.1,0.9,0.5783132530120482,0.32168674698795185,6.148306369781494,0.1733870944175867,32.75093501676996,4.697101801078242,3.5950434994984817,0.6117086270976677,0.005000114440917969,none,False,D2,1,146,20,3.3038227558135986
GPR-transfer,0.1,0.9,0.6144578313253012,0.28554216867469884,6.428031754780965,0.18127557114969572,18.915135565801375,3.4244811337485244,2.80903277630576,0.7936106175081203,0.005003213882446289,none,False,D2,1,146,20,3.3038227558135986
TabPFN-target,0.1,0.9,1.0,0.09999999999999998,15.9150390625,0.4488166683026462,15.915039016539792,2.5153244983243956,1.9540033179593372,0.8886511240618099,0.2501258850097656,target,True,D2,1,146,20,3.3038227558135986
WeightedCP-v2,0.1,0.9,0.6746987951807228,0.22530120481927718,106.86503961299817,3.01367849923467,178.40439129213485,19.894088201195927,19.14441643726462,-5.9653969907347175,0.0019991397857666016,source,True,D2,1,146,20,3.3038227558135986
JKplus-source,0.1,0.9,0.1686746987951807,0.7313253012048193,21.519953610211065,0.6068796842679716,167.8748341739491,18.543734886435747,17.21111335919638,-5.051906576883271,0.0,source,True,D2,1,146,20,3.3038227558135986
CQR-target,0.1,0.9,0.9754601226993865,0.07546012269938651,35.615228806074654,0.6146572131429305,38.58895515013219,4.868712990178184,3.895186215230772,0.8543889106517101,0.0,target,True,D4,2,146,20,3.4207470417022705
GPR-target,0.1,0.9,0.4171779141104294,0.4828220858895706,6.3352274894714355,0.10933506266400356,85.10960427364785,9.358438556213764,6.456213284608148,0.4620116266404827,0.004999399185180664,none,False,D4,2,146,20,3.4207470417022705
GPR-transfer,0.1,0.9,0.6257668711656442,0.2742331288343558,7.476449033234017,0.12903057150060937,37.5818587660489,5.481831588563752,4.103185073107837,0.8154060420612376,0.004999876022338867,none,False,D4,2,146,20,3.4207470417022705
TabPFN-target,0.1,0.9,0.9693251533742331,0.06932515337423306,29.583181381225586,0.510554513708038,32.435227343578234,6.191373969268019,4.760721316288603,0.7645275094213373,0.23904657363891602,target,True,D4,2,146,20,3.4207470417022705
WeightedCP-v2,0.1,0.9,0.06134969325153374,0.8386503067484663,2.909295765016496,0.050209410049573085,200.24574626418848,12.933768548820114,11.276934131077661,-0.02758149173263269,0.001505136489868164,source,True,D4,2,146,20,3.4207470417022705
JKplus-source,0.1,0.9,0.7116564417177914,0.1883435582822086,22.191185038149257,0.3829814494849304,49.411526708235584,10.022795079181403,8.298915943242498,0.3829166824655854,0.0,source,True,D4,2,146,20,3.4207470417022705
CQR-target,0.1,0.9,0.998911860718172,0.09891186071817193,81.87079140344784,1.0725899566713213,81.92499849134282,12.047337100396122,9.907743367584082,0.4753655042902025,0.0009987354278564453,target,True,D1,0,147,20,1.4834821224212646
GPR-target,0.1,0.9,0.20239390642002175,0.6976060935799783,6.717626094818115,0.08800767842182679,143.55330588244252,12.331780793853543,9.898783476604342,0.4502992746311405,0.007997751235961914,none,False,D1,0,147,20,1.4834821224212646
GPR-transfer,0.1,0.9,0.3177366702937976,0.5822633297062024,9.196714324971927,0.12048623508144983,106.96746352328081,10.874710425327638,8.729240383902171,0.5725255914173317,0.007554769515991211,none,False,D1,0,147,20,1.4834821224212646
TabPFN-target,0.1,0.9,0.9978237214363439,0.09782372143634388,69.04132080078125,0.9045109497148716,69.13739161112623,12.326143672983532,9.980156927513478,0.45080171969325467,0.2644009590148926,target,True,D1,0,147,20,1.4834821224212646
WeightedCP-v2,0.1,0.9,0.08161044613710555,0.8183895538628945,2.843935406410959,0.03725842271765197,177.4136049999932,12.146210173488287,10.093734041470888,0.4667187662891219,0.0029947757720947266,source,True,D1,0,147,20,1.4834821224212646
JKplus-source,0.1,0.9,0.6822633297062024,0.21773667029379762,24.986559081110432,0.32734912980265873,61.60596096970858,12.049991830439522,10.051535269374613,0.4751342637431246,0.0,source,True,D1,0,147,20,1.4834821224212646
CQR-target,0.1,0.9,0.8433734939759037,0.05662650602409636,11.799990434653978,0.28543760115625544,18.77485161071655,4.112146293225606,3.0464492759192265,0.7382411000050635,0.0,target,True,D2,1,147,20,3.345599412918091
GPR-target,0.1,0.9,0.43373493975903615,0.46626506024096387,6.125431537628174,0.1481720255478097,60.17145144680896,6.963732560639158,4.982535097053251,0.2493309482912277,0.007999897003173828,none,False,D2,1,147,20,3.345599412918091
GPR-transfer,0.1,0.9,0.5662650602409639,0.3337349397590361,6.421557340277246,0.1553352041297507,35.02320980998838,4.932088264027731,3.6660842791652573,0.6234470765090648,0.006997585296630859,none,False,D2,1,147,20,3.345599412918091
TabPFN-target,0.1,0.9,0.8554216867469879,0.04457831325301209,12.216717720031738,0.29551808701201154,17.557266308887893,4.039744999301484,3.130115111937005,0.7473773726430017,0.27301692962646484,target,True,D2,1,147,20,3.345599412918091
WeightedCP-v2,0.1,0.9,0.6506024096385542,0.24939759036144582,125.82085537855549,3.0435620548650184,204.04522726058116,19.320781832911784,18.12188277690239,-4.778481626309242,0.0020008087158203125,source,True,D2,1,147,20,3.345599412918091
JKplus-source,0.1,0.9,0.1686746987951807,0.7313253012048193,21.492821855591753,0.5199037699659582,169.59408056382296,18.63484342414663,17.148138030348203,-4.375462538838082,0.0,source,True,D2,1,147,20,3.345599412918091
CQR-target,0.1,0.9,0.9815950920245399,0.08159509202453985,78.53625261408583,1.355399804541747,79.6472534561556,12.20852871771693,9.488693355522827,0.08533580799412821,0.0,target,True,D4,2,147,20,3.310291290283203
GPR-target,0.1,0.9,0.3803680981595092,0.5196319018404908,6.155453205108643,0.10623246963496896,87.60471099135717,9.517275985492978,6.463381100917904,0.4441464985352842,0.007999658584594727,none,False,D4,2,147,20,3.310291290283203
GPR-transfer,0.1,0.9,0.5276073619631901,0.3723926380368099,6.972515337306298,0.1203335480212904,43.511091877970465,5.880117319410153,4.27937630194061,0.7878187510732495,0.005000114440917969,none,False,D4,2,147,20,3.310291290283203
TabPFN-target,0.1,0.9,0.8834355828220859,0.016564417177914126,20.34148597717285,0.35105884479906824,28.613466152013142,6.490010500696147,4.875348309080376,0.7415206707364447,0.23035669326782227,target,True,D4,2,147,20,3.310291290283203
WeightedCP-v2,0.1,0.9,0.03680981595092025,0.8631901840490798,2.7889644920268535,0.048132700524204555,215.48721903821897,13.706149786182372,12.005699440001711,-0.15283184970075814,0.002001523971557617,source,True,D4,2,147,20,3.310291290283203
JKplus-source,0.1,0.9,0.7361963190184049,0.16380368098159515,22.210425003490872,0.38331349798986175,46.70741499258611,9.789818360372086,8.177124939963672,0.41185516549077616,0.0,source,True,D4,2,147,20,3.310291290283203
CQR-target,0.1,0.9,0.9673558215451578,0.06735582154515773,153.64262206775064,2.0128733400710326,175.911019563657,32.35619811780305,22.3381895844538,-2.8129304311277736,0.001219034194946289,target,True,D1,0,148,20,1.6135308742523193
GPR-target,0.1,0.9,0.22633297062023938,0.6736670293797606,6.743492603302002,0.08834655577647763,148.22127483479997,13.544892689360681,10.08286261611457,0.3318175773408061,0.008510112762451172,none,False,D1,0,148,20,1.6135308742523193
GPR-transfer,0.1,0.9,0.36887921653971706,0.5311207834602829,9.715711929852606,0.12728562725769357,102.12902171341831,10.741617901819387,8.578676527074457,0.5797736230387234,0.008999109268188477,none,False,D1,0,148,20,1.6135308742523193
TabPFN-target,0.1,0.9,0.9477693144722524,0.04776931447225241,63.93110656738281,0.8375619881960854,67.92536871394343,14.796567900935413,11.26307808208777,0.20261898287848323,0.2609374523162842,target,True,D1,0,148,20,1.6135308742523193
WeightedCP-v2,0.1,0.9,0.06964091403699674,0.8303590859630032,3.395638212697815,0.044486286024537566,177.09417957256625,11.862753246006694,9.822754780942901,0.4874751782965281,0.004999876022338867,source,True,D1,0,148,20,1.6135308742523193
JKplus-source,0.1,0.9,0.6866158868335147,0.2133841131664853,24.987164939087965,0.3273570671533394,60.97502398089092,11.98510075410907,9.985141911982252,0.4768487248958644,0.0,source,True,D1,0,148,20,1.6135308742523193
CQR-target,0.1,0.9,0.8795180722891566,0.02048192771084345,66.93395581750985,1.6191087518461238,86.64974036433819,21.700951433322867,18.028291401570673,-6.177581439114974,0.0,target,True,D2,1,148,20,3.2306575775146484
GPR-target,0.1,0.9,0.40963855421686746,0.49036144578313257,6.345997333526611,0.15350743425233518,63.301761009032454,7.135465222044611,5.541564756646213,0.22399384432390557,0.007999897003173828,none,False,D2,1,148,20,3.2306575775146484
GPR-transfer,0.1,0.9,0.4939759036144578,0.4060240963855422,6.556396145418466,0.1585969072044629,40.90481706237267,5.521441451433124,4.1871178903841395,0.5353504493593884,0.008000850677490234,none,False,D2,1,148,20,3.2306575775146484
TabPFN-target,0.1,0.9,0.891566265060241,0.008433734939759074,16.468584060668945,0.39836923214042697,22.008422401152462,5.2484881142879445,4.113320936639625,0.5801549715540724,0.25827670097351074,target,True,D2,1,148,20,3.2306575775146484
WeightedCP-v2,0.1,0.9,0.6626506024096386,0.23734939759036144,84.0485235938402,2.0331041019232985,145.84463016900457,20.50120484135601,19.466243467024086,-5.405888111620151,0.002000093460083008,source,True,D2,1,148,20,3.2306575775146484
JKplus-source,0.1,0.9,0.20481927710843373,0.6951807228915663,21.489207914050265,0.5198163499964223,170.40726906225726,18.676968251348033,17.073648124971015,-4.3165920789017,0.0,source,True,D2,1,148,20,3.2306575775146484
CQR-target,0.1,0.9,0.9693251533742331,0.06932515337423306,26.89150538209004,0.46410084420275655,27.79379984580307,4.66457601327434,3.626422875220845,0.8515472360142355,0.0,target,True,D4,2,148,20,3.3280088901519775
GPR-target,0.1,0.9,0.5030674846625767,0.39693251533742335,6.447214603424072,0.11126776644487346,40.01553086315632,5.492637247133714,4.231419033991082,0.7941618955027379,0.007002353668212891,none,False,D4,2,148,20,3.3280088901519775
GPR-transfer,0.1,0.9,0.5828220858895705,0.3171779141104295,7.622808693376787,0.1315564859432693,30.90490716402897,4.819930866819841,3.818714503630504,0.8414940545824365,0.006999969482421875,none,False,D4,2,148,20,3.3280088901519775
TabPFN-target,0.1,0.9,0.9938650306748467,0.09386503067484664,26.74988555908203,0.4616567311462359,26.78904689585684,3.667530336110509,2.7581948638503344,0.9082277523817837,0.25566792488098145,target,True,D4,2,148,20,3.3280088901519775
WeightedCP-v2,0.1,0.9,0.06134969325153374,0.8386503067484663,3.269437445774326,0.05642483219487352,197.77720692464607,13.113303139841749,11.307842192225777,-0.17324345572566502,0.003000497817993164,source,True,D4,2,148,20,3.3280088901519775
JKplus-source,0.1,0.9,0.7361963190184049,0.16380368098159515,22.212615159636698,0.3833512962946338,46.76812289499868,9.730334158380149,8.067915846977495,0.3540194399020047,0.0,source,True,D4,2,148,20,3.3280088901519775
CQR-target,0.1,0.9,0.9488574537540805,0.04885745375408046,229.35804682280104,3.0048217842624507,267.04251290343274,60.16385607221633,47.211378633200965,-12.088383865781811,0.0010006427764892578,target,True,D1,0,149,20,1.4878911972045898
GPR-target,0.1,0.9,0.191512513601741,0.708487486398259,6.912259578704834,0.09055757340232228,174.38315924352867,15.27697243980433,11.516584524044665,0.1561033034555077,0.00850534439086914,none,False,D1,0,149,20,1.4878911972045898
GPR-transfer,0.1,0.9,0.3471164309031556,0.5528835690968444,9.196898905055697,0.12048865326674717,99.02516015284164,10.520571848605872,8.376552836929566,0.5997849742388063,0.007999897003173828,none,False,D1,0,149,20,1.4878911972045898
TabPFN-target,0.1,0.9,0.9956474428726877,0.09564744287268767,64.91527557373047,0.8504555949852735,65.12397934972786,13.436802452289083,10.934710885214988,0.3471602933278696,0.26490044593811035,target,True,D1,0,149,20,1.4878911972045898
WeightedCP-v2,0.1,0.9,0.11534276387377584,0.7846572361262242,3.8430684533408117,0.050348073533831146,166.70350437235678,12.044538682678251,9.942752986095176,0.47544016015713986,0.003512144088745117,source,True,D1,0,149,20,1.4878911972045898
JKplus-source,0.1,0.9,0.6844396082698585,0.21556039173014152,24.987087380271067,0.3273560510545986,61.367082987302275,12.013160311934762,9.999676958320787,0.47816976118681065,0.0,source,True,D1,0,149,20,1.4878911972045898
CQR-target,0.1,0.9,0.9518072289156626,0.051807228915662584,49.93481904515825,1.2079056369878856,54.969500402648855,10.638465019992978,7.735093136545185,-0.7761611894315188,0.0009999275207519531,target,True,D2,1,149,20,3.2883923053741455
GPR-target,0.1,0.9,0.42168674698795183,0.4783132530120482,6.144078254699707,0.14862308304822147,59.097125837027306,6.830401635953958,5.036696595341326,0.2678215888249712,0.007999658584594727,none,False,D2,1,149,20,3.2883923053741455
GPR-transfer,0.1,0.9,0.5060240963855421,0.3939759036144579,6.559724279196866,0.15867741358514975,39.74452474340467,5.337565971611539,4.197395316214837,0.5528935366438368,0.0070002079010009766,none,False,D2,1,149,20,3.2883923053741455
TabPFN-target,0.1,0.9,0.8674698795180723,0.032530120481927716,9.284551620483398,0.22459002463080543,15.17142529774861,3.2926960634722477,2.5005428139560197,0.8298516565532252,0.25217318534851074,target,True,D2,1,149,20,3.2883923053741455
WeightedCP-v2,0.1,0.9,0.4939759036144578,0.4060240963855422,75.05318965788705,1.8155101509369118,191.26872399781368,18.938205515539178,17.679093685665418,-4.628622035989039,0.002997159957885742,source,True,D2,1,149,20,3.2883923053741455
JKplus-source,0.1,0.9,0.1927710843373494,0.7072289156626506,21.51905634856524,0.5205383730856278,169.69781340717046,18.5385864308832,16.983400003089308,-4.393586751807862,0.0,source,True,D2,1,149,20,3.2883923053741455
CQR-target,0.1,0.9,0.803680981595092,0.09631901840490797,11.999099169391883,0.20708368590983486,22.02319169791957,4.889678318928839,3.8606278004530354,0.8525183635249866,0.0010004043579101562,target,True,D4,2,149,20,3.3264718055725098
GPR-target,0.1,0.9,0.4171779141104294,0.4828220858895706,6.4337897300720215,0.11103607636402915,85.82485741269625,9.273128977157553,6.443094462384721,0.4695676890821343,0.007999897003173828,none,False,D4,2,149,20,3.3264718055725098
GPR-transfer,0.1,0.9,0.49693251533742333,0.4030674846625767,7.669043426864718,0.1323544174290064,47.949365141969885,6.172961580498345,4.77476998283329,0.7649476928486053,0.006999969482421875,none,False,D4,2,149,20,3.3264718055725098
TabPFN-target,0.1,0.9,0.5398773006134969,0.3601226993865031,14.693182945251465,0.25357890947445205,53.43322633459289,8.909590447587048,7.677802510737798,0.5103420022177909,0.2593808174133301,target,True,D4,2,149,20,3.3264718055725098
WeightedCP-v2,0.1,0.9,0.08588957055214724,0.8141104294478527,3.940979777896961,0.06801449066983467,164.46816524426708,11.741081737601387,9.915358321643966,0.14965807227775652,0.002991914749145508,source,True,D4,2,149,20,3.3264718055725098
JKplus-source,0.1,0.9,0.7300613496932515,0.16993865030674848,22.20209945340351,0.3831698134036291,48.10303614937367,9.896840218759603,8.206257538488373,0.39581423623308554,0.0,source,True,D4,2,149,20,3.3264718055725098
CQR-target,0.1,0.9,0.9880304678998912,0.08803046789989122,653.3990523650428,8.56018671923806,660.1520677537355,70.12987311070798,39.701976264675366,-16.902439985605344,0.0009999275207519531,target,True,D1,0,150,20,1.519021987915039
GPR-target,0.1,0.9,0.18607181719260066,0.7139281828073993,6.833463191986084,0.08952526124840603,151.9616227020247,13.150080955806983,10.378109756673123,0.37054748481009037,0.008998870849609375,none,False,D1,0,150,20,1.519021987915039
GPR-transfer,0.1,0.9,0.31229597388465724,0.5877040261153428,9.514773622041687,0.12465313272363628,117.43252263714466,11.5309358188026,9.35942964867399,0.5160112910711104,0.008999824523925781,none,False,D1,0,150,20,1.519021987915039
TabPFN-target,0.1,0.9,0.9455930359085963,0.04559303590859631,53.65833282470703,0.7029782892398435,62.30997394731955,14.504259133067821,11.733881369871982,0.23423198805741519,0.27913951873779297,target,True,D1,0,150,20,1.519021987915039
WeightedCP-v2,0.1,0.9,0.10663764961915125,0.7933623503808488,4.544743649401995,0.059540726435301825,169.58204233858874,12.205158419539957,10.180749088855016,0.457758239009018,0.004000186920166016,source,True,D1,0,150,20,1.519021987915039
JKplus-source,0.1,0.9,0.6844396082698585,0.21556039173014152,24.98220939799166,0.3272921445659471,60.950943688716514,11.965214408288281,9.969080188385089,0.47886878105402153,0.0,source,True,D1,0,150,20,1.519021987915039
CQR-target,0.1,0.9,0.9759036144578314,0.07590361445783134,28.075438260295524,0.6791349359822005,28.693185191010482,5.65875740308613,4.3846606798545,0.477913269687276,0.0,target,True,D2,1,150,20,3.2658262252807617
GPR-target,0.1,0.9,0.46987951807228917,0.43012048192771085,6.020732879638672,0.14563940198796027,51.708239445054375,6.217512566839786,4.686771605158426,0.36971953437158733,0.007999897003173828,none,False,D2,1,150,20,3.2658262252807617
GPR-transfer,0.1,0.9,0.5180722891566265,0.3819277108433735,6.24756228780172,0.15112632526101732,31.87336136395704,4.672851733321694,3.658346688346487,0.6439881069458357,0.006999969482421875,none,False,D2,1,150,20,3.2658262252807617
TabPFN-target,0.1,0.9,0.9759036144578314,0.07590361445783134,27.14190673828125,0.656553138164386,27.551127155717598,4.934559811009929,3.820715127048723,0.6029937549576654,0.2639455795288086,target,True,D2,1,150,20,3.2658262252807617
WeightedCP-v2,0.1,0.9,0.6867469879518072,0.2132530120481928,110.61132129786556,2.675648797075691,166.9829969074767,20.072935394527402,18.862966075726845,-5.569348133672959,0.0029993057250976562,source,True,D2,1,150,20,3.2658262252807617
JKplus-source,0.1,0.9,0.18072289156626506,0.7192771084337349,21.510451469545345,0.520330224101162,169.80241880399248,18.649406940768493,17.149471175096227,-4.670620125880227,0.0,source,True,D2,1,150,20,3.2658262252807617
CQR-target,0.1,0.9,0.7730061349693251,0.1269938650306749,21.856733474684116,0.3772093943045432,48.648660314190444,10.03958858598131,7.561512713902647,0.33565008308164446,0.0010008811950683594,target,True,D4,2,150,20,3.3800010681152344
GPR-target,0.1,0.9,0.4233128834355828,0.4766871165644172,6.390751361846924,0.11029330861106877,60.86266959950597,6.9952170814231875,5.189296818534254,0.6774719836113141,0.008002281188964844,none,False,D4,2,150,20,3.3800010681152344
GPR-transfer,0.1,0.9,0.4294478527607362,0.4705521472392638,7.1493982127839075,0.12338624033686613,53.06232691902747,6.312317252898424,5.0958036325289395,0.7373709946115032,0.007506132125854492,none,False,D4,2,150,20,3.3800010681152344
TabPFN-target,0.1,0.9,0.8343558282208589,0.06564417177914117,11.508986473083496,0.19862518896519366,18.35714325053991,4.122435427705186,3.1441037154127716,0.8879858787419198,0.2593345642089844,target,True,D4,2,150,20,3.3800010681152344
WeightedCP-v2,0.1,0.9,0.03680981595092025,0.8631901840490798,3.3089678809873324,0.05710705909490707,241.13589919168518,15.312906570312512,13.50379477024378,-0.5455402445868038,0.0020051002502441406,source,True,D4,2,150,20,3.3800010681152344
JKplus-source,0.1,0.9,0.7055214723926381,0.19447852760736195,22.20206408065607,0.3831692029312247,50.481288432787174,10.034134745142115,8.219307878991449,0.3363716812905012,0.0,source,True,D4,2,150,20,3.3800010681152344
CQR-target,0.1,0.9,0.9782372143634385,0.07823721436343845,320.77453638010587,4.202470016220112,353.5308239600147,44.77590139593242,24.198744748892835,-6.357508991281958,0.0009999275207519531,target,True,D1,0,151,20,1.5400516986846924
GPR-target,0.1,0.9,0.22633297062023938,0.6736670293797606,6.794792175292969,0.08901863191933425,141.667197410845,12.52830387095213,9.758459462258191,0.42399442935141496,0.00800013542175293,none,False,D1,0,151,20,1.5400516986846924
GPR-transfer,0.1,0.9,0.3003264417845484,0.5996735582154515,8.991949436324724,0.11780360847827445,102.98302039277024,10.457297651967691,8.487911588314686,0.5986889981227884,0.009000539779663086,none,False,D1,0,151,20,1.5400516986846924
TabPFN-target,0.1,0.9,0.9749727965179543,0.0749727965179543,76.18064880371094,0.998043348535707,78.1162276723569,15.729447787571779,11.987666315197039,0.0920350606051007,0.27312731742858887,target,True,D1,0,151,20,1.5400516986846924
WeightedCP-v2,0.1,0.9,0.09793253536452666,0.8020674646354734,3.364098793978509,0.044073087823107274,170.7715156457506,12.016255006521275,9.965763106741518,0.4701164966399636,0.004001140594482422,source,True,D1,0,151,20,1.5400516986846924
JKplus-source,0.1,0.9,0.6887921653971708,0.21120783460282921,24.987472118337678,0.3273610915113857,60.24876558582648,11.920912650577137,9.931800019976125,0.4784918042605001,0.0,source,True,D1,0,151,20,1.5400516986846924
CQR-target,0.1,0.9,0.8192771084337349,0.08072289156626511,123.93118831432363,3.494957368284661,168.37858394307366,42.33927553337174,34.260179263722385,-31.939603752553047,0.0,target,True,D2,1,151,20,3.250441551208496
GPR-target,0.1,0.9,0.5783132530120482,0.32168674698795185,6.13994026184082,0.17315116356766241,42.43294113113219,5.519150082798931,4.125701467674899,0.44027341669385467,0.004999876022338867,none,False,D2,1,151,20,3.250441551208496
GPR-transfer,0.1,0.9,0.6746987951807228,0.22530120481927718,6.825005054473877,0.19247053165677305,23.451910817151823,4.067572670070603,3.06713591208038,0.6959799915503175,0.004000425338745117,none,False,D2,1,151,20,3.250441551208496
TabPFN-target,0.1,0.9,0.927710843373494,0.027710843373493943,24.479480743408203,0.690340686308652,28.876753873710168,5.937941459016049,4.47347246652626,0.35210690899288666,0.23936176300048828,target,True,D2,1,151,20,3.250441551208496
WeightedCP-v2,0.1,0.9,0.5301204819277109,0.36987951807228914,67.45881116091543,1.9023917411700937,175.80099720243416,18.705342574144712,17.717673307827003,-5.4292876709123625,0.0035092830657958984,source,True,D2,1,151,20,3.250441551208496
JKplus-source,0.1,0.9,0.18072289156626506,0.7192771084337349,21.515915582327754,0.6067658086931782,170.33568426941886,18.63135224190423,17.192706426691952,-5.378525244512125,0.0,source,True,D2,1,151,20,3.250441551208496
CQR-target,0.1,0.9,0.7300613496932515,0.16993865030674848,12.407167671962021,0.2154199787885178,27.325856718591492,5.800622446526066,4.21708603311782,0.787208143163195,0.0005042552947998047,target,True,D4,2,151,20,3.309209108352661
GPR-target,0.1,0.9,0.48466257668711654,0.4153374233128835,6.198971271514893,0.10762990354664863,68.0357035000913,7.985805514733596,5.460085280206043,0.5966860302824752,0.007582664489746094,none,False,D4,2,151,20,3.309209108352661
GPR-transfer,0.1,0.9,0.558282208588957,0.34171779141104297,7.486434108640519,0.12998353206183005,35.12494249591758,5.297091452197162,4.089861913209966,0.822548061310549,0.006761074066162109,none,False,D4,2,151,20,3.309209108352661
TabPFN-target,0.1,0.9,0.950920245398773,0.050920245398772934,26.78233528137207,0.4650094405718453,31.260533618062635,6.585519735094661,5.101795595414776,0.7257251932622863,0.2556419372558594,target,True,D4,2,151,20,3.309209108352661
WeightedCP-v2,0.1,0.9,0.049079754601226995,0.850920245398773,3.2071543448442372,0.05568435433488378,195.51057739723063,12.800741000468438,11.183287085801712,-0.036277401965736145,0.001298666000366211,source,True,D4,2,151,20,3.309209108352661
JKplus-source,0.1,0.9,0.7239263803680982,0.17607361963190182,22.16826818194171,0.38489750342649154,47.62200384250205,9.911792748598028,8.268295156104243,0.3786872989231448,0.0,source,True,D4,2,151,20,3.309209108352661
CQR-target,0.1,0.9,0.9390642002176278,0.0390642002176278,190.82801238139152,2.500039464907522,234.42191289093526,52.35245210607405,40.53072992197218,-8.895294383771114,0.0009996891021728516,target,True,D1,0,152,20,1.58607816696167
GPR-target,0.1,0.9,0.18715995647442873,0.7128400435255713,6.985880374908447,0.09152208009947893,158.05910835535923,13.980113616494402,10.736213468586918,0.29437157948929593,0.00899958610534668,none,False,D1,0,152,20,1.58607816696167
GPR-transfer,0.1,0.9,0.30467899891186073,0.5953210010881393,9.987406173390585,0.13084509592666232,112.03529810844385,11.390795987235304,9.363512668946008,0.5315504675994072,0.010999679565429688,none,False,D1,0,152,20,1.58607816696167
TabPFN-target,0.1,0.9,0.9782372143634385,0.07823721436343845,62.272220611572266,0.8158289087306955,63.36922014006074,12.91490057029061,10.467091169388434,0.3978054835337159,0.27219271659851074,target,True,D1,0,152,20,1.58607816696167
WeightedCP-v2,0.1,0.9,0.08378672470076169,0.8162132752992384,3.119868762289967,0.04087342803460282,178.1386221462002,12.006654446194418,9.99965114433546,0.47952642345982077,0.0019991397857666016,source,True,D1,0,152,20,1.58607816696167
JKplus-source,0.1,0.9,0.6822633297062024,0.21773667029379762,24.985764915208502,0.327338725428208,61.60522828991977,12.033788855247966,10.013173766640273,0.47717127926544767,0.0,source,True,D1,0,152,20,1.58607816696167
CQR-target,0.1,0.9,0.9759036144578314,0.07590361445783134,93.34748337955257,2.7143786959118574,97.17204743486158,16.012427015731873,11.867417424458024,-3.359650643702879,0.0009999275207519531,target,True,D2,1,152,20,3.390803813934326
GPR-target,0.1,0.9,0.43373493975903615,0.46626506024096387,6.45241117477417,0.18762463428025367,62.39273761611386,7.177423383831407,5.299690332068018,0.12405972975842361,0.00800013542175293,none,False,D2,1,152,20,3.390803813934326
GPR-transfer,0.1,0.9,0.5301204819277109,0.36987951807228914,7.161493083080614,0.2082434742948002,39.3167101571104,5.417869941595923,4.160731847410423,0.5008920205472187,0.006999492645263672,none,False,D2,1,152,20,3.390803813934326
TabPFN-target,0.1,0.9,0.9879518072289156,0.0879518072289156,35.07210922241211,1.0198345220184286,35.2966998364552,6.391240502992123,5.04492664934641,0.30544333497672727,0.25186753273010254,target,True,D2,1,152,20,3.390803813934326
WeightedCP-v2,0.1,0.9,0.6385542168674698,0.2614457831325302,313.5471101147829,9.117391975097673,389.3026751187171,19.934437539450556,18.797809259720786,-5.756866448512828,0.0020008087158203125,source,True,D2,1,152,20,3.390803813934326
JKplus-source,0.1,0.9,0.1686746987951807,0.7313253012048193,21.47329379912577,0.6244051699006025,171.92858500509465,18.69314862914838,17.26163881490499,-4.9415845351567445,0.0,source,True,D2,1,152,20,3.390803813934326
CQR-target,0.1,0.9,0.9754601226993865,0.07546012269938651,33.922685461661644,0.5854468441497914,34.87697891256907,7.053847095988956,5.410837423462189,0.6815430329249843,0.0,target,True,D4,2,152,20,3.3267343044281006
GPR-target,0.1,0.9,0.4171779141104294,0.4828220858895706,6.131312370300293,0.1058158406045326,80.77840536485242,8.648648787559532,6.078908801037085,0.5212649837518384,0.006999969482421875,none,False,D4,2,152,20,3.3267343044281006
GPR-transfer,0.1,0.9,0.44785276073619634,0.4521472392638037,7.341861174881824,0.12670781798446393,43.785900918858445,5.789991272699708,4.581279810355958,0.7854371693016463,0.00800013542175293,none,False,D4,2,152,20,3.3267343044281006
TabPFN-target,0.1,0.9,0.9693251533742331,0.06932515337423306,22.21129608154297,0.383328531289545,23.257228637674533,4.068668054621514,2.9665897994808383,0.8940494562220924,0.25598955154418945,target,True,D4,2,152,20,3.3267343044281006
WeightedCP-v2,0.1,0.9,0.03680981595092025,0.8631901840490798,2.765271115806155,0.04772379385461501,240.21066069701482,15.24526524939505,13.23209056925085,-0.4875399626734547,0.001999378204345703,source,True,D4,2,152,20,3.3267343044281006
JKplus-source,0.1,0.9,0.7239263803680982,0.17607361963190182,22.206689700744615,0.38324903312881137,48.45205506424653,9.918013066413815,8.216736842191509,0.3704242027145296,0.0,source,True,D4,2,152,20,3.3267343044281006
CQR-target,0.1,0.9,0.9956474428726877,0.09564744287268767,151.63243986599218,1.9865379254045175,151.90359640396557,27.06103080955267,21.373524513018495,-1.6469311214017321,0.0009999275207519531,target,True,D1,0,153,20,1.5908713340759277
GPR-target,0.1,0.9,0.24591947769314473,0.6540805223068553,6.912403583526611,0.09055946001075615,167.87190642818663,15.118409290007454,11.093683296157954,0.1738361920467716,0.0069997310638427734,none,False,D1,0,153,20,1.5908713340759277
GPR-transfer,0.1,0.9,0.3405875952121872,0.5594124047878128,9.312460209262253,0.12200262292731859,105.49451256448533,11.079394496485897,8.63314004112639,0.5563034812045649,0.008997678756713867,none,False,D1,0,153,20,1.5908713340759277
TabPFN-target,0.1,0.9,0.9357997823721437,0.03579978237214365,50.199363708496094,0.6576623044925911,57.85373776158778,13.112404999306175,10.031176856396895,0.37853213329306024,0.2916145324707031,target,True,D1,0,153,20,1.5908713340759277
WeightedCP-v2,0.1,0.9,0.07834602829162132,0.8216539717083787,3.1739250883445274,0.041581620436639745,179.03382884634692,12.089528437739133,10.017373787082516,0.47170963376382813,0.0030028820037841797,source,True,D1,0,153,20,1.5908713340759277
JKplus-source,0.1,0.9,0.6855277475516867,0.21447225244831336,24.984823678632672,0.32732639427956783,60.69422214224242,11.966112630932967,9.98052576222013,0.48244067071958097,0.0,source,True,D1,0,153,20,1.5908713340759277
CQR-target,0.1,0.9,0.8674698795180723,0.032530120481927716,24.111426179350957,0.5832468837329097,35.4666103898703,8.038683258966918,6.317123261211921,-0.015669243143521916,0.0,target,True,D2,1,153,20,3.3784358501434326
GPR-target,0.1,0.9,0.5180722891566265,0.3819277108433735,6.351314544677734,0.15363605571217642,48.11253870768719,6.06906437679967,4.484435161912297,0.4210701323406151,0.007999420166015625,none,False,D2,1,153,20,3.3784358501434326
GPR-transfer,0.1,0.9,0.6385542168674698,0.2614457831325302,6.857212302196457,0.16587354379626804,29.655012991073484,4.618114459689075,3.511312044060795,0.6647939466478434,0.0070002079010009766,none,False,D2,1,153,20,3.3784358501434326
TabPFN-target,0.1,0.9,0.9156626506024096,0.015662650602409567,14.052253723144531,0.3399190546624417,17.906362846098748,3.9925166149060916,3.0566745932705435,0.7494606584552773,0.27397799491882324,target,True,D2,1,153,20,3.3784358501434326
WeightedCP-v2,0.1,0.9,0.6506024096385542,0.24939759036144582,107.0917275044715,2.5905110662449538,191.49393301942555,19.645392926543373,18.54530193412186,-5.066020958595922,0.001998424530029297,source,True,D2,1,153,20,3.3784358501434326
JKplus-source,0.1,0.9,0.1927710843373494,0.7072289156626506,21.526884841278886,0.5207277415595454,168.59901009884547,18.542799550120645,16.980420419993553,-4.404220674148788,0.0,source,True,D2,1,153,20,3.3784358501434326
CQR-target,0.1,0.9,0.9202453987730062,0.02024539877300613,158.55807208093822,2.774296273897443,187.78318738007323,42.974971975881765,31.91722857129755,-11.508840381938564,0.0,target,True,D4,2,153,20,3.3927910327911377
GPR-target,0.1,0.9,0.5337423312883436,0.36625766871165644,6.280774116516113,0.10989492997712194,35.9318433410247,5.033404615558501,3.686294170160877,0.8284030625765384,0.007997274398803711,none,False,D4,2,153,20,3.3927910327911377
GPR-transfer,0.1,0.9,0.50920245398773,0.39079754601227,7.441847690044005,0.13021027593513113,35.79157337958753,5.2345770292084115,4.147015484597681,0.8144123653954137,0.007886171340942383,none,False,D4,2,153,20,3.3927910327911377
TabPFN-target,0.1,0.9,0.9631901840490797,0.06319018404907972,22.52472496032715,0.3941159204818112,23.391006896126427,4.355600012659372,3.1910071437717806,0.8715063022562946,0.2962026596069336,target,True,D4,2,153,20,3.3927910327911377
WeightedCP-v2,0.1,0.9,0.05521472392638037,0.8447852760736196,3.4295872823003415,0.060007611680816766,201.49135966689335,13.498964266040966,11.568474532045766,-0.23420340959500963,0.0025038719177246094,source,True,D4,2,153,20,3.3927910327911377
JKplus-source,0.1,0.9,0.754601226993865,0.14539877300613502,22.20460526524169,0.3885147746957838,44.355085238440424,9.518211804282126,7.919270155663122,0.3863841404185061,0.0,source,True,D4,2,153,20,3.3927910327911377
CQR-target,0.1,0.9,0.8672470076169749,0.03275299238302509,213.58574444621493,2.7981887124097087,321.0265986987136,70.26466119425979,49.7331135331169,-16.845146369526873,0.0009982585906982422,target,True,D1,0,154,20,1.61497163772583
GPR-target,0.1,0.9,0.2383025027203482,0.6616974972796519,6.9665608406066895,0.09126897471104416,161.41192741155365,14.860200174251966,10.79287046729286,0.2018297787927421,0.00800013542175293,none,False,D1,0,154,20,1.61497163772583
GPR-transfer,0.1,0.9,0.3808487486398259,0.5191512513601741,9.27775658564936,0.12154797044980849,101.09557111708975,10.709133404545046,8.342444876367525,0.5854710572254163,0.009000301361083984,none,False,D1,0,154,20,1.61497163772583
TabPFN-target,0.1,0.9,0.7573449401523396,0.14265505984766047,27.266408920288086,0.3572174625535951,51.73685923131168,11.467285869783531,9.350005501382888,0.524700365902139,0.28255319595336914,target,True,D1,0,154,20,1.61497163772583
WeightedCP-v2,0.1,0.9,0.12078346028291621,0.7792165397170838,3.526496622442361,0.04620066319900897,166.2495391400106,11.923217926422566,9.78100918901544,0.48615378109274743,0.0029990673065185547,source,True,D1,0,154,20,1.61497163772583
JKplus-source,0.1,0.9,0.6866158868335147,0.2133841131664853,24.98600509520118,0.32734187202839987,61.28905886462737,12.010807276620968,10.003019029090261,0.4785765025915728,0.0,source,True,D1,0,154,20,1.61497163772583
CQR-target,0.1,0.9,0.8192771084337349,0.08072289156626511,24.56211690944515,0.594148933321327,50.08920392757488,10.093313147685034,6.932403756561684,-0.6044103074678828,0.0009996891021728516,target,True,D2,1,154,20,3.4937572479248047
GPR-target,0.1,0.9,0.43373493975903615,0.46626506024096387,6.04282808303833,0.14617387715473126,51.48778300917291,6.300731694664323,4.674473249136684,0.3747842340356611,0.007999897003173828,none,False,D2,1,154,20,3.4937572479248047
GPR-transfer,0.1,0.9,0.5301204819277109,0.36987951807228914,6.5600724564977435,0.15868583587109059,37.169394266752796,5.215757682094887,3.822247209835568,0.5715671517769527,0.007999897003173828,none,False,D2,1,154,20,3.4937572479248047
TabPFN-target,0.1,0.9,0.891566265060241,0.008433734939759074,14.875410079956055,0.35983091621571706,19.178102966676274,4.292513738825659,3.243647380966738,0.7098174211086778,0.254025936126709,target,True,D2,1,154,20,3.4937572479248047
WeightedCP-v2,0.1,0.9,0.40963855421686746,0.49036144578313257,215.18263645705898,5.205191978834229,357.36842875597506,19.629137898351868,18.632495079442197,-5.0680674610028795,0.0029993057250976562,source,True,D2,1,154,20,3.4937572479248047
JKplus-source,0.1,0.9,0.14457831325301204,0.755421686746988,21.533457145895422,0.5208867232870478,172.12378622853723,18.752932416734946,17.344724059770734,-4.538425590267572,0.0,source,True,D2,1,154,20,3.4937572479248047
CQR-target,0.1,0.9,0.9693251533742331,0.06932515337423306,31.468754640287255,0.5430962449686272,33.451845608413215,6.7240900040289375,4.933952797205942,0.7200985818215027,0.0009996891021728516,target,True,D4,2,154,20,3.4110591411590576
GPR-target,0.1,0.9,0.3987730061349693,0.5012269938650307,6.453607082366943,0.11137808956854324,89.40592900189338,10.035517827408768,6.708537609180577,0.37652702045165776,0.009087562561035156,none,False,D4,2,154,20,3.4110591411590576
GPR-transfer,0.1,0.9,0.48466257668711654,0.4153374233128835,7.032668236574512,0.12137168296148658,49.019724418956024,6.31559185971969,4.603160536223751,0.7530743671175586,0.007491111755371094,none,False,D4,2,154,20,3.4110591411590576
TabPFN-target,0.1,0.9,0.7239263803680982,0.17607361963190182,7.811042785644531,0.1348050806161202,29.355495152419152,4.75121688436215,3.2897568153485595,0.8602513007659508,0.28318142890930176,target,True,D4,2,154,20,3.4110591411590576
WeightedCP-v2,0.1,0.9,0.04294478527607362,0.8570552147239264,3.5552971617987135,0.061358276181941514,222.7613973646087,14.352353296707243,12.69474132037161,-0.275217593338966,0.003999471664428711,source,True,D4,2,154,20,3.4110591411590576
JKplus-source,0.1,0.9,0.7239263803680982,0.17607361963190182,22.18514166074155,0.38287715124959915,49.43569771543865,9.984350575072508,8.272086410621336,0.3828685114087469,0.0,source,True,D4,2,154,20,3.4110591411590576
CQR-target,0.1,0.9,0.8476605005440696,0.052339499455930416,95.17865103318584,1.2469363424697562,172.18048390688375,36.84671600862863,27.347744073450567,-3.922640405811922,0.00099945068359375,target,True,D1,0,155,20,1.6233136653900146
GPR-target,0.1,0.9,0.19042437431991294,0.7095756256800871,6.728295803070068,0.08814746236327256,145.49131852856655,12.842540138512488,9.97550321072567,0.40199832361158183,0.007999897003173828,none,False,D1,0,155,20,1.6233136653900146
GPR-transfer,0.1,0.9,0.2981501632208923,0.6018498367791077,8.895140476662654,0.11653531344815016,121.69031257749322,11.732610949777206,9.405059803096846,0.5008973479151374,0.009000062942504883,none,False,D1,0,155,20,1.6233136653900146
TabPFN-target,0.1,0.9,0.9717083786724701,0.07170837867247004,52.00461196899414,0.6813128777961617,54.19694539465505,12.093912332815941,9.987195641286224,0.46968468389328655,0.27796196937561035,target,True,D1,0,155,20,1.6233136653900146
WeightedCP-v2,0.1,0.9,0.10554951033732318,0.7944504896626768,3.4660826494554393,0.045409179208716725,171.86025829952607,11.955422974842694,9.902446171114104,0.4817605980576275,0.0020003318786621094,source,True,D1,0,155,20,1.6233136653900146
JKplus-source,0.1,0.9,0.6877040261153428,0.21229597388465726,24.98579266770471,0.3273390890139044,61.178293365494405,11.99554270911478,9.993119841716437,0.4782765702366467,0.0,source,True,D1,0,155,20,1.6233136653900146
CQR-target,0.1,0.9,1.0,0.09999999999999998,48.667388891148434,1.1772469491866464,48.667388891148434,8.270610972129402,6.204685936435974,-0.11822299712237538,0.0,target,True,D2,1,155,20,3.492016315460205
GPR-target,0.1,0.9,0.37349397590361444,0.5265060240963856,6.125977516174316,0.14818523257601507,61.499286837750155,6.927544162988051,5.314800557515707,0.21546587425016372,0.004999876022338867,none,False,D2,1,155,20,3.492016315460205
GPR-transfer,0.1,0.9,0.46987951807228917,0.43012048192771085,6.797608473214758,0.16443174822376488,36.816642633406026,5.065762808548281,4.099498108131259,0.5804894031952721,0.0039997100830078125,none,False,D2,1,155,20,3.492016315460205
TabPFN-target,0.1,0.9,0.9518072289156626,0.051807228915662584,16.770767211914062,0.40567893584560405,17.047994751528083,3.7388961775738134,2.9876829639113094,0.7714716707040584,0.24803400039672852,target,True,D2,1,155,20,3.492016315460205
WeightedCP-v2,0.1,0.9,0.6144578313253012,0.28554216867469884,95.8612204386129,2.318849066652743,172.2458265129111,18.898632713623112,17.81112690308798,-4.838670981220368,0.001997709274291992,source,True,D2,1,155,20,3.492016315460205
JKplus-source,0.1,0.9,0.14457831325301204,0.755421686746988,21.50542690832728,0.5202086817398449,174.28848545050556,18.88026012717718,17.51653774984906,-4.827324197971884,0.0,source,True,D2,1,155,20,3.492016315460205
CQR-target,0.1,0.9,0.9263803680981595,0.026380368098159468,24.04384798259478,0.414955205670145,27.873624740479237,5.868789598887656,4.109463885085532,0.7776971548147633,0.0,target,True,D4,2,155,20,3.476635694503784
GPR-target,0.1,0.9,0.4294478527607362,0.4705521472392638,6.36560583114624,0.10985934026826688,78.07418328939758,8.535914664235822,6.000810766568253,0.5297291381155627,0.00800013542175293,none,False,D4,2,155,20,3.476635694503784
GPR-transfer,0.1,0.9,0.588957055214724,0.31104294478527605,7.526087117341398,0.1298872389281676,32.914004162054674,5.044042893797085,3.985271270749648,0.8357877758443474,0.007998466491699219,none,False,D4,2,155,20,3.476635694503784
TabPFN-target,0.1,0.9,0.901840490797546,0.0018404907975460016,19.88319206237793,0.3431494849574669,24.746516913990302,5.882132178796301,4.686656263137908,0.7766852033368956,0.29105639457702637,target,True,D4,2,155,20,3.476635694503784
WeightedCP-v2,0.1,0.9,0.05521472392638037,0.8447852760736196,3.347563730107099,0.05777315665637477,164.05736284138692,11.621879728132932,9.651582705898104,0.12823245901234737,0.001998424530029297,source,True,D4,2,155,20,3.476635694503784
JKplus-source,0.1,0.9,0.7177914110429447,0.18220858895705527,22.20712212265342,0.3832564959826039,48.26891157980847,9.849101684197471,8.109372589761275,0.3739036331466974,0.0,source,True,D4,2,155,20,3.476635694503784
CQR-target,0.1,0.9,0.8106637649619152,0.08933623503808485,59.643093354630395,0.7813846894643857,166.08185378396476,32.58962579786247,21.76679559320525,-2.865443802024092,0.0009999275207519531,target,True,D1,0,156,20,2.0127971172332764
GPR-target,0.1,0.9,0.2219804134929271,0.678019586507073,6.707455158233643,0.08787442889237389,159.11754416205287,14.61688392106029,10.632457891076122,0.22241081412738484,0.009000062942504883,none,False,D1,0,156,20,2.0127971172332764
GPR-transfer,0.1,0.9,0.34602829162132753,0.5539717083786725,9.65518633662941,0.1264926809297063,111.56612556813123,11.53181469334705,9.098019030083034,0.5160105153990318,0.009001016616821289,none,False,D1,0,156,20,2.0127971172332764
TabPFN-target,0.1,0.9,0.8748639825897715,0.02513601741022853,37.41262435913086,0.49014312006065025,52.226194107337925,11.979199080364982,9.234038624976222,0.4777286761046263,0.31929516792297363,target,True,D1,0,156,20,2.0127971172332764
WeightedCP-v2,0.1,0.9,0.12622415669205658,0.7737758433079435,4.885750984764461,0.06400826652855206,166.61618489416463,11.964831043268818,9.924769210171734,0.47898076541217693,0.004003047943115234,source,True,D1,0,156,20,2.0127971172332764
JKplus-source,0.1,0.9,0.6822633297062024,0.21773667029379762,24.984658008188863,0.32732422382962956,61.63685746351333,12.045953013718448,10.036299795470248,0.4718917576968408,0.0,source,True,D1,0,156,20,2.0127971172332764
CQR-target,0.1,0.9,0.9156626506024096,0.015662650602409567,294.1688376406697,7.115840289538251,370.70810489427106,76.27182609584459,53.90347616181696,-87.44905064025549,0.0,target,True,D2,1,156,20,3.697253942489624
GPR-target,0.1,0.9,0.39759036144578314,0.5024096385542169,6.121362686157227,0.14807360146774287,58.337996519617285,6.739261311281024,5.099479340702654,0.3094589838113184,0.010000228881835938,none,False,D2,1,156,20,3.697253942489624
GPR-transfer,0.1,0.9,0.46987951807228917,0.43012048192771085,6.119210921138166,0.14802155103188072,40.030246154930666,5.195594515608858,4.107259665699435,0.5895735072096113,0.0069997310638427734,none,False,D2,1,156,20,3.697253942489624
TabPFN-target,0.1,0.9,0.8072289156626506,0.09277108433734937,10.116896629333496,0.24472415643169457,18.759714103606807,4.103199790293609,3.2911751014066026,0.7440175361896612,0.26744985580444336,target,True,D2,1,156,20,3.697253942489624
WeightedCP-v2,0.1,0.9,0.6506024096385542,0.24939759036144582,328.25535294692077,7.9403810563018125,398.3122965672152,19.411260668820752,18.158401927618385,-4.728914890936016,0.0019986629486083984,source,True,D2,1,156,20,3.697253942489624
JKplus-source,0.1,0.9,0.1927710843373494,0.7072289156626506,21.465081387278474,0.5192327378346915,171.85560930160605,18.74364299246586,17.158943029719243,-4.3416188341609425,0.0,source,True,D2,1,156,20,3.697253942489624
CQR-target,0.1,0.9,0.9447852760736196,0.044785276073619595,14.640587983148151,0.2526712114498849,15.98650075813042,3.6091895824639653,2.8003142435175765,0.9177410016622802,0.0,target,True,D4,2,156,20,3.4916436672210693
GPR-target,0.1,0.9,0.4110429447852761,0.48895705521472393,6.131540298461914,0.10581977425014756,71.02042192029721,8.340592144618903,5.615391689457297,0.5607034466158929,0.0069997310638427734,none,False,D4,2,156,20,3.4916436672210693
GPR-transfer,0.1,0.9,0.5030674846625767,0.39693251533742335,7.140449497597349,0.12323180099947678,35.089884583380076,4.940428908842254,3.9149315977832875,0.8458678149681531,0.00800013542175293,none,False,D4,2,156,20,3.4916436672210693
TabPFN-target,0.1,0.9,0.9570552147239264,0.057055214723926384,15.152587890625,0.26150744378108026,17.288854817873208,3.2964089823989053,2.2556552866344255,0.9313807125022623,0.4190371036529541,target,True,D4,2,156,20,3.4916436672210693
WeightedCP-v2,0.1,0.9,0.04294478527607362,0.8570552147239264,3.5590644046373794,0.061423292273711,240.80073987363355,15.562930191538527,13.60647101348834,-0.5294904348389149,0.0019996166229248047,source,True,D4,2,156,20,3.4916436672210693
JKplus-source,0.1,0.9,0.7300613496932515,0.16993865030674848,22.206263459996805,0.3832416769511604,49.04830855478341,10.020571063293925,8.355929219153829,0.36591282232860745,0.0,source,True,D4,2,156,20,3.4916436672210693
CQR-target,0.1,0.9,0.9064200217627857,0.006420021762785666,191.49755046241353,2.50881108918283,258.3119153857036,53.842856930550525,38.548590796289766,-9.419972463210668,0.0,target,True,D1,0,157,20,2.5421690940856934
GPR-target,0.1,0.9,0.1893362350380849,0.7106637649619152,6.632714748382568,0.08689525412699615,164.20824878182063,13.7858154403387,10.852657287502185,0.31691413309834693,0.009000301361083984,none,False,D1,0,157,20,2.5421690940856934
GPR-transfer,0.1,0.9,0.3068552774755169,0.5931447225244831,9.3598841749156,0.12262392471753387,111.0823203326317,11.093830488718107,8.955706091038477,0.557642463141178,0.009000062942504883,none,False,D1,0,157,20,2.5421690940856934
TabPFN-target,0.1,0.9,0.8705114254624592,0.029488574537540835,54.63557434082031,0.7157811389186756,76.11947748725899,16.910370821609156,12.895931388514606,-0.027819001230163343,0.3152589797973633,target,True,D1,0,157,20,2.5421690940856934
WeightedCP-v2,0.1,0.9,0.05331882480957562,0.8466811751904244,2.1350114355825234,0.02797080355434057,184.8328847700882,12.143956961836244,10.173148232821617,0.4699329375899519,0.0029997825622558594,source,True,D1,0,157,20,2.5421690940856934
JKplus-source,0.1,0.9,0.6811751904243744,0.21882480957562567,24.98513671863066,0.3273304954193287,61.75564036947816,12.053747771630485,10.043650868253396,0.4777787033362044,0.0,source,True,D1,0,157,20,2.5421690940856934
CQR-target,0.1,0.9,0.9759036144578314,0.07590361445783134,33.93865824802365,0.8209641567444123,34.1331313415749,6.1138328726072055,4.456997297563877,0.40917640219100904,0.0,target,True,D2,1,157,20,3.463029384613037
GPR-target,0.1,0.9,0.3855421686746988,0.5144578313253012,6.116543292999268,0.14795702204933955,69.91608904873031,7.522128345313316,5.661883367515472,0.1056403732788862,0.00751042366027832,none,False,D2,1,157,20,3.463029384613037
GPR-transfer,0.1,0.9,0.5662650602409639,0.3337349397590361,6.231004243873688,0.15072579202628034,36.87987365090229,5.0935629965073135,3.7616730741733853,0.5899148232991531,0.0069997310638427734,none,False,D2,1,157,20,3.463029384613037
TabPFN-target,0.1,0.9,0.9036144578313253,0.0036144578313253017,16.65420150756836,0.40285925262553857,23.826902679075676,4.961328466346527,3.673602175425334,0.6109309641768648,0.2687246799468994,target,True,D2,1,157,20,3.463029384613037
WeightedCP-v2,0.1,0.9,0.6265060240963856,0.27349397590361446,98.16045475670431,2.374466732775995,180.54594591268514,19.870476185389858,18.813774622781455,-5.240900481147133,0.002000093460083008,source,True,D2,1,157,20,3.463029384613037
JKplus-source,0.1,0.9,0.1927710843373494,0.7072289156626506,21.49048055155516,0.5198471346482023,167.38151711095136,18.500384390864113,16.90750922733662,-4.409937048827075,0.0,source,True,D2,1,157,20,3.463029384613037
CQR-target,0.1,0.9,1.0,0.09999999999999998,32.162166391732974,0.555063331773682,32.162166391732974,4.791028130504703,3.636249597324888,0.8484413475112035,0.0010025501251220703,target,True,D4,2,157,20,3.9221160411834717
GPR-target,0.1,0.9,0.4110429447852761,0.48895705521472393,6.168975353240967,0.10646583851017616,67.01354001264191,7.76194835864706,5.459884122586814,0.6021999882366686,0.004996538162231445,none,False,D4,2,157,20,3.9221160411834717
GPR-transfer,0.1,0.9,0.4785276073619632,0.4214723926380368,7.471183893870722,0.12893970430709858,46.2917274185497,5.946738329860312,4.7285721179083495,0.7665031900497038,0.005002737045288086,none,False,D4,2,157,20,3.9221160411834717
TabPFN-target,0.1,0.9,0.9815950920245399,0.08159509202453985,46.86640167236328,0.8088329854294973,50.10018230914224,8.683069135706788,5.868363801016863,0.5021828988416275,0.24654126167297363,target,True,D4,2,157,20,3.9221160411834717
WeightedCP-v2,0.1,0.9,0.05521472392638037,0.8447852760736196,2.9875838241193637,0.05156052646363723,204.69858094265635,13.379225806745136,11.52856343770732,-0.18191232304854155,0.0029993057250976562,source,True,D4,2,157,20,3.9221160411834717
JKplus-source,0.1,0.9,0.7361963190184049,0.16380368098159515,22.218322295218247,0.3834497915779489,47.45393991079186,9.835646478225586,8.168829059698774,0.3612526450599235,0.0,source,True,D4,2,157,20,3.9221160411834717
CQR-target,0.1,0.9,0.940152339499456,0.04015233949945596,516.8837536258818,6.771698592403575,613.2936831113129,129.56679869074094,95.56184593247431,-59.444354275723946,0.0009999275207519531,target,True,D1,0,158,20,1.6365830898284912
GPR-target,0.1,0.9,0.26659412404787813,0.6334058759521219,6.904092788696289,0.0904505802147489,160.1649178593151,14.79235778762227,10.683591001674582,0.2121508135087944,0.008999347686767578,none,False,D1,0,158,20,1.6365830898284912
GPR-transfer,0.1,0.9,0.3852013057671382,0.5147986942328618,9.21741491510767,0.12075743369448573,100.52755440574123,10.757104610848408,8.268656260101459,0.5833618159337912,0.007999658584594727,none,False,D1,0,158,20,1.6365830898284912
TabPFN-target,0.1,0.9,0.9085963003264418,0.008596300326441764,50.411468505859375,0.6604410913042705,59.73151268196313,15.147140551981026,12.243521807715213,0.17390575603481184,0.26754283905029297,target,True,D1,0,158,20,1.6365830898284912
WeightedCP-v2,0.1,0.9,0.14363438520130578,0.7563656147986942,5.898560128979344,0.0772770880152833,165.7817981076975,12.088725559169132,9.997059721124945,0.47382607553769784,0.003999233245849609,source,True,D1,0,158,20,1.6365830898284912
JKplus-source,0.1,0.9,0.6844396082698585,0.21556039173014152,24.980888795972124,0.3272748433472996,61.32710597256832,12.010833922063249,10.001140132913825,0.48058485415540275,0.0,source,True,D1,0,158,20,1.6365830898284912
CQR-target,0.1,0.9,0.8795180722891566,0.02048192771084345,23.818542593138872,0.5761621332215106,36.42424390649316,7.371612100658879,4.97726731040983,0.13305407758358945,0.0,target,True,D2,1,158,20,3.5090019702911377
GPR-target,0.1,0.9,0.3614457831325301,0.53855421686747,6.146027088165283,0.14867022464147508,59.93384446293474,6.9590314384578935,5.247307012167322,0.22738229379315567,0.007998943328857422,none,False,D2,1,158,20,3.5090019702911377
GPR-transfer,0.1,0.9,0.5301204819277109,0.36987951807228914,6.270269824797849,0.15167561256122622,34.91754320841386,4.871049437432183,3.607718056532183,0.6214596891314733,0.0069997310638427734,none,False,D2,1,158,20,3.5090019702911377
TabPFN-target,0.1,0.9,0.9036144578313253,0.0036144578313253017,15.428022384643555,0.3731984126974255,20.464620337428816,4.54202217462373,3.4865725248405735,0.670871447274626,0.26989197731018066,target,True,D2,1,158,20,3.5090019702911377
WeightedCP-v2,0.1,0.9,0.6385542168674698,0.2614457831325302,114.98877946609888,2.781537964157801,195.5821052638182,18.66486412066668,17.731271720435284,-4.557976740896021,0.005002021789550781,source,True,D2,1,158,20,3.5090019702911377
JKplus-source,0.1,0.9,0.1927710843373494,0.7072289156626506,21.503227906315235,0.5201554886578055,169.94455742472445,18.642198718132466,17.117816810844403,-4.544486442537233,0.0,source,True,D2,1,158,20,3.5090019702911377
CQR-target,0.1,0.9,1.0,0.09999999999999998,103.40135560401902,1.7845284503669137,103.40135560401902,12.11906630413513,9.254614140689567,0.10294691827926539,0.0010001659393310547,target,True,D4,2,158,20,3.6727187633514404
GPR-target,0.1,0.9,0.3496932515337423,0.5503067484662577,6.346199035644531,0.1095244125634902,126.41801200650019,12.719058078291518,8.631653396724158,0.011925433985378264,0.007999658584594727,none,False,D4,2,158,20,3.6727187633514404
GPR-transfer,0.1,0.9,0.43558282208588955,0.46441717791411047,7.210606677400554,0.12444259250820493,60.11357745165452,6.923491769207258,5.384790595169588,0.7072275682729662,0.007998466491699219,none,False,D4,2,158,20,3.6727187633514404
TabPFN-target,0.1,0.9,0.9202453987730062,0.02024539877300613,33.367279052734375,0.5758614907232614,41.99963136563387,10.349405926164168,8.326303387122541,0.3457998159870125,0.26360154151916504,target,True,D4,2,158,20,3.6727187633514404
WeightedCP-v2,0.1,0.9,0.03680981595092025,0.8631901840490798,3.297368769089047,0.056906878497074806,209.5135282076483,13.579892319707177,11.931378644676494,-0.12634768812121355,0.00500798225402832,source,True,D4,2,158,20,3.6727187633514404
JKplus-source,0.1,0.9,0.7116564417177914,0.1883435582822086,22.21975242434922,0.38347447313175453,49.976782189977506,10.070918524787185,8.331524166637292,0.3805332729680613,0.0,source,True,D4,2,158,20,3.6727187633514404
CQR-target,0.1,0.9,0.9532100108813928,0.053210010881392766,90.07658459428987,1.1800941252782515,112.55966540862035,22.073930335948816,14.86314269225174,-0.762086874436815,0.0009996891021728516,target,True,D1,0,159,20,1.789208173751831
GPR-target,0.1,0.9,0.26659412404787813,0.6334058759521219,6.839925765991211,0.08960992748716248,130.29714357419684,12.174047368900066,9.14351980257086,0.46403311737850894,0.007999897003173828,none,False,D1,0,159,20,1.789208173751831
GPR-transfer,0.1,0.9,0.31229597388465724,0.5877040261153428,8.876431279914033,0.11629020409735533,112.92386883471708,11.269757284100692,8.951256599856954,0.5406993008115025,0.007997751235961914,none,False,D1,0,159,20,1.789208173751831
TabPFN-target,0.1,0.9,0.8400435255712732,0.05995647442872687,33.118377685546875,0.43388415670389147,53.759086347378634,11.635442508750046,8.701290914807409,0.5104085890406429,0.2844562530517578,target,True,D1,0,159,20,1.789208173751831
WeightedCP-v2,0.1,0.9,0.1338411316648531,0.7661588683351469,4.397701356793365,0.05761432406939896,163.52538006299855,12.058443094212604,10.017119370392987,0.47416382834008297,0.0029985904693603516,source,True,D1,0,159,20,1.789208173751831
JKplus-source,0.1,0.9,0.6833514689880305,0.21664853101196957,24.981135704323336,0.3272780780957757,61.17941257737656,12.004650791694178,10.006722554323035,0.4788448384668923,0.0,source,True,D1,0,159,20,1.789208173751831
CQR-target,0.1,0.9,0.9036144578313253,0.0036144578313253017,36.90747491809569,1.0408199353549772,40.25567266353853,9.969537910948437,7.676094363882566,-0.7944839362956615,0.0,target,True,D2,1,159,20,3.9526212215423584
GPR-target,0.1,0.9,0.4819277108433735,0.41807228915662653,6.347904682159424,0.17901592443229739,40.940498177401984,5.41293388632781,4.2127136230468745,0.4710008649680538,0.008019685745239258,none,False,D2,1,159,20,3.9526212215423584
GPR-transfer,0.1,0.9,0.5783132530120482,0.32168674698795185,6.972713654299817,0.19663603080466602,26.479353456193984,4.3053692740474725,3.3261553533165564,0.6653349726204839,0.007999897003173828,none,False,D2,1,159,20,3.9526212215423584
TabPFN-target,0.1,0.9,0.9156626506024096,0.015662650602409567,13.1817626953125,0.3717361165142454,15.759417549960586,3.677826193634358,2.8713849364131323,0.7557852337265324,0.2877829074859619,target,True,D2,1,159,20,3.9526212215423584
WeightedCP-v2,0.1,0.9,0.6385542168674698,0.2614457831325302,109.76003653711669,3.095319698425367,171.96374778669883,18.385816903487957,17.361089865028827,-5.103168752140647,0.004000425338745117,source,True,D2,1,159,20,3.9526212215423584
JKplus-source,0.1,0.9,0.18072289156626506,0.7192771084337349,21.525954054203392,0.6070489015265907,165.7764739749752,18.360434740480102,17.018979676989368,-5.086329174665383,0.0,source,True,D2,1,159,20,3.9526212215423584
CQR-target,0.1,0.9,0.9754601226993865,0.07546012269938651,60.51518021428945,1.0443872823586373,61.17641238694675,7.515152649654484,5.8610882176669215,0.6530949389335818,0.0,target,True,D4,2,159,20,3.779735565185547
GPR-target,0.1,0.9,0.4171779141104294,0.4828220858895706,6.382225513458252,0.11014616722279369,92.05606473127104,10.153113638803765,6.778388834992824,0.36681077334373413,0.008997917175292969,none,False,D4,2,159,20,3.779735565185547
GPR-transfer,0.1,0.9,0.558282208588957,0.34171779141104297,6.8595277663388865,0.11838357808374579,44.16907585755854,6.146744544663898,4.349502786286476,0.7679266070337767,0.007999897003173828,none,False,D4,2,159,20,3.779735565185547
TabPFN-target,0.1,0.9,0.9631901840490797,0.06319018404907972,26.547422409057617,0.458162567561446,30.15881456832321,5.5717882926590825,4.01281350445667,0.8093116170843623,0.2806575298309326,target,True,D4,2,159,20,3.779735565185547
WeightedCP-v2,0.1,0.9,0.07975460122699386,0.8202453987730062,3.521136394703982,0.06076872046083125,223.82346902613452,14.730164945785493,12.685873965602877,-0.3327547618932678,0.004999876022338867,source,True,D4,2,159,20,3.779735565185547
JKplus-source,0.1,0.9,0.7423312883435583,0.1576687116564417,22.195584193128987,0.38305737128666156,46.737315330613946,9.725248156793494,8.061793838703426,0.4190531426384665,0.0,source,True,D4,2,159,20,3.779735565185547
CQR-target,0.1,0.9,0.8639825897714908,0.03601741022850924,148.3273772911418,1.9432382716063072,269.1261170827776,57.30446634555886,41.41570063693391,-10.97017760950284,0.0010004043579101562,target,True,D1,0,160,20,1.6551544666290283
GPR-target,0.1,0.9,0.26332970620239393,0.6366702937976061,6.833063125610352,0.08952001997530659,155.95771673075913,14.605581235340498,10.41053742098471,0.22239089227127307,0.007999897003173828,none,False,D1,0,160,20,1.6551544666290283
GPR-transfer,0.1,0.9,0.30359085963003263,0.5964091403699674,9.950211411850756,0.1303578070293093,115.93706274929424,11.614316745141616,9.52999931795695,0.5082878028793978,0.009000062942504883,none,False,D1,0,160,20,1.6551544666290283
TabPFN-target,0.1,0.9,0.6866158868335147,0.2133841131664853,21.630817413330078,0.2833855287632153,60.84752897982758,11.118446081888884,8.769750296475449,0.549378573452682,0.2807333469390869,target,True,D1,0,160,20,1.6551544666290283
WeightedCP-v2,0.1,0.9,0.11969532100108814,0.7803046789989119,5.739603715462273,0.0751945986468011,169.06884355917174,11.94716963659613,9.913571461820291,0.4797001389520964,0.003000020980834961,source,True,D1,0,160,20,1.6551544666290283
JKplus-source,0.1,0.9,0.6833514689880305,0.21664853101196957,24.982790961927808,0.3272997636401783,61.440399023241994,12.031346427452474,10.029304883507697,0.4723425026374448,0.0,source,True,D1,0,160,20,1.6551544666290283
CQR-target,0.1,0.9,0.8674698795180723,0.032530120481927716,60.44437732012321,1.704579168163492,101.23318919090052,21.77791859571427,14.799440377352024,-7.537138313139716,0.0009999275207519531,target,True,D2,1,160,20,3.428589105606079
GPR-target,0.1,0.9,0.4939759036144578,0.4060240963855422,6.273687362670898,0.17692293741967485,53.78168606815567,6.520956832281586,4.847000739775507,0.23457573133146892,0.00800013542175293,none,False,D2,1,160,20,3.428589105606079
GPR-transfer,0.1,0.9,0.6626506024096386,0.23734939759036144,6.724411125642708,0.18963370343334382,23.145217138681772,3.850998979331674,2.9041946005529033,0.7330521764019412,0.007999658584594727,none,False,D2,1,160,20,3.428589105606079
TabPFN-target,0.1,0.9,0.9397590361445783,0.03975903614457832,17.811201095581055,0.5022899348719164,19.357834257562473,4.548947625389513,3.601449122601245,0.6275212934141676,0.2682924270629883,target,True,D2,1,160,20,3.428589105606079
WeightedCP-v2,0.1,0.9,0.6144578313253012,0.28554216867469884,305.4983170999917,8.615293768015759,401.7128692867585,20.136815757001298,19.212156996516917,-6.29896313859114,0.00399327278137207,source,True,D2,1,160,20,3.428589105606079
JKplus-source,0.1,0.9,0.18072289156626506,0.7192771084337349,21.50008969357049,0.6063195061338775,165.63123038139938,18.372330681528265,17.01558242887364,-5.075864566219505,0.0,source,True,D2,1,160,20,3.428589105606079
CQR-target,0.1,0.9,0.8466257668711656,0.05337423312883438,19.748347907877918,0.3455375516201337,30.264295579905923,6.7218141223665695,5.071506000747136,0.6986408041770252,0.0,target,True,D4,2,160,20,3.450507164001465
GPR-target,0.1,0.9,0.4539877300613497,0.44601226993865034,6.438223361968994,0.11264982507174011,57.90032678190605,6.989786957940508,5.049731150862093,0.6741337905617946,0.0070002079010009766,none,False,D4,2,160,20,3.450507164001465
GPR-transfer,0.1,0.9,0.4539877300613497,0.44601226993865034,7.657180537475399,0.13397796248956712,48.44518241323971,6.257629294994199,5.039436844934555,0.7388252941831165,0.007999897003173828,none,False,D4,2,160,20,3.450507164001465
TabPFN-target,0.1,0.9,0.7852760736196319,0.1147239263803681,13.585958480834961,0.23771400280059946,25.688753824221017,5.506479152740778,4.368396886329376,0.797763542463321,0.2705373764038086,target,True,D4,2,160,20,3.450507164001465
WeightedCP-v2,0.1,0.9,0.03680981595092025,0.8631901840490798,3.223345816741943,0.05639899736107569,213.57310812429705,14.105914325719205,12.103232868950222,-0.3271314290083891,0.001999378204345703,source,True,D4,2,160,20,3.450507164001465
JKplus-source,0.1,0.9,0.7177914110429447,0.18220858895705527,22.220430294509587,0.3887916658004501,49.14935503599977,9.958474912038024,8.190707986503826,0.3385498521101966,0.0,source,True,D4,2,160,20,3.450507164001465
CQR-target,0.1,0.9,0.8857453754080522,0.014254624591947818,58.944088963166685,0.7722270267973853,78.07678963436295,18.17426414992089,14.065871466175892,-0.19281594234396726,0.001001596450805664,target,True,D1,0,161,20,1.5957691669464111
GPR-target,0.1,0.9,0.22306855277475518,0.6769314472252448,6.70829963684082,0.08788549241401764,186.81066419001633,16.02079488745979,11.988951970205214,0.07311066824449974,0.00800180435180664,none,False,D1,0,161,20,1.5957691669464111
GPR-transfer,0.1,0.9,0.32426550598476606,0.575734494015234,8.403104742151868,0.11008914897223866,109.6002198731232,10.912583676664344,8.597137878239238,0.5699539759146389,0.008999824523925781,none,False,D1,0,161,20,1.5957691669464111
TabPFN-target,0.1,0.9,0.9445048966267682,0.04450489662676815,51.15352249145508,0.6701627470817956,57.71763681156461,12.888699870379815,10.155667748518686,0.4001012119632058,0.2760622501373291,target,True,D1,0,161,20,1.5957691669464111
WeightedCP-v2,0.1,0.9,0.16104461371055495,0.7389553862894451,7.174296892846535,0.09399052655452156,154.7373656032911,11.864349947985936,9.847843021453622,0.49166775490699166,0.0029990673065185547,source,True,D1,0,161,20,1.5957691669464111
JKplus-source,0.1,0.9,0.6844396082698585,0.21556039173014152,24.986294808697888,0.3273456675674628,61.299073512714244,12.007587448954212,9.996954944424719,0.4793195403959706,0.0,source,True,D1,0,161,20,1.5957691669464111
CQR-target,0.1,0.9,1.0,0.09999999999999998,283.66889648247246,6.861850421234976,283.66889648247246,16.61331060865306,12.557954149950799,-3.49293132092395,0.0,target,True,D2,1,161,20,3.680600643157959
GPR-target,0.1,0.9,0.4578313253012048,0.4421686746987952,6.320058822631836,0.15287999083461623,68.29737543312898,7.6825635909617676,5.560058804707355,0.039207204798659245,0.007000923156738281,none,False,D2,1,161,20,3.680600643157959
GPR-transfer,0.1,0.9,0.5180722891566265,0.3819277108433735,6.8083831258566985,0.16469238326583874,49.52097163781299,6.31150931011809,4.542221483914566,0.35153899564559177,0.007999658584594727,none,False,D2,1,161,20,3.680600643157959
TabPFN-target,0.1,0.9,0.9397590361445783,0.03975903614457832,16.31035614013672,0.39454175462485,20.512934953620633,3.8805137002733185,2.7341794668910016,0.7548703459057162,0.28826165199279785,target,True,D2,1,161,20,3.680600643157959
WeightedCP-v2,0.1,0.9,0.6626506024096386,0.23734939759036144,115.91510309405963,2.8039454055641064,191.452475377624,19.248422534146098,18.089676809578815,-5.03125509256425,0.0021064281463623047,source,True,D2,1,161,20,3.680600643157959
JKplus-source,0.1,0.9,0.1686746987951807,0.7313253012048193,21.4859269792333,0.5197369853419431,172.53569963291284,18.74206466668425,17.380819749034067,-4.71810695325812,0.0,source,True,D2,1,161,20,3.680600643157959
CQR-target,0.1,0.9,0.9877300613496932,0.08773006134969319,52.64272389386286,0.9085223104150195,53.63506023688718,9.074970539972554,6.381471055176445,0.482505458276975,0.0010013580322265625,target,True,D4,2,161,20,6.054027318954468
GPR-target,0.1,0.9,0.4785276073619632,0.4214723926380368,6.344033718109131,0.10948704293014808,56.85528790423307,7.116448942989527,4.883966256977241,0.6817693532686899,0.009998559951782227,none,False,D4,2,161,20,6.054027318954468
GPR-transfer,0.1,0.9,0.4171779141104294,0.4828220858895706,6.469157765979416,0.1116464674555352,45.71711155309312,5.6859367340300615,4.54771901596753,0.7968488094110366,0.009999990463256836,none,False,D4,2,161,20,6.054027318954468
TabPFN-target,0.1,0.9,0.9754601226993865,0.07546012269938651,24.403488159179688,0.4211619727213286,25.07648065438158,5.297573729236788,4.492111302690215,0.823652484596368,0.29410648345947266,target,True,D4,2,161,20,6.054027318954468
WeightedCP-v2,0.1,0.9,0.04294478527607362,0.8570552147239264,3.065604673146516,0.05290703129423079,227.37818131448054,14.51735892748992,12.710550083597786,-0.3243127327354194,0.002999544143676758,source,True,D4,2,161,20,6.054027318954468
JKplus-source,0.1,0.9,0.7177914110429447,0.18220858895705527,22.186249709803487,0.38289627425880807,49.55071854446611,9.998922060111505,8.242918675887479,0.37176563070837887,0.0,source,True,D4,2,161,20,6.054027318954468
CQR-target,0.1,0.9,0.7856365614798694,0.11436343852013064,297.1196863402104,3.892567618253436,628.625391986666,133.57251706870983,103.30482334394607,-63.954144859051894,0.001001596450805664,target,True,D1,0,162,20,1.8626291751861572
GPR-target,0.1,0.9,0.191512513601741,0.708487486398259,7.184694766998291,0.09412674919503504,164.59775825164263,14.538415431133217,11.133484805193248,0.2305032345410034,0.007999658584594727,none,False,D1,0,162,20,1.8626291751861572
GPR-transfer,0.1,0.9,0.3471164309031556,0.5528835690968444,9.588123193892354,0.12561408610816474,100.51107207794175,10.639894905766317,8.546113693065061,0.5878575711779265,0.009508371353149414,none,False,D1,0,162,20,1.8626291751861572
TabPFN-target,0.1,0.9,0.8541893362350381,0.0458106637649619,42.15761947631836,0.5523073427328087,57.55391168604738,14.628796203963786,11.990989649360666,0.22090605514411066,0.30797839164733887,target,True,D1,0,162,20,1.8626291751861572
WeightedCP-v2,0.1,0.9,0.12078346028291621,0.7792165397170838,4.3834768153181125,0.05742796822669767,157.05970578659702,11.68219007688764,9.681578978202834,0.5031546998841037,0.0029997825622558594,source,True,D1,0,162,20,1.8626291751861572
JKplus-source,0.1,0.9,0.6844396082698585,0.21556039173014152,24.98120554002799,0.32727899301395524,61.246492254908816,12.0009785487118,9.996485970232103,0.47566847695197134,0.0,source,True,D1,0,162,20,1.8626291751861572
CQR-target,0.1,0.9,0.8313253012048193,0.06867469879518073,62.18585185344899,1.7536901250962238,87.14031459988131,21.291120217166817,16.712738443307636,-7.027371185977968,0.0,target,True,D2,1,162,20,3.3943121433258057
GPR-target,0.1,0.9,0.5060240963855421,0.3939759036144579,6.180113315582275,0.1742840754043834,45.75426492576139,5.790367535476956,4.198694088028137,0.4062705617198882,0.007998228073120117,none,False,D2,1,162,20,3.3943121433258057
GPR-transfer,0.1,0.9,0.6385542168674698,0.2614457831325302,6.4991851427468905,0.18328215287405725,27.16801246385959,4.370086964152251,3.18102535487671,0.6618133342983356,0.006999969482421875,none,False,D2,1,162,20,3.3943121433258057
TabPFN-target,0.1,0.9,1.0,0.09999999999999998,34.511474609375,0.973250834733291,34.51147111639919,5.35284114039578,4.16696476212467,0.49260634683673177,0.2580411434173584,target,True,D2,1,162,20,3.3943121433258057
WeightedCP-v2,0.1,0.9,0.6024096385542169,0.2975903614457831,95.71049987770951,2.699111670917045,204.24375635028318,20.247524297342174,19.284204771018853,-6.259725145809069,0.001998424530029297,source,True,D2,1,162,20,3.3943121433258057
JKplus-source,0.1,0.9,0.1566265060240964,0.7433734939759036,21.533231035147057,0.6072541181352092,167.67318793378274,18.48183733091247,17.119567636413645,-5.04876354834419,0.0,source,True,D2,1,162,20,3.3943121433258057
CQR-target,0.1,0.9,0.9693251533742331,0.06932515337423306,141.90898571960165,2.449103504495044,151.7131016331631,27.61101722431568,18.38694788947526,-3.6822019568842563,0.0009996891021728516,target,True,D4,2,162,20,3.46370005607605
GPR-target,0.1,0.9,0.4785276073619632,0.4214723926380368,6.345156192779541,0.10950641490039413,67.31637842807768,8.103487606504661,5.414837146484043,0.5966990241414886,0.008002519607543945,none,False,D4,2,162,20,3.46370005607605
GPR-transfer,0.1,0.9,0.49693251533742333,0.4030674846625767,7.131718111915823,0.12308111239323181,44.92232167015875,5.838407698784443,4.451276191681097,0.7906494212810811,0.007502079010009766,none,False,D4,2,162,20,3.46370005607605
TabPFN-target,0.1,0.9,0.9202453987730062,0.02024539877300613,23.690698623657227,0.4088604588984846,35.65154896241511,7.612405911493669,5.577468848368362,0.6440990034579428,0.27303075790405273,target,True,D4,2,162,20,3.46370005607605
WeightedCP-v2,0.1,0.9,0.04294478527607362,0.8570552147239264,2.9899216413251763,0.051600873142761114,205.5874309351144,13.44350611107682,11.589206060303562,-0.10996791779232562,0.0020029544830322266,source,True,D4,2,162,20,3.46370005607605
JKplus-source,0.1,0.9,0.7300613496932515,0.16993865030674848,22.208989607065984,0.3832887255316787,49.27766708576096,9.934899892431437,8.181294384952432,0.39380504301230335,0.0,source,True,D4,2,162,20,3.46370005607605
CQR-target,0.1,0.9,0.8574537540805223,0.042546245919477754,57.8704624610982,0.7581614365716833,94.17504642782703,20.377554757416945,14.619739752851748,-0.5076114875697488,0.0,target,True,D1,0,163,20,1.7655243873596191
GPR-target,0.1,0.9,0.23721436343852012,0.6627856365614799,6.924309730529785,0.0907154425471326,144.2825958772894,13.780828452292393,9.931736388595631,0.31049732818019904,0.009003877639770508,none,False,D1,0,163,20,1.7655243873596191
GPR-transfer,0.1,0.9,0.32317736670293795,0.5768226332970621,9.154125920317508,0.11992828401831818,102.90067722389621,10.529497043188586,8.490043224220571,0.5974678672785416,0.007999897003173828,none,False,D1,0,163,20,1.7655243873596191
TabPFN-target,0.1,0.9,0.9978237214363439,0.09782372143634388,75.35973358154297,0.9872885310057656,75.56924909689222,12.269629576834749,9.593660842845697,0.4534269635307119,0.28457045555114746,target,True,D1,0,163,20,1.7655243873596191
WeightedCP-v2,0.1,0.9,0.06855277475516866,0.8314472252448314,2.7000292428787542,0.035373106806301895,172.63894496678878,11.801719889370219,9.80183301067327,0.49431985078412777,0.0029897689819335938,source,True,D1,0,163,20,1.7655243873596191
JKplus-source,0.1,0.9,0.6844396082698585,0.21556039173014152,24.98065811329182,0.32727182117148046,61.51119588731084,12.028657558928982,10.018516823624113,0.4746852166910327,0.0,source,True,D1,0,163,20,1.7655243873596191
CQR-target,0.1,0.9,0.8313253012048193,0.06867469879518073,67.99550364925311,1.6447872189841612,110.42165512746662,25.90815286752088,21.755264833135424,-10.487378286960135,0.0,target,True,D2,1,163,20,3.4748170375823975
GPR-target,0.1,0.9,0.4578313253012048,0.4421686746987952,6.09179162979126,0.14735828805799894,50.6098224961614,6.283863796179234,4.5724844158126645,0.324225893064625,0.007998228073120117,none,False,D2,1,163,20,3.4748170375823975
GPR-transfer,0.1,0.9,0.5301204819277109,0.36987951807228914,6.162628484059529,0.14907180654496396,30.84482099929275,4.459428048345198,3.4248811840583406,0.6596652122480067,0.008000612258911133,none,False,D2,1,163,20,3.4748170375823975
TabPFN-target,0.1,0.9,0.8433734939759037,0.05662650602409636,11.216170310974121,0.2713151985549339,18.378337887683543,3.828441425018368,2.739115608858775,0.7491627477523661,0.26954126358032227,target,True,D2,1,163,20,3.4748170375823975
WeightedCP-v2,0.1,0.9,0.5903614457831325,0.3096385542168675,106.39595186643609,2.5736804992912257,211.54717071771097,19.56026991353659,18.574088486074984,-5.547834710911679,0.002000093460083008,source,True,D2,1,163,20,3.4748170375823975
JKplus-source,0.1,0.9,0.18072289156626506,0.7192771084337349,21.49195137965418,0.5198827134604583,161.9771758611486,18.202165614104114,16.800466713613012,-4.67014472748294,0.0,source,True,D2,1,163,20,3.4748170375823975
CQR-target,0.1,0.9,0.9386503067484663,0.03865030674846626,57.8274831153144,0.998002281784204,65.67625104859074,12.584628033485636,8.923655093785253,-0.07987446286302036,0.0009999275207519531,target,True,D4,2,163,20,3.4232778549194336
GPR-target,0.1,0.9,0.49079754601226994,0.4092024539877301,6.388696670532227,0.1102578481948452,50.382500136272455,6.153089133188188,4.591245900713575,0.7418459656264815,0.008000373840332031,none,False,D4,2,163,20,3.4232778549194336
GPR-transfer,0.1,0.9,0.5153374233128835,0.38466257668711656,7.79090223136855,0.13445748950474942,46.65522554001814,6.235784754972021,4.821832391012163,0.7348603151363597,0.008000373840332031,none,False,D4,2,163,20,3.4232778549194336
TabPFN-target,0.1,0.9,0.9693251533742331,0.06932515337423306,28.320884704589844,0.48876945761180496,30.10174157712765,5.589282960138959,4.057458154732754,0.7869876924962615,0.28811025619506836,target,True,D4,2,163,20,3.4232778549194336
WeightedCP-v2,0.1,0.9,0.06134969325153374,0.8386503067484663,3.985066368977837,0.06877534893522144,194.34552539353865,13.24925963692097,11.448644165655473,-0.19694921824932443,0.001999378204345703,source,True,D4,2,163,20,3.4232778549194336
JKplus-source,0.1,0.9,0.7239263803680982,0.17607361963190182,22.20023972307169,0.38313771767656873,48.797086075659045,9.992740193480088,8.319615909993141,0.31913392394914786,0.0,source,True,D4,2,163,20,3.4232778549194336
CQR-target,0.1,0.9,0.926006528835691,0.02600652883569099,139.5825620705593,1.8286723706573116,170.31018777386154,37.96778510318564,28.62432393914864,-4.199201820693443,0.0010001659393310547,target,True,D1,0,164,20,1.5769202709197998
GPR-target,0.1,0.9,0.2252448313384113,0.6747551686615887,6.757962226867676,0.08853612244179634,135.34929902135872,12.465234072062533,9.450179546011675,0.4395885155333821,0.00800013542175293,none,False,D1,0,164,20,1.5769202709197998
GPR-transfer,0.1,0.9,0.3057671381936888,0.5942328618063113,9.331020023150854,0.12224577521195333,112.6919286481946,11.268311515834219,9.118454765174194,0.5420439088379669,0.008999824523925781,none,False,D1,0,164,20,1.5769202709197998
TabPFN-target,0.1,0.9,0.7921653971708379,0.10783460282916213,28.365814208984375,0.37162078088914147,54.1117399520791,11.572796222630206,9.147018674117826,0.5169603706028884,0.27916789054870605,target,True,D1,0,164,20,1.5769202709197998
WeightedCP-v2,0.1,0.9,0.08052230685527748,0.8194776931447225,3.2491985250083806,0.042567778390969514,178.10453326755174,12.105931600161442,10.079443331843535,0.47142991268811474,0.007010221481323242,source,True,D1,0,164,20,1.5769202709197998
JKplus-source,0.1,0.9,0.6811751904243744,0.21882480957562567,24.9813224883969,0.3272805251555626,61.5977545329118,12.057574761907098,10.06791584361216,0.47564419866242547,0.0,source,True,D1,0,164,20,1.5769202709197998
CQR-target,0.1,0.9,0.8554216867469879,0.04457831325301209,21.579766898380388,0.5358770025582722,30.70391658273516,7.002389686752355,5.465953219811056,0.2266388955024239,0.0,target,True,D2,1,164,20,3.2697668075561523
GPR-target,0.1,0.9,0.42168674698795183,0.4783132530120482,5.973522663116455,0.14833679318681617,53.7640155125813,6.311590453446707,4.721172183852596,0.3716995143467422,0.007998228073120117,none,False,D2,1,164,20,3.2697668075561523
GPR-transfer,0.1,0.9,0.6265060240963856,0.27349397590361446,6.178196234875415,0.15341932538716718,28.31616592634607,4.291319393550987,3.042859132261489,0.7095499518260653,0.006940603256225586,none,False,D2,1,164,20,3.2697668075561523
TabPFN-target,0.1,0.9,0.7590361445783133,0.14096385542168677,7.744721412658691,0.19231987610468074,22.969579351953712,4.1387560827783,3.130919935846903,0.7298347804030328,0.2599482536315918,target,True,D2,1,164,20,3.2697668075561523
WeightedCP-v2,0.1,0.9,0.6144578313253012,0.28554216867469884,107.30630120316096,2.6646710001617646,205.21042932970823,19.70519161574166,18.742448026493363,-5.124224448458123,0.002996206283569336,source,True,D2,1,164,20,3.2697668075561523
JKplus-source,0.1,0.9,0.18072289156626506,0.7192771084337349,21.511536170944726,0.5341826711100794,170.45707141634458,18.71727119590447,17.282809704839295,-4.5255414359799255,0.0,source,True,D2,1,164,20,3.2697668075561523
CQR-target,0.1,0.9,0.9693251533742331,0.06932515337423306,19.629473249770445,0.3387707373400249,20.862903634515867,4.2470009572131735,3.269229865496417,0.88540702867877,0.0,target,True,D4,2,164,20,3.4256949424743652
GPR-target,0.1,0.9,0.44785276073619634,0.4521472392638037,6.295691967010498,0.10865274796687475,74.36565852943475,8.391477707735925,5.7901549504451495,0.5526266051467195,0.008000373840332031,none,False,D4,2,164,20,3.4256949424743652
GPR-transfer,0.1,0.9,0.5705521472392638,0.3294478527607362,7.0568738393257,0.12178942977452832,31.533325800913413,4.739596996606506,3.6969070289065513,0.8572828731504913,0.00800013542175293,none,False,D4,2,164,20,3.4256949424743652
TabPFN-target,0.1,0.9,0.9877300613496932,0.08773006134969319,43.94664764404297,0.7584430838544691,44.20941588967311,6.829373998696892,5.025894106233797,0.7036840314997186,0.28084230422973633,target,True,D4,2,164,20,3.4256949424743652
WeightedCP-v2,0.1,0.9,0.03067484662576687,0.8693251533742331,3.5620503422585443,0.06147482438956058,204.79873088070855,13.578840163204541,11.821144536850486,-0.17143613188339524,0.002997875213623047,source,True,D4,2,164,20,3.4256949424743652
JKplus-source,0.1,0.9,0.7239263803680982,0.17607361963190182,22.192477258843486,0.3830037509777835,49.135627367849956,9.973053277920187,8.262917182048387,0.36809827481326374,0.0009984970092773438,source,True,D4,2,164,20,3.4256949424743652
CQR-target,0.1,0.9,0.9238302502720348,0.02383025027203478,75.6176017459786,0.9906668640910775,139.87671574554355,29.70771099203193,18.300180889380908,-2.2033646291895685,0.0010008811950683594,target,True,D1,0,165,20,1.6240522861480713
GPR-target,0.1,0.9,0.24483133841131666,0.6551686615886834,7.049768924713135,0.09235908455115348,154.1416925772749,14.537028180726436,10.462469186046048,0.23295779642551584,0.0069980621337890625,none,False,D1,0,165,20,1.6240522861480713
GPR-transfer,0.1,0.9,0.3982589771490751,0.5017410228509249,9.341118868598482,0.12237808027478976,94.55268526052889,10.231428894641095,7.86509134762201,0.6200376403381933,0.0050008296966552734,none,False,D1,0,165,20,1.6240522861480713
TabPFN-target,0.1,0.9,0.9793253536452666,0.0793253536452666,87.36146545410156,1.1445233255948688,89.01942145977499,17.248835981502292,13.178907819629623,-0.07991004374134891,0.25199270248413086,target,True,D1,0,165,20,1.6240522861480713
WeightedCP-v2,0.1,0.9,0.10663764961915125,0.7933623503808488,3.8696173628006982,0.050695891029657277,166.4535919179007,12.046383502357788,9.950195558124415,0.4732781126307538,0.003002166748046875,source,True,D1,0,165,20,1.6240522861480713
JKplus-source,0.1,0.9,0.6833514689880305,0.21664853101196957,24.986811030128266,0.32735243058895247,61.13293425608445,12.004585665022192,10.009558513717327,0.47692694900310073,0.0,source,True,D1,0,165,20,1.6240522861480713
CQR-target,0.1,0.9,0.963855421686747,0.06385542168674696,21.67211709686075,0.524240858529713,23.618043109647303,4.9747331593110715,3.8490386666506042,0.5888770009298245,0.0,target,True,D2,1,165,20,3.4314539432525635
GPR-target,0.1,0.9,0.4457831325301205,0.45421686746987955,6.103858470916748,0.14765018068312158,51.21265588783355,6.352925035175124,4.574319747557122,0.32952953238121907,0.007999181747436523,none,False,D2,1,165,20,3.4314539432525635
GPR-transfer,0.1,0.9,0.5180722891566265,0.3819277108433735,6.582199182855078,0.15922107356707466,37.348965378454324,5.205279607203416,3.809969337208741,0.5498882834269372,0.007997512817382812,none,False,D2,1,165,20,3.4314539432525635
TabPFN-target,0.1,0.9,0.9879518072289156,0.0879518072289156,27.240379333496094,0.6589351554646042,28.660055224866753,5.484974267422043,4.116544244605374,0.5002171138733056,0.28687143325805664,target,True,D2,1,165,20,3.4314539432525635
WeightedCP-v2,0.1,0.9,0.5180722891566265,0.3819277108433735,251.88390693041487,6.0929827496246975,359.5646593466783,19.07865806862632,17.957530381206272,-5.0468311397864385,0.0019981861114501953,source,True,D2,1,165,20,3.4314539432525635
JKplus-source,0.1,0.9,0.18072289156626506,0.7192771084337349,21.490078385915268,0.5198374064034081,165.58083470786647,18.431057606135226,16.988469680340312,-4.643294369099917,0.0,source,True,D2,1,165,20,3.4314539432525635
CQR-target,0.1,0.9,1.0,0.09999999999999998,29.574384090723637,0.5104026876986479,29.574384090723637,4.071894171311153,3.0244514768454023,0.8856158706011651,0.0,target,True,D4,2,165,20,3.704835891723633
GPR-target,0.1,0.9,0.44785276073619634,0.4521472392638037,6.234943389892578,0.10760433265787833,39.81000850723708,5.446629547925803,3.98814681743444,0.795342114714872,0.007999658584594727,none,False,D4,2,165,20,3.704835891723633
GPR-transfer,0.1,0.9,0.5276073619631901,0.3723926380368099,7.0140275838184944,0.12104997755460668,40.48691877766563,5.380084221592531,4.342360294457764,0.8003124652803728,0.007000446319580078,none,False,D4,2,165,20,3.704835891723633
TabPFN-target,0.1,0.9,0.9877300613496932,0.08773006134969319,78.78265380859375,1.3596522627347294,78.85157070029187,10.835450509261545,7.330824246230153,0.19003406794385813,0.2670576572418213,target,True,D4,2,165,20,3.704835891723633
WeightedCP-v2,0.1,0.9,0.04294478527607362,0.8570552147239264,3.75533578055772,0.06481059655300705,232.8129446454233,15.076649933273275,13.288566005128212,-0.5681316080062297,0.0020034313201904297,source,True,D4,2,165,20,3.704835891723633
JKplus-source,0.1,0.9,0.7300613496932515,0.16993865030674848,22.213233304216462,0.3833619644003138,47.952924031345376,9.837326914435787,8.118639287194034,0.3323835717281205,0.0,source,True,D4,2,165,20,3.704835891723633
CQR-target,0.1,0.9,0.735582154515778,0.164417845484222,107.21625716834743,1.4046411260880522,478.94769245145363,77.95013850830502,48.447505657384326,-20.884016696549732,0.002000093460083008,target,True,D1,0,166,20,1.751479148864746
GPR-target,0.1,0.9,0.2132752992383025,0.6867247007616976,6.920867443084717,0.09067034510910539,162.54614166118634,14.634277567682085,10.850517673430168,0.22867780042003805,0.007999420166015625,none,False,D1,0,166,20,1.751479148864746
GPR-transfer,0.1,0.9,0.3307943416757345,0.5692056583242655,9.659412006299306,0.12654804146513593,108.86917662700952,11.135467339302979,8.98717092714102,0.5534088094481209,0.00800013542175293,none,False,D1,0,166,20,1.751479148864746
TabPFN-target,0.1,0.9,0.8182807399347116,0.0817192600652884,34.859527587890625,0.456694976854758,61.7566593381863,13.45993768172877,10.53793768860959,0.3475017468674442,0.2975623607635498,target,True,D1,0,166,20,1.751479148864746
WeightedCP-v2,0.1,0.9,0.09031556039173014,0.8096844396082699,3.059281939241969,0.040079679534143486,174.12163708757228,12.065929946409975,10.012060087490976,0.47565774912675995,0.004999399185180664,source,True,D1,0,166,20,1.751479148864746
JKplus-source,0.1,0.9,0.6887921653971708,0.21120783460282921,24.9869496723296,0.3273542469416489,60.49337007122034,11.93738929398726,9.94277557563121,0.48677007723526056,0.0,source,True,D1,0,166,20,1.751479148864746
CQR-target,0.1,0.9,0.9397590361445783,0.03975903614457832,76.74129784865048,1.905669178783059,79.14998921422925,19.060133303314807,14.936653384921176,-5.027082823533676,0.0,target,True,D2,1,166,20,3.4783711433410645
GPR-target,0.1,0.9,0.46987951807228917,0.43012048192771085,6.0173773765563965,0.14942581015798706,50.353290695741954,6.0944769713726625,4.54707620276026,0.38379080734921867,0.006000041961669922,none,False,D2,1,166,20,3.4783711433410645
GPR-transfer,0.1,0.9,0.43373493975903615,0.46626506024096387,6.109124775392464,0.15170411656010485,39.31953703022472,5.1662799311419585,4.047852522195217,0.5571963817270099,0.003999948501586914,none,False,D2,1,166,20,3.4783711433410645
TabPFN-target,0.1,0.9,0.963855421686747,0.06385542168674696,16.547548294067383,0.4109150307911158,18.28440216248294,4.3706132881292845,3.5984395525828896,0.6830869991634436,0.2520327568054199,target,True,D2,1,166,20,3.4783711433410645
WeightedCP-v2,0.1,0.9,0.6987951807228916,0.20120481927710843,75.33711712427579,1.8708000274538812,145.43181828743445,19.7333049990322,18.773518268239005,-5.460333662820737,0.003922939300537109,source,True,D2,1,166,20,3.4783711433410645
JKplus-source,0.1,0.9,0.1686746987951807,0.7313253012048193,21.49237307106021,0.5337068057045727,167.09628950640752,18.473060082531,17.090820464976332,-4.661519111008886,0.0,source,True,D2,1,166,20,3.4783711433410645
CQR-target,0.1,0.9,0.9447852760736196,0.044785276073619595,19.069993222454148,0.3291150803099426,23.313555668147256,4.839545488950908,3.8024458022676613,0.8565648449625213,0.0,target,True,D4,2,166,20,3.5599124431610107
GPR-target,0.1,0.9,0.43558282208588955,0.46441717791411047,6.222780704498291,0.10739442575683067,74.99030785103966,8.76083802049678,5.84699813247304,0.5299568197906921,0.006999969482421875,none,False,D4,2,166,20,3.5599124431610107
GPR-transfer,0.1,0.9,0.5398773006134969,0.3601226993865031,6.662199400685316,0.11497803199089056,38.64871958746729,5.398950377103454,4.002951600880116,0.8214889411259784,0.007999897003173828,none,False,D4,2,166,20,3.5599124431610107
TabPFN-target,0.1,0.9,0.8650306748466258,0.03496932515337425,13.457385063171387,0.23225117671318676,19.8588799020404,4.609018457626282,3.5771036416222186,0.8699041780982616,0.264432430267334,target,True,D4,2,166,20,3.5599124431610107
WeightedCP-v2,0.1,0.9,0.06748466257668712,0.832515337423313,3.736473915435417,0.06448507340351728,185.44526918309703,12.442273321431477,10.894193746895976,0.051917939103696575,0.0029990673065185547,source,True,D4,2,166,20,3.5599124431610107
JKplus-source,0.1,0.9,0.7300613496932515,0.16993865030674848,22.187416259025582,0.38291640687954037,48.28057129779405,9.859144436481886,8.135035793786187,0.4047150365594142,0.0,source,True,D4,2,166,20,3.5599124431610107
CQR-target,0.1,0.9,0.9923830250272034,0.09238302502720341,1077.6919698758593,14.118851955124732,1080.9620574881276,92.89507816363455,43.744171717479006,-30.122007948665622,0.0009999275207519531,target,True,D1,0,167,20,1.626502275466919
GPR-target,0.1,0.9,0.25244831338411317,0.6475516866158868,6.733743667602539,0.0882188348843227,144.37208500032975,12.892609712385198,9.86497167769921,0.4005349444707088,0.007999897003173828,none,False,D1,0,167,20,1.626502275466919
GPR-transfer,0.1,0.9,0.3982589771490751,0.5017410228509249,9.138758816578962,0.1197269594573784,104.42331707586118,10.992620525730818,8.434494946794919,0.5642025623811981,0.008999824523925781,none,False,D1,0,167,20,1.626502275466919
TabPFN-target,0.1,0.9,0.9020674646354734,0.0020674646354733595,44.594017028808594,0.5842266084497095,59.27356963629821,13.44480407630026,10.289832546827713,0.34808472654873024,0.3238656520843506,target,True,D1,0,167,20,1.626502275466919
WeightedCP-v2,0.1,0.9,0.09140369967355821,0.8085963003264418,3.8875568747303686,0.050930916732884315,170.66953370451674,12.151311720076597,10.190984386636208,0.46748907226148806,0.005001544952392578,source,True,D1,0,167,20,1.626502275466919
JKplus-source,0.1,0.9,0.6833514689880305,0.21664853101196957,24.983020649883674,0.32730277278410386,61.12056186008351,12.013562971635945,10.026819843860599,0.4794938578948049,0.0009982585906982422,source,True,D1,0,167,20,1.626502275466919
CQR-target,0.1,0.9,0.8795180722891566,0.02048192771084345,29.72327560505359,0.7189955393774463,62.85552462063115,12.518410667708935,8.428173370991624,-1.4980620854868687,0.0,target,True,D2,1,167,20,3.3763437271118164
GPR-target,0.1,0.9,0.40963855421686746,0.49036144578313257,6.312969207763672,0.15270849555482793,57.16013980313954,6.73824456630157,5.067286315366446,0.2762336654424489,0.0049991607666015625,none,False,D2,1,167,20,3.3763437271118164
GPR-transfer,0.1,0.9,0.5180722891566265,0.3819277108433735,6.568508084998073,0.15888989074526302,28.24890599874916,4.465617458890587,3.4044826613594825,0.6821165827818687,0.005000114440917969,none,False,D2,1,167,20,3.3763437271118164
TabPFN-target,0.1,0.9,0.927710843373494,0.027710843373493943,19.081113815307617,0.46156540422573683,23.222255642442818,4.757039155995606,3.54887665714126,0.6392732979879552,0.25954341888427734,target,True,D2,1,167,20,3.3763437271118164
WeightedCP-v2,0.1,0.9,0.5662650602409639,0.3337349397590361,109.57921795971666,2.650682581838651,200.58138275336168,19.449909719060642,18.117251867919972,-5.030315275776664,0.0019996166229248047,source,True,D2,1,167,20,3.3763437271118164
JKplus-source,0.1,0.9,0.1927710843373494,0.7072289156626506,21.470697140565893,0.5193685809233721,166.8062942025963,18.35706401452611,16.847830178522297,-4.371694230248101,0.0,source,True,D2,1,167,20,3.3763437271118164
CQR-target,0.1,0.9,1.0,0.09999999999999998,113.01691332790702,1.9622609861926277,113.01691332790702,15.810227962158615,12.587602290102637,-0.5563513838744081,0.0,target,True,D4,2,167,20,3.5427002906799316
GPR-target,0.1,0.9,0.43558282208588955,0.46441717791411047,6.380002498626709,0.11077306596175927,65.36858912481172,7.799592392183767,5.423656015872431,0.6212303206177932,0.00699925422668457,none,False,D4,2,167,20,3.5427002906799316
GPR-transfer,0.1,0.9,0.5337423312883436,0.36625766871165644,7.252383062444582,0.12591981077265157,34.55023638034701,5.179639596580444,3.93100069040447,0.8329561554447644,0.0075054168701171875,none,False,D4,2,167,20,3.5427002906799316
TabPFN-target,0.1,0.9,0.9693251533742331,0.06932515337423306,42.01470947265625,0.7294821882562733,43.1666407780816,7.331195314732505,4.824252516936844,0.665357595385158,0.2561626434326172,target,True,D4,2,167,20,3.5427002906799316
WeightedCP-v2,0.1,0.9,0.06748466257668712,0.832515337423313,3.0449025289374996,0.05286725024915325,184.06499354103372,12.140600362311805,10.5125934962466,0.08227678201395261,0.0020003318786621094,source,True,D4,2,167,20,3.5427002906799316
JKplus-source,0.1,0.9,0.7484662576687117,0.15153374233128836,22.190615552630618,0.3852855106048472,46.34168815485961,9.712107974963198,8.028311297693284,0.4127021696250649,0.0,source,True,D4,2,167,20,3.5427002906799316
CQR-target,0.1,0.9,0.998911860718172,0.09891186071817193,12575.165019854672,164.7473472842552,12575.291143243458,1139.1845217589735,487.77499008707775,-4703.536927784731,0.0009992122650146484,target,True,D1,0,168,20,1.5994248390197754
GPR-target,0.1,0.9,0.20674646354733406,0.693253536452666,6.835143089294434,0.08954726959778543,156.04533456007465,13.694958645540648,10.53876483830067,0.3200919532389068,0.007999420166015625,none,False,D1,0,168,20,1.5994248390197754
GPR-transfer,0.1,0.9,0.35690968443960824,0.5430903155603918,9.535857060528944,0.12492934703628522,105.74062054419915,11.024185208124637,8.697932372634801,0.559423090187414,0.008505105972290039,none,False,D1,0,168,20,1.5994248390197754
TabPFN-target,0.1,0.9,0.8803046789989118,0.019695321001088173,46.346858978271484,0.6071906062124929,56.277798654516836,14.524455098234684,12.056460217630512,0.2352342542929745,0.27332258224487305,target,True,D1,0,168,20,1.5994248390197754
WeightedCP-v2,0.1,0.9,0.09140369967355821,0.8085963003264418,3.3679419850165435,0.044123437502624256,167.1174614898354,11.862735326586689,9.78573804086607,0.489849387473663,0.005001544952392578,source,True,D1,0,168,20,1.5994248390197754
JKplus-source,0.1,0.9,0.6822633297062024,0.21773667029379762,24.98575555580775,0.3273386028106166,61.57627285557044,12.042428730130556,10.031506870691205,0.4742770934910121,0.0,source,True,D1,0,168,20,1.5994248390197754
CQR-target,0.1,0.9,0.8433734939759037,0.05662650602409636,33.39650629892614,0.8293147824840575,54.4795315457662,12.300370227277083,9.40626947519869,-1.4885018229492322,0.0010006427764892578,target,True,D2,1,168,20,3.628722906112671
GPR-target,0.1,0.9,0.30120481927710846,0.5987951807228915,6.342541694641113,0.1575004145285848,84.87222097465789,8.571340372107196,6.7285774534294385,-0.20836762052596813,0.009000062942504883,none,False,D2,1,168,20,3.628722906112671
GPR-transfer,0.1,0.9,0.5662650602409639,0.3337349397590361,6.730277141892766,0.16712880904448668,35.573384774302156,5.093929858743167,3.8138558071388435,0.5732166012738269,0.006999015808105469,none,False,D2,1,168,20,3.628722906112671
TabPFN-target,0.1,0.9,0.8313253012048193,0.06867469879518073,12.236583709716797,0.30386351394780636,19.14000734995647,4.401644443240623,3.481426745495164,0.6813370937497201,0.27384042739868164,target,True,D2,1,168,20,3.628722906112671
WeightedCP-v2,0.1,0.9,0.6265060240963856,0.27349397590361446,316.8175471311013,7.867334170658753,402.31670625047195,19.610071804816002,18.42864124281431,-5.324991761900315,0.0030007362365722656,source,True,D2,1,168,20,3.628722906112671
JKplus-source,0.1,0.9,0.1927710843373494,0.7072289156626506,21.531765645876384,0.5346850171474928,170.81030914652047,18.640019874800664,17.146292928537353,-4.71471186961612,0.0,source,True,D2,1,168,20,3.628722906112671
CQR-target,0.1,0.9,0.754601226993865,0.14539877300613502,36.91326385140459,0.6370590516336683,71.36190452563508,15.162209061343257,12.12204595223883,-0.37763993686103103,0.0,target,True,D4,2,168,20,3.6407361030578613
GPR-target,0.1,0.9,0.3803680981595092,0.5196319018404908,6.275678634643555,0.10830735248548252,103.63113265851936,10.759473106067267,7.421275890901818,0.3062663323014918,0.007504940032958984,none,False,D4,2,168,20,3.6407361030578613
GPR-transfer,0.1,0.9,0.44171779141104295,0.4582822085889571,7.251318723877515,0.12514521197374676,49.277218350267674,6.212484826223722,4.896079853478165,0.7687182072153256,0.0070002079010009766,none,False,D4,2,168,20,3.6407361030578613
TabPFN-target,0.1,0.9,0.8282208588957055,0.07177914110429451,22.1251220703125,0.38184131698926144,41.501355414280255,8.768204823348904,6.7009493287119275,0.5392852297620732,0.25487709045410156,target,True,D4,2,168,20,3.6407361030578613
WeightedCP-v2,0.1,0.9,0.06134969325153374,0.8386503067484663,3.8066607078764987,0.06569637597512727,206.77700624358621,13.916990126671227,12.007239717238381,-0.16065033580761634,0.002002239227294922,source,True,D4,2,168,20,3.6407361030578613
JKplus-source,0.1,0.9,0.7055214723926381,0.19447852760736195,22.17971240277333,0.3827834516529926,50.74762278228566,10.1873081715365,8.449354082237724,0.37808697701203486,0.0,source,True,D4,2,168,20,3.6407361030578613
CQR-target,0.1,0.9,0.8520130576713819,0.04798694232861811,54.11408227593342,0.7089490667999991,98.22658616369033,21.077549212665577,15.242966925613173,-0.6219133740815703,0.001999378204345703,target,True,D1,0,169,20,1.6758275032043457
GPR-target,0.1,0.9,0.30903155603917304,0.5909684439608269,7.007395267486572,0.09180394689595878,129.76889100889386,12.597508442949767,9.09401227600297,0.42062900791427915,0.007999897003173828,none,False,D1,0,169,20,1.6758275032043457
GPR-transfer,0.1,0.9,0.3645266594124048,0.5354733405875952,9.503719651530435,0.12450831455895917,100.92602721142835,10.709775833586882,8.465432942930994,0.5812563903762022,0.008011817932128906,none,False,D1,0,169,20,1.6758275032043457
TabPFN-target,0.1,0.9,0.9804134929270947,0.08041349292709465,60.52192687988281,0.7928982951913249,62.213386992245944,13.437693487758134,10.840333883557406,0.34077010708450817,0.2757265567779541,target,True,D1,0,169,20,1.6758275032043457
WeightedCP-v2,0.1,0.9,0.10010881392818281,0.7998911860718172,3.456378156459525,0.04528204056081102,167.8138608354891,11.92715640471205,9.873920285434325,0.4806486562164033,0.004997730255126953,source,True,D1,0,169,20,1.6758275032043457
JKplus-source,0.1,0.9,0.6866158868335147,0.2133841131664853,24.98187166728701,0.3272877199530215,60.55775683750909,11.947326848074793,9.970032308779155,0.478890583412373,0.0,source,True,D1,0,169,20,1.6758275032043457
CQR-target,0.1,0.9,0.963855421686747,0.06385542168674696,25.23781121904727,0.6104937400324705,26.88204835926014,5.757384086839713,4.5006785501446185,0.48504180702206856,0.0,target,True,D2,1,169,20,3.4220263957977295
GPR-target,0.1,0.9,0.4939759036144578,0.4060240963855422,6.101895332336426,0.14760269305419443,46.34738225821988,5.943803006316738,4.342440749938229,0.45115415523925384,0.006999492645263672,none,False,D2,1,169,20,3.4220263957977295
GPR-transfer,0.1,0.9,0.5903614457831325,0.3096385542168675,6.339675357542842,0.15335450788604973,29.358495763515474,4.524883626857348,3.3400565207353643,0.6819199766856506,0.007999658584594727,none,False,D2,1,169,20,3.4220263957977295
TabPFN-target,0.1,0.9,0.891566265060241,0.008433734939759074,15.18079948425293,0.36721817804984874,19.050749371999718,4.45063210882778,3.3756292761377544,0.6922734558918263,0.2568705081939697,target,True,D2,1,169,20,3.4220263957977295
WeightedCP-v2,0.1,0.9,0.6626506024096386,0.23734939759036144,312.6402861705696,7.5626581058283255,375.5724396352485,19.004774889241478,17.71019341749956,-4.611087297302072,0.0020003318786621094,source,True,D2,1,169,20,3.4220263957977295
JKplus-source,0.1,0.9,0.18072289156626506,0.7192771084337349,21.48824298996903,0.5197930088236841,168.9963019608953,18.588866598971638,17.13803518632168,-4.368183928160923,0.0,source,True,D2,1,169,20,3.4220263957977295
CQR-target,0.1,0.9,0.9754601226993865,0.07546012269938651,29.865384794800462,0.5154248562424587,31.422370609165128,5.243648050568777,4.151353028455161,0.8259951890894598,0.0,target,True,D4,2,169,20,3.5154716968536377
GPR-target,0.1,0.9,0.4539877300613497,0.44601226993865034,6.3822832107543945,0.11014716297827364,65.77934276691832,7.8098186183351705,5.317104353762351,0.6140099745151963,0.008999347686767578,none,False,D4,2,169,20,3.5154716968536377
GPR-transfer,0.1,0.9,0.4785276073619632,0.4214723926380368,7.124626109936486,0.12295871671255378,50.21152326037766,6.172515088924236,4.823681602349932,0.7588881766035599,0.0069997310638427734,none,False,D4,2,169,20,3.5154716968536377
TabPFN-target,0.1,0.9,0.9877300613496932,0.08773006134969319,60.56321716308594,1.0452163169616693,60.773808096532115,10.251659009593313,7.2917076240917655,0.3349068247574435,0.3002636432647705,target,True,D4,2,169,20,3.5154716968536377
WeightedCP-v2,0.1,0.9,0.06134969325153374,0.8386503067484663,3.3304156484290033,0.05747721044324227,209.39114758444603,13.978375916677113,11.93719650004974,-0.2365384299708777,0.002000093460083008,source,True,D4,2,169,20,3.5154716968536377
JKplus-source,0.1,0.9,0.7361963190184049,0.16380368098159515,22.20384392990959,0.38319992004911657,47.58866499140273,9.84299746713868,8.133630445569564,0.3868751286666682,0.0,source,True,D4,2,169,20,3.5154716968536377
CQR-target,0.1,0.9,0.984766050054407,0.08476605005440696,138.10251300855452,1.8092822349071362,142.4935792204023,19.734495873577504,13.652854259593667,-0.40550459845192455,0.0009989738464355469,target,True,D1,0,170,20,1.6150877475738525
GPR-target,0.1,0.9,0.2089227421109902,0.6910772578890099,6.881901741027832,0.09015985510449671,140.37785859133913,12.573548388935485,9.77790156533591,0.42944710597604774,0.008507490158081055,none,False,D1,0,170,20,1.6150877475738525
GPR-transfer,0.1,0.9,0.35473340587595215,0.5452665941240479,9.70800257922516,0.12718462698746646,105.91331519672576,11.03401266651281,8.765304224142337,0.5606130500947042,0.00900125503540039,none,False,D1,0,170,20,1.6150877475738525
TabPFN-target,0.1,0.9,0.9836779107725789,0.08367791077257891,68.89134216308594,0.9025460782662188,70.49135673448232,13.617218691305224,10.360165642747683,0.33079832074190896,0.30546116828918457,target,True,D1,0,170,20,1.6150877475738525
WeightedCP-v2,0.1,0.9,0.14145810663764963,0.7585418933623505,4.860907673558973,0.06368279409042507,158.8380914939253,12.03912837843874,9.948936110609512,0.47691738200645306,0.00299835205078125,source,True,D1,0,170,20,1.6150877475738525
JKplus-source,0.1,0.9,0.6866158868335147,0.2133841131664853,24.979944600633775,0.32726247343588566,61.229378883870844,11.99549103640491,9.989670640286464,0.4807024678788032,0.0,source,True,D1,0,170,20,1.6150877475738525
CQR-target,0.1,0.9,1.0,0.09999999999999998,86.66474099672654,2.4440141278140555,86.66474099672654,13.466226666819031,10.73900988361772,-2.193234214356913,0.0009999275207519531,target,True,D2,1,170,20,3.3740246295928955
GPR-target,0.1,0.9,0.4819277108433735,0.41807228915662653,6.258882522583008,0.17650542923908502,38.268847228820064,5.177646346190184,4.006340859654437,0.5279329376081499,0.009000778198242188,none,False,D2,1,170,20,3.3740246295928955
GPR-transfer,0.1,0.9,0.5903614457831325,0.3096385542168675,7.029308456972421,0.19823204892809085,24.326998339646362,4.012800334756886,3.1917023483230627,0.7164471378691282,0.006999969482421875,none,False,D2,1,170,20,3.3740246295928955
TabPFN-target,0.1,0.9,1.0,0.09999999999999998,17.92853355407715,0.5055988028488766,17.928531738648932,3.7008876178960994,2.962314384184688,0.7588147591035255,0.2654550075531006,target,True,D2,1,170,20,3.3740246295928955
WeightedCP-v2,0.1,0.9,0.5903614457831325,0.3096385542168675,63.67123569732926,1.7955791223737585,168.84767599614767,19.96543645874724,18.969034467698872,-6.019344386293199,0.0030019283294677734,source,True,D2,1,170,20,3.3740246295928955
JKplus-source,0.1,0.9,0.1566265060240964,0.7433734939759036,21.49515825916678,0.6061804357897624,171.10024450165372,18.667083512227947,17.35222628411182,-5.136092163804704,0.0,source,True,D2,1,170,20,3.3740246295928955
CQR-target,0.1,0.9,0.8466257668711656,0.05337423312883438,287.8584404145296,4.9979544701669765,523.7392277325371,101.13597645995098,67.33876075964822,-64.10892006362207,0.0,target,True,D4,2,170,20,3.4220173358917236
GPR-target,0.1,0.9,0.32515337423312884,0.5748466257668712,6.411780834197998,0.11132481867081402,90.94477707745477,9.714635200953461,6.90195150567302,0.39926609791514456,0.006998777389526367,none,False,D4,2,170,20,3.4220173358917236
GPR-transfer,0.1,0.9,0.6073619631901841,0.2926380368098159,7.197992634919523,0.12497545465097004,29.999009060037004,4.763847220231503,3.6012355820679733,0.8555409355397093,0.007004737854003906,none,False,D4,2,170,20,3.4220173358917236
TabPFN-target,0.1,0.9,0.9079754601226994,0.00797546012269934,11.402755737304688,0.19798083366051447,15.443388396913775,3.3389438139114502,2.4488319333650828,0.9290344831417335,0.2913963794708252,target,True,D4,2,170,20,3.4220173358917236
WeightedCP-v2,0.1,0.9,0.10429447852760736,0.7957055214723927,3.2224774354003367,0.05595040214932808,181.76259758956604,12.223172179267713,10.471188365955333,0.04896389017492253,0.0019998550415039062,source,True,D4,2,170,20,3.4220173358917236
JKplus-source,0.1,0.9,0.7484662576687117,0.15153374233128836,22.199899477227223,0.38544670314230234,44.844049164876104,9.548927860675212,7.904643882186574,0.41958534042887663,0.0,source,True,D4,2,170,20,3.4220173358917236
CQR-target,0.1,0.9,0.7573449401523396,0.14265505984766047,38.07062467642426,0.5000738824566338,118.57952136301655,20.403670024973632,14.029258787883968,-0.5253285731044268,0.0010001659393310547,target,True,D1,0,171,20,1.6155946254730225
GPR-target,0.1,0.9,0.264417845484222,0.635582154515778,7.103233814239502,0.09330400385270542,169.63777836974998,15.003715739292394,11.20676118076561,0.17520792797872164,0.007999897003173828,none,False,D1,0,171,20,1.6155946254730225
GPR-transfer,0.1,0.9,0.35038084874863984,0.5496191512513602,8.923902431172568,0.1172192621831128,104.43983727637257,10.865300465736317,8.42358541276486,0.5674559878134933,0.008999824523925781,none,False,D1,0,171,20,1.6155946254730225
TabPFN-target,0.1,0.9,0.9902067464635473,0.09020674646354732,88.67835235595703,1.1648279567096909,89.1341503753496,15.717913291066493,12.254960745312315,0.09481655964819924,0.271106481552124,target,True,D1,0,171,20,1.6155946254730225
WeightedCP-v2,0.1,0.9,0.09357997823721437,0.8064200217627857,5.2565492627400525,0.06904701513266233,174.0789820960062,12.089211888340909,10.075872272995243,0.4645205580516921,0.004004001617431641,source,True,D1,0,171,20,1.6155946254730225
JKplus-source,0.1,0.9,0.6898803046789989,0.21011969532100117,24.98335648577345,0.3281670364178613,60.331868612572286,11.90833612068176,9.913400623685757,0.4804241080849795,0.0,source,True,D1,0,171,20,1.6155946254730225
CQR-target,0.1,0.9,0.8554216867469879,0.04457831325301209,34.52752028820246,0.8352085215251662,53.10169905632537,12.446554125438176,9.955920342780297,-1.3479774205891237,0.0,target,True,D2,1,171,20,3.375307559967041
GPR-target,0.1,0.9,0.37349397590361444,0.5265060240963856,6.196953296661377,0.14990211163914743,58.26510834521557,6.774609132490725,5.15399568948401,0.30439268789605334,0.00799870491027832,none,False,D2,1,171,20,3.375307559967041
GPR-transfer,0.1,0.9,0.5903614457831325,0.3096385542168675,6.516665855085994,0.15763584551305357,31.92156322586171,5.013420902130068,3.560740358887942,0.6190535008207863,0.0069997310638427734,none,False,D2,1,171,20,3.375307559967041
TabPFN-target,0.1,0.9,0.963855421686747,0.06385542168674696,29.76809310913086,0.7200796589726671,31.454742679825745,6.61355692293001,5.120690309455595,0.3370727918972295,0.2504143714904785,target,True,D2,1,171,20,3.375307559967041
WeightedCP-v2,0.1,0.9,0.6506024096385542,0.24939759036144582,108.01159931065469,2.61276244036108,181.19865679237338,19.096349824237336,17.775027330074845,-4.5270879562155395,0.0019989013671875,source,True,D2,1,171,20,3.375307559967041
JKplus-source,0.1,0.9,0.18072289156626506,0.7192771084337349,21.537953917403875,0.5209954986016913,169.4394276988054,18.65720120378069,17.183522938465554,-4.275803872281301,0.0,source,True,D2,1,171,20,3.375307559967041
CQR-target,0.1,0.9,0.9447852760736196,0.044785276073619595,17.429382398411693,0.30080097674349116,20.93099216314664,4.264376070470891,3.149233622819359,0.8885399685788401,0.0,target,True,D4,2,171,20,3.459346055984497
GPR-target,0.1,0.9,0.3987730061349693,0.5012269938650307,6.334021091461182,0.10931424232215031,80.16633114971735,9.051373450353568,6.138048942002574,0.49784576067438124,0.008000373840332031,none,False,D4,2,171,20,3.459346055984497
GPR-transfer,0.1,0.9,0.5766871165644172,0.32331288343558284,7.257941304540342,0.1252595062548868,36.55355595330033,5.332491628206435,3.976741306549239,0.825711580960659,0.00850534439086914,none,False,D4,2,171,20,3.459346055984497
TabPFN-target,0.1,0.9,0.9263803680981595,0.026380368098159468,38.96664810180664,0.6724969101895127,50.031104110514974,10.398759246593317,7.26093402305495,0.33721722535020116,0.2560269832611084,target,True,D4,2,171,20,3.459346055984497
WeightedCP-v2,0.1,0.9,0.05521472392638037,0.8447852760736196,2.915697981082793,0.05031990121914203,218.22835174694907,14.066918400905635,12.17969012467184,-0.21284723457521437,0.00299835205078125,source,True,D4,2,171,20,3.459346055984497
JKplus-source,0.1,0.9,0.7300613496932515,0.16993865030674848,22.19446914426034,0.3830381274729028,47.36274478058975,9.761445073907714,8.080591354938592,0.415968333129643,0.0,source,True,D4,2,171,20,3.459346055984497
CQR-target,0.1,0.9,0.9455930359085963,0.04559303590859631,224.88457143037064,2.946214743887181,252.45079949729677,55.21335623943674,41.73492738924197,-10.09231712711228,0.0,target,True,D1,0,172,20,1.591386079788208
GPR-target,0.1,0.9,0.2252448313384113,0.6747551686615887,6.8681769371032715,0.08998004632783273,152.0481575875599,13.83114711803005,10.304326935146529,0.3039340580477877,0.008999824523925781,none,False,D1,0,172,20,1.591386079788208
GPR-transfer,0.1,0.9,0.32426550598476606,0.575734494015234,9.36021326779022,0.1226282361661724,111.28013679330994,11.338031344409808,9.016959201086454,0.5322548538512455,0.00800013542175293,none,False,D1,0,172,20,1.591386079788208
TabPFN-target,0.1,0.9,0.9934711643090316,0.09347116430903157,74.38712310791016,0.974546352655112,74.80134395063897,14.225696576125614,11.253369016138853,0.2636554691914236,0.27934980392456055,target,True,D1,0,172,20,1.591386079788208
WeightedCP-v2,0.1,0.9,0.05331882480957562,0.8466811751904244,1.8934079184629504,0.02480555375625436,182.17656876568444,11.978339988716844,9.933403031577528,0.47793178316564955,0.0045087337493896484,source,True,D1,0,172,20,1.591386079788208
JKplus-source,0.1,0.9,0.6833514689880305,0.21664853101196957,24.982818512326165,0.327300124578189,61.14802987171583,11.996163781154536,10.001939410362569,0.4763769502509161,0.0,source,True,D1,0,172,20,1.591386079788208
CQR-target,0.1,0.9,0.9156626506024096,0.015662650602409567,25.009464884815813,0.6049701228535586,31.207911217703217,6.858556171449653,5.196425006387434,0.2521301083499107,0.0,target,True,D2,1,172,20,3.715947389602661
GPR-target,0.1,0.9,0.43373493975903615,0.46626506024096387,6.032839298248291,0.14593225197844625,55.77080818543949,6.478118719931929,4.805660519887165,0.33279628589919097,0.00800013542175293,none,False,D2,1,172,20,3.715947389602661
GPR-transfer,0.1,0.9,0.5783132530120482,0.32168674698795185,6.431208024542015,0.155568650773738,28.140007397536174,4.368014929341847,3.394442038504561,0.69666056198932,0.00800013542175293,none,False,D2,1,172,20,3.715947389602661
TabPFN-target,0.1,0.9,0.963855421686747,0.06385542168674696,22.7667293548584,0.5507191424613257,24.288767444656557,4.757422497806422,3.6387078057714257,0.640164428113916,0.27205610275268555,target,True,D2,1,172,20,3.715947389602661
WeightedCP-v2,0.1,0.9,0.43373493975903615,0.46626506024096387,37.667545543775965,0.911164623480027,198.47617186481114,18.5157019907064,17.342004985078354,-4.450558611866698,0.0029058456420898438,source,True,D2,1,172,20,3.715947389602661
JKplus-source,0.1,0.9,0.1927710843373494,0.7072289156626506,21.49914129587605,0.520056634994569,167.0378773068135,18.483916857790504,16.9521231022031,-4.431861181187025,0.0,source,True,D2,1,172,20,3.715947389602661
CQR-target,0.1,0.9,0.9570552147239264,0.057055214723926384,22.54129490897852,0.3890237399520084,24.536355534485306,4.889051524942787,3.648307340037623,0.8525245222935751,0.0,target,True,D4,2,172,20,3.3126816749572754
GPR-target,0.1,0.9,0.3987730061349693,0.5012269938650307,6.325030326843262,0.10915907728434682,81.65445700914667,9.08905736950418,6.246452609295292,0.4903074655409366,0.007999181747436523,none,False,D4,2,172,20,3.3126816749572754
GPR-transfer,0.1,0.9,0.4662576687116564,0.4337423312883436,7.215999339987164,0.12453566053185723,46.22479520859089,5.895543117486805,4.709048978283527,0.7855538651179628,0.006999969482421875,none,False,D4,2,172,20,3.3126816749572754
TabPFN-target,0.1,0.9,0.8895705521472392,0.010429447852760787,28.794008255004883,0.49693475129990267,41.32320281762016,8.665207332032674,5.978059696198503,0.5367360560644242,0.2622091770172119,target,True,D4,2,172,20,3.3126816749572754
WeightedCP-v2,0.1,0.9,0.09815950920245399,0.801840490797546,3.633391198806405,0.06270604411041938,212.45077000705413,14.034077499142144,12.161659627106939,-0.21517359516207457,0.003003835678100586,source,True,D4,2,172,20,3.3126816749572754
JKplus-source,0.1,0.9,0.7177914110429447,0.18220858895705527,22.188989617640456,0.3829435603263639,49.71598375377233,10.050877002364855,8.313034333745202,0.37672673304632287,0.0,source,True,D4,2,172,20,3.3126816749572754
CQR-target,0.1,0.9,0.8966267682263329,0.003373231773667107,82.58159001960212,1.0819021355794982,110.84143364053642,23.538425889333745,17.25437500970332,-1.0059469442330462,0.0010004043579101562,target,True,D1,0,173,20,1.5680937767028809
GPR-target,0.1,0.9,0.250272034820457,0.649727965179543,6.927542209625244,0.09075779128413032,133.25545364521014,12.38078032208005,9.345896075915979,0.44504132476884317,0.0055086612701416016,none,False,D1,0,173,20,1.5680937767028809
GPR-transfer,0.1,0.9,0.2927094668117519,0.6072905331882481,9.25143309646125,0.12120310618694118,107.78835283264827,10.979188325772128,8.890925615512803,0.5635795644537234,0.005998373031616211,none,False,D1,0,173,20,1.5680937767028809
TabPFN-target,0.1,0.9,0.9597388465723613,0.05973884657236128,62.53746795654297,0.8193039165249566,66.46478561965893,14.441329706039399,11.366340194054604,0.2449443252450738,0.2748281955718994,target,True,D1,0,173,20,1.5680937767028809
WeightedCP-v2,0.1,0.9,0.11316648531011969,0.7868335146898804,4.0552667497524775,0.05312808527736404,164.89345482931694,11.989212851092667,9.959031740042082,0.4795896200532108,0.003993511199951172,source,True,D1,0,173,20,1.5680937767028809
JKplus-source,0.1,0.9,0.6844396082698585,0.21556039173014152,24.980326082549666,0.3272674712338136,61.54108285070362,12.019083892268391,10.003935161498843,0.4769931918372534,0.0,source,True,D1,0,173,20,1.5680937767028809
CQR-target,0.1,0.9,1.0,0.09999999999999998,48.07917693041266,1.3558707534363779,48.07917693041266,8.38690006296596,6.45209478949603,-0.20373153534776245,0.0,target,True,D2,1,173,20,3.4364867210388184
GPR-target,0.1,0.9,0.4819277108433735,0.41807228915662653,6.12733268737793,0.17279562001268964,40.28234047487557,5.224007777269579,3.882024963562746,0.5329812341323956,0.00799870491027832,none,False,D2,1,173,20,3.4364867210388184
GPR-transfer,0.1,0.9,0.5662650602409639,0.3337349397590361,6.483977243124721,0.18285327809633922,27.088549697269737,4.181568408390193,3.3086185040678058,0.7007700126351606,0.007997989654541016,none,False,D2,1,173,20,3.4364867210388184
TabPFN-target,0.1,0.9,1.0,0.09999999999999998,37.688907623291016,1.0628569546718118,37.68890068329961,5.20699420188398,3.9828596753959196,0.5360182588024537,0.30271005630493164,target,True,D2,1,173,20,3.4364867210388184
WeightedCP-v2,0.1,0.9,0.6626506024096386,0.23734939759036144,128.9957588513038,3.637782256484095,190.97901149219027,18.590535000319246,17.450191842408362,-4.914397075494122,0.0015039443969726562,source,True,D2,1,173,20,3.4364867210388184
JKplus-source,0.1,0.9,0.14457831325301204,0.755421686746988,21.502756542394728,0.6063947133765026,162.41799227080585,18.19064360639722,17.070112846673865,-4.662690592467225,0.0,source,True,D2,1,173,20,3.4364867210388184
CQR-target,0.1,0.9,0.9386503067484663,0.03865030674846626,37.06420817501614,0.6396640894335377,42.15053408549638,9.089449655555185,6.578274703508872,0.4945950357273886,0.0010001659393310547,target,True,D4,2,173,20,3.445802927017212
GPR-target,0.1,0.9,0.4601226993865031,0.43987730061349695,6.276607513427734,0.10832338332577111,78.33276575830396,8.812953772130632,5.893756649627594,0.5248756259273297,0.008997917175292969,none,False,D4,2,173,20,3.445802927017212
GPR-transfer,0.1,0.9,0.4539877300613497,0.44601226993865034,6.969486994246032,0.12028128406094918,52.59634947303468,6.4086955912833625,5.005566592625767,0.7487514216140853,0.007999181747436523,none,False,D4,2,173,20,3.445802927017212
TabPFN-target,0.1,0.9,0.8834355828220859,0.016564417177914126,29.9638729095459,0.5171245906585074,40.01368003006211,8.439585674295087,5.330454217314918,0.5642809190689272,0.27327728271484375,target,True,D4,2,173,20,3.445802927017212
WeightedCP-v2,0.1,0.9,0.06134969325153374,0.8386503067484663,3.021348858296399,0.05214325251944717,195.63804647378552,12.927933635221857,11.09272048117009,-0.022404034011507923,0.004896879196166992,source,True,D4,2,173,20,3.445802927017212
JKplus-source,0.1,0.9,0.7177914110429447,0.18220858895705527,22.219059522925964,0.38346251485233085,48.356966177189975,9.974605380187597,8.306796976812084,0.39136661293204356,0.0,source,True,D4,2,173,20,3.445802927017212
CQR-target,0.1,0.9,0.9738846572361263,0.07388465723612625,66.79689907212916,0.8751067609508464,70.4369882714683,15.788859453873068,12.720332894942969,0.09740038908379545,0.0,target,True,D1,0,174,20,1.6026761531829834
GPR-target,0.1,0.9,0.28291621327529926,0.6170837867247008,6.979872226715088,0.09144336729727047,138.86629163868668,13.19299577294744,9.631581466309525,0.3697969932810852,0.00851130485534668,none,False,D1,0,174,20,1.6026761531829834
GPR-transfer,0.1,0.9,0.36561479869423286,0.5343852013057672,9.05691264529223,0.11865469204907225,91.53543247955665,9.906720232676046,7.751783988210001,0.6446523713987857,0.009001970291137695,none,False,D1,0,174,20,1.6026761531829834
TabPFN-target,0.1,0.9,0.955386289445049,0.055386289445048975,60.263126373291016,0.789507747483243,63.08131519936114,15.344006440313008,12.522615712137814,0.14754557688663505,0.2805352210998535,target,True,D1,0,174,20,1.6026761531829834
WeightedCP-v2,0.1,0.9,0.10772578890097932,0.7922742110990207,4.9166243476725615,0.06441273872695447,166.9873180747382,11.796282446753779,9.72363904649923,0.4961700858132053,0.003984689712524414,source,True,D1,0,174,20,1.6026761531829834
JKplus-source,0.1,0.9,0.6866158868335147,0.2133841131664853,24.98094756535995,0.32727561328556526,61.25112264395478,11.999302162273066,9.98816697465622,0.4786785389414272,0.0,source,True,D1,0,174,20,1.6026761531829834
CQR-target,0.1,0.9,0.8433734939759037,0.05662650602409636,126.59289368827638,3.8004471224939027,215.59117121539285,44.00870170511801,31.08103640460812,-36.755194024189024,0.0,target,True,D2,1,174,20,3.4606423377990723
GPR-target,0.1,0.9,0.5783132530120482,0.32168674698795185,6.2221598625183105,0.1867955527064051,42.45227577255432,5.546857226886703,3.7842660435136537,0.4002178065688806,0.009000539779663086,none,False,D2,1,174,20,3.4606423377990723
GPR-transfer,0.1,0.9,0.6506024096385542,0.24939759036144582,6.802467650677785,0.20421698134601063,23.75407048372434,4.125611679074129,3.172394592736848,0.6682000710121905,0.007000446319580078,none,False,D2,1,174,20,3.4606423377990723
TabPFN-target,0.1,0.9,0.9397590361445783,0.03975903614457832,18.308897018432617,0.5496516665546712,18.797348408526684,4.776299787661749,3.912403922942748,0.5552840063338902,0.2648789882659912,target,True,D2,1,174,20,3.4606423377990723
WeightedCP-v2,0.1,0.9,0.5903614457831325,0.3096385542168675,98.14198004653775,2.946321825790289,163.3902052170497,18.691234838372036,17.49091222448896,-5.81044642947393,0.0019965171813964844,source,True,D2,1,174,20,3.4606423377990723
JKplus-source,0.1,0.9,0.18072289156626506,0.7192771084337349,21.497878766611688,0.6453881344988833,165.31894694145137,18.302475074502226,16.884272265717115,-5.530091117350779,0.0,source,True,D2,1,174,20,3.4606423377990723
CQR-target,0.1,0.9,0.9938650306748467,0.09386503067484664,50.81194365862518,0.8769262119203101,51.27427425204145,8.331002540631863,6.335904280271983,0.5377094494886584,0.0009996891021728516,target,True,D4,2,174,20,3.4148120880126953
GPR-target,0.1,0.9,0.49693251533742333,0.4030674846625767,6.241783618927002,0.1077223831732478,51.75496898113517,6.316696483101401,4.4909775933592675,0.7342333380827375,0.00800013542175293,none,False,D4,2,174,20,3.4148120880126953
GPR-transfer,0.1,0.9,0.5337423312883436,0.36625766871165644,7.871594034089632,0.13585009037372264,42.22223151031177,5.715702221932206,4.529315858753309,0.782399608736442,0.006999969482421875,none,False,D4,2,174,20,3.4148120880126953
TabPFN-target,0.1,0.9,0.9877300613496932,0.08773006134969319,35.21627426147461,0.6077719481376206,35.30222388727683,6.128572539628977,4.3855369918302936,0.7498277443858773,0.25865793228149414,target,True,D4,2,174,20,3.4148120880126953
WeightedCP-v2,0.1,0.9,0.05521472392638037,0.8447852760736196,3.2570802172605724,0.05621156781626202,199.1980318456428,13.149413103349064,11.385284422919346,-0.15168370292023292,0.0029969215393066406,source,True,D4,2,174,20,3.4148120880126953
JKplus-source,0.1,0.9,0.7055214723926381,0.19447852760736195,22.222482107756296,0.3835215827433449,50.35616458708213,10.104328339453748,8.345217865905651,0.3199585530388057,0.0,source,True,D4,2,174,20,3.4148120880126953
CQR-target,0.1,0.9,0.8922742110990207,0.007725788900979302,131.42497240385705,1.7217997168431687,188.20049579383544,39.86367959101972,27.830932985210048,-4.712046149319732,0.0010073184967041016,target,True,D1,0,175,20,1.5952198505401611
GPR-target,0.1,0.9,0.22089227421109903,0.679107725788901,7.237680435180664,0.09482091489889238,179.86522244172204,16.44857934452095,11.895583326590852,0.027490776804022343,0.008028745651245117,none,False,D1,0,175,20,1.5952198505401611
GPR-transfer,0.1,0.9,0.33188248095756256,0.5681175190424375,9.400308277972764,0.12315352124644609,104.96957537386112,10.920780996314283,8.71065166564299,0.5713090291444479,0.009486913681030273,none,False,D1,0,175,20,1.5952198505401611
TabPFN-target,0.1,0.9,0.8454842219804135,0.054515778019586514,33.768646240234375,0.4424033307455829,53.65690088863602,12.050058459293975,9.508709363802474,0.47806640914902065,0.2745225429534912,target,True,D1,0,175,20,1.5952198505401611
WeightedCP-v2,0.1,0.9,0.0794341675734494,0.8205658324265506,2.959614825639103,0.03877393980415779,180.14658375932703,12.368472092413365,10.27767432115277,0.4501185773834069,0.0035076141357421875,source,True,D1,0,175,20,1.5952198505401611
JKplus-source,0.1,0.9,0.6866158868335147,0.2133841131664853,24.98240483544799,0.3272947049937776,61.43851468915067,12.015573649569605,9.998915556777217,0.4810494695566331,0.0,source,True,D1,0,175,20,1.5952198505401611
CQR-target,0.1,0.9,0.9879518072289156,0.0879518072289156,60.245486818825256,1.4573170489659428,61.10156025207907,11.508830438219421,8.989918201303858,-1.1187477112344557,0.0,target,True,D2,1,175,20,3.644359827041626
GPR-target,0.1,0.9,0.46987951807228917,0.43012048192771085,6.009485244750977,0.14536732567240693,44.446314676123926,5.684774392797525,4.099336419162979,0.4830561999596693,0.007999658584594727,none,False,D2,1,175,20,3.644359827041626
GPR-transfer,0.1,0.9,0.6265060240963856,0.27349397590361446,6.269101441624653,0.15164734978490998,29.63363504406353,4.538336025839597,3.1078209486759736,0.6705343358644613,0.0070002079010009766,none,False,D2,1,175,20,3.644359827041626
TabPFN-target,0.1,0.9,0.7469879518072289,0.15301204819277114,10.460465431213379,0.2530349644093621,32.04461509061147,5.583738735980809,4.1168419582872495,0.5012682211677267,0.2696340084075928,target,True,D2,1,175,20,3.644359827041626
WeightedCP-v2,0.1,0.9,0.6024096385542169,0.2975903614457831,103.82640758818201,2.5115241306982767,176.4625416571455,18.26566331774539,16.939233250528456,-4.336883956594405,0.0029993057250976562,source,True,D2,1,175,20,3.644359827041626
JKplus-source,0.1,0.9,0.1686746987951807,0.7313253012048193,21.527439020267092,0.5207411469535481,165.3568349969177,18.373833093310747,16.991657861582553,-4.4002814792832465,0.0,source,True,D2,1,175,20,3.644359827041626
CQR-target,0.1,0.9,0.9141104294478528,0.01411042944785279,22.945895517783818,0.39600644625436915,32.47603026859131,7.35250640880195,5.8134084235787356,0.662483463542193,0.0,target,True,D4,2,175,20,3.3924217224121094
GPR-target,0.1,0.9,0.4171779141104294,0.4828220858895706,6.218347072601318,0.10731790894317397,83.85866800351337,9.456348994998079,6.364187773715692,0.4416953873106666,0.004999876022338867,none,False,D4,2,175,20,3.3924217224121094
GPR-transfer,0.1,0.9,0.6012269938650306,0.2987730061349694,7.252994929354615,0.12517414037942454,32.93515257264369,5.07729855304911,3.792915649082,0.8390504988496913,0.004999637603759766,none,False,D4,2,175,20,3.3924217224121094
TabPFN-target,0.1,0.9,0.9447852760736196,0.044785276073619595,16.530261993408203,0.28528371457935964,20.22323358182402,3.8651981309017125,2.6213068017619654,0.9067244638657864,0.2508544921875,target,True,D4,2,175,20,3.3924217224121094
WeightedCP-v2,0.1,0.9,0.049079754601226995,0.850920245398773,3.5223296188978823,0.06078931344541296,211.27275422106595,13.766074211800689,12.092730539501158,-0.18316263307354297,0.001999378204345703,source,True,D4,2,175,20,3.3924217224121094
JKplus-source,0.1,0.9,0.7239263803680982,0.17607361963190182,22.21336168342495,0.383364180003278,48.15783300185536,9.888206025943242,8.171865178325001,0.3895371421820695,0.0,source,True,D4,2,175,20,3.3924217224121094
CQR-target,0.1,0.9,0.9336235038084875,0.03362350380848744,199.81090457845426,2.617724414414739,258.57119823850996,53.93110935233718,37.57398220264471,-9.459349392731749,0.0010001659393310547,target,True,D1,0,176,20,1.5893075466156006
GPR-target,0.1,0.9,0.176278563656148,0.723721436343852,7.066003322601318,0.09257177154035899,202.79824187618087,17.447739448637382,13.04248983482801,-0.09472313873189675,0.008059501647949219,none,False,D1,0,176,20,1.5893075466156006
GPR-transfer,0.1,0.9,0.3144722524483134,0.5855277475516867,9.380220951271264,0.12289035700304417,108.04935152050649,10.963913690079973,8.875066216366017,0.5677279264067859,0.008116722106933594,none,False,D1,0,176,20,1.5893075466156006
TabPFN-target,0.1,0.9,0.8596300326441785,0.040369967355821545,47.61052322387695,0.6237458825840364,58.68988179402979,15.236806640502124,12.39755410776564,0.1651395726851187,0.27868056297302246,target,True,D1,0,176,20,1.5893075466156006
WeightedCP-v2,0.1,0.9,0.08922742110990206,0.8107725788900979,2.8323010051120825,0.03710600032413236,173.446792303011,11.949849665793622,9.885527540990509,0.4864877045577687,0.003000020980834961,source,True,D1,0,176,20,1.5893075466156006
JKplus-source,0.1,0.9,0.6855277475516867,0.21447225244831336,24.98808692002138,0.32736914603363937,61.142797295415626,11.995428731815652,9.98882225730513,0.48256296108695274,0.0,source,True,D1,0,176,20,1.5893075466156006
CQR-target,0.1,0.9,0.7831325301204819,0.11686746987951813,24.374501411951464,0.5896105806980009,45.893945998745124,9.695489676276061,7.779779793971736,-0.5116944289645218,0.0,target,True,D2,1,176,20,3.505943775177002
GPR-target,0.1,0.9,0.37349397590361444,0.5265060240963856,6.18463659286499,0.14960417492426095,67.9707041200385,7.379992008214297,5.742458145417363,0.12413676054202416,0.008104562759399414,none,False,D2,1,176,20,3.505943775177002
GPR-transfer,0.1,0.9,0.5180722891566265,0.3819277108433735,6.304790129144508,0.15251064653167395,40.99621745215869,5.397233116671392,4.05680914509118,0.5315460891328652,0.007181406021118164,none,False,D2,1,176,20,3.505943775177002
TabPFN-target,0.1,0.9,0.9036144578313253,0.0036144578313253017,18.560640335083008,0.44897533455716626,24.39271268729704,5.699096972919949,4.5661831959184385,0.47768005532700886,0.29874634742736816,target,True,D2,1,176,20,3.505943775177002
WeightedCP-v2,0.1,0.9,0.6987951807228916,0.20120481927710843,335.712988977339,8.120778638029298,376.53118797709965,19.760503180408318,18.457237995810896,-5.279434208165906,0.0018742084503173828,source,True,D2,1,176,20,3.505943775177002
JKplus-source,0.1,0.9,0.20481927710843373,0.6951807228915663,21.51740420768366,0.5204984083811968,163.43504981980612,18.245010473739566,16.702097957086327,-4.3531911348735886,0.0,source,True,D2,1,176,20,3.505943775177002
CQR-target,0.1,0.9,1.0,0.09999999999999998,69.20579156702128,1.19437219425305,69.20579156702128,7.209763408673076,5.2694140802211775,0.6767829569358141,0.0009987354278564453,target,True,D4,2,176,20,3.674034833908081
GPR-target,0.1,0.9,0.4662576687116564,0.4337423312883436,6.232992649078369,0.10757066624739549,79.6956381568833,8.915963894171812,5.92437652428774,0.5057020284726564,0.0055544376373291016,none,False,D4,2,176,20,3.674034833908081
GPR-transfer,0.1,0.9,0.5460122699386503,0.35398773006134976,7.189299206060866,0.12407486242779221,34.887738216216185,5.0410739923322865,3.9290385884369674,0.8419849801497131,0.0039980411529541016,none,False,D4,2,176,20,3.674034833908081
TabPFN-target,0.1,0.9,0.9693251533742331,0.06932515337423306,32.914031982421875,0.5680392306833102,35.303058322778256,8.592982541536372,7.196628839191354,0.5408653335916664,0.2405073642730713,target,True,D4,2,176,20,3.674034833908081
WeightedCP-v2,0.1,0.9,0.04294478527607362,0.8570552147239264,3.135579161553919,0.05411466986563485,212.76043507333856,13.523503169279667,12.030244186046733,-0.13718373734757017,0.0020008087158203125,source,True,D4,2,176,20,3.674034833908081
JKplus-source,0.1,0.9,0.7239263803680982,0.17607361963190182,22.204839880634076,0.38321710843501955,47.51253194896502,9.847168461590796,8.205933581354472,0.3970587992891139,0.0,source,True,D4,2,176,20,3.674034833908081
CQR-target,0.1,0.9,0.9630032644178455,0.06300326441784543,61.51046037387884,0.8058490811714969,64.80036779116152,14.126111866656707,10.971325319242613,0.28227277533362105,0.0009999275207519531,target,True,D1,0,177,20,1.6124546527862549
GPR-target,0.1,0.9,0.2622415669205658,0.6377584330794341,6.848659515380859,0.0897243484145633,159.79538036695115,14.722718478154388,10.616028189010537,0.22036710804184734,0.008000373840332031,none,False,D1,0,177,20,1.6124546527862549
GPR-transfer,0.1,0.9,0.32100108813928185,0.5789989118607182,9.513158876566425,0.12463197792899393,110.86621928087625,11.251746876568728,9.096091436023297,0.5446408739544086,0.009000539779663086,none,False,D1,0,177,20,1.6124546527862549
TabPFN-target,0.1,0.9,0.9368879216539717,0.0368879216539717,44.266578674316406,0.5799368356939217,48.97372777480166,12.15785413476396,9.877100193160661,0.46834733531810935,0.26324462890625,target,True,D1,0,177,20,1.6124546527862549
WeightedCP-v2,0.1,0.9,0.06855277475516866,0.8314472252448314,2.770580964068818,0.03629740552477197,174.91737297821436,11.933416125010137,9.940678259372133,0.4877951248693627,0.003000497817993164,source,True,D1,0,177,20,1.6124546527862549
JKplus-source,0.1,0.9,0.6844396082698585,0.21556039173014152,24.982796971925108,0.3272998423772057,61.59451243125549,12.055111039272493,10.06564532600563,0.4772951042716562,0.0,source,True,D1,0,177,20,1.6124546527862549
CQR-target,0.1,0.9,0.8313253012048193,0.06867469879518073,42.677466994609524,1.0597831384159846,61.1185869769803,14.500762132198085,11.674785750299133,-3.1156161175985755,0.0,target,True,D2,1,177,20,3.399073600769043
GPR-target,0.1,0.9,0.5060240963855421,0.3939759036144579,6.15598726272583,0.15286782371982002,40.975664704104496,5.491336004652054,4.072589905520519,0.4097863644186165,0.0060002803802490234,none,False,D2,1,177,20,3.399073600769043
GPR-transfer,0.1,0.9,0.5301204819277109,0.36987951807228914,6.39776507917657,0.15887174267662907,29.331999031663127,4.536173443541135,3.453854641655496,0.5972528222614992,0.003999948501586914,none,False,D2,1,177,20,3.399073600769043
TabPFN-target,0.1,0.9,1.0,0.09999999999999998,25.667236328125,0.6373786024770602,25.667236351105103,4.234350053628754,3.5542579706031154,0.649064971915545,0.24202346801757812,target,True,D2,1,177,20,3.399073600769043
WeightedCP-v2,0.1,0.9,0.1566265060240964,0.7433734939759036,18.422823831907383,0.4574825882128771,296.46350884594375,20.7189257087842,19.904519264937722,-7.402096566786534,0.0020024776458740234,source,True,D2,1,177,20,3.399073600769043
JKplus-source,0.1,0.9,0.1566265060240964,0.7433734939759036,21.497068110072743,0.53382339470411,170.42626659915678,18.686547957262324,17.373872365366598,-5.834572611438666,0.0,source,True,D2,1,177,20,3.399073600769043
CQR-target,0.1,0.9,0.8773006134969326,0.022699386503067465,28.290016620254676,0.49613941493405933,42.69930992151823,9.104479797047091,6.469828404743777,0.44378070776219414,0.0,target,True,D4,2,177,20,3.3988869190216064
GPR-target,0.1,0.9,0.4601226993865031,0.43987730061349695,6.2736592292785645,0.11002501911863168,55.13112834517133,6.525494749438288,4.79346239197684,0.7142655110142235,0.008000612258911133,none,False,D4,2,177,20,3.3988869190216064
GPR-transfer,0.1,0.9,0.5766871165644172,0.32331288343558284,8.009540595891286,0.14046823791156632,31.033113809464915,4.95741064279356,4.016469192091891,0.8350905418789425,0.007999897003173828,none,False,D4,2,177,20,3.3988869190216064
TabPFN-target,0.1,0.9,0.8773006134969326,0.022699386503067465,17.766921997070312,0.31158943464509636,24.869114633727154,5.916070010349536,4.6797818612241,0.7651436080822422,0.25383901596069336,target,True,D4,2,177,20,3.3988869190216064
WeightedCP-v2,0.1,0.9,0.0736196319018405,0.8263803680981595,3.0512447878252065,0.0535115558316193,181.3623960207541,12.187048818296198,10.388004036271465,0.003372476730316931,0.003000974655151367,source,True,D4,2,177,20,3.3988869190216064
JKplus-source,0.1,0.9,0.7239263803680982,0.17607361963190182,22.186354916404554,0.3890957469379264,49.01629762013791,9.933178513987308,8.159282156961053,0.33791727577549135,0.0,source,True,D4,2,177,20,3.3988869190216064
CQR-target,0.1,0.9,0.9575625680087051,0.05756256800870507,141.34919987688613,1.8518171080619412,165.90861086431275,28.61941739406746,18.953678512532957,-1.9713894332155393,0.0009989738464355469,target,True,D1,0,178,20,1.7251973152160645
GPR-target,0.1,0.9,0.21871599564744287,0.6812840043525572,6.7801513671875,0.08882682256385736,152.5034294320398,13.436390596534748,10.322637905623111,0.34505740220716685,0.009410619735717773,none,False,D1,0,178,20,1.7251973152160645
GPR-transfer,0.1,0.9,0.27421109902067464,0.6257889009793254,8.398625578792103,0.11003046741375343,117.01451915288409,11.235930588347735,9.041274950601697,0.542009897501627,0.007496356964111328,none,False,D1,0,178,20,1.7251973152160645
TabPFN-target,0.1,0.9,0.9619151251360174,0.06191512513601738,50.66595458984375,0.6637751157239093,55.77716024770311,11.609570106854218,8.878282915308374,0.5110434431280335,0.27222251892089844,target,True,D1,0,178,20,1.7251973152160645
WeightedCP-v2,0.1,0.9,0.08052230685527748,0.8194776931447225,3.080928471813831,0.04036327094733654,174.80233071495581,12.081560855590784,10.058757034284746,0.4704779016655203,0.003355264663696289,source,True,D1,0,178,20,1.7251973152160645
JKplus-source,0.1,0.9,0.6844396082698585,0.21556039173014152,24.987413270945595,0.3273603205511856,61.507206183453924,12.029101882209575,10.022241222513516,0.4750663614829702,0.0,source,True,D1,0,178,20,1.7251973152160645
CQR-target,0.1,0.9,0.8795180722891566,0.02048192771084345,38.71705222176182,0.9365518193613037,54.28293907800357,11.723581308262682,8.4349660853313,-1.1694325767398235,0.0,target,True,D2,1,178,20,3.5751304626464844
GPR-target,0.1,0.9,0.4578313253012048,0.4421686746987952,6.151208877563477,0.1487955702969405,51.88549196633947,6.297152888778886,4.6655815409465005,0.3740869116634422,0.0060002803802490234,none,False,D2,1,178,20,3.5751304626464844
GPR-transfer,0.1,0.9,0.6024096385542169,0.2975903614457831,6.360208339001759,0.15385119345581147,27.389383937437206,4.3124023795065405,3.2249296462005987,0.7064621481125635,0.005003213882446289,none,False,D2,1,178,20,3.5751304626464844
TabPFN-target,0.1,0.9,0.9879518072289156,0.0879518072289156,15.219101905822754,0.3681447001001767,15.805954411518142,3.171628232700342,2.3345893354300986,0.8412220801361341,0.2620413303375244,target,True,D2,1,178,20,3.5751304626464844
WeightedCP-v2,0.1,0.9,0.5301204819277109,0.36987951807228914,65.99675321176565,1.5964381518094162,192.44310835281846,19.32270289986068,18.407307744465566,-4.893337464818837,0.001999378204345703,source,True,D2,1,178,20,3.5751304626464844
JKplus-source,0.1,0.9,0.1686746987951807,0.7313253012048193,21.539170460766584,0.5210249263559829,165.98745715564965,18.436647371191135,17.085866980240613,-4.365243735977832,0.0,source,True,D2,1,178,20,3.5751304626464844
CQR-target,0.1,0.9,1.0,0.09999999999999998,41.94598161057252,0.7339303446359955,41.94598161057252,4.774181503033252,3.6632653789457246,0.8525728714852586,0.0,target,True,D4,2,178,20,3.7318508625030518
GPR-target,0.1,0.9,0.4539877300613497,0.44601226993865034,6.536222457885742,0.11436451876774045,55.89010368765924,6.751916612588201,4.917442009960325,0.705127891573909,0.00818014144897461,none,False,D4,2,178,20,3.7318508625030518
GPR-transfer,0.1,0.9,0.4723926380368098,0.4276073619631902,7.630095587186287,0.13350405614295474,49.2946958858303,6.277417091219378,4.9544165976851335,0.7451166150731124,0.008360147476196289,none,False,D4,2,178,20,3.7318508625030518
TabPFN-target,0.1,0.9,0.8773006134969326,0.022699386503067465,10.691184997558594,0.18706404734244259,13.885123674099964,3.3464815488951514,2.6121028650416003,0.9275636723126366,0.267688512802124,target,True,D4,2,178,20,3.7318508625030518
WeightedCP-v2,0.1,0.9,0.06134969325153374,0.8386503067484663,3.8395769350737057,0.06718121533970228,230.31918005550202,15.00101984644886,13.194698935003984,-0.45552988336646205,0.0040013790130615234,source,True,D4,2,178,20,3.7318508625030518
JKplus-source,0.1,0.9,0.7239263803680982,0.17607361963190182,22.200586467396505,0.38844445764575214,48.494795910336556,9.96609368740668,8.255252494978832,0.3575645670585039,0.0,source,True,D4,2,178,20,3.7318508625030518
CQR-target,0.1,0.9,0.795429815016322,0.10457018498367798,105.59401905072768,1.3833881702724198,251.12043410095444,47.77939106237678,34.69304102212635,-7.320289837887666,0.0010001659393310547,target,True,D1,0,179,20,1.5779452323913574
GPR-target,0.1,0.9,0.1893362350380849,0.7106637649619152,6.877883434295654,0.09010721123273395,157.57351623842322,13.546698200686057,10.672104273973535,0.33115706291365354,0.007504701614379883,none,False,D1,0,179,20,1.5779452323913574
GPR-transfer,0.1,0.9,0.36561479869423286,0.5343852013057672,9.35206819332982,0.12252152747418586,109.17600904136843,11.292930879695808,8.851877284864141,0.5351952321829171,0.008998632431030273,none,False,D1,0,179,20,1.5779452323913574
TabPFN-target,0.1,0.9,0.9760609357997824,0.07606093579978235,60.63080596923828,0.7943247210964894,61.53883927587067,14.986093428286283,12.395965149125026,0.1814709338423418,0.29504871368408203,target,True,D1,0,179,20,1.5779452323913574
WeightedCP-v2,0.1,0.9,0.11534276387377584,0.7846572361262242,3.941056082630325,0.051631810325088526,167.61950746473124,12.126880638098738,10.040677047319233,0.464011538908232,0.0019998550415039062,source,True,D1,0,179,20,1.5779452323913574
JKplus-source,0.1,0.9,0.6866158868335147,0.2133841131664853,24.985016176724713,0.327328916198761,60.889502141927935,11.95695536728767,9.95376751779218,0.4789271436548542,0.0,source,True,D1,0,179,20,1.5779452323913574
CQR-target,0.1,0.9,0.6746987951807228,0.22530120481927718,13.635038071453064,0.3298267553980357,45.03274697454371,7.668487829022602,5.778879615844596,0.05741679281981682,0.0010001659393310547,target,True,D2,1,179,20,3.338135004043579
GPR-target,0.1,0.9,0.5421686746987951,0.3578313253012049,6.271671772003174,0.15170952516899075,53.63404488850788,6.514328745780029,4.8013600774558185,0.31979538230625615,0.005000114440917969,none,False,D2,1,179,20,3.338135004043579
GPR-transfer,0.1,0.9,0.5421686746987951,0.3578313253012049,6.645722475396582,0.16075767957883416,38.2121237409381,5.220218947417208,3.7991722659826763,0.5632049880231776,0.00599980354309082,none,False,D2,1,179,20,3.338135004043579
TabPFN-target,0.1,0.9,0.9156626506024096,0.015662650602409567,23.260053634643555,0.5626524825596765,31.261808795239553,7.1784387093264375,5.695987701416015,0.17403769747558828,0.23002839088439941,target,True,D2,1,179,20,3.338135004043579
WeightedCP-v2,0.1,0.9,0.6385542168674698,0.2614457831325302,111.56695375455382,2.6987652086977785,193.2466286168126,19.71967187129886,18.658712777099794,-5.233035512367286,0.0030002593994140625,source,True,D2,1,179,20,3.338135004043579
JKplus-source,0.1,0.9,0.1927710843373494,0.7072289156626506,21.509028128223875,0.5202957939772839,168.20642365818156,18.553199922894514,17.002093092508325,-4.517443337527177,0.0,source,True,D2,1,179,20,3.338135004043579
CQR-target,0.1,0.9,0.9079754601226994,0.00797546012269934,207.6461404938031,3.5836130305594787,257.92939444507914,54.31299415799448,39.68548965700508,-18.773417371075194,0.0,target,True,D4,2,179,20,3.36286997795105
GPR-target,0.1,0.9,0.4601226993865031,0.43987730061349695,6.430870532989502,0.11098569607437478,62.271707053947154,7.33114047071084,5.1946345559975535,0.6397389378344336,0.005999565124511719,none,False,D4,2,179,20,3.36286997795105
GPR-transfer,0.1,0.9,0.49693251533742333,0.4030674846625767,7.463678538433613,0.1288101748610928,41.00435935734798,5.581801249017973,4.450485401097599,0.7911555299722732,0.006999969482421875,none,False,D4,2,179,20,3.36286997795105
TabPFN-target,0.1,0.9,0.8282208588957055,0.07177914110429451,9.24139404296875,0.15949046793819843,16.864654666775426,3.6505633237416264,2.851314761245194,0.9106706825661355,0.29412221908569336,target,True,D4,2,179,20,3.36286997795105
WeightedCP-v2,0.1,0.9,0.049079754601226995,0.850920245398773,2.885365394074888,0.04979641326124593,201.63960859830712,13.06330413966174,11.349980525253377,-0.1438796122340087,0.0019996166229248047,source,True,D4,2,179,20,3.36286997795105
JKplus-source,0.1,0.9,0.7361963190184049,0.16380368098159515,22.20439782157459,0.38320947926068444,49.23392316170044,9.924537560488549,8.15387077210669,0.33977068675208255,0.0,source,True,D4,2,179,20,3.36286997795105
CQR-target,0.1,0.9,0.780195865070729,0.119804134929271,70.89898243820474,0.9288481911295201,169.1868928837977,31.494252372292227,22.42325597162814,-2.5898501069847493,0.0010018348693847656,target,True,D1,0,180,20,1.561506748199463
GPR-target,0.1,0.9,0.2426550598476605,0.6573449401523395,6.868544101715088,0.08998485655463435,177.51872215073828,15.870573694431926,11.560174243893798,0.08841124206201334,0.007999658584594727,none,False,D1,0,180,20,1.561506748199463
GPR-transfer,0.1,0.9,0.35473340587595215,0.5452665941240479,9.383076356466498,0.12292776569156585,100.08221203040395,10.555829409646815,8.337853975733553,0.5967276605196412,0.00800013542175293,none,False,D1,0,180,20,1.561506748199463
TabPFN-target,0.1,0.9,0.7997823721436343,0.10021762785636568,33.87500762939453,0.44379677223839337,64.00610091299694,13.635769199470118,10.614226149599492,0.3270651936955363,0.27017974853515625,target,True,D1,0,180,20,1.561506748199463
WeightedCP-v2,0.1,0.9,0.12187159956474429,0.7781284004352558,4.236672842636932,0.05550468809225581,164.21391247800727,12.063633378138672,9.994525542559765,0.47329193421714555,0.002998828887939453,source,True,D1,0,180,20,1.561506748199463
JKplus-source,0.1,0.9,0.6855277475516867,0.21447225244831336,24.976668765747384,0.3272195566942905,61.194984363363524,11.999970894530996,10.001908598140876,0.47883637772582466,0.0,source,True,D1,0,180,20,1.561506748199463
CQR-target,0.1,0.9,0.7590361445783133,0.14096385542168677,15.592568705865915,0.37717873009419756,66.69439744874339,11.534121021397588,6.736925026000843,-0.9921822579391224,0.0009999275207519531,target,True,D2,1,180,20,3.368067741394043
GPR-target,0.1,0.9,0.5060240963855421,0.3939759036144579,6.2870306968688965,0.15208105213710899,53.12958983685596,6.510390911226281,4.693214659173804,0.36529167800441364,0.008002042770385742,none,False,D2,1,180,20,3.368067741394043
GPR-transfer,0.1,0.9,0.5542168674698795,0.3457831325301205,6.5385611028556365,0.15816548382375378,39.01612267852113,5.40616834945054,3.8703919505018893,0.5623376465059908,0.0069997310638427734,none,False,D2,1,180,20,3.368067741394043
TabPFN-target,0.1,0.9,0.8313253012048193,0.06867469879518073,17.151851654052734,0.41489723391155686,27.594612480071653,6.070167499067713,4.730810472419463,0.448225773853008,0.2745342254638672,target,True,D2,1,180,20,3.368067741394043
WeightedCP-v2,0.1,0.9,0.6385542168674698,0.2614457831325302,71.30829212475773,1.7249224022135583,146.17685009891144,19.424328580092418,18.236052174653633,-4.650047410394224,0.00600886344909668,source,True,D2,1,180,20,3.368067741394043
JKplus-source,0.1,0.9,0.18072289156626506,0.7192771084337349,21.483868309794996,0.5196871868553005,169.9508741460235,18.66139242556356,17.126396327003082,-4.214926015658919,0.0,source,True,D2,1,180,20,3.368067741394043
CQR-target,0.1,0.9,0.9325153374233128,0.03251533742331281,24.728835497247264,0.42677690472721197,29.01614390304181,6.058410417539379,4.396112685024181,0.7653801303315624,0.0,target,True,D4,2,180,20,3.394101619720459
GPR-target,0.1,0.9,0.39263803680981596,0.507361963190184,6.219459533691406,0.10733710809635327,72.22668367098909,7.863038310746779,5.739596732960363,0.604789757631462,0.007737636566162109,none,False,D4,2,180,20,3.394101619720459
GPR-transfer,0.1,0.9,0.3619631901840491,0.5380368098159509,6.939902250020782,0.11977070257525795,63.372459805103176,7.108821023240539,5.6596070270538545,0.6769702148674328,0.008235931396484375,none,False,D4,2,180,20,3.394101619720459
TabPFN-target,0.1,0.9,0.9815950920245399,0.08159509202453985,44.120513916015625,0.7614437148141118,47.52800056067598,8.961381586178609,6.805973455984035,0.4866691690899969,0.265277624130249,target,True,D4,2,180,20,3.394101619720459
WeightedCP-v2,0.1,0.9,0.03067484662576687,0.8693251533742331,3.0376293305661233,0.05242422529568418,246.11191863834594,15.434762373604006,13.647589216860567,-0.5228155516372015,0.0019960403442382812,source,True,D4,2,180,20,3.394101619720459
JKplus-source,0.1,0.9,0.7177914110429447,0.18220858895705527,22.192570219717094,0.38300535532158303,48.57335587945685,9.94946893875506,8.273753318210908,0.36722806471267677,0.0,source,True,D4,2,180,20,3.394101619720459
CQR-target,0.1,0.9,0.9281828073993471,0.028182807399347087,276.00642269773186,3.6159625659841774,321.9350144372753,75.67394053451827,60.893214056164446,-19.81546139655494,0.0012125968933105469,target,True,D1,0,181,20,1.5757699012756348
GPR-target,0.1,0.9,0.22633297062023938,0.6736670293797606,7.122567653656006,0.09331282133791273,150.02230035057522,13.33715650539602,10.310457187357873,0.3534236160381935,0.008101463317871094,none,False,D1,0,181,20,1.5757699012756348
GPR-transfer,0.1,0.9,0.36235038084874865,0.5376496191512514,9.354714123805797,0.1225561918325722,104.21917988741323,10.8941424015884,8.58048364445606,0.5686006972998267,0.007999897003173828,none,False,D1,0,181,20,1.5757699012756348
TabPFN-target,0.1,0.9,0.9521218715995647,0.05212187159956472,57.7491340637207,0.7565719121728677,60.235765180286826,15.114967877076587,12.34416593931445,0.16956087869253567,0.25366759300231934,target,True,D1,0,181,20,1.5757699012756348
WeightedCP-v2,0.1,0.9,0.09466811751904244,0.8053318824809576,3.6421666289740156,0.04771605696969547,166.93071041415035,11.907031623321519,9.89089855189252,0.48465228202564403,0.00400090217590332,source,True,D1,0,181,20,1.5757699012756348
JKplus-source,0.1,0.9,0.6844396082698585,0.21556039173014152,24.984497326978122,0.3273221187436775,61.01430167105385,11.991931121893224,10.000072479334756,0.4772770188742004,0.0,source,True,D1,0,181,20,1.5757699012756348
CQR-target,0.1,0.9,0.963855421686747,0.06385542168674696,56.77221615015786,1.373299858162188,61.725603385448515,12.975232235807136,9.617862096875701,-1.5175725250243532,0.0,target,True,D2,1,181,20,3.3240463733673096
GPR-target,0.1,0.9,0.4939759036144578,0.4060240963855422,5.98862886428833,0.14486281719496133,49.988432038548474,6.086741978848045,4.3843518571968545,0.44598503624403074,0.006999969482421875,none,False,D2,1,181,20,3.3240463733673096
GPR-transfer,0.1,0.9,0.4939759036144578,0.4060240963855422,6.151668020041592,0.1488066767913286,36.75536687169473,5.004127894857187,3.8243416901986067,0.6255373447883732,0.007002353668212891,none,False,D2,1,181,20,3.3240463733673096
TabPFN-target,0.1,0.9,0.8554216867469879,0.04457831325301209,12.377837181091309,0.299415509871726,23.28303205650973,5.046279801664174,3.9110733032226563,0.6192022573198654,0.29692721366882324,target,True,D2,1,181,20,3.3240463733673096
WeightedCP-v2,0.1,0.9,0.4578313253012048,0.4421686746987952,91.31775741477506,2.208944300742274,238.0338199328907,18.693286682026667,17.60613289017122,-4.22544214447409,0.0029993057250976562,source,True,D2,1,181,20,3.3240463733673096
JKplus-source,0.1,0.9,0.18072289156626506,0.7192771084337349,21.478303890826194,0.5195525855256571,169.9985212810574,18.662021284530518,17.13617461609924,-4.2079771687416265,0.0,source,True,D2,1,181,20,3.3240463733673096
CQR-target,0.1,0.9,0.7852760736196319,0.1147239263803681,19.077136875203728,0.3292383673935277,42.224456298448985,8.301214657798637,6.3068643395968085,0.5401122266580516,0.0,target,True,D4,2,181,20,3.2767558097839355
GPR-target,0.1,0.9,0.4110429447852761,0.48895705521472393,6.345553398132324,0.10951326997737586,53.42632866678042,6.731128003337287,4.880318492205471,0.6976261191955819,0.007509469985961914,none,False,D4,2,181,20,3.2767558097839355
GPR-transfer,0.1,0.9,0.5337423312883436,0.36625766871165644,7.2762772876060815,0.1255759535901767,27.65677420414576,4.487931357685163,3.6655912813343647,0.8655808989572141,0.007997989654541016,none,False,D4,2,181,20,3.2767558097839355
TabPFN-target,0.1,0.9,0.9877300613496932,0.08773006134969319,30.22933006286621,0.5217059217221699,31.214955040730253,4.894262997368351,3.9394880803095873,0.840138758789398,0.256450891494751,target,True,D4,2,181,20,3.2767558097839355
WeightedCP-v2,0.1,0.9,0.06134969325153374,0.8386503067484663,3.0129637443215374,0.051998539963598156,191.2758620166382,12.735651462895877,10.874575397164364,-0.08245762842129589,0.0030019283294677734,source,True,D4,2,181,20,3.2767558097839355
JKplus-source,0.1,0.9,0.7361963190184049,0.16380368098159515,22.20058639262531,0.38314370059311464,47.437415621794635,9.81115034754871,8.159387801689933,0.357595703504233,0.0,source,True,D4,2,181,20,3.2767558097839355
CQR-target,0.1,0.9,0.9619151251360174,0.06191512513601738,112.87281151593878,1.4787476942375386,121.95797670890532,27.254561967698578,21.005411806020387,-1.6714435316020313,0.0009999275207519531,target,True,D1,0,182,20,1.5844314098358154
GPR-target,0.1,0.9,0.24156692056583243,0.6584330794341676,6.793758392333984,0.08900508831971615,138.48837454342348,12.671456854150815,9.587306918952619,0.42254162558991415,0.00850224494934082,none,False,D1,0,182,20,1.5844314098358154
GPR-transfer,0.1,0.9,0.3482045701849837,0.5517954298150163,9.24926283465895,0.12117467356802311,107.26953030709622,11.12080977816503,8.715243896968076,0.555224957345871,0.00900125503540039,none,False,D1,0,182,20,1.5844314098358154
TabPFN-target,0.1,0.9,0.8509249183895539,0.04907508161044616,45.321128845214844,0.5937525067375518,61.14536476093745,15.27887759589685,12.359406650115668,0.16044241642163015,0.27328968048095703,target,True,D1,0,182,20,1.5844314098358154
WeightedCP-v2,0.1,0.9,0.11099020674646355,0.7890097932535365,4.460322505314645,0.05843472428573691,168.17471831426593,12.039617327000716,9.936962619524703,0.4786937254088156,0.0030002593994140625,source,True,D1,0,182,20,1.5844314098358154
JKplus-source,0.1,0.9,0.6811751904243744,0.21882480957562567,24.98713272733792,0.32735664514691937,61.408332979855295,12.02821479966156,10.03095779406061,0.4796806993390462,0.0,source,True,D1,0,182,20,1.5844314098358154
CQR-target,0.1,0.9,0.8674698795180723,0.032530120481927716,12.155288328146211,0.2940321317176074,23.067962380196985,4.658853335491548,3.257320968177692,0.6391206982156328,0.0,target,True,D2,1,182,20,3.338902235031128
GPR-target,0.1,0.9,0.4939759036144578,0.4060240963855422,6.322084903717041,0.15292900102050677,46.87537249599595,5.80297033568189,4.293098011246647,0.4401075678024743,0.0069997310638427734,none,False,D2,1,182,20,3.338902235031128
GPR-transfer,0.1,0.9,0.5783132530120482,0.32168674698795185,6.715822622000453,0.16245337736758392,33.51016421500098,4.901694435372084,3.6521296975471436,0.6005187820262037,0.006999969482421875,none,False,D2,1,182,20,3.338902235031128
TabPFN-target,0.1,0.9,0.8313253012048193,0.06867469879518073,13.188232421875,0.3190186845351914,21.81901501804949,4.946924967143511,3.8524208749058735,0.593112317540715,0.2601027488708496,target,True,D2,1,182,20,3.338902235031128
WeightedCP-v2,0.1,0.9,0.6987951807228916,0.20120481927710843,101.58007955448747,2.4571862489094243,161.00157437422365,20.768518998989975,19.637971091681823,-6.171581738641283,0.003002166748046875,source,True,D2,1,182,20,3.338902235031128
JKplus-source,0.1,0.9,0.1686746987951807,0.7313253012048193,21.481686599760337,0.5196344120600869,168.27048639617695,18.525163617114746,17.122442669871354,-4.705950519447489,0.0,source,True,D2,1,182,20,3.338902235031128
CQR-target,0.1,0.9,1.0,0.09999999999999998,45.09301012044834,0.7782273162915432,45.09301012044834,7.169688049013716,5.604849288276405,0.6623158945375386,0.0,target,True,D4,2,182,20,3.393731117248535
GPR-target,0.1,0.9,0.49693251533742333,0.4030674846625767,6.337639808654785,0.1093766951183259,43.10642307212122,5.637197347184767,4.173773794917469,0.7912451487411145,0.00950479507446289,none,False,D4,2,182,20,3.393731117248535
GPR-transfer,0.1,0.9,0.37423312883435583,0.5257668711656442,7.574651498736048,0.13072537610506407,51.67612092182927,6.324689107065964,5.26361528180512,0.7372223261005517,0.00800013542175293,none,False,D4,2,182,20,3.393731117248535
TabPFN-target,0.1,0.9,0.9754601226993865,0.07546012269938651,17.172536849975586,0.2963682670768056,17.804773562655406,3.9275164301737266,3.1562572476916766,0.8986681153369291,0.25760626792907715,target,True,D4,2,182,20,3.393731117248535
WeightedCP-v2,0.1,0.9,0.03680981595092025,0.8631901840490798,3.107714158137006,0.053633768130095905,230.54653165431762,14.771985771587817,12.893986670503207,-0.4334675312908811,0.002002239227294922,source,True,D4,2,182,20,3.393731117248535
JKplus-source,0.1,0.9,0.7239263803680982,0.17607361963190182,22.198580408169512,0.3831090807729831,49.92967625716939,10.084210797631798,8.342420832133962,0.3319731321321703,0.0,source,True,D4,2,182,20,3.393731117248535
CQR-target,0.1,0.9,0.8639825897714908,0.03601741022850924,70.60078756783261,0.9249415375158286,95.35040768835627,22.290169353898374,17.139572469397155,-0.7963967345132361,0.0009999275207519531,target,True,D1,0,183,20,1.4876253604888916
GPR-target,0.1,0.9,0.2219804134929271,0.678019586507073,7.012012004852295,0.09186443081270342,161.77723733883298,14.117620623691694,10.84182284765067,0.2793929031707768,0.009003162384033203,none,False,D1,0,183,20,1.4876253604888916
GPR-transfer,0.1,0.9,0.2687704026115343,0.6312295973884657,8.512601369353451,0.11152366524614457,140.1860105740756,12.902393681935893,10.21701990024147,0.39811142611584127,0.008505105972290039,none,False,D1,0,183,20,1.4876253604888916
TabPFN-target,0.1,0.9,0.9804134929270947,0.08041349292709465,77.68328857421875,1.0177294453562356,79.31815607944692,16.467210260360634,13.033004963182652,0.01957227879020984,0.263016939163208,target,True,D1,0,183,20,1.4876253604888916
WeightedCP-v2,0.1,0.9,0.12731229597388466,0.7726877040261153,5.889363669326895,0.0771566051166688,165.21574819196724,11.9260830954361,9.881097349983435,0.48575369170122595,0.004999399185180664,source,True,D1,0,183,20,1.4876253604888916
JKplus-source,0.1,0.9,0.6898803046789989,0.21011969532100117,24.987636897088674,0.32736325027924856,60.43366711369108,11.926514876784324,9.937339987303336,0.48571645466673086,0.0,source,True,D1,0,183,20,1.4876253604888916
CQR-target,0.1,0.9,0.9759036144578314,0.07590361445783134,146.39734588951546,4.128520751501136,163.3290159978104,33.40343722226062,25.21271705685541,-17.22653338214757,0.0,target,True,D2,1,183,20,3.458697557449341
GPR-target,0.1,0.9,0.5180722891566265,0.3819277108433735,6.286107063293457,0.17727318278400242,32.857622323553244,4.636366259928909,3.6189348758559627,0.6488624840576913,0.0049991607666015625,none,False,D2,1,183,20,3.458697557449341
GPR-transfer,0.1,0.9,0.7590361445783133,0.14096385542168677,6.6611360986548735,0.18784929770942982,14.573908058484758,2.972939865166598,2.3572788684299164,0.8556243314214128,0.004502058029174805,none,False,D2,1,183,20,3.458697557449341
TabPFN-target,0.1,0.9,1.0,0.09999999999999998,43.49235534667969,1.2265187629558518,43.49235185370388,5.959968814558696,4.680594965923263,0.4197572353683281,0.2360246181488037,target,True,D2,1,183,20,3.458697557449341
WeightedCP-v2,0.1,0.9,0.6024096385542169,0.2975903614457831,99.97656765084785,2.819418150667053,189.45316924182995,19.295480052088113,18.35625917749945,-5.081811210405562,0.005002021789550781,source,True,D2,1,183,20,3.458697557449341
JKplus-source,0.1,0.9,0.1686746987951807,0.7313253012048193,21.472005756222202,0.6055275169251814,167.9206803807174,18.443182516808296,17.007685917870134,-4.556399804270333,0.0,source,True,D2,1,183,20,3.458697557449341
CQR-target,0.1,0.9,0.9447852760736196,0.044785276073619595,19.826490465273718,0.34217091351976536,21.918665605260472,4.860909399947767,3.700063753976788,0.8554791666423934,0.00099945068359375,target,True,D4,2,183,20,3.3143651485443115
GPR-target,0.1,0.9,0.39263803680981596,0.507361963190184,6.523388862609863,0.11258240233053088,83.53945702320487,9.534232053144974,6.4247894420561735,0.44401017973064516,0.007999897003173828,none,False,D4,2,183,20,3.3143651485443115
GPR-transfer,0.1,0.9,0.4233128834355828,0.4766871165644172,7.7286576376370855,0.13338325553802363,63.571588963755644,7.537457888742829,5.7836755047239174,0.6525076871573612,0.00800013542175293,none,False,D4,2,183,20,3.3143651485443115
TabPFN-target,0.1,0.9,0.901840490797546,0.0018404907975460016,21.844924926757812,0.3770055992033193,33.50211206194621,6.674081317513179,4.511463753223486,0.7275552824552294,0.27226972579956055,target,True,D4,2,183,20,3.3143651485443115
WeightedCP-v2,0.1,0.9,0.0736196319018405,0.8263803680981595,3.564738556297271,0.06152121831162051,187.29195343784144,12.745482260899871,10.889346974215899,0.0064083117672490975,0.002000093460083008,source,True,D4,2,183,20,3.3143651485443115
JKplus-source,0.1,0.9,0.7300613496932515,0.16993865030674848,22.21667411276891,0.38342134680123335,49.46389925589318,9.957403181026642,8.187562866332813,0.3935603495728023,0.0,source,True,D4,2,183,20,3.3143651485443115
CQR-target,0.1,0.9,0.8008705114254625,0.09912948857453752,307.6130847695572,4.030041723165948,681.1753103881799,138.07716076295088,98.23977322009664,-67.90351209369365,0.0010001659393310547,target,True,D1,0,184,20,1.5458712577819824
GPR-target,0.1,0.9,0.176278563656148,0.723721436343852,7.062533855438232,0.0925263180206075,169.37251880654057,14.68881662858505,11.332873627389736,0.2202214562285033,0.009000062942504883,none,False,D1,0,184,20,1.5458712577819824
GPR-transfer,0.1,0.9,0.3307943416757345,0.5692056583242655,9.91739508013471,0.1299278799795026,110.62479080748368,11.383660937645578,9.190161084930335,0.5316596607589226,0.009000062942504883,none,False,D1,0,184,20,1.5458712577819824
TabPFN-target,0.1,0.9,0.9869423286180631,0.08694232861806306,69.82872009277344,0.9148266747494456,70.3762074085522,13.265393403621884,10.579765752018211,0.36402809451945295,0.2760927677154541,target,True,D1,0,184,20,1.5458712577819824
WeightedCP-v2,0.1,0.9,0.11099020674646355,0.7890097932535365,3.578553712452999,0.04688266359208926,169.54880802821125,12.093186979915655,9.983874726587171,0.47145837186176476,0.0029997825622558594,source,True,D1,0,184,20,1.5458712577819824
JKplus-source,0.1,0.9,0.6811751904243744,0.21882480957562567,24.98491325615108,0.3273275678354226,61.53400792949327,12.037445670121274,10.036473293828305,0.47631957243306433,0.0,source,True,D1,0,184,20,1.5458712577819824
CQR-target,0.1,0.9,0.8674698795180723,0.032530120481927716,87.9844799987676,2.184864166300446,153.18756088226385,31.32546351174221,19.670239724452696,-15.899018974790877,0.0009996891021728516,target,True,D2,1,184,20,3.4155638217926025
GPR-target,0.1,0.9,0.4939759036144578,0.4060240963855422,6.118654727935791,0.15194076797656778,41.40815178285161,5.447927349397348,3.9692572995840782,0.4888726776480655,0.00800013542175293,none,False,D2,1,184,20,3.4155638217926025
GPR-transfer,0.1,0.9,0.6024096385542169,0.2975903614457831,6.431835720338017,0.15971779783314724,25.854580306943376,4.2043128848766695,2.983829684238137,0.6955916651509015,0.006999492645263672,none,False,D2,1,184,20,3.4155638217926025
TabPFN-target,0.1,0.9,0.9518072289156626,0.051807228915662584,12.661025047302246,0.31440340313280885,14.467742000717715,3.412065206058972,2.7757989740946205,0.7995061173465448,0.2815701961517334,target,True,D2,1,184,20,3.4155638217926025
WeightedCP-v2,0.1,0.9,0.6144578313253012,0.28554216867469884,308.14196992619003,7.651898928474573,393.7023982587838,19.291926547016516,18.024710999050146,-5.409404506260915,0.0019989013671875,source,True,D2,1,184,20,3.4155638217926025
JKplus-source,0.1,0.9,0.18072289156626506,0.7192771084337349,21.500875098028352,0.5339179312810821,167.81528667453213,18.56204961408143,17.09928457346563,-4.933601014712654,0.0,source,True,D2,1,184,20,3.4155638217926025
CQR-target,0.1,0.9,0.9263803680981595,0.026380368098159468,32.25980491270586,0.5567484036715313,39.99998290665845,9.211567675764208,7.202640061390018,0.4607124010986081,0.0,target,True,D4,2,184,20,3.5082316398620605
GPR-target,0.1,0.9,0.44785276073619634,0.4521472392638037,6.187989711761475,0.10679399343181244,79.55196185102129,8.863322201018681,6.039194418986939,0.5007174201065023,0.007996797561645508,none,False,D4,2,184,20,3.5082316398620605
GPR-transfer,0.1,0.9,0.49693251533742333,0.4030674846625767,6.983137982023274,0.12051687648545656,37.3323112908753,5.233025258021,4.0920538561257676,0.8259560219349507,0.007999897003173828,none,False,D4,2,184,20,3.5082316398620605
TabPFN-target,0.1,0.9,0.8404907975460123,0.05950920245398772,21.65684700012207,0.373759699679015,36.63981569224203,7.594082240694746,5.612683132072011,0.633474722274308,0.25853443145751953,target,True,D4,2,184,20,3.5082316398620605
WeightedCP-v2,0.1,0.9,0.04294478527607362,0.8570552147239264,3.9982111499461057,0.0690022051062522,220.789493217291,14.382196915047508,12.78364157547377,-0.3146307929544778,0.002999544143676758,source,True,D4,2,184,20,3.5082316398620605
JKplus-source,0.1,0.9,0.7177914110429447,0.18220858895705527,22.20233548254427,0.3831738868581244,50.33201760024212,10.105255727455472,8.397070363372455,0.35099512919048925,0.0,source,True,D4,2,184,20,3.5082316398620605
CQR-target,0.1,0.9,0.9912948857453754,0.09129488574537536,516.2375100318943,6.7632321494073375,519.522698898785,70.40598136608305,46.95572354699725,-16.97879421681782,0.0010004043579101562,target,True,D1,0,185,20,1.6071665287017822
GPR-target,0.1,0.9,0.22850924918389554,0.6714907508161045,6.770571708679199,0.08870131937366942,129.348083356519,11.9127611751894,9.127367025091027,0.4852855991219679,0.00800013542175293,none,False,D1,0,185,20,1.6071665287017822
GPR-transfer,0.1,0.9,0.35364526659412404,0.546354733405876,9.064418632395249,0.11875302805198112,104.243395730591,10.827789525354182,8.457426092671191,0.5747727779574417,0.007999658584594727,none,False,D1,0,185,20,1.6071665287017822
TabPFN-target,0.1,0.9,0.9771490750816104,0.0771490750816104,57.892826080322266,0.7584544225434001,58.95931399888131,12.684555843935046,10.295344133802546,0.41643131589107574,0.2935309410095215,target,True,D1,0,185,20,1.6071665287017822
WeightedCP-v2,0.1,0.9,0.12295973884657237,0.7770402611534276,6.599454603034482,0.08645951267090118,177.11355999224756,12.33921610953398,10.267424325545482,0.4477743310761926,0.004004955291748047,source,True,D1,0,185,20,1.6071665287017822
JKplus-source,0.1,0.9,0.6833514689880305,0.21664853101196957,24.987895352573616,0.327366636306825,61.181749924577794,12.013000903119408,10.024264883035814,0.476587044242314,0.0,source,True,D1,0,185,20,1.6071665287017822
CQR-target,0.1,0.9,0.8433734939759037,0.05662650602409636,17.85185915023291,0.4318301680192213,35.17691821384119,7.338603889224861,5.031826085974286,0.15016218217048305,0.0,target,True,D2,1,185,20,3.599473714828491
GPR-target,0.1,0.9,0.46987951807228917,0.43012048192771085,6.145810127258301,0.14866497643376028,61.89874611820081,6.932143619804983,5.010742566212114,0.24169439944837856,0.0050008296966552734,none,False,D2,1,185,20,3.599473714828491
GPR-transfer,0.1,0.9,0.5783132530120482,0.32168674698795185,6.53221163117742,0.15801189234633042,39.125136980420244,5.253005474076854,3.933270524650709,0.5645634637810735,0.005000114440917969,none,False,D2,1,185,20,3.599473714828491
TabPFN-target,0.1,0.9,0.891566265060241,0.008433734939759074,15.51499080657959,0.37530214810901225,20.824675902401104,4.50167325398025,3.501175804597785,0.680215729080746,0.27808713912963867,target,True,D2,1,185,20,3.599473714828491
WeightedCP-v2,0.1,0.9,0.6265060240963856,0.27349397590361446,84.2968039329783,2.039109915640716,176.58917196726858,19.750223418889487,18.633678495829148,-5.155356138335151,0.0019996166229248047,source,True,D2,1,185,20,3.599473714828491
JKplus-source,0.1,0.9,0.18072289156626506,0.7192771084337349,21.49852791001833,0.520041797407303,169.99690238582772,18.60311920113849,17.090583731733236,-4.4611071483248255,0.0,source,True,D2,1,185,20,3.599473714828491
CQR-target,0.1,0.9,0.9631901840490797,0.06319018404907972,19.607451962797608,0.3383906880371201,20.818262335766942,4.750162925938421,3.8285087424401913,0.8522118956576541,0.0010001659393310547,target,True,D4,2,185,20,3.40602970123291
GPR-target,0.1,0.9,0.5030674846625767,0.39693251533742335,6.260727405548096,0.10804932014603259,53.094729102409254,6.61535987337352,4.623554106717698,0.7133648700968787,0.008507013320922852,none,False,D4,2,185,20,3.40602970123291
GPR-transfer,0.1,0.9,0.5398773006134969,0.3601226993865031,7.682489017767409,0.13258646505892077,43.5650462624838,5.794230104143576,4.555662723524419,0.7801057144417765,0.0070002079010009766,none,False,D4,2,185,20,3.40602970123291
TabPFN-target,0.1,0.9,0.9202453987730062,0.02024539877300613,28.85804557800293,0.4980399246712555,33.53422816654905,7.059354478395933,4.793656981230153,0.6735982735403149,0.283832311630249,target,True,D4,2,185,20,3.40602970123291
WeightedCP-v2,0.1,0.9,0.06134969325153374,0.8386503067484663,2.398216816964848,0.041389071884235615,197.72520457337427,12.63768657142841,10.925022760884742,-0.04606248532550872,0.001999378204345703,source,True,D4,2,185,20,3.40602970123291
JKplus-source,0.1,0.9,0.7300613496932515,0.16993865030674848,22.210184821825713,0.38330935286998175,48.6838076554854,9.958896233214006,8.243923844175903,0.3504016972197386,0.0,source,True,D4,2,185,20,3.40602970123291
CQR-target,0.1,0.9,0.7236126224156693,0.17638737758433076,83.79804645309812,1.0978389419903019,289.672214049881,50.444609256166146,34.469172254328136,-8.204430804117674,0.0,target,True,D1,0,186,20,1.8003194332122803
GPR-target,0.1,0.9,0.21109902067464636,0.6889009793253537,6.967806339263916,0.09128529199988293,182.9506786225021,16.421463321071432,11.958696993432444,0.0245812002346818,0.008504629135131836,none,False,D1,0,186,20,1.8003194332122803
GPR-transfer,0.1,0.9,0.34929270946681173,0.5507072905331882,9.166190143248981,0.12008633750881853,102.25521087450099,10.769343071261362,8.46201690342834,0.5804866006079069,0.009001016616821289,none,False,D1,0,186,20,1.8003194332122803
TabPFN-target,0.1,0.9,0.8117519042437432,0.0882480957562568,38.32195281982422,0.5020562402044237,58.78403584975283,13.866300193063813,11.160756826556415,0.3045136533478656,0.27466845512390137,target,True,D1,0,186,20,1.8003194332122803
WeightedCP-v2,0.1,0.9,0.11099020674646355,0.7890097932535365,4.231117161179997,0.05543190306073206,174.96819631430785,12.173195581172607,10.040679394264048,0.4639854090305,0.0029997825622558594,source,True,D1,0,186,20,1.8003194332122803
JKplus-source,0.1,0.9,0.6855277475516867,0.21447225244831336,24.9833298504021,0.32730682362280933,61.53379628603093,12.015285556673614,9.993304762006446,0.47780151679657823,0.0,source,True,D1,0,186,20,1.8003194332122803
CQR-target,0.1,0.9,0.7469879518072289,0.15301204819277114,13.783591156592482,0.33342020206236767,39.43362640127428,6.7717604730271805,4.8760352426614135,0.2133822899235448,0.0,target,True,D2,1,186,20,3.4230167865753174
GPR-target,0.1,0.9,0.43373493975903615,0.46626506024096387,6.311987400054932,0.15268474597310314,52.9624064778707,6.616585063850036,4.856685785960001,0.2490200463711365,0.008022069931030273,none,False,D2,1,186,20,3.4230167865753174
GPR-transfer,0.1,0.9,0.6144578313253012,0.28554216867469884,6.342476034738931,0.15342225527829484,30.061564976350688,4.499548300717344,3.377891633065241,0.6527051205347982,0.007360696792602539,none,False,D2,1,186,20,3.4230167865753174
TabPFN-target,0.1,0.9,0.7228915662650602,0.17710843373493979,10.570418357849121,0.25569468687208935,25.48057414594903,4.83668673730168,3.7683913679008025,0.598711731393877,0.26567769050598145,target,True,D2,1,186,20,3.4230167865753174
WeightedCP-v2,0.1,0.9,0.6626506024096386,0.23734939759036144,127.11647315148778,3.0749025912128385,199.78231054195467,19.522396883121633,18.477547187780036,-5.537727563689887,0.0009975433349609375,source,True,D2,1,186,20,3.4230167865753174
JKplus-source,0.1,0.9,0.1566265060240964,0.7433734939759036,21.53441457548565,0.5209098831706954,166.1773542300467,18.40521979746589,17.127493621625877,-4.810888741027018,0.0,source,True,D2,1,186,20,3.4230167865753174
CQR-target,0.1,0.9,0.9386503067484663,0.03865030674846626,90.98993702828133,1.5920541915448232,113.39504366474266,22.14963831888255,15.601324157533918,-2.143367517124433,0.0,target,True,D4,2,186,20,3.502359628677368
GPR-target,0.1,0.9,0.4662576687116564,0.4337423312883436,6.429184436798096,0.11249167067384316,63.77193605186671,7.503692527676221,5.212118911734951,0.6392453456469795,0.007004261016845703,none,False,D4,2,186,20,3.502359628677368
GPR-transfer,0.1,0.9,0.5276073619631901,0.3723926380368099,7.231863001372917,0.12653616630633632,34.865212361483714,4.973033958272331,3.935088276295983,0.8415454433920158,0.0070056915283203125,none,False,D4,2,186,20,3.502359628677368
TabPFN-target,0.1,0.9,0.9938650306748467,0.09386503067484664,51.8939208984375,0.9079897951393653,51.994160746457304,8.494366247798467,6.81787104627076,0.5377000488237835,0.25588226318359375,target,True,D4,2,186,20,3.502359628677368
WeightedCP-v2,0.1,0.9,0.08588957055214724,0.8141104294478527,3.7746873987514156,0.06604584079540303,216.28184289364162,14.250031854160365,12.442724741024174,-0.30104870034169395,0.004000425338745117,source,True,D4,2,186,20,3.502359628677368
JKplus-source,0.1,0.9,0.7300613496932515,0.16993865030674848,22.20878431139014,0.38858789561612506,48.02216400541409,9.884281024581908,8.205502806354357,0.37403211577795625,0.0,source,True,D4,2,186,20,3.502359628677368
CQR-target,0.1,0.9,0.7714907508161044,0.1285092491838956,37.15936305937993,0.48682514155000234,83.13200405123173,16.151423531708687,12.150446481149643,0.06319702653488912,0.0010004043579101562,target,True,D1,0,187,20,1.6490635871887207
GPR-target,0.1,0.9,0.20565832426550598,0.694341675734494,6.5881242752075195,0.08631107394660566,142.18735396537738,12.65113048863858,9.750679423899852,0.4252416096697832,0.008238077163696289,none,False,D1,0,187,20,1.6490635871887207
GPR-transfer,0.1,0.9,0.32861806311207836,0.5713819368879216,8.8219158859585,0.115575997442719,106.88462436598697,10.844521818387857,8.605773984389446,0.5776743461938071,0.00800013542175293,none,False,D1,0,187,20,1.6490635871887207
TabPFN-target,0.1,0.9,0.7725788900979326,0.12742110990206745,27.73946762084961,0.36341500874119564,62.48380882088844,12.482609971503788,9.671046493497066,0.44045186689513505,0.3329460620880127,target,True,D1,0,187,20,1.6490635871887207
WeightedCP-v2,0.1,0.9,0.10663764961915125,0.7933623503808488,3.641911016921235,0.04771270819394875,165.13270437294517,11.828586352198801,9.798634668562732,0.49755059213014896,0.0030069351196289062,source,True,D1,0,187,20,1.6490635871887207
JKplus-source,0.1,0.9,0.6822633297062024,0.21773667029379762,24.98730996284943,0.32735896711091106,61.7034173375759,12.056899197746677,10.05009480489913,0.47796705794885663,0.0,source,True,D1,0,187,20,1.6490635871887207
CQR-target,0.1,0.9,0.8433734939759037,0.05662650602409636,38.94853098569601,0.9671847771548092,75.65048656765254,14.582656836845658,9.25541808521871,-2.290685544515789,0.0009996891021728516,target,True,D2,1,187,20,3.500579833984375
GPR-target,0.1,0.9,0.3493975903614458,0.5506024096385542,6.192553997039795,0.1537758628135594,63.544234969817005,7.02506017876255,5.348789231633566,0.23631691881936212,0.0049991607666015625,none,False,D2,1,187,20,3.500579833984375
GPR-transfer,0.1,0.9,0.5662650602409639,0.3337349397590361,6.7879972630236525,0.168562137107972,38.174503629270305,5.377031810947982,4.081533311881896,0.5525976271713673,0.003998994827270508,none,False,D2,1,187,20,3.500579833984375
TabPFN-target,0.1,0.9,0.8072289156626506,0.09277108433734937,13.446432113647461,0.33390693097363777,25.08893901411309,5.213048307393599,3.827469270085713,0.5794703998393809,0.2504115104675293,target,True,D2,1,187,20,3.500579833984375
WeightedCP-v2,0.1,0.9,0.6265060240963856,0.27349397590361446,133.78215347685043,3.3221294622207385,221.70525813232928,20.3960050204154,19.55348481851185,-5.43729322114009,0.0020003318786621094,source,True,D2,1,187,20,3.500579833984375
JKplus-source,0.1,0.9,0.1566265060240964,0.7433734939759036,21.488483861167072,0.533610227361087,174.49031225803682,18.898406286139185,17.574164910694332,-4.526668738161469,0.0,source,True,D2,1,187,20,3.500579833984375
CQR-target,0.1,0.9,0.950920245398773,0.050920245398772934,35.70484489651981,0.616203831773565,39.094820941458586,8.356059447454342,6.4361027310662875,0.5536655073900547,0.0,target,True,D4,2,187,20,3.676349401473999
GPR-target,0.1,0.9,0.4601226993865031,0.43987730061349695,6.325345039367676,0.10916450867787375,70.22401664318627,8.148382954082303,5.5325592767190335,0.5755756703018707,0.004999876022338867,none,False,D4,2,187,20,3.676349401473999
GPR-transfer,0.1,0.9,0.5766871165644172,0.32331288343558284,7.362231555891914,0.12705937550752514,36.51686061603937,5.399456331176709,3.9437393082065078,0.8136379519743905,0.006395101547241211,none,False,D4,2,187,20,3.676349401473999
TabPFN-target,0.1,0.9,0.9386503067484663,0.03865030674846626,14.806351661682129,0.2555320056692003,17.500594590692334,4.3092340553043,3.375346198430336,0.8812981261175322,0.3332655429840088,target,True,D4,2,187,20,3.676349401473999
WeightedCP-v2,0.1,0.9,0.0736196319018405,0.8263803680981595,3.4150651939651517,0.05893811510389659,189.64221111741844,12.639541741703884,10.946444040837015,-0.021221772073075185,0.001997709274291992,source,True,D4,2,187,20,3.676349401473999
JKplus-source,0.1,0.9,0.7177914110429447,0.18220858895705527,22.196373991134497,0.3830710018334048,50.16800671450781,9.982134127083523,8.150599981956896,0.3630516595861101,0.0,source,True,D4,2,187,20,3.676349401473999
CQR-target,0.1,0.9,0.8258977149075082,0.07410228509249184,162.19722597853726,2.14887686747547,477.1141644017359,91.26720418839754,52.53002147198914,-29.274444757942707,0.0009999275207519531,target,True,D1,0,188,20,1.786426067352295
GPR-target,0.1,0.9,0.23177366702937977,0.6682263329706203,6.921145915985107,0.09169509691399254,149.118159408175,13.842483185269055,10.153305825782418,0.3035744396208584,0.00800013542175293,none,False,D1,0,188,20,1.786426067352295
GPR-transfer,0.1,0.9,0.37323177366702937,0.5267682263329707,9.39848174363926,0.12451618630622813,97.92253214302582,10.56044747042583,8.226628901287857,0.5946675868105389,0.008002519607543945,none,False,D1,0,188,20,1.786426067352295
TabPFN-target,0.1,0.9,0.9978237214363439,0.09782372143634388,71.46051025390625,0.9467476185007787,71.517553780673,13.427910995048801,10.75672007738182,0.34466464145536657,0.28980541229248047,target,True,D1,0,188,20,1.786426067352295
WeightedCP-v2,0.1,0.9,0.10772578890097932,0.7922742110990207,3.7017104866756023,0.04904226929233148,169.5342956041764,12.151838228597,10.034023917966932,0.46330116603944493,0.002991914749145508,source,True,D1,0,188,20,1.786426067352295
JKplus-source,0.1,0.9,0.6887921653971708,0.21120783460282921,24.984134717128725,0.3310033745868931,60.6154907042496,11.941381939495122,9.938825084514859,0.48173023735821996,0.0,source,True,D1,0,188,20,1.786426067352295
CQR-target,0.1,0.9,0.9397590361445783,0.03975903614457832,16.534379059649126,0.46628254526188107,22.61270945059315,4.770797601144866,3.292834782700856,0.5821972086047504,0.0010001659393310547,target,True,D2,1,188,20,3.667703628540039
GPR-target,0.1,0.9,0.5542168674698795,0.3457831325301205,6.16672945022583,0.1739066398332421,31.915085574230517,4.539672640826482,3.4341405174531134,0.6216981839095641,0.007999658584594727,none,False,D2,1,188,20,3.667703628540039
GPR-transfer,0.1,0.9,0.5421686746987951,0.3578313253012049,6.784536637455584,0.19132929034242224,24.73780994996882,4.064746425274166,3.2653415010314193,0.6967112728834399,0.007002592086791992,none,False,D2,1,188,20,3.667703628540039
TabPFN-target,0.1,0.9,1.0,0.09999999999999998,26.527099609375,0.7480851551577595,26.52709983917604,3.873772331206366,3.0267288180431686,0.7245406372229702,0.292050838470459,target,True,D2,1,188,20,3.667703628540039
WeightedCP-v2,0.1,0.9,0.6144578313253012,0.28554216867469884,318.8956831216134,8.993110068575362,405.68605730290847,18.747763995504826,17.720984748945824,-5.451910115821136,0.0019991397857666016,source,True,D2,1,188,20,3.667703628540039
JKplus-source,0.1,0.9,0.18072289156626506,0.7192771084337349,21.49790986252987,0.6062580331773066,164.11385393249532,18.276516697622785,16.889914821457673,-5.131633776773697,0.0,source,True,D2,1,188,20,3.667703628540039
CQR-target,0.1,0.9,0.803680981595092,0.09631901840490797,13.664890827552995,0.23583236709498598,29.907632010819217,5.6616656358235975,3.8984636594074313,0.7962220740138727,0.0,target,True,D4,2,188,20,3.7618486881256104
GPR-target,0.1,0.9,0.4049079754601227,0.49509202453987733,6.490755081176758,0.11201919973932453,78.77474130789345,8.877009982313627,6.188341181408877,0.4990410737240555,0.008104324340820312,none,False,D4,2,188,20,3.7618486881256104
GPR-transfer,0.1,0.9,0.44171779141104295,0.4582822085889571,7.155845010207474,0.12349750090350863,46.3271532659936,5.867555694269041,4.724748349796271,0.7811315591872988,0.006997585296630859,none,False,D4,2,188,20,3.7618486881256104
TabPFN-target,0.1,0.9,0.8957055214723927,0.004294478527607337,19.38845443725586,0.33461116974544675,25.3464586502588,5.404513781936458,3.7659788831067877,0.8143128030913638,0.2647888660430908,target,True,D4,2,188,20,3.7618486881256104
WeightedCP-v2,0.1,0.9,0.0736196319018405,0.8263803680981595,3.2495590619199652,0.05608176569126531,215.9132279077801,14.268668719463697,12.195879070981336,-0.29430197167366967,0.0020003318786621094,source,True,D4,2,188,20,3.7618486881256104
JKplus-source,0.1,0.9,0.7361963190184049,0.16380368098159515,22.205811636390585,0.38323387925764724,48.95103709365955,9.866692066538132,8.075939632832176,0.3811122997493238,0.0,source,True,D4,2,188,20,3.7618486881256104
CQR-target,0.1,0.9,0.984766050054407,0.08476605005440696,54.5642920503481,0.7148472690056287,56.160811005485286,11.1199019940869,8.674385506826367,0.5509418492439273,0.0010030269622802734,target,True,D1,0,189,20,1.7526075839996338
GPR-target,0.1,0.9,0.24047878128400435,0.6595212187159957,6.824979782104492,0.08941412002109723,174.25857277258956,15.292502784539806,11.376589271578618,0.15070649872368136,0.009000539779663086,none,False,D1,0,189,20,1.7526075839996338
GPR-transfer,0.1,0.9,0.34929270946681173,0.5507072905331882,9.55722021407998,0.12520922589843952,100.02692629789165,10.63779291492116,8.449495156893057,0.5890360492271406,0.008998394012451172,none,False,D1,0,189,20,1.7526075839996338
TabPFN-target,0.1,0.9,0.9738846572361263,0.07388465723612625,72.89861297607422,0.9550453683548248,74.54445206037154,14.292273371437279,10.640487971549714,0.25817187743724235,0.30423974990844727,target,True,D1,0,189,20,1.7526075839996338
WeightedCP-v2,0.1,0.9,0.08378672470076169,0.8162132752992384,3.306168528470196,0.0433141429062892,172.07622964732562,12.043953801713357,10.022476671103195,0.4732084180766579,0.0024535655975341797,source,True,D1,0,189,20,1.7526075839996338
JKplus-source,0.1,0.9,0.6833514689880305,0.21664853101196957,24.98374259380818,0.3273122309777946,61.188275363079285,12.0042864611348,10.002747680098812,0.47667273050329817,0.0,source,True,D1,0,189,20,1.7526075839996338
CQR-target,0.1,0.9,0.9759036144578314,0.07590361445783134,67.86480893222554,1.6852448203469854,81.84679461253154,16.460347379203363,11.147044754815257,-3.872710562138473,0.0,target,True,D2,1,189,20,3.7623438835144043
GPR-target,0.1,0.9,0.4819277108433735,0.41807228915662653,6.135535717010498,0.15235996313600444,51.16326798128793,6.179597400614992,4.576635909482658,0.31322735847355665,0.008999824523925781,none,False,D2,1,189,20,3.7623438835144043
GPR-transfer,0.1,0.9,0.5662650602409639,0.3337349397590361,6.53763020756733,0.16234492689207553,39.4946871773446,5.428618363158014,4.008192723939895,0.4700056432474423,0.007002830505371094,none,False,D2,1,189,20,3.7623438835144043
TabPFN-target,0.1,0.9,0.9036144578313253,0.0036144578313253017,13.375312805175781,0.3321408691793984,18.07093331670186,3.8816858519353903,2.8400880974459355,0.7290224000980094,0.29590368270874023,target,True,D2,1,189,20,3.7623438835144043
WeightedCP-v2,0.1,0.9,0.6024096385542169,0.2975903614457831,88.15039130781985,2.1889841392085923,164.98537017092124,18.89548949726627,17.677731356772863,-5.421092356429587,0.0030028820037841797,source,True,D2,1,189,20,3.7623438835144043
JKplus-source,0.1,0.9,0.1927710843373494,0.7072289156626506,21.54353463814705,0.5349772692524778,170.75168841692246,18.707571792352677,17.225660241577874,-5.294010507523691,0.0,source,True,D2,1,189,20,3.7623438835144043
CQR-target,0.1,0.9,0.803680981595092,0.09631901840490797,20.382845678502708,0.35177264166653344,45.80701029515607,5.227742020549544,3.8687048552291947,0.8320786312448905,0.0,target,True,D4,2,189,20,3.8779516220092773
GPR-target,0.1,0.9,0.4233128834355828,0.4766871165644172,6.15165901184082,0.1061669884254329,81.22575443284485,8.778178136520228,6.132447858271003,0.5265365596030174,0.006506681442260742,none,False,D4,2,189,20,3.8779516220092773
GPR-transfer,0.1,0.9,0.4723926380368098,0.4276073619631902,7.161746542877946,0.12359935114415303,46.066707173449984,5.887139455738489,4.747049269981543,0.7870457473974768,0.006999969482421875,none,False,D4,2,189,20,3.8779516220092773
TabPFN-target,0.1,0.9,0.9754601226993865,0.07546012269938651,41.522220611572266,0.7166016690102479,44.823974075238816,8.999637595255047,7.052519058233429,0.5023457555027365,0.2688267230987549,target,True,D4,2,189,20,3.8779516220092773
WeightedCP-v2,0.1,0.9,0.09202453987730061,0.8079754601226994,2.7519764042762542,0.047494350141561725,199.3485181447664,12.99473294285755,11.115876910771313,-0.03755800950302657,0.0019991397857666016,source,True,D4,2,189,20,3.8779516220092773
JKplus-source,0.1,0.9,0.7239263803680982,0.17607361963190182,22.198230196093565,0.38310303671863255,47.73663347214601,9.926390377130522,8.270498297226695,0.39457497057483526,0.0,source,True,D4,2,189,20,3.8779516220092773
CQR-target,0.1,0.9,0.8596300326441785,0.040369967355821545,52.46422474873947,0.6873342688571483,90.25351374272098,19.201971602468493,14.216536468519408,-0.33799099384300435,0.0009987354278564453,target,True,D1,0,190,20,1.7113492488861084
GPR-target,0.1,0.9,0.24156692056583243,0.6584330794341676,6.934054374694824,0.09084310721585738,155.33956386391824,14.323578799991683,10.493533927618614,0.2555001282622956,0.00899958610534668,none,False,D1,0,190,20,1.7113492488861084
GPR-transfer,0.1,0.9,0.32426550598476606,0.575734494015234,9.113501607398863,0.11939606453825367,91.31620034273979,9.758439207327207,7.934351970251202,0.6544409544199006,0.008998394012451172,none,False,D1,0,190,20,1.7113492488861084
TabPFN-target,0.1,0.9,0.9815016322089227,0.0815016322089227,79.9648208618164,1.0476198198786875,81.09800765708948,16.124867878262336,12.744143646788157,0.05647399666697828,0.32520103454589844,target,True,D1,0,190,20,1.7113492488861084
WeightedCP-v2,0.1,0.9,0.10119695321001088,0.7988030467899891,3.43699115231501,0.04502805124937416,165.5138889315137,11.710126814232122,9.737326256867,0.5023949942992818,0.0028982162475585938,source,True,D1,0,190,20,1.7113492488861084
JKplus-source,0.1,0.9,0.6866158868335147,0.2133841131664853,24.98769045567034,0.327363951950697,61.061803633010406,11.984460580540741,9.973985288698232,0.4788070572299543,0.0,source,True,D1,0,190,20,1.7113492488861084
CQR-target,0.1,0.9,1.0,0.09999999999999998,54.781776928521346,1.3251518363635661,54.781776928521346,9.661121229687595,7.705802779920481,-0.4827366555631729,0.0009999275207519531,target,True,D2,1,190,20,3.725902557373047
GPR-target,0.1,0.9,0.40963855421686746,0.49036144578313257,6.239415168762207,0.15092924932880777,45.61109599607536,5.670698748500195,4.338839382493352,0.4891632734218103,0.00800013542175293,none,False,D2,1,190,20,3.725902557373047
GPR-transfer,0.1,0.9,0.5421686746987951,0.3578313253012049,6.291304438947195,0.15218443244860547,35.601674546247615,4.937442256877583,3.74361100387474,0.612730745195122,0.0070002079010009766,none,False,D2,1,190,20,3.725902557373047
TabPFN-target,0.1,0.9,0.9036144578313253,0.0036144578313253017,16.065387725830078,0.3886160551994174,21.926862826979303,4.834816321718413,3.789041037502059,0.6286624055173635,0.2647278308868408,target,True,D2,1,190,20,3.725902557373047
WeightedCP-v2,0.1,0.9,0.6024096385542169,0.2975903614457831,69.55881059974257,1.6826030619960457,150.3255699478909,19.088676588550605,17.968986242043098,-4.788427531772714,0.0030074119567871094,source,True,D2,1,190,20,3.725902557373047
JKplus-source,0.1,0.9,0.1686746987951807,0.7313253012048193,21.56879895484907,0.5217416291638038,166.80968050975136,18.490107796250197,17.032232884931755,-4.431100593591233,0.0009989738464355469,source,True,D2,1,190,20,3.725902557373047
CQR-target,0.1,0.9,1.0,0.09999999999999998,61.271517176964004,1.0574403494105395,61.271517176964004,8.813319572987751,6.5499127950825695,0.487965843156711,0.001003265380859375,target,True,D4,2,190,20,3.6322619915008545
GPR-target,0.1,0.9,0.49079754601226994,0.4092024539877301,6.540183067321777,0.11287224123964991,45.10831957243327,5.778837743724628,4.28022480290855,0.7798590186306016,0.007999658584594727,none,False,D4,2,190,20,3.6322619915008545
GPR-transfer,0.1,0.9,0.4723926380368098,0.4276073619631902,8.255028449684565,0.1424675048116855,53.11030770784624,6.541928897081267,5.301233765742841,0.7178815195505031,0.007999658584594727,none,False,D4,2,190,20,3.6322619915008545
TabPFN-target,0.1,0.9,0.9693251533742331,0.06932515337423306,35.084129333496094,0.6054913553719665,35.58723224527515,7.1978016137576954,5.406437159511245,0.6584772477155838,0.28627896308898926,target,True,D4,2,190,20,3.6322619915008545
WeightedCP-v2,0.1,0.9,0.0736196319018405,0.8263803680981595,3.677461564201173,0.06346662234854426,197.85272834101923,13.498471917042245,11.496193354524594,-0.20112750339726304,0.003994464874267578,source,True,D4,2,190,20,3.6322619915008545
JKplus-source,0.1,0.9,0.7300613496932515,0.16993865030674848,22.195138331978157,0.38304967649480975,49.35853955571299,9.996799508013497,8.277061600666466,0.3412177924822052,0.0,source,True,D4,2,190,20,3.6322619915008545
CQR-target,0.1,0.9,0.8356909684439608,0.06430903155603918,164.5978085711241,2.1563973345940015,274.21547633459323,61.75674349829852,48.531459257354,-12.724473441373688,0.0010004043579101562,target,True,D1,0,191,20,1.7451918125152588
GPR-target,0.1,0.9,0.2132752992383025,0.6867247007616976,7.155993461608887,0.09375073314124696,198.75553112631914,17.270572761771373,12.82395888090912,-0.0733476219931557,0.009000062942504883,none,False,D1,0,191,20,1.7451918125152588
GPR-transfer,0.1,0.9,0.29053318824809576,0.6094668117519042,8.97230423365895,0.11754623650574464,96.37369507440377,10.032271076108993,8.230105305567097,0.6378191915237056,0.009000301361083984,none,False,D1,0,191,20,1.7451918125152588
TabPFN-target,0.1,0.9,0.9314472252448314,0.031447225244831345,45.84874725341797,0.6006648401337786,53.91304025992475,12.875508739073663,10.257356381878113,0.4034378258600352,0.3050501346588135,target,True,D1,0,191,20,1.7451918125152588
WeightedCP-v2,0.1,0.9,0.07290533188248095,0.8270946681175191,2.7667279684934196,0.03624692739592494,179.45741954893887,12.194354829730662,10.168106302289242,0.46488814474933393,0.0029993057250976562,source,True,D1,0,191,20,1.7451918125152588
JKplus-source,0.1,0.9,0.6844396082698585,0.21556039173014152,24.98047781908011,0.3272694591354306,61.19564492778707,11.992542303831739,9.975203982502945,0.48245342942130987,0.0,source,True,D1,0,191,20,1.7451918125152588
CQR-target,0.1,0.9,0.7349397590361446,0.1650602409638554,56.96136104184738,1.3778752062909683,170.1260160349875,31.928307458790467,21.80680177091592,-15.287454797540818,0.0,target,True,D2,1,191,20,3.7165708541870117
GPR-target,0.1,0.9,0.3855421686746988,0.5144578313253012,6.264955997467041,0.15154707295480332,57.76655064318553,6.998305197049082,5.246282543504094,0.21749488330317535,0.006000995635986328,none,False,D2,1,191,20,3.7165708541870117
GPR-transfer,0.1,0.9,0.5662650602409639,0.3337349397590361,6.622652973037169,0.16019963646432442,37.81314168640112,5.2650621846952435,3.8987774617907047,0.5570971861342999,0.004999399185180664,none,False,D2,1,191,20,3.7165708541870117
TabPFN-target,0.1,0.9,0.9156626506024096,0.015662650602409567,24.98528480529785,0.6043852152698113,29.05294595741364,6.3065469979227515,4.951192989119564,0.3645451441649499,0.23360323905944824,target,True,D2,1,191,20,3.7165708541870117
WeightedCP-v2,0.1,0.9,0.6626506024096386,0.23734939759036144,125.73236407237204,3.0414214814213305,192.85935096781824,18.938613241100278,17.540053106120414,-4.730569444909672,0.003000020980834961,source,True,D2,1,191,20,3.7165708541870117
JKplus-source,0.1,0.9,0.20481927710843373,0.6951807228915663,21.53936666359468,0.5210296724331007,162.07262396927243,18.192944919039014,16.630885001831,-4.288194728592722,0.0,source,True,D2,1,191,20,3.7165708541870117
CQR-target,0.1,0.9,0.803680981595092,0.09631901840490797,15.514747202333927,0.26775768674486555,32.36400527003152,6.378438442615563,4.643429066960737,0.7407748304411199,0.0,target,True,D4,2,191,20,6.182115316390991
GPR-target,0.1,0.9,0.4110429447852761,0.48895705521472393,6.349221229553223,0.10957657040011701,90.96844443062311,10.177890466385685,6.758481722101664,0.339969544414378,0.008001327514648438,none,False,D4,2,191,20,6.182115316390991
GPR-transfer,0.1,0.9,0.44785276073619634,0.4521472392638037,7.559087905415728,0.1304567754188563,46.32741831984515,6.019247368371248,4.809254065479232,0.7691484402580885,0.0069997310638427734,none,False,D4,2,191,20,6.182115316390991
TabPFN-target,0.1,0.9,0.9693251533742331,0.06932515337423306,37.192657470703125,0.6418809019815359,40.71807592441563,7.146955678126845,4.977894109375571,0.6745452550164148,0.43553638458251953,target,True,D4,2,191,20,6.182115316390991
WeightedCP-v2,0.1,0.9,0.06748466257668712,0.832515337423313,3.4035147986895296,0.05873877527066205,218.58394945719198,14.150070458374563,12.408338801964767,-0.2757501698766822,0.0029985904693603516,source,True,D4,2,191,20,6.182115316390991
JKplus-source,0.1,0.9,0.6993865030674846,0.2006134969325154,22.2063391016712,0.3832429823955543,50.27998907642524,10.129543962721895,8.435766667788469,0.3462251385208097,0.0,source,True,D4,2,191,20,6.182115316390991
